step,epoch,metric,value
1,1,train/loss,6.149599075317383
1,1,train/lr,5.000000000000001e-07
2,1,train/loss,5.701148986816406
2,1,train/lr,1.0000000000000002e-06
3,1,train/loss,5.799431800842285
3,1,train/lr,1.5e-06
4,1,train/loss,5.365284442901611
4,1,train/lr,2.0000000000000003e-06
5,1,train/loss,5.961559295654297
5,1,train/lr,2.5e-06
6,1,train/loss,5.592440605163574
6,1,train/lr,3e-06
7,1,train/loss,5.329490661621094
7,1,train/lr,3.5000000000000004e-06
8,1,train/loss,5.549077987670898
8,1,train/lr,4.000000000000001e-06
9,1,train/loss,5.427709102630615
9,1,train/lr,4.5e-06
10,1,train/loss,5.458635330200195
10,1,train/lr,5e-06
11,1,train/loss,5.223379135131836
11,1,train/lr,5.500000000000001e-06
12,1,train/loss,5.268385887145996
12,1,train/lr,6e-06
13,1,train/loss,5.184277534484863
13,1,train/lr,6.5000000000000004e-06
14,1,train/loss,5.367237091064453
14,1,train/lr,7.000000000000001e-06
15,1,train/loss,5.038880825042725
15,1,train/lr,7.5e-06
16,1,train/loss,5.28747034072876
16,1,train/lr,8.000000000000001e-06
17,1,train/loss,5.200842380523682
17,1,train/lr,8.500000000000002e-06
18,1,train/loss,5.107415199279785
18,1,train/lr,9e-06
19,1,train/loss,5.146892547607422
19,1,train/lr,9.5e-06
20,1,train/loss,5.055112361907959
20,1,train/lr,1e-05
21,1,train/loss,4.956783771514893
21,1,train/lr,1.05e-05
22,1,train/loss,4.9672651290893555
22,1,train/lr,1.1000000000000001e-05
23,1,train/loss,5.200573921203613
23,1,train/lr,1.1500000000000002e-05
24,1,train/loss,7.6325836181640625
24,1,train/lr,1.2e-05
25,1,train/loss,10.595812797546387
25,1,train/lr,1.25e-05
26,1,train/loss,5.990187644958496
26,1,train/lr,1.3000000000000001e-05
27,1,train/loss,5.52202844619751
27,1,train/lr,1.3500000000000001e-05
28,1,train/loss,5.691125392913818
28,1,train/lr,1.4000000000000001e-05
29,1,train/loss,5.799567222595215
29,1,train/lr,1.45e-05
30,1,train/loss,5.398120403289795
30,1,train/lr,1.5e-05
31,1,train/loss,5.625199794769287
31,1,train/lr,1.55e-05
32,1,train/loss,5.452836990356445
32,1,train/lr,1.6000000000000003e-05
33,1,train/loss,5.398524284362793
33,1,train/lr,1.65e-05
34,1,train/loss,5.292780876159668
34,1,train/lr,1.7000000000000003e-05
35,1,train/loss,5.284555435180664
35,1,train/lr,1.75e-05
36,1,train/loss,5.070501327514648
36,1,train/lr,1.8e-05
37,1,train/loss,5.014446258544922
37,1,train/lr,1.85e-05
38,1,train/loss,4.868834495544434
38,1,train/lr,1.9e-05
39,1,train/loss,4.958446025848389
39,1,train/lr,1.9500000000000003e-05
40,1,train/loss,4.7358927726745605
40,1,train/lr,2e-05
41,1,train/loss,4.7604899406433105
41,1,train/lr,2.05e-05
42,1,train/loss,4.72977352142334
42,1,train/lr,2.1e-05
43,1,train/loss,4.594438552856445
43,1,train/lr,2.15e-05
44,1,train/loss,5.300693988800049
44,1,train/lr,2.2000000000000003e-05
45,1,train/loss,4.562117576599121
45,1,train/lr,2.25e-05
46,1,train/loss,4.449642181396484
46,1,train/lr,2.3000000000000003e-05
47,1,train/loss,5.001410484313965
47,1,train/lr,2.35e-05
48,1,train/loss,4.471857070922852
48,1,train/lr,2.4e-05
49,1,train/loss,5.042024612426758
49,1,train/lr,2.45e-05
50,1,train/loss,5.773171424865723
50,1,train/lr,2.5e-05
51,1,train/loss,5.852963447570801
51,1,train/lr,2.5500000000000003e-05
52,1,train/loss,5.2752532958984375
52,1,train/lr,2.6000000000000002e-05
53,1,train/loss,5.496417045593262
53,1,train/lr,2.6500000000000004e-05
54,1,train/loss,5.051472187042236
54,1,train/lr,2.7000000000000002e-05
55,1,train/loss,4.806352615356445
55,1,train/lr,2.7500000000000004e-05
56,1,train/loss,5.033750534057617
56,1,train/lr,2.8000000000000003e-05
57,1,train/loss,4.7276611328125
57,1,train/lr,2.8499999999999998e-05
58,1,train/loss,4.81162166595459
58,1,train/lr,2.9e-05
59,1,train/loss,4.527578830718994
59,1,train/lr,2.95e-05
60,1,train/loss,4.689075469970703
60,1,train/lr,3e-05
61,1,train/loss,4.5110344886779785
61,1,train/lr,3.05e-05
62,1,train/loss,4.465934753417969
62,1,train/lr,3.1e-05
63,1,train/loss,4.329616069793701
63,1,train/lr,3.15e-05
64,1,train/loss,4.184681415557861
64,1,train/lr,3.2000000000000005e-05
65,1,train/loss,4.319891929626465
65,1,train/lr,3.2500000000000004e-05
66,1,train/loss,4.120824337005615
66,1,train/lr,3.3e-05
67,1,train/loss,4.125227451324463
67,1,train/lr,3.35e-05
68,1,train/loss,4.024251937866211
68,1,train/lr,3.4000000000000007e-05
69,1,train/loss,3.9810402393341064
69,1,train/lr,3.45e-05
70,1,train/loss,3.9669787883758545
70,1,train/lr,3.5e-05
71,1,train/loss,3.9368510246276855
71,1,train/lr,3.55e-05
72,1,train/loss,3.8490309715270996
72,1,train/lr,3.6e-05
73,1,train/loss,3.9060287475585938
73,1,train/lr,3.65e-05
74,1,train/loss,3.708141565322876
74,1,train/lr,3.7e-05
75,1,train/loss,3.688295364379883
75,1,train/lr,3.7500000000000003e-05
76,1,train/loss,4.709546089172363
76,1,train/lr,3.8e-05
77,1,train/loss,4.215768337249756
77,1,train/lr,3.85e-05
78,1,train/loss,4.452651023864746
78,1,train/lr,3.9000000000000006e-05
79,1,train/loss,4.204355239868164
79,1,train/lr,3.9500000000000005e-05
80,1,train/loss,4.043415069580078
80,1,train/lr,4e-05
81,1,train/loss,3.9989800453186035
81,1,train/lr,4.05e-05
82,1,train/loss,4.037143707275391
82,1,train/lr,4.1e-05
83,1,train/loss,3.794404983520508
83,1,train/lr,4.15e-05
84,1,train/loss,3.930582046508789
84,1,train/lr,4.2e-05
85,1,train/loss,3.733729362487793
85,1,train/lr,4.25e-05
86,1,train/loss,3.859776020050049
86,1,train/lr,4.3e-05
87,1,train/loss,3.6560049057006836
87,1,train/lr,4.35e-05
88,1,train/loss,3.6069557666778564
88,1,train/lr,4.4000000000000006e-05
89,1,train/loss,3.664849042892456
89,1,train/lr,4.4500000000000004e-05
90,1,train/loss,3.602703332901001
90,1,train/lr,4.5e-05
91,1,train/loss,3.5841736793518066
91,1,train/lr,4.55e-05
92,1,train/loss,3.516786575317383
92,1,train/lr,4.600000000000001e-05
93,1,train/loss,3.4529383182525635
93,1,train/lr,4.6500000000000005e-05
94,1,train/loss,3.3894951343536377
94,1,train/lr,4.7e-05
95,1,train/loss,3.4070675373077393
95,1,train/lr,4.75e-05
96,1,train/loss,3.4057235717773438
96,1,train/lr,4.8e-05
97,1,train/loss,3.310182809829712
97,1,train/lr,4.85e-05
98,1,train/loss,3.2368717193603516
98,1,train/lr,4.9e-05
99,1,train/loss,3.19785213470459
99,1,train/lr,4.9500000000000004e-05
100,1,train/loss,3.0563745498657227
100,1,train/lr,5e-05
101,1,train/loss,3.8769640922546387
101,1,train/lr,5.05e-05
102,1,train/loss,3.8348655700683594
102,1,train/lr,5.1000000000000006e-05
103,1,train/loss,3.4650845527648926
103,1,train/lr,5.1500000000000005e-05
104,1,train/loss,3.579012632369995
104,1,train/lr,5.2000000000000004e-05
105,1,train/loss,3.4902706146240234
105,1,train/lr,5.25e-05
106,1,train/loss,3.3399248123168945
106,1,train/lr,5.300000000000001e-05
107,1,train/loss,3.262078285217285
107,1,train/lr,5.3500000000000006e-05
108,1,train/loss,3.1653857231140137
108,1,train/lr,5.4000000000000005e-05
109,1,train/loss,3.326599597930908
109,1,train/lr,5.45e-05
110,1,train/loss,3.228269577026367
110,1,train/lr,5.500000000000001e-05
111,1,train/loss,3.19057035446167
111,1,train/lr,5.550000000000001e-05
112,1,train/loss,3.0754003524780273
112,1,train/lr,5.6000000000000006e-05
113,1,train/loss,3.1384947299957275
113,1,train/lr,5.65e-05
114,1,train/loss,3.061614990234375
114,1,train/lr,5.6999999999999996e-05
115,1,train/loss,2.963289260864258
115,1,train/lr,5.7499999999999995e-05
116,1,train/loss,2.984632730484009
116,1,train/lr,5.8e-05
117,1,train/loss,2.9466004371643066
117,1,train/lr,5.85e-05
118,1,train/loss,2.9051530361175537
118,1,train/lr,5.9e-05
119,1,train/loss,2.786172866821289
119,1,train/lr,5.95e-05
120,1,train/loss,3.0406837463378906
120,1,train/lr,6e-05
121,1,train/loss,2.807089328765869
121,1,train/lr,6.05e-05
122,1,train/loss,2.810532569885254
122,1,train/lr,6.1e-05
123,1,train/loss,2.776942729949951
123,1,train/lr,6.15e-05
124,1,train/loss,2.675684928894043
124,1,train/lr,6.2e-05
125,1,train/loss,2.777787446975708
125,1,train/lr,6.25e-05
126,1,train/loss,3.424463987350464
126,1,train/lr,6.3e-05
127,1,train/loss,3.3168535232543945
127,1,train/lr,6.35e-05
128,1,train/loss,3.1230649948120117
128,1,train/lr,6.400000000000001e-05
129,1,train/loss,3.1367101669311523
129,1,train/lr,6.450000000000001e-05
130,1,train/loss,2.918670177459717
130,1,train/lr,6.500000000000001e-05
131,1,train/loss,3.053436279296875
131,1,train/lr,6.55e-05
132,1,train/loss,2.9445300102233887
132,1,train/lr,6.6e-05
133,1,train/loss,2.91640043258667
133,1,train/lr,6.65e-05
134,1,train/loss,2.7558093070983887
134,1,train/lr,6.7e-05
135,1,train/loss,2.8975284099578857
135,1,train/lr,6.750000000000001e-05
136,1,train/loss,2.8373985290527344
136,1,train/lr,6.800000000000001e-05
137,1,train/loss,2.6689748764038086
137,1,train/lr,6.850000000000001e-05
138,1,train/loss,2.708169937133789
138,1,train/lr,6.9e-05
139,1,train/loss,2.7084667682647705
139,1,train/lr,6.95e-05
140,1,train/loss,2.6550040245056152
140,1,train/lr,7e-05
141,1,train/loss,2.6132001876831055
141,1,train/lr,7.05e-05
142,1,train/loss,2.6314949989318848
142,1,train/lr,7.1e-05
143,1,train/loss,2.639796018600464
143,1,train/lr,7.15e-05
144,1,train/loss,2.6143412590026855
144,1,train/lr,7.2e-05
145,1,train/loss,2.572082996368408
145,1,train/lr,7.25e-05
146,1,train/loss,2.6845178604125977
146,1,train/lr,7.3e-05
147,1,train/loss,2.610732078552246
147,1,train/lr,7.35e-05
148,1,train/loss,2.5926384925842285
148,1,train/lr,7.4e-05
149,1,train/loss,2.6602072715759277
149,1,train/lr,7.450000000000001e-05
150,1,train/loss,2.6431403160095215
150,1,train/lr,7.500000000000001e-05
151,1,train/loss,3.14087176322937
151,1,train/lr,7.55e-05
152,1,train/loss,2.735556125640869
152,1,train/lr,7.6e-05
153,1,train/loss,2.7088675498962402
153,1,train/lr,7.65e-05
154,1,train/loss,2.6189663410186768
154,1,train/lr,7.7e-05
155,1,train/loss,2.8635056018829346
155,1,train/lr,7.75e-05
156,1,train/loss,2.6591787338256836
156,1,train/lr,7.800000000000001e-05
157,1,train/loss,2.5945510864257812
157,1,train/lr,7.850000000000001e-05
158,1,train/loss,2.5419888496398926
158,1,train/lr,7.900000000000001e-05
159,1,train/loss,2.5392990112304688
159,1,train/lr,7.950000000000001e-05
160,1,train/loss,2.5176875591278076
160,1,train/lr,8e-05
161,1,train/loss,2.4121880531311035
161,1,train/lr,8.05e-05
162,1,train/loss,2.5858607292175293
162,1,train/lr,8.1e-05
163,1,train/loss,2.431335687637329
163,1,train/lr,8.15e-05
164,1,train/loss,2.4885997772216797
164,1,train/lr,8.2e-05
165,1,train/loss,2.4640862941741943
165,1,train/lr,8.25e-05
166,1,train/loss,2.4802238941192627
166,1,train/lr,8.3e-05
166,1,train/batches,331.0
166,1,train/compute_pct,99.89664585613498
166,1,train/compute_sec,34.09279668400677
166,1,train/data_wait_pct,0.10335414386502173
166,1,train/data_wait_sec,0.03527277400598905
166,1,train/examples,5296.0
166,1,train/examples_per_sec,155.18018112672877
166,1,train/input_tokens,625993.0
166,1,train/peak_vram_gb,4.882710933685303
166,1,train/target_tokens,424718.0
166,1,train/tokens_per_sec,30787.29669407974
166,1,train/total_sec,34.12806945801276
166,1,train/epoch_loss,4.004859879657941
166,1,epoch1/batches,331.0
166,1,epoch1/compute_pct,99.89664585613498
166,1,epoch1/compute_sec,34.09279668400677
166,1,epoch1/data_wait_pct,0.10335414386502173
166,1,epoch1/data_wait_sec,0.03527277400598905
166,1,epoch1/examples,5296.0
166,1,epoch1/examples_per_sec,155.18018112672877
166,1,epoch1/input_tokens,625993.0
166,1,epoch1/peak_vram_gb,4.882710933685303
166,1,epoch1/target_tokens,424718.0
166,1,epoch1/tokens_per_sec,30787.29669407974
166,1,epoch1/total_sec,34.12806945801276
166,1,val/bleu,0.0630702951910431
166,1,val/chrf,7.057781999840862
166,1,val/combined,0.6671854270920443
166,1,val/eval_peak_vram_gb,4.882710933685303
166,1,val/eval_samples_per_sec,9.155767539448613
166,1,val/eval_seconds,65.20480095500034
166,1,val/eval_tokens_per_sec,3515.8147351482676
167,2,train/loss,2.9895615577697754
167,2,train/lr,8.35e-05
168,2,train/loss,2.738525390625
168,2,train/lr,8.4e-05
169,2,train/loss,2.609408378601074
169,2,train/lr,8.450000000000001e-05
170,2,train/loss,2.5749106407165527
170,2,train/lr,8.5e-05
171,2,train/loss,2.484133243560791
171,2,train/lr,8.55e-05
172,2,train/loss,2.5906004905700684
172,2,train/lr,8.6e-05
173,2,train/loss,2.5178661346435547
173,2,train/lr,8.65e-05
174,2,train/loss,2.4990646839141846
174,2,train/lr,8.7e-05
175,2,train/loss,2.413022994995117
175,2,train/lr,8.75e-05
176,2,train/loss,2.4393463134765625
176,2,train/lr,8.800000000000001e-05
177,2,train/loss,2.5098204612731934
177,2,train/lr,8.850000000000001e-05
178,2,train/loss,2.444063901901245
178,2,train/lr,8.900000000000001e-05
179,2,train/loss,2.362088203430176
179,2,train/lr,8.950000000000001e-05
180,2,train/loss,2.4531307220458984
180,2,train/lr,9e-05
181,2,train/loss,2.494277000427246
181,2,train/lr,9.05e-05
182,2,train/loss,2.368835687637329
182,2,train/lr,9.1e-05
183,2,train/loss,2.371189832687378
183,2,train/lr,9.15e-05
184,2,train/loss,2.4389405250549316
184,2,train/lr,9.200000000000001e-05
185,2,train/loss,2.4291865825653076
185,2,train/lr,9.250000000000001e-05
186,2,train/loss,2.3627102375030518
186,2,train/lr,9.300000000000001e-05
187,2,train/loss,2.2765865325927734
187,2,train/lr,9.350000000000001e-05
188,2,train/loss,2.3687329292297363
188,2,train/lr,9.4e-05
189,2,train/loss,2.3507931232452393
189,2,train/lr,9.449999999999999e-05
190,2,train/loss,2.341104507446289
190,2,train/lr,9.5e-05
191,2,train/loss,2.381497383117676
191,2,train/lr,9.55e-05
192,2,train/loss,2.589834690093994
192,2,train/lr,9.6e-05
193,2,train/loss,2.5559310913085938
193,2,train/lr,9.65e-05
194,2,train/loss,2.508819818496704
194,2,train/lr,9.7e-05
195,2,train/loss,2.481499671936035
195,2,train/lr,9.75e-05
196,2,train/loss,2.5174012184143066
196,2,train/lr,9.8e-05
197,2,train/loss,2.2587480545043945
197,2,train/lr,9.850000000000001e-05
198,2,train/loss,2.4728212356567383
198,2,train/lr,9.900000000000001e-05
199,2,train/loss,2.3175175189971924
199,2,train/lr,9.95e-05
200,2,train/loss,2.3340418338775635
200,2,train/lr,0.0001
201,2,train/loss,2.2967026233673096
201,2,train/lr,9.999998276792908e-05
202,2,train/loss,2.395948648452759
202,2,train/lr,9.999993107172816e-05
203,2,train/loss,2.215407609939575
203,2,train/lr,9.999984491143288e-05
204,2,train/loss,2.180901050567627
204,2,train/lr,9.999972428710264e-05
205,2,train/loss,2.340996742248535
205,2,train/lr,9.999956919882058e-05
206,2,train/loss,2.195457696914673
206,2,train/lr,9.999937964669359e-05
207,2,train/loss,2.154148578643799
207,2,train/lr,9.999915563085234e-05
208,2,train/loss,2.348259925842285
208,2,train/lr,9.999889715145123e-05
209,2,train/loss,2.2852747440338135
209,2,train/lr,9.999860420866844e-05
210,2,train/loss,2.228008270263672
210,2,train/lr,9.999827680270587e-05
211,2,train/loss,2.2068753242492676
211,2,train/lr,9.999791493378921e-05
212,2,train/loss,2.324441909790039
212,2,train/lr,9.999751860216787e-05
213,2,train/loss,2.214165687561035
213,2,train/lr,9.999708780811505e-05
214,2,train/loss,2.2758498191833496
214,2,train/lr,9.999662255192772e-05
215,2,train/loss,2.27659273147583
215,2,train/lr,9.999612283392651e-05
216,2,train/loss,2.2512075901031494
216,2,train/lr,9.99955886544559e-05
217,2,train/loss,2.5077292919158936
217,2,train/lr,9.99950200138841e-05
218,2,train/loss,2.553785800933838
218,2,train/lr,9.999441691260305e-05
219,2,train/loss,2.3844051361083984
219,2,train/lr,9.999377935102847e-05
220,2,train/loss,2.4076144695281982
220,2,train/lr,9.999310732959979e-05
221,2,train/loss,2.3068742752075195
221,2,train/lr,9.999240084878025e-05
222,2,train/loss,2.28678822517395
222,2,train/lr,9.999165990905683e-05
223,2,train/loss,2.3619728088378906
223,2,train/lr,9.999088451094021e-05
224,2,train/loss,2.3846280574798584
224,2,train/lr,9.999007465496488e-05
225,2,train/loss,2.4213778972625732
225,2,train/lr,9.998923034168905e-05
226,2,train/loss,2.2238752841949463
226,2,train/lr,9.998835157169468e-05
227,2,train/loss,2.2417309284210205
227,2,train/lr,9.998743834558752e-05
228,2,train/loss,2.3793632984161377
228,2,train/lr,9.998649066399704e-05
229,2,train/loss,2.2144999504089355
229,2,train/lr,9.998550852757644e-05
230,2,train/loss,2.223764419555664
230,2,train/lr,9.998449193700269e-05
231,2,train/loss,2.0456106662750244
231,2,train/lr,9.998344089297651e-05
232,2,train/loss,2.074287176132202
232,2,train/lr,9.998235539622239e-05
233,2,train/loss,2.2827706336975098
233,2,train/lr,9.998123544748852e-05
234,2,train/loss,2.2115278244018555
234,2,train/lr,9.998008104754686e-05
235,2,train/loss,2.2063663005828857
235,2,train/lr,9.997889219719314e-05
236,2,train/loss,2.2579143047332764
236,2,train/lr,9.99776688972468e-05
237,2,train/loss,2.210481643676758
237,2,train/lr,9.997641114855103e-05
238,2,train/loss,2.2301435470581055
238,2,train/lr,9.997511895197279e-05
239,2,train/loss,2.2144484519958496
239,2,train/lr,9.997379230840276e-05
240,2,train/loss,2.190241813659668
240,2,train/lr,9.997243121875538e-05
241,2,train/loss,2.2179412841796875
241,2,train/lr,9.997103568396882e-05
242,2,train/loss,2.381096363067627
242,2,train/lr,9.996960570500501e-05
243,2,train/loss,2.412044048309326
243,2,train/lr,9.99681412828496e-05
244,2,train/loss,2.354416847229004
244,2,train/lr,9.996664241851197e-05
245,2,train/loss,2.5006051063537598
245,2,train/lr,9.99651091130253e-05
246,2,train/loss,2.336444854736328
246,2,train/lr,9.996354136744645e-05
247,2,train/loss,2.171067237854004
247,2,train/lr,9.996193918285605e-05
248,2,train/loss,2.187706232070923
248,2,train/lr,9.996030256035844e-05
249,2,train/loss,2.0674118995666504
249,2,train/lr,9.995863150108174e-05
250,2,train/loss,2.2376549243927
250,2,train/lr,9.995692600617776e-05
251,2,train/loss,2.196718692779541
251,2,train/lr,9.995518607682208e-05
252,2,train/loss,2.170846939086914
252,2,train/lr,9.995341171421401e-05
253,2,train/loss,2.081753730773926
253,2,train/lr,9.995160291957659e-05
254,2,train/loss,2.1225948333740234
254,2,train/lr,9.994975969415657e-05
255,2,train/loss,2.0614776611328125
255,2,train/lr,9.994788203922447e-05
256,2,train/loss,2.1030349731445312
256,2,train/lr,9.99459699560745e-05
257,2,train/loss,2.1145224571228027
257,2,train/lr,9.994402344602467e-05
258,2,train/loss,2.0775973796844482
258,2,train/lr,9.994204251041663e-05
259,2,train/loss,2.1215412616729736
259,2,train/lr,9.994002715061586e-05
260,2,train/loss,2.1911215782165527
260,2,train/lr,9.993797736801145e-05
261,2,train/loss,2.2794973850250244
261,2,train/lr,9.993589316401632e-05
262,2,train/loss,2.1838738918304443
262,2,train/lr,9.993377454006707e-05
263,2,train/loss,2.0561561584472656
263,2,train/lr,9.993162149762402e-05
264,2,train/loss,2.1668803691864014
264,2,train/lr,9.992943403817123e-05
265,2,train/loss,2.1547303199768066
265,2,train/lr,9.99272121632165e-05
266,2,train/loss,2.160006523132324
266,2,train/lr,9.992495587429129e-05
267,2,train/loss,2.409684181213379
267,2,train/lr,9.992266517295086e-05
268,2,train/loss,2.372445583343506
268,2,train/lr,9.992034006077411e-05
269,2,train/loss,2.3900132179260254
269,2,train/lr,9.991798053936375e-05
270,2,train/loss,2.3520419597625732
270,2,train/lr,9.991558661034612e-05
271,2,train/loss,2.4036014080047607
271,2,train/lr,9.991315827537132e-05
272,2,train/loss,2.1906256675720215
272,2,train/lr,9.991069553611316e-05
273,2,train/loss,2.2946701049804688
273,2,train/lr,9.990819839426919e-05
274,2,train/loss,2.212676525115967
274,2,train/lr,9.990566685156061e-05
275,2,train/loss,2.222247362136841
275,2,train/lr,9.990310090973239e-05
276,2,train/loss,2.2935221195220947
276,2,train/lr,9.990050057055318e-05
277,2,train/loss,2.284332752227783
277,2,train/lr,9.989786583581535e-05
278,2,train/loss,2.1199557781219482
278,2,train/lr,9.989519670733498e-05
279,2,train/loss,1.9851068258285522
279,2,train/lr,9.989249318695186e-05
280,2,train/loss,2.0031254291534424
280,2,train/lr,9.988975527652949e-05
281,2,train/loss,2.0866787433624268
281,2,train/lr,9.988698297795504e-05
282,2,train/loss,2.2239551544189453
282,2,train/lr,9.988417629313941e-05
283,2,train/loss,2.06455659866333
283,2,train/lr,9.988133522401722e-05
284,2,train/loss,2.073312759399414
284,2,train/lr,9.987845977254674e-05
285,2,train/loss,2.066756010055542
285,2,train/lr,9.987554994071e-05
286,2,train/loss,2.0975708961486816
286,2,train/lr,9.987260573051269e-05
287,2,train/loss,2.2073142528533936
287,2,train/lr,9.986962714398418e-05
288,2,train/loss,2.2322065830230713
288,2,train/lr,9.986661418317759e-05
289,2,train/loss,2.122360944747925
289,2,train/lr,9.986356685016968e-05
290,2,train/loss,2.118748903274536
290,2,train/lr,9.986048514706095e-05
291,2,train/loss,2.150571584701538
291,2,train/lr,9.985736907597553e-05
292,2,train/loss,2.233795166015625
292,2,train/lr,9.98542186390613e-05
293,2,train/loss,2.271108388900757
293,2,train/lr,9.98510338384898e-05
294,2,train/loss,2.3008382320404053
294,2,train/lr,9.984781467645623e-05
295,2,train/loss,2.173144578933716
295,2,train/lr,9.984456115517955e-05
296,2,train/loss,2.1179962158203125
296,2,train/lr,9.984127327690232e-05
297,2,train/loss,2.147871494293213
297,2,train/lr,9.983795104389084e-05
298,2,train/loss,2.1099538803100586
298,2,train/lr,9.983459445843505e-05
299,2,train/loss,2.1126606464385986
299,2,train/lr,9.98312035228486e-05
300,2,train/loss,2.0616090297698975
300,2,train/lr,9.98277782394688e-05
301,2,train/loss,2.199594259262085
301,2,train/lr,9.982431861065664e-05
302,2,train/loss,2.1597423553466797
302,2,train/lr,9.982082463879677e-05
303,2,train/loss,2.167886972427368
303,2,train/lr,9.981729632629755e-05
304,2,train/loss,1.9932732582092285
304,2,train/lr,9.981373367559096e-05
305,2,train/loss,1.927424669265747
305,2,train/lr,9.981013668913268e-05
306,2,train/loss,2.0214431285858154
306,2,train/lr,9.980650536940207e-05
307,2,train/loss,2.0038113594055176
307,2,train/lr,9.980283971890212e-05
308,2,train/loss,2.009960174560547
308,2,train/lr,9.979913974015949e-05
309,2,train/loss,2.06581449508667
309,2,train/lr,9.979540543572455e-05
310,2,train/loss,1.9635746479034424
310,2,train/lr,9.979163680817124e-05
311,2,train/loss,2.059903144836426
311,2,train/lr,9.978783386009725e-05
312,2,train/loss,2.214383363723755
312,2,train/lr,9.978399659412388e-05
313,2,train/loss,1.9913547039031982
313,2,train/lr,9.978012501289607e-05
314,2,train/loss,2.0146918296813965
314,2,train/lr,9.977621911908243e-05
315,2,train/loss,2.1502304077148438
315,2,train/lr,9.977227891537529e-05
316,2,train/loss,2.071653366088867
316,2,train/lr,9.97683044044905e-05
317,2,train/loss,2.165473461151123
317,2,train/lr,9.976429558916763e-05
318,2,train/loss,2.10345721244812
318,2,train/lr,9.976025247216991e-05
319,2,train/loss,2.2317142486572266
319,2,train/lr,9.975617505628419e-05
320,2,train/loss,2.0489511489868164
320,2,train/lr,9.975206334432093e-05
321,2,train/loss,2.064872980117798
321,2,train/lr,9.97479173391143e-05
322,2,train/loss,2.0484330654144287
322,2,train/lr,9.974373704352206e-05
323,2,train/loss,1.9994556903839111
323,2,train/lr,9.973952246042562e-05
324,2,train/loss,1.9117730855941772
324,2,train/lr,9.973527359272998e-05
325,2,train/loss,1.9645349979400635
325,2,train/lr,9.973099044336388e-05
326,2,train/loss,2.036698341369629
326,2,train/lr,9.972667301527956e-05
327,2,train/loss,2.041879892349243
327,2,train/lr,9.972232131145298e-05
328,2,train/loss,2.0471084117889404
328,2,train/lr,9.971793533488369e-05
329,2,train/loss,1.917040467262268
329,2,train/lr,9.971351508859488e-05
330,2,train/loss,2.0249531269073486
330,2,train/lr,9.970906057563331e-05
331,2,train/loss,2.0885255336761475
331,2,train/lr,9.970457179906944e-05
332,2,train/loss,2.1798105239868164
332,2,train/lr,9.97000487619973e-05
332,2,train/batches,331.0
332,2,train/compute_pct,99.88706367075636
332,2,train/compute_sec,33.37191631099495
332,2,train/data_wait_pct,0.1129363292436361
332,2,train/data_wait_sec,0.03773162999777924
332,2,train/examples,5296.0
332,2,train/examples_per_sec,158.51708492569753
332,2,train/input_tokens,625993.0
332,2,train/peak_vram_gb,4.882710933685303
332,2,train/target_tokens,424718.0
332,2,train/tokens_per_sec,31449.3287045628
332,2,train/total_sec,33.40964794099273
332,2,train/epoch_loss,2.2407139986303277
332,2,epoch2/batches,331.0
332,2,epoch2/compute_pct,99.88706367075636
332,2,epoch2/compute_sec,33.37191631099495
332,2,epoch2/data_wait_pct,0.1129363292436361
332,2,epoch2/data_wait_sec,0.03773162999777924
332,2,epoch2/examples,5296.0
332,2,epoch2/examples_per_sec,158.51708492569753
332,2,epoch2/input_tokens,625993.0
332,2,epoch2/peak_vram_gb,4.882710933685303
332,2,epoch2/target_tokens,424718.0
332,2,epoch2/tokens_per_sec,31449.3287045628
332,2,epoch2/total_sec,33.40964794099273
332,2,val/bleu,0.8404124175895176
332,2,val/chrf,12.058908729061343
332,2,val/combined,3.1834661359093768
332,2,val/eval_peak_vram_gb,4.882710933685303
332,2,val/eval_samples_per_sec,9.883260996593073
332,2,val/eval_seconds,60.40516386299987
332,2,val/eval_tokens_per_sec,3795.17222269174
333,3,train/loss,2.199310302734375
333,3,train/lr,9.969549146753453e-05
334,3,train/loss,2.038926839828491
334,3,train/lr,9.96908999188224e-05
335,3,train/loss,2.085315227508545
335,3,train/lr,9.968627411902578e-05
336,3,train/loss,2.0443830490112305
336,3,train/lr,9.968161407133317e-05
337,3,train/loss,2.210390090942383
337,3,train/lr,9.967691977895664e-05
338,3,train/loss,2.1479787826538086
338,3,train/lr,9.967219124513189e-05
339,3,train/loss,2.167743682861328
339,3,train/lr,9.966742847311824e-05
340,3,train/loss,2.0711896419525146
340,3,train/lr,9.966263146619857e-05
341,3,train/loss,2.0028676986694336
341,3,train/lr,9.965780022767937e-05
342,3,train/loss,1.9827826023101807
342,3,train/lr,9.965293476089072e-05
343,3,train/loss,1.8864259719848633
343,3,train/lr,9.964803506918634e-05
344,3,train/loss,1.9844391345977783
344,3,train/lr,9.964310115594347e-05
345,3,train/loss,2.0080275535583496
345,3,train/lr,9.963813302456297e-05
346,3,train/loss,1.9964900016784668
346,3,train/lr,9.963313067846932e-05
347,3,train/loss,1.8397068977355957
347,3,train/lr,9.962809412111051e-05
348,3,train/loss,2.1487276554107666
348,3,train/lr,9.96230233559582e-05
349,3,train/loss,2.0474138259887695
349,3,train/lr,9.961791838650754e-05
350,3,train/loss,1.8558268547058105
350,3,train/lr,9.961277921627731e-05
351,3,train/loss,2.044342279434204
351,3,train/lr,9.960760584880987e-05
352,3,train/loss,1.9836033582687378
352,3,train/lr,9.96023982876711e-05
353,3,train/loss,2.0572619438171387
353,3,train/lr,9.959715653645052e-05
354,3,train/loss,2.0484542846679688
354,3,train/lr,9.959188059876115e-05
355,3,train/loss,2.019453525543213
355,3,train/lr,9.95865704782396e-05
356,3,train/loss,2.074295997619629
356,3,train/lr,9.958122617854609e-05
357,3,train/loss,2.0186002254486084
357,3,train/lr,9.957584770336429e-05
358,3,train/loss,2.2133712768554688
358,3,train/lr,9.957043505640153e-05
359,3,train/loss,2.4039721488952637
359,3,train/lr,9.956498824138866e-05
360,3,train/loss,1.9654467105865479
360,3,train/lr,9.955950726208005e-05
361,3,train/loss,2.1194090843200684
361,3,train/lr,9.955399212225367e-05
362,3,train/loss,2.0600407123565674
362,3,train/lr,9.9548442825711e-05
363,3,train/loss,1.9356958866119385
363,3,train/lr,9.954285937627708e-05
364,3,train/loss,2.1283042430877686
364,3,train/lr,9.953724177780046e-05
365,3,train/loss,1.9808954000473022
365,3,train/lr,9.953159003415328e-05
366,3,train/loss,2.01987361907959
366,3,train/lr,9.95259041492312e-05
367,3,train/loss,1.9764728546142578
367,3,train/lr,9.952018412695336e-05
368,3,train/loss,1.9358446598052979
368,3,train/lr,9.951442997126253e-05
369,3,train/loss,2.1043782234191895
369,3,train/lr,9.95086416861249e-05
370,3,train/loss,1.8826508522033691
370,3,train/lr,9.950281927553027e-05
371,3,train/loss,1.8321638107299805
371,3,train/lr,9.949696274349191e-05
372,3,train/loss,2.064566135406494
372,3,train/lr,9.949107209404665e-05
373,3,train/loss,1.9097694158554077
373,3,train/lr,9.948514733125477e-05
374,3,train/loss,2.0132851600646973
374,3,train/lr,9.947918845920015e-05
375,3,train/loss,1.9198997020721436
375,3,train/lr,9.947319548199011e-05
376,3,train/loss,1.9560186862945557
376,3,train/lr,9.946716840375551e-05
377,3,train/loss,2.0940093994140625
377,3,train/lr,9.946110722865074e-05
378,3,train/loss,2.031392812728882
378,3,train/lr,9.945501196085363e-05
379,3,train/loss,1.9436626434326172
379,3,train/lr,9.944888260456555e-05
380,3,train/loss,1.881871223449707
380,3,train/lr,9.944271916401138e-05
381,3,train/loss,1.995326042175293
381,3,train/lr,9.943652164343945e-05
382,3,train/loss,2.0137407779693604
382,3,train/lr,9.943029004712162e-05
383,3,train/loss,2.3128843307495117
383,3,train/lr,9.942402437935322e-05
384,3,train/loss,2.051881790161133
384,3,train/lr,9.941772464445306e-05
385,3,train/loss,2.1067943572998047
385,3,train/lr,9.941139084676344e-05
386,3,train/loss,2.0099599361419678
386,3,train/lr,9.940502299065016e-05
387,3,train/loss,2.0673837661743164
387,3,train/lr,9.939862108050243e-05
388,3,train/loss,2.0976810455322266
388,3,train/lr,9.939218512073302e-05
389,3,train/loss,1.9585708379745483
389,3,train/lr,9.93857151157781e-05
390,3,train/loss,1.9525566101074219
390,3,train/lr,9.937921107009734e-05
391,3,train/loss,1.8536009788513184
391,3,train/lr,9.937267298817388e-05
392,3,train/loss,2.067168951034546
392,3,train/lr,9.936610087451429e-05
393,3,train/loss,1.8904324769973755
393,3,train/lr,9.935949473364863e-05
394,3,train/loss,1.8453184366226196
394,3,train/lr,9.935285457013036e-05
395,3,train/loss,2.1641547679901123
395,3,train/lr,9.93461803885365e-05
396,3,train/loss,1.9744573831558228
396,3,train/lr,9.93394721934674e-05
397,3,train/loss,2.000368118286133
397,3,train/lr,9.933272998954692e-05
398,3,train/loss,1.9012621641159058
398,3,train/lr,9.932595378142233e-05
399,3,train/loss,1.8740394115447998
399,3,train/lr,9.931914357376437e-05
400,3,train/loss,1.9971833229064941
400,3,train/lr,9.93122993712672e-05
401,3,train/loss,1.9008252620697021
401,3,train/lr,9.93054211786484e-05
402,3,train/loss,2.024139881134033
402,3,train/lr,9.929850900064899e-05
403,3,train/loss,2.111872673034668
403,3,train/lr,9.929156284203342e-05
404,3,train/loss,1.9349875450134277
404,3,train/lr,9.928458270758956e-05
405,3,train/loss,1.9558930397033691
405,3,train/lr,9.92775686021287e-05
406,3,train/loss,1.9949654340744019
406,3,train/lr,9.927052053048554e-05
407,3,train/loss,2.0119385719299316
407,3,train/lr,9.926343849751818e-05
408,3,train/loss,2.165393114089966
408,3,train/lr,9.925632250810816e-05
409,3,train/loss,2.131925106048584
409,3,train/lr,9.924917256716042e-05
410,3,train/loss,2.355577230453491
410,3,train/lr,9.924198867960327e-05
411,3,train/loss,2.018035650253296
411,3,train/lr,9.923477085038845e-05
412,3,train/loss,2.1074776649475098
412,3,train/lr,9.922751908449108e-05
413,3,train/loss,1.9125336408615112
413,3,train/lr,9.922023338690968e-05
414,3,train/loss,2.253417730331421
414,3,train/lr,9.921291376266616e-05
415,3,train/loss,1.9957799911499023
415,3,train/lr,9.92055602168058e-05
416,3,train/loss,2.014669418334961
416,3,train/lr,9.91981727543973e-05
417,3,train/loss,2.007432460784912
417,3,train/lr,9.919075138053268e-05
418,3,train/loss,1.8914921283721924
418,3,train/lr,9.918329610032739e-05
419,3,train/loss,2.008208751678467
419,3,train/lr,9.917580691892022e-05
420,3,train/loss,2.1107215881347656
420,3,train/lr,9.916828384147331e-05
421,3,train/loss,1.7754395008087158
421,3,train/lr,9.916072687317221e-05
422,3,train/loss,2.051595687866211
422,3,train/lr,9.915313601922582e-05
423,3,train/loss,1.8246238231658936
423,3,train/lr,9.914551128486636e-05
424,3,train/loss,1.7593517303466797
424,3,train/lr,9.913785267534945e-05
425,3,train/loss,1.8849663734436035
425,3,train/lr,9.913016019595403e-05
426,3,train/loss,1.8174550533294678
426,3,train/lr,9.912243385198239e-05
427,3,train/loss,2.0011439323425293
427,3,train/lr,9.911467364876017e-05
428,3,train/loss,1.9303710460662842
428,3,train/lr,9.910687959163634e-05
429,3,train/loss,1.8625426292419434
429,3,train/lr,9.909905168598322e-05
430,3,train/loss,1.8885796070098877
430,3,train/lr,9.909118993719643e-05
431,3,train/loss,1.9698421955108643
431,3,train/lr,9.908329435069495e-05
432,3,train/loss,1.968665361404419
432,3,train/lr,9.907536493192109e-05
433,3,train/loss,1.9432251453399658
433,3,train/lr,9.906740168634045e-05
434,3,train/loss,1.9496145248413086
434,3,train/lr,9.905940461944194e-05
435,3,train/loss,1.9832231998443604
435,3,train/lr,9.905137373673783e-05
436,3,train/loss,2.004169225692749
436,3,train/lr,9.904330904376366e-05
437,3,train/loss,2.0786941051483154
437,3,train/lr,9.903521054607827e-05
438,3,train/loss,2.12353515625
438,3,train/lr,9.902707824926382e-05
439,3,train/loss,1.895031452178955
439,3,train/lr,9.90189121589258e-05
440,3,train/loss,2.0288496017456055
440,3,train/lr,9.90107122806929e-05
441,3,train/loss,1.8560431003570557
441,3,train/lr,9.900247862021719e-05
442,3,train/loss,1.8607288599014282
442,3,train/lr,9.899421118317398e-05
443,3,train/loss,2.0125932693481445
443,3,train/lr,9.898590997526187e-05
444,3,train/loss,2.0014915466308594
444,3,train/lr,9.897757500220275e-05
445,3,train/loss,1.9384446144104004
445,3,train/lr,9.896920626974176e-05
446,3,train/loss,1.7233364582061768
446,3,train/lr,9.896080378364734e-05
447,3,train/loss,1.821272611618042
447,3,train/lr,9.895236754971115e-05
448,3,train/loss,1.7983895540237427
448,3,train/lr,9.894389757374817e-05
449,3,train/loss,1.7703087329864502
449,3,train/lr,9.893539386159663e-05
450,3,train/loss,1.9271068572998047
450,3,train/lr,9.892685641911794e-05
451,3,train/loss,1.9853687286376953
451,3,train/lr,9.891828525219684e-05
452,3,train/loss,1.9261794090270996
452,3,train/lr,9.890968036674128e-05
453,3,train/loss,1.9951233863830566
453,3,train/lr,9.890104176868247e-05
454,3,train/loss,1.9888684749603271
454,3,train/lr,9.889236946397484e-05
455,3,train/loss,1.9497199058532715
455,3,train/lr,9.888366345859607e-05
456,3,train/loss,1.905105471611023
456,3,train/lr,9.887492375854705e-05
457,3,train/loss,1.9826438426971436
457,3,train/lr,9.886615036985189e-05
458,3,train/loss,2.0065314769744873
458,3,train/lr,9.885734329855798e-05
459,3,train/loss,2.0112106800079346
459,3,train/lr,9.884850255073586e-05
460,3,train/loss,2.0600714683532715
460,3,train/lr,9.883962813247928e-05
461,3,train/loss,2.1584625244140625
461,3,train/lr,9.883072004990525e-05
462,3,train/loss,2.075883388519287
462,3,train/lr,9.882177830915398e-05
463,3,train/loss,1.912291407585144
463,3,train/lr,9.881280291638881e-05
464,3,train/loss,2.0817103385925293
464,3,train/lr,9.880379387779637e-05
465,3,train/loss,1.8477911949157715
465,3,train/lr,9.879475119958638e-05
466,3,train/loss,2.0143752098083496
466,3,train/lr,9.878567488799187e-05
467,3,train/loss,1.822564721107483
467,3,train/lr,9.877656494926894e-05
468,3,train/loss,1.8864043951034546
468,3,train/lr,9.876742138969695e-05
469,3,train/loss,1.9838610887527466
469,3,train/lr,9.875824421557835e-05
470,3,train/loss,1.8129408359527588
470,3,train/lr,9.874903343323883e-05
471,3,train/loss,1.8989348411560059
471,3,train/lr,9.873978904902724e-05
472,3,train/loss,1.9246501922607422
472,3,train/lr,9.873051106931557e-05
473,3,train/loss,2.009153127670288
473,3,train/lr,9.872119950049896e-05
474,3,train/loss,1.8595794439315796
474,3,train/lr,9.871185434899572e-05
475,3,train/loss,1.8649846315383911
475,3,train/lr,9.87024756212473e-05
476,3,train/loss,1.8306679725646973
476,3,train/lr,9.869306332371831e-05
477,3,train/loss,1.8345224857330322
477,3,train/lr,9.868361746289648e-05
478,3,train/loss,1.813683032989502
478,3,train/lr,9.867413804529267e-05
479,3,train/loss,1.9103806018829346
479,3,train/lr,9.866462507744086e-05
480,3,train/loss,1.9680004119873047
480,3,train/lr,9.865507856589822e-05
481,3,train/loss,1.9345442056655884
481,3,train/lr,9.864549851724498e-05
482,3,train/loss,1.9255921840667725
482,3,train/lr,9.863588493808449e-05
483,3,train/loss,2.218534231185913
483,3,train/lr,9.862623783504325e-05
484,3,train/loss,1.9601877927780151
484,3,train/lr,9.861655721477082e-05
485,3,train/loss,2.047163963317871
485,3,train/lr,9.860684308393988e-05
486,3,train/loss,1.945339322090149
486,3,train/lr,9.859709544924624e-05
487,3,train/loss,1.8482167720794678
487,3,train/lr,9.858731431740875e-05
488,3,train/loss,1.8307911157608032
488,3,train/lr,9.857749969516941e-05
489,3,train/loss,1.893481731414795
489,3,train/lr,9.856765158929323e-05
490,3,train/loss,1.7738378047943115
490,3,train/lr,9.855777000656838e-05
491,3,train/loss,1.777123212814331
491,3,train/lr,9.854785495380602e-05
492,3,train/loss,2.045605182647705
492,3,train/lr,9.853790643784047e-05
493,3,train/loss,1.9025765657424927
493,3,train/lr,9.852792446552906e-05
494,3,train/loss,1.8194831609725952
494,3,train/lr,9.851790904375217e-05
495,3,train/loss,1.805552363395691
495,3,train/lr,9.850786017941329e-05
496,3,train/loss,2.0595483779907227
496,3,train/lr,9.84977778794389e-05
497,3,train/loss,1.8427820205688477
497,3,train/lr,9.848766215077858e-05
498,3,train/loss,1.9718291759490967
498,3,train/lr,9.84775130004049e-05
498,3,train/batches,331.0
498,3,train/compute_pct,99.89221335554679
498,3,train/compute_sec,32.60735429199758
498,3,train/data_wait_pct,0.10778664445321563
498,3,train/data_wait_sec,0.035184297009436705
498,3,train/examples,5296.0
498,3,train/examples_per_sec,162.24228350253148
498,3,train/input_tokens,625993.0
498,3,train/peak_vram_gb,4.882710933685303
498,3,train/target_tokens,424712.0
498,3,train/tokens_per_sec,32188.213460635823
498,3,train/total_sec,32.64253858900702
498,3,train/epoch_loss,1.9794404521089306
498,3,epoch3/batches,331.0
498,3,epoch3/compute_pct,99.89221335554679
498,3,epoch3/compute_sec,32.60735429199758
498,3,epoch3/data_wait_pct,0.10778664445321563
498,3,epoch3/data_wait_sec,0.035184297009436705
498,3,epoch3/examples,5296.0
498,3,epoch3/examples_per_sec,162.24228350253148
498,3,epoch3/input_tokens,625993.0
498,3,epoch3/peak_vram_gb,4.882710933685303
498,3,epoch3/target_tokens,424712.0
498,3,epoch3/tokens_per_sec,32188.213460635823
498,3,epoch3/total_sec,32.64253858900702
498,3,val/bleu,2.4798138847741025
498,3,val/chrf,18.263859077621035
498,3,val/combined,6.729856709488113
498,3,val/eval_peak_vram_gb,4.882710933685303
498,3,val/eval_samples_per_sec,10.623955308336404
498,3,val/eval_seconds,56.193760484999984
498,3,val/eval_tokens_per_sec,3932.9633413480933
499,4,train/loss,2.0863513946533203
499,4,train/lr,9.846733043531354e-05
500,4,train/loss,2.087759494781494
500,4,train/lr,9.845711446252313e-05
501,4,train/loss,2.0043861865997314
501,4,train/lr,9.844686508907537e-05
502,4,train/loss,2.0456461906433105
502,4,train/lr,9.843658232203498e-05
503,4,train/loss,2.225376605987549
503,4,train/lr,9.842626616848971e-05
504,4,train/loss,1.9274860620498657
504,4,train/lr,9.841591663555029e-05
505,4,train/loss,2.1643049716949463
505,4,train/lr,9.840553373035047e-05
506,4,train/loss,1.7402431964874268
506,4,train/lr,9.839511746004704e-05
507,4,train/loss,2.076141357421875
507,4,train/lr,9.838466783181971e-05
508,4,train/loss,1.9039621353149414
508,4,train/lr,9.837418485287127e-05
509,4,train/loss,1.8111306428909302
509,4,train/lr,9.836366853042743e-05
510,4,train/loss,1.668501615524292
510,4,train/lr,9.835311887173694e-05
511,4,train/loss,1.731917381286621
511,4,train/lr,9.834253588407148e-05
512,4,train/loss,1.807410478591919
512,4,train/lr,9.83319195747257e-05
513,4,train/loss,1.829606294631958
513,4,train/lr,9.832126995101728e-05
514,4,train/loss,1.8639761209487915
514,4,train/lr,9.83105870202868e-05
515,4,train/loss,1.8452399969100952
515,4,train/lr,9.829987078989783e-05
516,4,train/loss,1.8424897193908691
516,4,train/lr,9.828912126723689e-05
517,4,train/loss,1.7745769023895264
517,4,train/lr,9.827833845971342e-05
518,4,train/loss,1.8118150234222412
518,4,train/lr,9.826752237475982e-05
519,4,train/loss,1.842637300491333
519,4,train/lr,9.825667301983148e-05
520,4,train/loss,1.8706896305084229
520,4,train/lr,9.824579040240662e-05
521,4,train/loss,1.8962783813476562
521,4,train/lr,9.823487452998648e-05
522,4,train/loss,1.9872467517852783
522,4,train/lr,9.822392541009515e-05
523,4,train/loss,1.950199842453003
523,4,train/lr,9.821294305027969e-05
524,4,train/loss,1.9292491674423218
524,4,train/lr,9.820192745811006e-05
525,4,train/loss,1.9680612087249756
525,4,train/lr,9.819087864117908e-05
526,4,train/loss,2.1847472190856934
526,4,train/lr,9.817979660710257e-05
527,4,train/loss,1.9136028289794922
527,4,train/lr,9.816868136351913e-05
528,4,train/loss,1.9342912435531616
528,4,train/lr,9.815753291809036e-05
529,4,train/loss,1.901641607284546
529,4,train/lr,9.814635127850062e-05
530,4,train/loss,1.927968978881836
530,4,train/lr,9.813513645245729e-05
531,4,train/loss,1.8872007131576538
531,4,train/lr,9.812388844769053e-05
532,4,train/loss,1.8912791013717651
532,4,train/lr,9.811260727195341e-05
533,4,train/loss,1.849128246307373
533,4,train/lr,9.810129293302182e-05
534,4,train/loss,1.7642943859100342
534,4,train/lr,9.808994543869457e-05
535,4,train/loss,1.8039767742156982
535,4,train/lr,9.807856479679327e-05
536,4,train/loss,1.879120111465454
536,4,train/lr,9.806715101516243e-05
537,4,train/loss,1.7071259021759033
537,4,train/lr,9.805570410166934e-05
538,4,train/loss,1.5062990188598633
538,4,train/lr,9.804422406420419e-05
539,4,train/loss,1.6609807014465332
539,4,train/lr,9.803271091067996e-05
540,4,train/loss,1.755228042602539
540,4,train/lr,9.802116464903246e-05
541,4,train/loss,1.8659794330596924
541,4,train/lr,9.800958528722036e-05
542,4,train/loss,1.7766711711883545
542,4,train/lr,9.799797283322507e-05
543,4,train/loss,1.890512228012085
543,4,train/lr,9.798632729505088e-05
544,4,train/loss,1.8670443296432495
544,4,train/lr,9.797464868072488e-05
545,4,train/loss,1.7669121026992798
545,4,train/lr,9.79629369982969e-05
546,4,train/loss,1.8782169818878174
546,4,train/lr,9.795119225583962e-05
547,4,train/loss,1.8803329467773438
547,4,train/lr,9.79394144614485e-05
548,4,train/loss,1.8410842418670654
548,4,train/lr,9.792760362324176e-05
549,4,train/loss,1.9298980236053467
549,4,train/lr,9.791575974936042e-05
550,4,train/loss,1.8501899242401123
550,4,train/lr,9.790388284796823e-05
551,4,train/loss,2.016744613647461
551,4,train/lr,9.789197292725176e-05
552,4,train/loss,2.0594029426574707
552,4,train/lr,9.78800299954203e-05
553,4,train/loss,1.9991642236709595
553,4,train/lr,9.786805406070591e-05
554,4,train/loss,1.888649821281433
554,4,train/lr,9.785604513136342e-05
555,4,train/loss,1.9726648330688477
555,4,train/lr,9.784400321567036e-05
556,4,train/loss,1.7218818664550781
556,4,train/lr,9.783192832192699e-05
557,4,train/loss,1.8607347011566162
557,4,train/lr,9.781982045845636e-05
558,4,train/loss,1.9615790843963623
558,4,train/lr,9.780767963360422e-05
559,4,train/loss,1.705214500427246
559,4,train/lr,9.7795505855739e-05
560,4,train/loss,1.833384394645691
560,4,train/lr,9.778329913325191e-05
561,4,train/loss,1.758432388305664
561,4,train/lr,9.77710594745568e-05
562,4,train/loss,1.7437493801116943
562,4,train/lr,9.775878688809029e-05
563,4,train/loss,1.8736189603805542
563,4,train/lr,9.774648138231163e-05
564,4,train/loss,1.9176210165023804
564,4,train/lr,9.773414296570283e-05
565,4,train/loss,1.8508257865905762
565,4,train/lr,9.77217716467685e-05
566,4,train/loss,1.8849290609359741
566,4,train/lr,9.770936743403603e-05
567,4,train/loss,1.8171672821044922
567,4,train/lr,9.769693033605541e-05
568,4,train/loss,1.8571144342422485
568,4,train/lr,9.76844603613993e-05
569,4,train/loss,1.8591220378875732
569,4,train/lr,9.767195751866308e-05
570,4,train/loss,1.8746076822280884
570,4,train/lr,9.765942181646471e-05
571,4,train/loss,1.8318437337875366
571,4,train/lr,9.764685326344485e-05
572,4,train/loss,1.8331267833709717
572,4,train/lr,9.763425186826678e-05
573,4,train/loss,1.9475443363189697
573,4,train/lr,9.762161763961642e-05
574,4,train/loss,1.9770820140838623
574,4,train/lr,9.760895058620235e-05
575,4,train/loss,1.8712882995605469
575,4,train/lr,9.759625071675574e-05
576,4,train/loss,2.0247678756713867
576,4,train/lr,9.758351804003038e-05
577,4,train/loss,2.0172388553619385
577,4,train/lr,9.75707525648027e-05
578,4,train/loss,1.8936196565628052
578,4,train/lr,9.755795429987171e-05
579,4,train/loss,1.8710706233978271
579,4,train/lr,9.754512325405906e-05
580,4,train/loss,1.8338520526885986
580,4,train/lr,9.753225943620894e-05
581,4,train/loss,1.8104805946350098
581,4,train/lr,9.751936285518818e-05
582,4,train/loss,1.7549855709075928
582,4,train/lr,9.750643351988615e-05
583,4,train/loss,1.822995662689209
583,4,train/lr,9.749347143921485e-05
584,4,train/loss,1.8148870468139648
584,4,train/lr,9.74804766221088e-05
585,4,train/loss,1.8611810207366943
585,4,train/lr,9.746744907752509e-05
586,4,train/loss,1.835664987564087
586,4,train/lr,9.745438881444342e-05
587,4,train/loss,1.8570306301116943
587,4,train/lr,9.744129584186598e-05
588,4,train/loss,1.7801034450531006
588,4,train/lr,9.742817016881753e-05
589,4,train/loss,1.7156736850738525
589,4,train/lr,9.74150118043454e-05
590,4,train/loss,1.8070344924926758
590,4,train/lr,9.740182075751937e-05
591,4,train/loss,1.8517513275146484
591,4,train/lr,9.738859703743186e-05
592,4,train/loss,1.8906407356262207
592,4,train/lr,9.737534065319772e-05
593,4,train/loss,1.7873475551605225
593,4,train/lr,9.736205161395436e-05
594,4,train/loss,1.7266063690185547
594,4,train/lr,9.734872992886166e-05
595,4,train/loss,1.8022104501724243
595,4,train/lr,9.733537560710206e-05
596,4,train/loss,1.9032424688339233
596,4,train/lr,9.732198865788047e-05
597,4,train/loss,1.87386155128479
597,4,train/lr,9.730856909042428e-05
598,4,train/loss,1.9044785499572754
598,4,train/lr,9.729511691398333e-05
599,4,train/loss,1.912989854812622
599,4,train/lr,9.728163213783002e-05
600,4,train/loss,1.8237452507019043
600,4,train/lr,9.726811477125914e-05
601,4,train/loss,1.8972833156585693
601,4,train/lr,9.725456482358801e-05
602,4,train/loss,1.7315351963043213
602,4,train/lr,9.724098230415638e-05
603,4,train/loss,1.8262474536895752
603,4,train/lr,9.72273672223264e-05
604,4,train/loss,2.018611192703247
604,4,train/lr,9.721371958748276e-05
605,4,train/loss,1.8817771673202515
605,4,train/lr,9.72000394090325e-05
606,4,train/loss,1.9759849309921265
606,4,train/lr,9.718632669640517e-05
607,4,train/loss,1.8837370872497559
607,4,train/lr,9.71725814590527e-05
608,4,train/loss,1.8879683017730713
608,4,train/lr,9.715880370644944e-05
609,4,train/loss,1.84812593460083
609,4,train/lr,9.714499344809213e-05
610,4,train/loss,1.7785838842391968
610,4,train/lr,9.713115069349998e-05
611,4,train/loss,1.8453997373580933
611,4,train/lr,9.711727545221457e-05
612,4,train/loss,1.7236905097961426
612,4,train/lr,9.710336773379984e-05
613,4,train/loss,1.7210761308670044
613,4,train/lr,9.708942754784216e-05
614,4,train/loss,1.7219460010528564
614,4,train/lr,9.707545490395024e-05
615,4,train/loss,1.792494535446167
615,4,train/lr,9.706144981175521e-05
616,4,train/loss,1.821854829788208
616,4,train/lr,9.704741228091052e-05
617,4,train/loss,1.6973507404327393
617,4,train/lr,9.7033342321092e-05
618,4,train/loss,1.8898992538452148
618,4,train/lr,9.701923994199784e-05
619,4,train/loss,1.9136366844177246
619,4,train/lr,9.700510515334858e-05
620,4,train/loss,1.769294023513794
620,4,train/lr,9.699093796488705e-05
621,4,train/loss,1.8133833408355713
621,4,train/lr,9.697673838637848e-05
622,4,train/loss,1.8661110401153564
622,4,train/lr,9.696250642761038e-05
623,4,train/loss,1.88277268409729
623,4,train/lr,9.694824209839261e-05
624,4,train/loss,1.8421399593353271
624,4,train/lr,9.693394540855731e-05
625,4,train/loss,1.8338532447814941
625,4,train/lr,9.691961636795896e-05
626,4,train/loss,1.9289593696594238
626,4,train/lr,9.690525498647431e-05
627,4,train/loss,1.9750022888183594
627,4,train/lr,9.689086127400244e-05
628,4,train/loss,1.8335903882980347
628,4,train/lr,9.687643524046464e-05
629,4,train/loss,1.7671382427215576
629,4,train/lr,9.686197689580456e-05
630,4,train/loss,1.8323167562484741
630,4,train/lr,9.68474862499881e-05
631,4,train/loss,1.9519848823547363
631,4,train/lr,9.683296331300338e-05
632,4,train/loss,1.8931105136871338
632,4,train/lr,9.681840809486082e-05
633,4,train/loss,1.843034267425537
633,4,train/lr,9.680382060559311e-05
634,4,train/loss,1.6780513525009155
634,4,train/lr,9.678920085525513e-05
635,4,train/loss,1.9317110776901245
635,4,train/lr,9.677454885392403e-05
636,4,train/loss,1.8380622863769531
636,4,train/lr,9.675986461169917e-05
637,4,train/loss,1.6571931838989258
637,4,train/lr,9.674514813870217e-05
638,4,train/loss,1.846950888633728
638,4,train/lr,9.673039944507682e-05
639,4,train/loss,1.6167995929718018
639,4,train/lr,9.671561854098916e-05
640,4,train/loss,1.7085685729980469
640,4,train/lr,9.67008054366274e-05
641,4,train/loss,1.6932567358016968
641,4,train/lr,9.668596014220196e-05
642,4,train/loss,1.631248950958252
642,4,train/lr,9.667108266794547e-05
643,4,train/loss,1.6579619646072388
643,4,train/lr,9.66561730241127e-05
644,4,train/loss,1.8007688522338867
644,4,train/lr,9.664123122098059e-05
645,4,train/loss,1.875702142715454
645,4,train/lr,9.662625726884828e-05
646,4,train/loss,1.7999366521835327
646,4,train/lr,9.661125117803708e-05
647,4,train/loss,1.8684974908828735
647,4,train/lr,9.659621295889043e-05
648,4,train/loss,1.813597559928894
648,4,train/lr,9.658114262177389e-05
649,4,train/loss,1.9645042419433594
649,4,train/lr,9.65660401770752e-05
650,4,train/loss,1.9054632186889648
650,4,train/lr,9.655090563520421e-05
651,4,train/loss,1.9972599744796753
651,4,train/lr,9.653573900659292e-05
652,4,train/loss,1.909082293510437
652,4,train/lr,9.65205403016954e-05
653,4,train/loss,1.8211631774902344
653,4,train/lr,9.650530953098786e-05
654,4,train/loss,1.680440902709961
654,4,train/lr,9.649004670496862e-05
655,4,train/loss,1.9015378952026367
655,4,train/lr,9.647475183415808e-05
656,4,train/loss,1.7909975051879883
656,4,train/lr,9.645942492909874e-05
657,4,train/loss,1.664874792098999
657,4,train/lr,9.644406600035517e-05
658,4,train/loss,1.8370170593261719
658,4,train/lr,9.6428675058514e-05
659,4,train/loss,1.7092838287353516
659,4,train/lr,9.641325211418395e-05
660,4,train/loss,1.7538022994995117
660,4,train/lr,9.639779717799581e-05
661,4,train/loss,1.851966381072998
661,4,train/lr,9.638231026060237e-05
662,4,train/loss,1.9364298582077026
662,4,train/lr,9.636679137267852e-05
663,4,train/loss,1.861497402191162
663,4,train/lr,9.635124052492115e-05
664,4,train/loss,1.897291660308838
664,4,train/lr,9.63356577280492e-05
664,4,train/batches,331.0
664,4,train/compute_pct,99.87878993673665
664,4,train/compute_sec,33.045897650000825
664,4,train/data_wait_pct,0.12121006326335311
664,4,train/data_wait_sec,0.04010356300159401
664,4,train/examples,5296.0
664,4,train/examples_per_sec,160.06769648302898
664,4,train/input_tokens,625993.0
664,4,train/peak_vram_gb,4.882710933685303
664,4,train/target_tokens,424724.0
664,4,train/tokens_per_sec,31757.146874161397
664,4,train/total_sec,33.08600121300242
664,4,train/epoch_loss,1.8585955840943442
664,4,epoch4/batches,331.0
664,4,epoch4/compute_pct,99.87878993673665
664,4,epoch4/compute_sec,33.045897650000825
664,4,epoch4/data_wait_pct,0.12121006326335311
664,4,epoch4/data_wait_sec,0.04010356300159401
664,4,epoch4/examples,5296.0
664,4,epoch4/examples_per_sec,160.06769648302898
664,4,epoch4/input_tokens,625993.0
664,4,epoch4/peak_vram_gb,4.882710933685303
664,4,epoch4/target_tokens,424724.0
664,4,epoch4/tokens_per_sec,31757.146874161397
664,4,epoch4/total_sec,33.08600121300242
664,4,val/bleu,6.192621627263715
664,4,val/chrf,25.391004298912197
664,4,val/combined,12.539413158493089
664,4,val/eval_peak_vram_gb,4.882710933685303
664,4,val/eval_samples_per_sec,11.578137767030439
664,4,val/eval_seconds,51.56269617900034
664,4,val/eval_tokens_per_sec,3870.7052731909603
665,5,train/loss,1.8085534572601318
665,5,train/lr,9.632004299280364e-05
666,5,train/loss,1.850144624710083
666,5,train/lr,9.63043963299474e-05
667,5,train/loss,1.8949661254882812
667,5,train/lr,9.628871775026548e-05
668,5,train/loss,1.760605812072754
668,5,train/lr,9.627300726456485e-05
669,5,train/loss,1.8876564502716064
669,5,train/lr,9.625726488367451e-05
670,5,train/loss,1.904273509979248
670,5,train/lr,9.624149061844535e-05
671,5,train/loss,1.965722680091858
671,5,train/lr,9.622568447975035e-05
672,5,train/loss,1.8506643772125244
672,5,train/lr,9.620984647848439e-05
673,5,train/loss,1.87442946434021
673,5,train/lr,9.619397662556435e-05
674,5,train/loss,1.866668701171875
674,5,train/lr,9.617807493192902e-05
675,5,train/loss,1.7394353151321411
675,5,train/lr,9.616214140853918e-05
676,5,train/loss,1.7071822881698608
676,5,train/lr,9.614617606637755e-05
677,5,train/loss,1.6906969547271729
677,5,train/lr,9.613017891644873e-05
678,5,train/loss,1.7247123718261719
678,5,train/lr,9.61141499697793e-05
679,5,train/loss,1.7027702331542969
679,5,train/lr,9.609808923741776e-05
680,5,train/loss,1.6386979818344116
680,5,train/lr,9.608199673043447e-05
681,5,train/loss,1.8100342750549316
681,5,train/lr,9.606587245992171e-05
682,5,train/loss,1.7676925659179688
682,5,train/lr,9.604971643699369e-05
683,5,train/loss,1.7366886138916016
683,5,train/lr,9.603352867278645e-05
684,5,train/loss,1.6458499431610107
684,5,train/lr,9.601730917845797e-05
685,5,train/loss,1.791374683380127
685,5,train/lr,9.600105796518806e-05
686,5,train/loss,1.8306474685668945
686,5,train/lr,9.59847750441784e-05
687,5,train/loss,1.7953561544418335
687,5,train/lr,9.59684604266525e-05
688,5,train/loss,1.8020527362823486
688,5,train/lr,9.595211412385578e-05
689,5,train/loss,1.858907699584961
689,5,train/lr,9.593573614705547e-05
690,5,train/loss,1.8420944213867188
690,5,train/lr,9.59193265075406e-05
691,5,train/loss,1.9877619743347168
691,5,train/lr,9.590288521662207e-05
692,5,train/loss,1.953589677810669
692,5,train/lr,9.588641228563258e-05
693,5,train/loss,1.831916093826294
693,5,train/lr,9.586990772592664e-05
694,5,train/loss,1.7702009677886963
694,5,train/lr,9.585337154888055e-05
695,5,train/loss,1.8501070737838745
695,5,train/lr,9.583680376589241e-05
696,5,train/loss,1.9614779949188232
696,5,train/lr,9.582020438838211e-05
697,5,train/loss,1.8075059652328491
697,5,train/lr,9.580357342779135e-05
698,5,train/loss,1.7801446914672852
698,5,train/lr,9.578691089558352e-05
699,5,train/loss,1.7858448028564453
699,5,train/lr,9.577021680324385e-05
700,5,train/loss,1.723160982131958
700,5,train/lr,9.575349116227927e-05
701,5,train/loss,1.7419114112854004
701,5,train/lr,9.573673398421848e-05
702,5,train/loss,1.7140681743621826
702,5,train/lr,9.571994528061192e-05
703,5,train/loss,1.8305034637451172
703,5,train/lr,9.570312506303176e-05
704,5,train/loss,1.6357693672180176
704,5,train/lr,9.568627334307188e-05
705,5,train/loss,1.6443194150924683
705,5,train/lr,9.566939013234789e-05
706,5,train/loss,1.727220892906189
706,5,train/lr,9.56524754424971e-05
707,5,train/loss,1.7209584712982178
707,5,train/lr,9.563552928517849e-05
708,5,train/loss,1.7781394720077515
708,5,train/lr,9.561855167207276e-05
709,5,train/loss,1.8454341888427734
709,5,train/lr,9.560154261488233e-05
710,5,train/loss,1.772735595703125
710,5,train/lr,9.55845021253312e-05
711,5,train/loss,1.7557487487792969
711,5,train/lr,9.556743021516512e-05
712,5,train/loss,1.7598693370819092
712,5,train/lr,9.555032689615144e-05
713,5,train/loss,1.8110260963439941
713,5,train/lr,9.55331921800792e-05
714,5,train/loss,1.770655632019043
714,5,train/lr,9.551602607875906e-05
715,5,train/loss,1.9331343173980713
715,5,train/lr,9.549882860402333e-05
716,5,train/loss,1.9096624851226807
716,5,train/lr,9.548159976772592e-05
717,5,train/loss,1.9186979532241821
717,5,train/lr,9.546433958174238e-05
718,5,train/loss,1.874678373336792
718,5,train/lr,9.544704805796986e-05
719,5,train/loss,1.8626716136932373
719,5,train/lr,9.542972520832709e-05
720,5,train/loss,1.8791768550872803
720,5,train/lr,9.541237104475445e-05
721,5,train/loss,1.9450539350509644
721,5,train/lr,9.539498557921384e-05
722,5,train/loss,1.898803472518921
722,5,train/lr,9.537756882368877e-05
723,5,train/loss,1.7230571508407593
723,5,train/lr,9.53601207901843e-05
724,5,train/loss,1.7759346961975098
724,5,train/lr,9.53426414907271e-05
725,5,train/loss,1.8049025535583496
725,5,train/lr,9.532513093736529e-05
726,5,train/loss,1.7902657985687256
726,5,train/lr,9.530758914216864e-05
727,5,train/loss,1.764854073524475
727,5,train/lr,9.529001611722839e-05
728,5,train/loss,1.6087970733642578
728,5,train/lr,9.527241187465734e-05
729,5,train/loss,1.830307960510254
729,5,train/lr,9.525477642658978e-05
730,5,train/loss,1.6898105144500732
730,5,train/lr,9.52371097851815e-05
731,5,train/loss,1.6225051879882812
731,5,train/lr,9.521941196260986e-05
732,5,train/loss,1.6608898639678955
732,5,train/lr,9.520168297107363e-05
733,5,train/loss,1.7724740505218506
733,5,train/lr,9.518392282279312e-05
734,5,train/loss,1.7485263347625732
734,5,train/lr,9.516613153001007e-05
735,5,train/loss,1.8232009410858154
735,5,train/lr,9.514830910498773e-05
736,5,train/loss,1.7520055770874023
736,5,train/lr,9.513045556001081e-05
737,5,train/loss,1.7188324928283691
737,5,train/lr,9.51125709073854e-05
738,5,train/loss,1.8190388679504395
738,5,train/lr,9.509465515943915e-05
739,5,train/loss,1.9262182712554932
739,5,train/lr,9.507670832852102e-05
740,5,train/loss,1.9443492889404297
740,5,train/lr,9.50587304270015e-05
741,5,train/loss,1.936110496520996
741,5,train/lr,9.504072146727241e-05
742,5,train/loss,1.9260879755020142
742,5,train/lr,9.502268146174703e-05
743,5,train/loss,1.9190458059310913
743,5,train/lr,9.500461042286005e-05
744,5,train/loss,1.9863147735595703
744,5,train/lr,9.498650836306748e-05
745,5,train/loss,1.8557476997375488
745,5,train/lr,9.496837529484678e-05
746,5,train/loss,1.6101455688476562
746,5,train/lr,9.49502112306968e-05
747,5,train/loss,1.8112517595291138
747,5,train/lr,9.493201618313765e-05
748,5,train/loss,1.7172660827636719
748,5,train/lr,9.491379016471093e-05
749,5,train/loss,1.7129337787628174
749,5,train/lr,9.489553318797946e-05
750,5,train/loss,1.8265141248703003
750,5,train/lr,9.487724526552753e-05
751,5,train/loss,1.7403093576431274
751,5,train/lr,9.485892640996062e-05
752,5,train/loss,1.7481050491333008
752,5,train/lr,9.484057663390564e-05
753,5,train/loss,1.689957857131958
753,5,train/lr,9.482219595001078e-05
754,5,train/loss,1.6185890436172485
754,5,train/lr,9.480378437094552e-05
755,5,train/loss,1.6889160871505737
755,5,train/lr,9.478534190940065e-05
756,5,train/loss,1.592616081237793
756,5,train/lr,9.476686857808823e-05
757,5,train/loss,1.685774564743042
757,5,train/lr,9.474836438974161e-05
758,5,train/loss,1.7836649417877197
758,5,train/lr,9.472982935711543e-05
759,5,train/loss,1.775836706161499
759,5,train/lr,9.471126349298556e-05
760,5,train/loss,1.8635486364364624
760,5,train/lr,9.469266681014915e-05
761,5,train/loss,1.873506784439087
761,5,train/lr,9.467403932142452e-05
762,5,train/loss,1.8040955066680908
762,5,train/lr,9.465538103965132e-05
763,5,train/loss,1.8806812763214111
763,5,train/lr,9.463669197769038e-05
764,5,train/loss,1.891216516494751
764,5,train/lr,9.461797214842375e-05
765,5,train/loss,1.782301425933838
765,5,train/lr,9.459922156475468e-05
766,5,train/loss,1.8940489292144775
766,5,train/lr,9.458044023960763e-05
767,5,train/loss,1.9373455047607422
767,5,train/lr,9.456162818592825e-05
768,5,train/loss,1.910914659500122
768,5,train/lr,9.454278541668333e-05
769,5,train/loss,1.9559683799743652
769,5,train/lr,9.452391194486092e-05
770,5,train/loss,1.803810477256775
770,5,train/lr,9.450500778347015e-05
771,5,train/loss,1.5927395820617676
771,5,train/lr,9.448607294554135e-05
772,5,train/loss,1.6706535816192627
772,5,train/lr,9.446710744412595e-05
773,5,train/loss,1.9232569932937622
773,5,train/lr,9.444811129229659e-05
774,5,train/loss,1.7728619575500488
774,5,train/lr,9.442908450314694e-05
775,5,train/loss,1.6905169486999512
775,5,train/lr,9.441002708979188e-05
776,5,train/loss,1.7217919826507568
776,5,train/lr,9.439093906536732e-05
777,5,train/loss,1.6425364017486572
777,5,train/lr,9.437182044303035e-05
778,5,train/loss,1.6952471733093262
778,5,train/lr,9.435267123595908e-05
779,5,train/loss,1.6790471076965332
779,5,train/lr,9.433349145735275e-05
780,5,train/loss,1.8103199005126953
780,5,train/lr,9.431428112043164e-05
781,5,train/loss,1.6723321676254272
781,5,train/lr,9.42950402384371e-05
782,5,train/loss,1.776692509651184
782,5,train/lr,9.427576882463154e-05
783,5,train/loss,1.6549501419067383
783,5,train/lr,9.425646689229842e-05
784,5,train/loss,1.9194080829620361
784,5,train/lr,9.423713445474223e-05
785,5,train/loss,1.7691559791564941
785,5,train/lr,9.42177715252885e-05
786,5,train/loss,1.7540204524993896
786,5,train/lr,9.419837811728375e-05
787,5,train/loss,1.814500093460083
787,5,train/lr,9.417895424409553e-05
788,5,train/loss,1.776933193206787
788,5,train/lr,9.415949991911238e-05
789,5,train/loss,1.7790091037750244
789,5,train/lr,9.414001515574382e-05
790,5,train/loss,1.851462721824646
790,5,train/lr,9.412049996742037e-05
791,5,train/loss,1.9588215351104736
791,5,train/lr,9.410095436759354e-05
792,5,train/loss,2.1506059169769287
792,5,train/lr,9.408137836973574e-05
793,5,train/loss,1.739444375038147
793,5,train/lr,9.406177198734038e-05
794,5,train/loss,1.986534595489502
794,5,train/lr,9.404213523392183e-05
795,5,train/loss,1.7671747207641602
795,5,train/lr,9.402246812301532e-05
796,5,train/loss,1.9209702014923096
796,5,train/lr,9.400277066817709e-05
797,5,train/loss,1.745642900466919
797,5,train/lr,9.398304288298424e-05
798,5,train/loss,1.8512797355651855
798,5,train/lr,9.39632847810348e-05
799,5,train/loss,1.7739262580871582
799,5,train/lr,9.394349637594769e-05
800,5,train/loss,1.8011192083358765
800,5,train/lr,9.392367768136272e-05
801,5,train/loss,1.8756407499313354
801,5,train/lr,9.390382871094057e-05
802,5,train/loss,1.637912631034851
802,5,train/lr,9.388394947836279e-05
803,5,train/loss,1.5854902267456055
803,5,train/lr,9.38640399973318e-05
804,5,train/loss,1.6827161312103271
804,5,train/lr,9.384410028157087e-05
805,5,train/loss,1.7859954833984375
805,5,train/lr,9.38241303448241e-05
806,5,train/loss,1.7306638956069946
806,5,train/lr,9.380413020085642e-05
807,5,train/loss,1.7131848335266113
807,5,train/lr,9.37840998634536e-05
808,5,train/loss,1.7190232276916504
808,5,train/lr,9.376403934642219e-05
809,5,train/loss,1.706674575805664
809,5,train/lr,9.374394866358955e-05
810,5,train/loss,1.6862162351608276
810,5,train/lr,9.372382782880389e-05
811,5,train/loss,1.7746392488479614
811,5,train/lr,9.370367685593411e-05
812,5,train/loss,1.6865193843841553
812,5,train/lr,9.368349575886994e-05
813,5,train/loss,1.819525957107544
813,5,train/lr,9.366328455152189e-05
814,5,train/loss,1.8975005149841309
814,5,train/lr,9.364304324782115e-05
815,5,train/loss,1.8738281726837158
815,5,train/lr,9.362277186171975e-05
816,5,train/loss,1.8352046012878418
816,5,train/lr,9.360247040719039e-05
817,5,train/loss,1.8302847146987915
817,5,train/lr,9.358213889822651e-05
818,5,train/loss,1.8457531929016113
818,5,train/lr,9.356177734884227e-05
819,5,train/loss,1.7565346956253052
819,5,train/lr,9.354138577307255e-05
820,5,train/loss,1.7854632139205933
820,5,train/lr,9.35209641849729e-05
821,5,train/loss,1.7889480590820312
821,5,train/lr,9.350051259861957e-05
822,5,train/loss,1.7818551063537598
822,5,train/lr,9.348003102810949e-05
823,5,train/loss,1.6835933923721313
823,5,train/lr,9.345951948756026e-05
824,5,train/loss,1.5754971504211426
824,5,train/lr,9.343897799111012e-05
825,5,train/loss,1.688410758972168
825,5,train/lr,9.3418406552918e-05
826,5,train/loss,1.6987056732177734
826,5,train/lr,9.33978051871634e-05
827,5,train/loss,1.891775131225586
827,5,train/lr,9.337717390804652e-05
828,5,train/loss,1.7168292999267578
828,5,train/lr,9.335651272978814e-05
829,5,train/loss,1.888596773147583
829,5,train/lr,9.333582166662965e-05
830,5,train/loss,1.7455042600631714
830,5,train/lr,9.331510073283303e-05
830,5,train/batches,331.0
830,5,train/compute_pct,99.89295672280254
830,5,train/compute_sec,32.65564836800149
830,5,train/data_wait_pct,0.1070432771974572
830,5,train/data_wait_sec,0.0349931340006151
830,5,train/examples,5296.0
830,5,train/examples_per_sec,162.00355076163467
830,5,train/input_tokens,625993.0
830,5,train/peak_vram_gb,4.882710933685303
830,5,train/target_tokens,424765.0
830,5,train/tokens_per_sec,32142.47110860909
830,5,train/total_sec,32.69064150200211
830,5,train/epoch_loss,1.7899191354336694
830,5,epoch5/batches,331.0
830,5,epoch5/compute_pct,99.89295672280254
830,5,epoch5/compute_sec,32.65564836800149
830,5,epoch5/data_wait_pct,0.1070432771974572
830,5,epoch5/data_wait_sec,0.0349931340006151
830,5,epoch5/examples,5296.0
830,5,epoch5/examples_per_sec,162.00355076163467
830,5,epoch5/input_tokens,625993.0
830,5,epoch5/peak_vram_gb,4.882710933685303
830,5,epoch5/target_tokens,424765.0
830,5,epoch5/tokens_per_sec,32142.47110860909
830,5,epoch5/total_sec,32.69064150200211
830,5,val/bleu,7.587623412349433
830,5,val/chrf,27.645144577562856
830,5,val/combined,14.48312625901262
830,5,val/eval_peak_vram_gb,4.882710933685303
830,5,val/eval_samples_per_sec,11.132909491693345
830,5,val/eval_seconds,53.624795965999965
830,5,val/eval_tokens_per_sec,3889.3201595067517
831,6,train/loss,1.8460532426834106
831,6,train/lr,9.329434994268088e-05
832,6,train/loss,1.840512752532959
832,6,train/lr,9.327356931047635e-05
833,6,train/loss,2.0202529430389404
833,6,train/lr,9.325275885054322e-05
834,6,train/loss,1.8060228824615479
834,6,train/lr,9.323191857722572e-05
835,6,train/loss,1.8601658344268799
835,6,train/lr,9.321104850488873e-05
836,6,train/loss,1.6761606931686401
836,6,train/lr,9.319014864791762e-05
837,6,train/loss,1.6849520206451416
837,6,train/lr,9.316921902071831e-05
838,6,train/loss,1.6812660694122314
838,6,train/lr,9.314825963771723e-05
839,6,train/loss,1.9215481281280518
839,6,train/lr,9.312727051336132e-05
840,6,train/loss,1.6981289386749268
840,6,train/lr,9.310625166211801e-05
841,6,train/loss,1.8364135026931763
841,6,train/lr,9.308520309847527e-05
842,6,train/loss,1.6711870431900024
842,6,train/lr,9.306412483694149e-05
843,6,train/loss,1.7154181003570557
843,6,train/lr,9.304301689204554e-05
844,6,train/loss,1.5949219465255737
844,6,train/lr,9.302187927833679e-05
845,6,train/loss,1.7296173572540283
845,6,train/lr,9.300071201038503e-05
846,6,train/loss,1.7012555599212646
846,6,train/lr,9.297951510278049e-05
847,6,train/loss,1.6272940635681152
847,6,train/lr,9.295828857013383e-05
848,6,train/loss,1.7575085163116455
848,6,train/lr,9.293703242707613e-05
849,6,train/loss,1.743851900100708
849,6,train/lr,9.29157466882589e-05
850,6,train/loss,1.6221354007720947
850,6,train/lr,9.289443136835402e-05
851,6,train/loss,1.9306331872940063
851,6,train/lr,9.28730864820538e-05
852,6,train/loss,1.7356672286987305
852,6,train/lr,9.285171204407086e-05
853,6,train/loss,1.7723727226257324
853,6,train/lr,9.283030806913828e-05
854,6,train/loss,1.826422929763794
854,6,train/lr,9.280887457200941e-05
855,6,train/loss,1.7748522758483887
855,6,train/lr,9.278741156745804e-05
856,6,train/loss,1.704372763633728
856,6,train/lr,9.276591907027821e-05
857,6,train/loss,1.7644891738891602
857,6,train/lr,9.274439709528434e-05
858,6,train/loss,1.859363079071045
858,6,train/lr,9.272284565731117e-05
859,6,train/loss,1.8317761421203613
859,6,train/lr,9.270126477121371e-05
860,6,train/loss,1.9081313610076904
860,6,train/lr,9.267965445186733e-05
861,6,train/loss,1.7256133556365967
861,6,train/lr,9.265801471416762e-05
862,6,train/loss,1.8671374320983887
862,6,train/lr,9.26363455730305e-05
863,6,train/loss,1.7522082328796387
863,6,train/lr,9.261464704339214e-05
864,6,train/loss,1.8438069820404053
864,6,train/lr,9.259291914020893e-05
865,6,train/loss,1.7355670928955078
865,6,train/lr,9.25711618784576e-05
866,6,train/loss,1.7292869091033936
866,6,train/lr,9.254937527313499e-05
867,6,train/loss,1.7037875652313232
867,6,train/lr,9.252755933925829e-05
868,6,train/loss,1.661341905593872
868,6,train/lr,9.250571409186482e-05
869,6,train/loss,1.7005558013916016
869,6,train/lr,9.248383954601211e-05
870,6,train/loss,1.667065143585205
870,6,train/lr,9.246193571677797e-05
871,6,train/loss,1.6285502910614014
871,6,train/lr,9.24400026192603e-05
872,6,train/loss,1.749687910079956
872,6,train/lr,9.24180402685772e-05
873,6,train/loss,1.6131536960601807
873,6,train/lr,9.239604867986696e-05
874,6,train/loss,1.704829454421997
874,6,train/lr,9.237402786828798e-05
875,6,train/loss,1.7233200073242188
875,6,train/lr,9.235197784901885e-05
876,6,train/loss,1.6912035942077637
876,6,train/lr,9.232989863725826e-05
877,6,train/loss,1.7923918962478638
877,6,train/lr,9.230779024822505e-05
878,6,train/loss,1.6248308420181274
878,6,train/lr,9.228565269715811e-05
879,6,train/loss,1.7894237041473389
879,6,train/lr,9.226348599931651e-05
880,6,train/loss,1.6855359077453613
880,6,train/lr,9.224129016997938e-05
881,6,train/loss,1.823176383972168
881,6,train/lr,9.22190652244459e-05
882,6,train/loss,1.684105396270752
882,6,train/lr,9.219681117803536e-05
883,6,train/loss,1.7165071964263916
883,6,train/lr,9.217452804608707e-05
884,6,train/loss,1.6134073734283447
884,6,train/lr,9.215221584396043e-05
885,6,train/loss,1.751821756362915
885,6,train/lr,9.212987458703487e-05
886,6,train/loss,1.7351198196411133
886,6,train/lr,9.21075042907098e-05
887,6,train/loss,1.7948683500289917
887,6,train/lr,9.208510497040472e-05
888,6,train/loss,1.7648532390594482
888,6,train/lr,9.206267664155907e-05
889,6,train/loss,1.671385407447815
889,6,train/lr,9.204021931963231e-05
890,6,train/loss,1.7842190265655518
890,6,train/lr,9.201773302010391e-05
891,6,train/loss,1.6782867908477783
891,6,train/lr,9.199521775847326e-05
892,6,train/loss,1.8227629661560059
892,6,train/lr,9.197267355025976e-05
893,6,train/loss,1.524614930152893
893,6,train/lr,9.195010041100275e-05
894,6,train/loss,1.6289019584655762
894,6,train/lr,9.192749835626152e-05
895,6,train/loss,1.669358491897583
895,6,train/lr,9.190486740161526e-05
896,6,train/loss,1.7141828536987305
896,6,train/lr,9.188220756266309e-05
897,6,train/loss,1.674227237701416
897,6,train/lr,9.185951885502405e-05
898,6,train/loss,1.6406879425048828
898,6,train/lr,9.18368012943371e-05
899,6,train/loss,1.677988052368164
899,6,train/lr,9.181405489626102e-05
900,6,train/loss,1.7155518531799316
900,6,train/lr,9.179127967647458e-05
901,6,train/loss,1.756617784500122
901,6,train/lr,9.17684756506763e-05
902,6,train/loss,1.7167636156082153
902,6,train/lr,9.17456428345846e-05
903,6,train/loss,1.6845372915267944
903,6,train/lr,9.172278124393777e-05
904,6,train/loss,1.8384597301483154
904,6,train/lr,9.16998908944939e-05
905,6,train/loss,1.7954277992248535
905,6,train/lr,9.167697180203092e-05
906,6,train/loss,1.78541100025177
906,6,train/lr,9.165402398234657e-05
907,6,train/loss,1.784391164779663
907,6,train/lr,9.163104745125838e-05
908,6,train/loss,1.8542027473449707
908,6,train/lr,9.160804222460369e-05
909,6,train/loss,1.7808595895767212
909,6,train/lr,9.15850083182396e-05
910,6,train/loss,1.8730489015579224
910,6,train/lr,9.156194574804298e-05
911,6,train/loss,1.8209021091461182
911,6,train/lr,9.153885452991047e-05
912,6,train/loss,1.7928941249847412
912,6,train/lr,9.151573467975844e-05
913,6,train/loss,1.7689220905303955
913,6,train/lr,9.149258621352303e-05
914,6,train/loss,1.7333650588989258
914,6,train/lr,9.146940914716007e-05
915,6,train/loss,1.6677958965301514
915,6,train/lr,9.14462034966451e-05
916,6,train/loss,1.7615166902542114
916,6,train/lr,9.14229692779734e-05
917,6,train/loss,1.7205674648284912
917,6,train/lr,9.13997065071599e-05
918,6,train/loss,1.820197582244873
918,6,train/lr,9.137641520023924e-05
919,6,train/loss,1.6282460689544678
919,6,train/lr,9.135309537326571e-05
920,6,train/loss,1.4990975856781006
920,6,train/lr,9.132974704231327e-05
921,6,train/loss,1.5652692317962646
921,6,train/lr,9.130637022347553e-05
922,6,train/loss,1.7274831533432007
922,6,train/lr,9.12829649328657e-05
923,6,train/loss,1.8528571128845215
923,6,train/lr,9.125953118661668e-05
924,6,train/loss,1.656495451927185
924,6,train/lr,9.123606900088096e-05
925,6,train/loss,1.7072913646697998
925,6,train/lr,9.121257839183057e-05
926,6,train/loss,1.639024257659912
926,6,train/lr,9.118905937565722e-05
927,6,train/loss,1.8015787601470947
927,6,train/lr,9.116551196857218e-05
928,6,train/loss,1.7150933742523193
928,6,train/lr,9.114193618680622e-05
929,6,train/loss,1.7200627326965332
929,6,train/lr,9.111833204660976e-05
930,6,train/loss,1.8050146102905273
930,6,train/lr,9.109469956425272e-05
931,6,train/loss,1.7466604709625244
931,6,train/lr,9.107103875602459e-05
932,6,train/loss,1.720719575881958
932,6,train/lr,9.104734963823431e-05
933,6,train/loss,1.763611078262329
933,6,train/lr,9.102363222721042e-05
934,6,train/loss,1.8016672134399414
934,6,train/lr,9.099988653930089e-05
935,6,train/loss,1.8461837768554688
935,6,train/lr,9.097611259087326e-05
936,6,train/loss,1.8120014667510986
936,6,train/lr,9.095231039831448e-05
937,6,train/loss,1.698974370956421
937,6,train/lr,9.092847997803097e-05
938,6,train/loss,1.6654272079467773
938,6,train/lr,9.090462134644868e-05
939,6,train/loss,1.6818170547485352
939,6,train/lr,9.088073452001294e-05
940,6,train/loss,1.649720311164856
940,6,train/lr,9.08568195151885e-05
941,6,train/loss,1.6489160060882568
941,6,train/lr,9.083287634845957e-05
942,6,train/loss,1.589217185974121
942,6,train/lr,9.080890503632979e-05
943,6,train/loss,1.6373491287231445
943,6,train/lr,9.078490559532215e-05
944,6,train/loss,1.6589641571044922
944,6,train/lr,9.076087804197907e-05
945,6,train/loss,1.676391839981079
945,6,train/lr,9.073682239286233e-05
946,6,train/loss,1.6045172214508057
946,6,train/lr,9.071273866455303e-05
947,6,train/loss,1.7127916812896729
947,6,train/lr,9.068862687365174e-05
948,6,train/loss,1.6022992134094238
948,6,train/lr,9.066448703677828e-05
949,6,train/loss,1.6107673645019531
949,6,train/lr,9.06403191705718e-05
950,6,train/loss,1.5814580917358398
950,6,train/lr,9.061612329169082e-05
951,6,train/loss,1.6272863149642944
951,6,train/lr,9.059189941681314e-05
952,6,train/loss,1.7057965993881226
952,6,train/lr,9.056764756263585e-05
953,6,train/loss,1.6940295696258545
953,6,train/lr,9.054336774587534e-05
954,6,train/loss,1.8067851066589355
954,6,train/lr,9.051905998326729e-05
955,6,train/loss,1.854893445968628
955,6,train/lr,9.04947242915666e-05
956,6,train/loss,1.859145164489746
956,6,train/lr,9.047036068754745e-05
957,6,train/loss,1.9722702503204346
957,6,train/lr,9.044596918800327e-05
958,6,train/loss,1.8179550170898438
958,6,train/lr,9.042154980974669e-05
959,6,train/loss,1.8756979703903198
959,6,train/lr,9.039710256960957e-05
960,6,train/loss,1.6981849670410156
960,6,train/lr,9.037262748444295e-05
961,6,train/loss,1.7478364706039429
961,6,train/lr,9.034812457111712e-05
962,6,train/loss,1.7695138454437256
962,6,train/lr,9.032359384652151e-05
963,6,train/loss,1.7327587604522705
963,6,train/lr,9.029903532756472e-05
964,6,train/loss,1.7195782661437988
964,6,train/lr,9.027444903117452e-05
965,6,train/loss,1.9935808181762695
965,6,train/lr,9.024983497429782e-05
966,6,train/loss,1.6601464748382568
966,6,train/lr,9.022519317390067e-05
967,6,train/loss,1.7377578020095825
967,6,train/lr,9.020052364696825e-05
968,6,train/loss,1.7599371671676636
968,6,train/lr,9.01758264105048e-05
969,6,train/loss,1.6733968257904053
969,6,train/lr,9.015110148153375e-05
970,6,train/loss,1.6080543994903564
970,6,train/lr,9.012634887709754e-05
971,6,train/loss,1.6748309135437012
971,6,train/lr,9.010156861425774e-05
972,6,train/loss,1.5283246040344238
972,6,train/lr,9.007676071009491e-05
973,6,train/loss,1.661897897720337
973,6,train/lr,9.00519251817088e-05
974,6,train/loss,1.6938185691833496
974,6,train/lr,9.002706204621803e-05
975,6,train/loss,1.7748433351516724
975,6,train/lr,9.000217132076036e-05
976,6,train/loss,1.700101613998413
976,6,train/lr,8.997725302249256e-05
977,6,train/loss,1.7992000579833984
977,6,train/lr,8.995230716859035e-05
978,6,train/loss,1.635197639465332
978,6,train/lr,8.992733377624851e-05
979,6,train/loss,1.759939432144165
979,6,train/lr,8.990233286268074e-05
980,6,train/loss,1.7943565845489502
980,6,train/lr,8.98773044451198e-05
981,6,train/loss,1.798445463180542
981,6,train/lr,8.985224854081726e-05
982,6,train/loss,1.7977787256240845
982,6,train/lr,8.98271651670438e-05
983,6,train/loss,1.7732200622558594
983,6,train/lr,8.980205434108893e-05
984,6,train/loss,1.7774410247802734
984,6,train/lr,8.97769160802611e-05
985,6,train/loss,1.65091872215271
985,6,train/lr,8.975175040188771e-05
986,6,train/loss,1.8856923580169678
986,6,train/lr,8.972655732331501e-05
987,6,train/loss,1.6963417530059814
987,6,train/lr,8.970133686190816e-05
988,6,train/loss,1.686152696609497
988,6,train/lr,8.96760890350512e-05
989,6,train/loss,1.7272931337356567
989,6,train/lr,8.9650813860147e-05
990,6,train/loss,1.6046136617660522
990,6,train/lr,8.962551135461734e-05
991,6,train/loss,1.611896276473999
991,6,train/lr,8.960018153590276e-05
992,6,train/loss,1.6559393405914307
992,6,train/lr,8.957482442146272e-05
993,6,train/loss,1.73825204372406
993,6,train/lr,8.954944002877539e-05
994,6,train/loss,1.8120627403259277
994,6,train/lr,8.952402837533784e-05
995,6,train/loss,1.7521343231201172
995,6,train/lr,8.949858947866587e-05
996,6,train/loss,1.7677526473999023
996,6,train/lr,8.947312335629407e-05
996,6,train/batches,331.0
996,6,train/compute_pct,99.88438407595471
996,6,train/compute_sec,32.75059883299127
996,6,train/data_wait_pct,0.11561592404529053
996,6,train/data_wait_sec,0.037908736006556865
996,6,train/examples,5296.0
996,6,train/examples_per_sec,161.52000785200332
996,6,train/input_tokens,625993.0
996,6,train/peak_vram_gb,4.882710933685303
996,6,train/target_tokens,424685.0
996,6,train/tokens_per_sec,32044.093430877485
996,6,train/total_sec,32.78850756899783
996,6,train/epoch_loss,1.7370950667879732
996,6,epoch6/batches,331.0
996,6,epoch6/compute_pct,99.88438407595471
996,6,epoch6/compute_sec,32.75059883299127
996,6,epoch6/data_wait_pct,0.11561592404529053
996,6,epoch6/data_wait_sec,0.037908736006556865
996,6,epoch6/examples,5296.0
996,6,epoch6/examples_per_sec,161.52000785200332
996,6,epoch6/input_tokens,625993.0
996,6,epoch6/peak_vram_gb,4.882710933685303
996,6,epoch6/target_tokens,424685.0
996,6,epoch6/tokens_per_sec,32044.093430877485
996,6,epoch6/total_sec,32.78850756899783
996,6,val/bleu,10.492957958675946
996,6,val/chrf,29.822317570268936
996,6,val/combined,17.689667167448768
996,6,val/eval_peak_vram_gb,4.882710933685303
996,6,val/eval_samples_per_sec,13.302139176441676
996,6,val/eval_seconds,44.87999953100007
996,6,val/eval_tokens_per_sec,3906.1720550800896
997,7,train/loss,1.7976045608520508
997,7,train/lr,8.94476300257758e-05
998,7,train/loss,1.7476426362991333
998,7,train/lr,8.942210950468318e-05
999,7,train/loss,1.9158142805099487
999,7,train/lr,8.939656181060707e-05
1000,7,train/loss,1.99739670753479
1000,7,train/lr,8.937098696115707e-05
1001,7,train/loss,2.0066399574279785
1001,7,train/lr,8.934538497396146e-05
1002,7,train/loss,1.7028248310089111
1002,7,train/lr,8.931975586666725e-05
1003,7,train/loss,1.7912830114364624
1003,7,train/lr,8.929409965694016e-05
1004,7,train/loss,1.4862960577011108
1004,7,train/lr,8.926841636246457e-05
1005,7,train/loss,1.741844892501831
1005,7,train/lr,8.924270600094354e-05
1006,7,train/loss,1.748445987701416
1006,7,train/lr,8.921696859009876e-05
1007,7,train/loss,1.7682240009307861
1007,7,train/lr,8.919120414767062e-05
1008,7,train/loss,1.629784345626831
1008,7,train/lr,8.916541269141807e-05
1009,7,train/loss,1.5812894105911255
1009,7,train/lr,8.913959423911873e-05
1010,7,train/loss,1.687687635421753
1010,7,train/lr,8.911374880856883e-05
1011,7,train/loss,1.6568529605865479
1011,7,train/lr,8.908787641758318e-05
1012,7,train/loss,1.6795721054077148
1012,7,train/lr,8.906197708399517e-05
1013,7,train/loss,1.5682331323623657
1013,7,train/lr,8.903605082565676e-05
1014,7,train/loss,1.7026667594909668
1014,7,train/lr,8.901009766043847e-05
1015,7,train/loss,1.6486726999282837
1015,7,train/lr,8.898411760622938e-05
1016,7,train/loss,1.5702168941497803
1016,7,train/lr,8.895811068093711e-05
1017,7,train/loss,1.8040697574615479
1017,7,train/lr,8.893207690248776e-05
1018,7,train/loss,1.7461572885513306
1018,7,train/lr,8.890601628882599e-05
1019,7,train/loss,1.7048869132995605
1019,7,train/lr,8.887992885791491e-05
1020,7,train/loss,1.7413009405136108
1020,7,train/lr,8.885381462773617e-05
1021,7,train/loss,1.7414307594299316
1021,7,train/lr,8.882767361628986e-05
1022,7,train/loss,1.6247291564941406
1022,7,train/lr,8.880150584159447e-05
1023,7,train/loss,1.9190561771392822
1023,7,train/lr,8.877531132168706e-05
1024,7,train/loss,1.9990078210830688
1024,7,train/lr,8.874909007462305e-05
1025,7,train/loss,1.7102253437042236
1025,7,train/lr,8.872284211847629e-05
1026,7,train/loss,1.7353358268737793
1026,7,train/lr,8.869656747133904e-05
1027,7,train/loss,1.6074764728546143
1027,7,train/lr,8.867026615132197e-05
1028,7,train/loss,1.6617517471313477
1028,7,train/lr,8.864393817655413e-05
1029,7,train/loss,1.7111310958862305
1029,7,train/lr,8.861758356518293e-05
1030,7,train/loss,1.7585508823394775
1030,7,train/lr,8.859120233537417e-05
1031,7,train/loss,1.5981251001358032
1031,7,train/lr,8.856479450531198e-05
1032,7,train/loss,1.8144805431365967
1032,7,train/lr,8.853836009319879e-05
1033,7,train/loss,1.6090439558029175
1033,7,train/lr,8.851189911725543e-05
1034,7,train/loss,1.7725141048431396
1034,7,train/lr,8.848541159572096e-05
1035,7,train/loss,1.6258554458618164
1035,7,train/lr,8.84588975468528e-05
1036,7,train/loss,1.5156043767929077
1036,7,train/lr,8.84323569889266e-05
1037,7,train/loss,1.5423260927200317
1037,7,train/lr,8.840578994023636e-05
1038,7,train/loss,1.5371830463409424
1038,7,train/lr,8.837919641909423e-05
1039,7,train/loss,1.680607795715332
1039,7,train/lr,8.835257644383072e-05
1040,7,train/loss,1.6467201709747314
1040,7,train/lr,8.83259300327945e-05
1041,7,train/loss,1.6415557861328125
1041,7,train/lr,8.829925720435248e-05
1042,7,train/loss,1.7075378894805908
1042,7,train/lr,8.827255797688977e-05
1043,7,train/loss,1.6722049713134766
1043,7,train/lr,8.824583236880973e-05
1044,7,train/loss,1.655544400215149
1044,7,train/lr,8.821908039853384e-05
1045,7,train/loss,1.8058505058288574
1045,7,train/lr,8.819230208450177e-05
1046,7,train/loss,1.7915650606155396
1046,7,train/lr,8.816549744517135e-05
1047,7,train/loss,1.8840727806091309
1047,7,train/lr,8.813866649901856e-05
1048,7,train/loss,1.7842127084732056
1048,7,train/lr,8.811180926453753e-05
1049,7,train/loss,1.8258146047592163
1049,7,train/lr,8.808492576024046e-05
1050,7,train/loss,1.728109359741211
1050,7,train/lr,8.805801600465771e-05
1051,7,train/loss,1.755472183227539
1051,7,train/lr,8.80310800163377e-05
1052,7,train/loss,1.5938501358032227
1052,7,train/lr,8.800411781384694e-05
1053,7,train/loss,1.7193596363067627
1053,7,train/lr,8.797712941577004e-05
1054,7,train/loss,1.738429307937622
1054,7,train/lr,8.795011484070962e-05
1055,7,train/loss,1.5278387069702148
1055,7,train/lr,8.792307410728638e-05
1056,7,train/loss,1.680222988128662
1056,7,train/lr,8.7896007234139e-05
1057,7,train/loss,1.7295820713043213
1057,7,train/lr,8.786891423992424e-05
1058,7,train/loss,1.7182917594909668
1058,7,train/lr,8.784179514331682e-05
1059,7,train/loss,1.7637746334075928
1059,7,train/lr,8.781464996300948e-05
1060,7,train/loss,1.5433855056762695
1060,7,train/lr,8.778747871771292e-05
1061,7,train/loss,1.6321637630462646
1061,7,train/lr,8.776028142615582e-05
1062,7,train/loss,1.7065341472625732
1062,7,train/lr,8.773305810708479e-05
1063,7,train/loss,1.6559855937957764
1063,7,train/lr,8.770580877926441e-05
1064,7,train/loss,1.7174103260040283
1064,7,train/lr,8.767853346147718e-05
1065,7,train/loss,1.5908892154693604
1065,7,train/lr,8.76512321725235e-05
1066,7,train/loss,1.8594987392425537
1066,7,train/lr,8.762390493122167e-05
1067,7,train/loss,1.6560184955596924
1067,7,train/lr,8.75965517564079e-05
1068,7,train/loss,1.7436026334762573
1068,7,train/lr,8.756917266693628e-05
1069,7,train/loss,1.7506728172302246
1069,7,train/lr,8.75417676816787e-05
1070,7,train/loss,1.70487380027771
1070,7,train/lr,8.751433681952499e-05
1071,7,train/loss,1.6693320274353027
1071,7,train/lr,8.748688009938274e-05
1072,7,train/loss,1.7303977012634277
1072,7,train/lr,8.745939754017744e-05
1073,7,train/loss,1.829596996307373
1073,7,train/lr,8.743188916085231e-05
1074,7,train/loss,1.9041070938110352
1074,7,train/lr,8.74043549803684e-05
1075,7,train/loss,1.5405802726745605
1075,7,train/lr,8.737679501770458e-05
1076,7,train/loss,1.7497364282608032
1076,7,train/lr,8.734920929185744e-05
1077,7,train/loss,1.829023003578186
1077,7,train/lr,8.732159782184133e-05
1078,7,train/loss,1.7181673049926758
1078,7,train/lr,8.72939606266884e-05
1079,7,train/loss,1.7013089656829834
1079,7,train/lr,8.726629772544846e-05
1080,7,train/loss,1.621289849281311
1080,7,train/lr,8.72386091371891e-05
1081,7,train/loss,1.6403075456619263
1081,7,train/lr,8.721089488099556e-05
1082,7,train/loss,1.497150182723999
1082,7,train/lr,8.718315497597084e-05
1083,7,train/loss,1.4413840770721436
1083,7,train/lr,8.715538944123554e-05
1084,7,train/loss,1.5584094524383545
1084,7,train/lr,8.712759829592799e-05
1085,7,train/loss,1.60444974899292
1085,7,train/lr,8.709978155920414e-05
1086,7,train/loss,1.5778446197509766
1086,7,train/lr,8.70719392502376e-05
1087,7,train/loss,1.4200259447097778
1087,7,train/lr,8.70440713882196e-05
1088,7,train/loss,1.623253345489502
1088,7,train/lr,8.701617799235895e-05
1089,7,train/loss,1.6260521411895752
1089,7,train/lr,8.69882590818821e-05
1090,7,train/loss,1.6239397525787354
1090,7,train/lr,8.69603146760331e-05
1091,7,train/loss,1.733818769454956
1091,7,train/lr,8.693234479407353e-05
1092,7,train/loss,1.8768000602722168
1092,7,train/lr,8.690434945528253e-05
1093,7,train/loss,1.7585945129394531
1093,7,train/lr,8.687632867895685e-05
1094,7,train/loss,1.6094987392425537
1094,7,train/lr,8.68482824844107e-05
1095,7,train/loss,1.8103787899017334
1095,7,train/lr,8.682021089097588e-05
1096,7,train/loss,1.721001386642456
1096,7,train/lr,8.67921139180016e-05
1097,7,train/loss,1.6974384784698486
1097,7,train/lr,8.676399158485464e-05
1098,7,train/loss,1.806060791015625
1098,7,train/lr,8.673584391091926e-05
1099,7,train/loss,1.783413290977478
1099,7,train/lr,8.670767091559715e-05
1100,7,train/loss,1.7772423028945923
1100,7,train/lr,8.667947261830749e-05
1101,7,train/loss,1.728978157043457
1101,7,train/lr,8.665124903848688e-05
1102,7,train/loss,1.6310746669769287
1102,7,train/lr,8.662300019558931e-05
1103,7,train/loss,1.867119312286377
1103,7,train/lr,8.659472610908627e-05
1104,7,train/loss,1.5941040515899658
1104,7,train/lr,8.65664267984666e-05
1105,7,train/loss,1.5739531517028809
1105,7,train/lr,8.65381022832365e-05
1106,7,train/loss,1.7596526145935059
1106,7,train/lr,8.65097525829196e-05
1107,7,train/loss,1.6763668060302734
1107,7,train/lr,8.648137771705684e-05
1108,7,train/loss,1.6669882535934448
1108,7,train/lr,8.645297770520655e-05
1109,7,train/loss,1.6729674339294434
1109,7,train/lr,8.642455256694435e-05
1110,7,train/loss,1.6196961402893066
1110,7,train/lr,8.639610232186321e-05
1111,7,train/loss,1.5996261835098267
1111,7,train/lr,8.636762698957339e-05
1112,7,train/loss,1.5323545932769775
1112,7,train/lr,8.633912658970247e-05
1113,7,train/loss,1.606082797050476
1113,7,train/lr,8.631060114189525e-05
1114,7,train/loss,1.5806164741516113
1114,7,train/lr,8.628205066581387e-05
1115,7,train/loss,1.5623807907104492
1115,7,train/lr,8.625347518113765e-05
1116,7,train/loss,1.7194488048553467
1116,7,train/lr,8.622487470756318e-05
1117,7,train/loss,1.6102778911590576
1117,7,train/lr,8.619624926480431e-05
1118,7,train/loss,1.6732916831970215
1118,7,train/lr,8.616759887259205e-05
1119,7,train/loss,1.7081444263458252
1119,7,train/lr,8.613892355067461e-05
1120,7,train/loss,1.7562849521636963
1120,7,train/lr,8.611022331881742e-05
1121,7,train/loss,1.7292920351028442
1121,7,train/lr,8.608149819680302e-05
1122,7,train/loss,1.6273611783981323
1122,7,train/lr,8.605274820443119e-05
1123,7,train/loss,1.7151423692703247
1123,7,train/lr,8.602397336151879e-05
1124,7,train/loss,1.6432307958602905
1124,7,train/lr,8.59951736878998e-05
1125,7,train/loss,1.9014384746551514
1125,7,train/lr,8.596634920342537e-05
1126,7,train/loss,1.8178913593292236
1126,7,train/lr,8.593749992796372e-05
1127,7,train/loss,1.6679261922836304
1127,7,train/lr,8.590862588140014e-05
1128,7,train/loss,1.839406967163086
1128,7,train/lr,8.587972708363703e-05
1129,7,train/loss,1.8173320293426514
1129,7,train/lr,8.585080355459384e-05
1130,7,train/loss,1.8052959442138672
1130,7,train/lr,8.582185531420705e-05
1131,7,train/loss,1.6661267280578613
1131,7,train/lr,8.579288238243019e-05
1132,7,train/loss,1.6225039958953857
1132,7,train/lr,8.576388477923383e-05
1133,7,train/loss,1.7094240188598633
1133,7,train/lr,8.573486252460548e-05
1134,7,train/loss,1.686887264251709
1134,7,train/lr,8.57058156385497e-05
1135,7,train/loss,1.7190446853637695
1135,7,train/lr,8.5676744141088e-05
1136,7,train/loss,1.4177749156951904
1136,7,train/lr,8.564764805225887e-05
1137,7,train/loss,1.588719129562378
1137,7,train/lr,8.561852739211775e-05
1138,7,train/loss,1.6397473812103271
1138,7,train/lr,8.558938218073702e-05
1139,7,train/loss,1.6897718906402588
1139,7,train/lr,8.556021243820594e-05
1140,7,train/loss,1.5308653116226196
1140,7,train/lr,8.553101818463077e-05
1141,7,train/loss,1.680253267288208
1141,7,train/lr,8.550179944013454e-05
1142,7,train/loss,1.7746775150299072
1142,7,train/lr,8.547255622485728e-05
1143,7,train/loss,1.6341888904571533
1143,7,train/lr,8.54432885589558e-05
1144,7,train/loss,1.5609458684921265
1144,7,train/lr,8.541399646260384e-05
1145,7,train/loss,1.7328155040740967
1145,7,train/lr,8.538467995599191e-05
1146,7,train/loss,1.8335105180740356
1146,7,train/lr,8.535533905932738e-05
1147,7,train/loss,1.5789227485656738
1147,7,train/lr,8.532597379283444e-05
1148,7,train/loss,1.7055373191833496
1148,7,train/lr,8.529658417675404e-05
1149,7,train/loss,1.7455222606658936
1149,7,train/lr,8.526717023134396e-05
1150,7,train/loss,1.676236629486084
1150,7,train/lr,8.52377319768787e-05
1151,7,train/loss,1.6933995485305786
1151,7,train/lr,8.520826943364959e-05
1152,7,train/loss,1.7484004497528076
1152,7,train/lr,8.517878262196462e-05
1153,7,train/loss,1.7490127086639404
1153,7,train/lr,8.514927156214854e-05
1154,7,train/loss,1.6038408279418945
1154,7,train/lr,8.511973627454282e-05
1155,7,train/loss,1.6488978862762451
1155,7,train/lr,8.509017677950565e-05
1156,7,train/loss,1.6666401624679565
1156,7,train/lr,8.506059309741188e-05
1157,7,train/loss,1.6321325302124023
1157,7,train/lr,8.503098524865301e-05
1158,7,train/loss,1.6635446548461914
1158,7,train/lr,8.500135325363723e-05
1159,7,train/loss,1.7146167755126953
1159,7,train/lr,8.497169713278936e-05
1160,7,train/loss,1.7162169218063354
1160,7,train/lr,8.494201690655088e-05
1161,7,train/loss,1.6793503761291504
1161,7,train/lr,8.491231259537984e-05
1162,7,train/loss,1.769120454788208
1162,7,train/lr,8.488258421975092e-05
1162,7,train/batches,331.0
1162,7,train/compute_pct,99.87317027674096
1162,7,train/compute_sec,33.533810264010754
1162,7,train/data_wait_pct,0.12682972325904038
1162,7,train/data_wait_sec,0.04258484900219628
1162,7,train/examples,5296.0
1162,7,train/examples_per_sec,157.72985700741498
1162,7,train/input_tokens,625993.0
1162,7,train/peak_vram_gb,4.882710933685303
1162,7,train/target_tokens,424438.0
1162,7,train/tokens_per_sec,31284.80578288443
1162,7,train/total_sec,33.57639511301295
1162,7,train/epoch_loss,1.6965622739849493
1162,7,epoch7/batches,331.0
1162,7,epoch7/compute_pct,99.87317027674096
1162,7,epoch7/compute_sec,33.533810264010754
1162,7,epoch7/data_wait_pct,0.12682972325904038
1162,7,epoch7/data_wait_sec,0.04258484900219628
1162,7,epoch7/examples,5296.0
1162,7,epoch7/examples_per_sec,157.72985700741498
1162,7,epoch7/input_tokens,625993.0
1162,7,epoch7/peak_vram_gb,4.882710933685303
1162,7,epoch7/target_tokens,424438.0
1162,7,epoch7/tokens_per_sec,31284.80578288443
1162,7,epoch7/total_sec,33.57639511301295
1162,7,val/bleu,10.37996923444517
1162,7,val/chrf,31.468600325433684
1162,7,val/combined,18.0732704076781
1162,7,val/eval_peak_vram_gb,4.882710933685303
1162,7,val/eval_samples_per_sec,11.261303793003382
1162,7,val/eval_seconds,53.01339977800035
1162,7,val/eval_tokens_per_sec,3884.6593665449304
1163,8,train/loss,1.874040126800537
1163,8,train/lr,8.485283180015537e-05
1164,8,train/loss,1.7492201328277588
1164,8,train/lr,8.482305535710105e-05
1165,8,train/loss,1.7836941480636597
1165,8,train/lr,8.479325491111232e-05
1166,8,train/loss,1.6416617631912231
1166,8,train/lr,8.476343048273011e-05
1167,8,train/loss,1.7483205795288086
1167,8,train/lr,8.473358209251192e-05
1168,8,train/loss,1.5977836847305298
1168,8,train/lr,8.47037097610317e-05
1169,8,train/loss,1.7581958770751953
1169,8,train/lr,8.467381350887995e-05
1170,8,train/loss,1.6397969722747803
1170,8,train/lr,8.464389335666365e-05
1171,8,train/loss,1.646498680114746
1171,8,train/lr,8.461394932500626e-05
1172,8,train/loss,1.6461966037750244
1172,8,train/lr,8.458398143454764e-05
1173,8,train/loss,1.7924635410308838
1173,8,train/lr,8.45539897059442e-05
1174,8,train/loss,1.6409764289855957
1174,8,train/lr,8.452397415986867e-05
1175,8,train/loss,1.6935248374938965
1175,8,train/lr,8.449393481701028e-05
1176,8,train/loss,1.7217540740966797
1176,8,train/lr,8.446387169807464e-05
1177,8,train/loss,1.517279863357544
1177,8,train/lr,8.443378482378372e-05
1178,8,train/loss,1.5198469161987305
1178,8,train/lr,8.440367421487589e-05
1179,8,train/loss,1.5215364694595337
1179,8,train/lr,8.43735398921059e-05
1180,8,train/loss,1.6612553596496582
1180,8,train/lr,8.43433818762448e-05
1181,8,train/loss,1.5944064855575562
1181,8,train/lr,8.431320018808e-05
1182,8,train/loss,1.6424469947814941
1182,8,train/lr,8.428299484841523e-05
1183,8,train/loss,1.5781540870666504
1183,8,train/lr,8.425276587807046e-05
1184,8,train/loss,1.6463212966918945
1184,8,train/lr,8.422251329788207e-05
1185,8,train/loss,1.656179666519165
1185,8,train/lr,8.419223712870262e-05
1186,8,train/loss,1.6932501792907715
1186,8,train/lr,8.416193739140092e-05
1187,8,train/loss,1.6528953313827515
1187,8,train/lr,8.41316141068621e-05
1188,8,train/loss,1.6938931941986084
1188,8,train/lr,8.410126729598747e-05
1189,8,train/loss,1.7699553966522217
1189,8,train/lr,8.407089697969457e-05
1190,8,train/loss,1.8503293991088867
1190,8,train/lr,8.404050317891711e-05
1191,8,train/loss,1.6940370798110962
1191,8,train/lr,8.401008591460504e-05
1192,8,train/loss,1.6888236999511719
1192,8,train/lr,8.397964520772445e-05
1193,8,train/loss,1.7615731954574585
1193,8,train/lr,8.394918107925762e-05
1194,8,train/loss,1.5303014516830444
1194,8,train/lr,8.391869355020294e-05
1195,8,train/loss,1.4693477153778076
1195,8,train/lr,8.38881826415749e-05
1196,8,train/loss,1.6750555038452148
1196,8,train/lr,8.38576483744042e-05
1197,8,train/loss,1.7406797409057617
1197,8,train/lr,8.382709076973753e-05
1198,8,train/loss,1.6227556467056274
1198,8,train/lr,8.379650984863779e-05
1199,8,train/loss,1.6967028379440308
1199,8,train/lr,8.376590563218385e-05
1200,8,train/loss,1.6383377313613892
1200,8,train/lr,8.373527814147067e-05
1201,8,train/loss,1.6236337423324585
1201,8,train/lr,8.370462739760923e-05
1202,8,train/loss,1.4493088722229004
1202,8,train/lr,8.367395342172662e-05
1203,8,train/loss,1.5873396396636963
1203,8,train/lr,8.364325623496583e-05
1204,8,train/loss,1.498356580734253
1204,8,train/lr,8.361253585848592e-05
1205,8,train/loss,1.6947975158691406
1205,8,train/lr,8.358179231346195e-05
1206,8,train/loss,1.6506108045578003
1206,8,train/lr,8.355102562108487e-05
1207,8,train/loss,1.5039070844650269
1207,8,train/lr,8.352023580256167e-05
1208,8,train/loss,1.9032268524169922
1208,8,train/lr,8.348942287911522e-05
1209,8,train/loss,1.6579703092575073
1209,8,train/lr,8.345858687198434e-05
1210,8,train/loss,1.7268271446228027
1210,8,train/lr,8.342772780242378e-05
1211,8,train/loss,1.7840895652770996
1211,8,train/lr,8.339684569170416e-05
1212,8,train/loss,1.7898352146148682
1212,8,train/lr,8.336594056111197e-05
1213,8,train/loss,1.7835493087768555
1213,8,train/lr,8.333501243194961e-05
1214,8,train/loss,1.7977581024169922
1214,8,train/lr,8.33040613255353e-05
1215,8,train/loss,1.8021247386932373
1215,8,train/lr,8.32730872632031e-05
1216,8,train/loss,1.705709457397461
1216,8,train/lr,8.324209026630292e-05
1217,8,train/loss,1.5864423513412476
1217,8,train/lr,8.321107035620043e-05
1218,8,train/loss,1.726191759109497
1218,8,train/lr,8.318002755427712e-05
1219,8,train/loss,1.6568876504898071
1219,8,train/lr,8.31489618819303e-05
1220,8,train/loss,1.5594017505645752
1220,8,train/lr,8.311787336057297e-05
1221,8,train/loss,1.575310230255127
1221,8,train/lr,8.308676201163394e-05
1222,8,train/loss,1.6578476428985596
1222,8,train/lr,8.305562785655769e-05
1223,8,train/loss,1.63383150100708
1223,8,train/lr,8.30244709168045e-05
1224,8,train/loss,1.6908698081970215
1224,8,train/lr,8.299329121385027e-05
1225,8,train/loss,1.42246675491333
1225,8,train/lr,8.296208876918669e-05
1226,8,train/loss,1.5653183460235596
1226,8,train/lr,8.293086360432102e-05
1227,8,train/loss,1.548215627670288
1227,8,train/lr,8.289961574077624e-05
1228,8,train/loss,1.6124807596206665
1228,8,train/lr,8.2868345200091e-05
1229,8,train/loss,1.6616102457046509
1229,8,train/lr,8.283705200381951e-05
1230,8,train/loss,1.6224751472473145
1230,8,train/lr,8.280573617353167e-05
1231,8,train/loss,1.6304757595062256
1231,8,train/lr,8.277439773081287e-05
1232,8,train/loss,1.663353681564331
1232,8,train/lr,8.274303669726426e-05
1233,8,train/loss,1.5821123123168945
1233,8,train/lr,8.271165309450239e-05
1234,8,train/loss,1.7054636478424072
1234,8,train/lr,8.268024694415947e-05
1235,8,train/loss,1.6828138828277588
1235,8,train/lr,8.26488182678832e-05
1236,8,train/loss,1.7945586442947388
1236,8,train/lr,8.261736708733684e-05
1237,8,train/loss,1.780625820159912
1237,8,train/lr,8.258589342419917e-05
1238,8,train/loss,1.664454698562622
1238,8,train/lr,8.255439730016442e-05
1239,8,train/loss,1.7421691417694092
1239,8,train/lr,8.252287873694231e-05
1240,8,train/loss,1.7126126289367676
1240,8,train/lr,8.249133775625808e-05
1241,8,train/loss,1.6744811534881592
1241,8,train/lr,8.245977437985237e-05
1242,8,train/loss,1.844768762588501
1242,8,train/lr,8.242818862948127e-05
1243,8,train/loss,1.709679126739502
1243,8,train/lr,8.239658052691632e-05
1244,8,train/loss,1.6512163877487183
1244,8,train/lr,8.236495009394441e-05
1245,8,train/loss,1.556422233581543
1245,8,train/lr,8.233329735236789e-05
1246,8,train/loss,1.836068868637085
1246,8,train/lr,8.230162232400442e-05
1247,8,train/loss,1.6692190170288086
1247,8,train/lr,8.226992503068705e-05
1248,8,train/loss,1.7467067241668701
1248,8,train/lr,8.22382054942642e-05
1249,8,train/loss,1.6437885761260986
1249,8,train/lr,8.220646373659961e-05
1250,8,train/loss,1.7677066326141357
1250,8,train/lr,8.217469977957233e-05
1251,8,train/loss,1.5493519306182861
1251,8,train/lr,8.214291364507667e-05
1252,8,train/loss,1.5261564254760742
1252,8,train/lr,8.211110535502229e-05
1253,8,train/loss,1.5326993465423584
1253,8,train/lr,8.207927493133411e-05
1254,8,train/loss,1.740370512008667
1254,8,train/lr,8.204742239595229e-05
1255,8,train/loss,1.601615071296692
1255,8,train/lr,8.201554777083224e-05
1256,8,train/loss,1.601076602935791
1256,8,train/lr,8.198365107794457e-05
1257,8,train/loss,1.8125722408294678
1257,8,train/lr,8.195173233927513e-05
1258,8,train/loss,1.826402187347412
1258,8,train/lr,8.191979157682499e-05
1259,8,train/loss,1.7022268772125244
1259,8,train/lr,8.188782881261034e-05
1260,8,train/loss,1.6929117441177368
1260,8,train/lr,8.185584406866256e-05
1261,8,train/loss,1.749049186706543
1261,8,train/lr,8.18238373670282e-05
1262,8,train/loss,1.8039194345474243
1262,8,train/lr,8.179180872976892e-05
1263,8,train/loss,1.749112606048584
1263,8,train/lr,8.175975817896154e-05
1264,8,train/loss,1.713381290435791
1264,8,train/lr,8.172768573669789e-05
1265,8,train/loss,1.8538103103637695
1265,8,train/lr,8.169559142508502e-05
1266,8,train/loss,1.7035934925079346
1266,8,train/lr,8.166347526624495e-05
1267,8,train/loss,1.5971932411193848
1267,8,train/lr,8.163133728231482e-05
1268,8,train/loss,1.7992295026779175
1268,8,train/lr,8.159917749544678e-05
1269,8,train/loss,1.6804425716400146
1269,8,train/lr,8.156699592780801e-05
1270,8,train/loss,1.6707589626312256
1270,8,train/lr,8.153479260158072e-05
1271,8,train/loss,1.663341760635376
1271,8,train/lr,8.150256753896212e-05
1272,8,train/loss,1.727832555770874
1272,8,train/lr,8.147032076216439e-05
1273,8,train/loss,1.6512138843536377
1273,8,train/lr,8.143805229341466e-05
1274,8,train/loss,1.602921962738037
1274,8,train/lr,8.140576215495506e-05
1275,8,train/loss,1.6219568252563477
1275,8,train/lr,8.13734503690426e-05
1276,8,train/loss,1.648052453994751
1276,8,train/lr,8.134111695794926e-05
1277,8,train/loss,1.6101479530334473
1277,8,train/lr,8.13087619439619e-05
1278,8,train/loss,1.4559822082519531
1278,8,train/lr,8.127638534938227e-05
1279,8,train/loss,1.525355577468872
1279,8,train/lr,8.124398719652702e-05
1280,8,train/loss,1.6900285482406616
1280,8,train/lr,8.12115675077276e-05
1281,8,train/loss,1.559471845626831
1281,8,train/lr,8.117912630533039e-05
1282,8,train/loss,1.6606237888336182
1282,8,train/lr,8.114666361169653e-05
1283,8,train/loss,1.5612733364105225
1283,8,train/lr,8.111417944920201e-05
1284,8,train/loss,1.6586904525756836
1284,8,train/lr,8.108167384023759e-05
1285,8,train/loss,1.5591756105422974
1285,8,train/lr,8.104914680720883e-05
1286,8,train/loss,1.672351360321045
1286,8,train/lr,8.101659837253608e-05
1287,8,train/loss,1.6813321113586426
1287,8,train/lr,8.098402855865439e-05
1288,8,train/loss,1.7157399654388428
1288,8,train/lr,8.095143738801359e-05
1289,8,train/loss,1.6895185708999634
1289,8,train/lr,8.09188248830782e-05
1290,8,train/loss,1.7783279418945312
1290,8,train/lr,8.088619106632747e-05
1291,8,train/loss,1.694234848022461
1291,8,train/lr,8.085353596025534e-05
1292,8,train/loss,1.781125783920288
1292,8,train/lr,8.082085958737039e-05
1293,8,train/loss,1.6353833675384521
1293,8,train/lr,8.07881619701959e-05
1294,8,train/loss,1.7079112529754639
1294,8,train/lr,8.075544313126976e-05
1295,8,train/loss,1.6867799758911133
1295,8,train/lr,8.072270309314454e-05
1296,8,train/loss,1.5634369850158691
1296,8,train/lr,8.068994187838734e-05
1297,8,train/loss,1.7324130535125732
1297,8,train/lr,8.065715950957993e-05
1298,8,train/loss,1.6404526233673096
1298,8,train/lr,8.062435600931863e-05
1299,8,train/loss,1.623582124710083
1299,8,train/lr,8.059153140021433e-05
1300,8,train/loss,1.3883652687072754
1300,8,train/lr,8.055868570489247e-05
1301,8,train/loss,1.5524210929870605
1301,8,train/lr,8.052581894599303e-05
1302,8,train/loss,1.5727068185806274
1302,8,train/lr,8.049293114617046e-05
1303,8,train/loss,1.6010903120040894
1303,8,train/lr,8.046002232809384e-05
1304,8,train/loss,1.6823484897613525
1304,8,train/lr,8.042709251444658e-05
1305,8,train/loss,1.633980393409729
1305,8,train/lr,8.039414172792667e-05
1306,8,train/loss,1.5488319396972656
1306,8,train/lr,8.036116999124651e-05
1307,8,train/loss,1.587801218032837
1307,8,train/lr,8.032817732713295e-05
1308,8,train/loss,1.5395797491073608
1308,8,train/lr,8.029516375832727e-05
1309,8,train/loss,1.7192389965057373
1309,8,train/lr,8.026212930758516e-05
1310,8,train/loss,1.6751902103424072
1310,8,train/lr,8.02290739976767e-05
1311,8,train/loss,1.629706621170044
1311,8,train/lr,8.019599785138635e-05
1312,8,train/loss,1.6781744956970215
1312,8,train/lr,8.016290089151292e-05
1313,8,train/loss,1.6673574447631836
1313,8,train/lr,8.012978314086957e-05
1314,8,train/loss,1.6819891929626465
1314,8,train/lr,8.009664462228383e-05
1315,8,train/loss,1.797724723815918
1315,8,train/lr,8.006348535859748e-05
1316,8,train/loss,1.7432200908660889
1316,8,train/lr,8.003030537266664e-05
1317,8,train/loss,1.7505192756652832
1317,8,train/lr,7.999710468736171e-05
1318,8,train/loss,1.711756706237793
1318,8,train/lr,7.996388332556735e-05
1319,8,train/loss,1.8360562324523926
1319,8,train/lr,7.993064131018249e-05
1320,8,train/loss,1.6723828315734863
1320,8,train/lr,7.989737866412024e-05
1321,8,train/loss,1.4967057704925537
1321,8,train/lr,7.986409541030801e-05
1322,8,train/loss,1.5687940120697021
1322,8,train/lr,7.983079157168736e-05
1323,8,train/loss,1.5468807220458984
1323,8,train/lr,7.979746717121406e-05
1324,8,train/loss,1.600361704826355
1324,8,train/lr,7.976412223185803e-05
1325,8,train/loss,1.6552129983901978
1325,8,train/lr,7.973075677660338e-05
1326,8,train/loss,1.6142587661743164
1326,8,train/lr,7.969737082844836e-05
1327,8,train/loss,1.7045519351959229
1327,8,train/lr,7.96639644104053e-05
1328,8,train/loss,1.7643473148345947
1328,8,train/lr,7.963053754550069e-05
1328,8,train/batches,331.0
1328,8,train/compute_pct,99.86874181547836
1328,8,train/compute_sec,33.07263495600182
1328,8,train/data_wait_pct,0.13125818452164698
1328,8,train/data_wait_sec,0.043467594992762315
1328,8,train/examples,5296.0
1328,8,train/examples_per_sec,159.92220074342487
1328,8,train/input_tokens,625993.0
1328,8,train/peak_vram_gb,4.882710933685303
1328,8,train/target_tokens,424708.0
1328,8,train/tokens_per_sec,31727.79762902516
1328,8,train/total_sec,33.11610255099458
1328,8,train/epoch_loss,1.6650983566964142
1328,8,epoch8/batches,331.0
1328,8,epoch8/compute_pct,99.86874181547836
1328,8,epoch8/compute_sec,33.07263495600182
1328,8,epoch8/data_wait_pct,0.13125818452164698
1328,8,epoch8/data_wait_sec,0.043467594992762315
1328,8,epoch8/examples,5296.0
1328,8,epoch8/examples_per_sec,159.92220074342487
1328,8,epoch8/input_tokens,625993.0
1328,8,epoch8/peak_vram_gb,4.882710933685303
1328,8,epoch8/target_tokens,424708.0
1328,8,epoch8/tokens_per_sec,31727.79762902516
1328,8,epoch8/total_sec,33.11610255099458
1328,8,val/bleu,13.336007600932266
1328,8,val/chrf,33.444075916666065
1328,8,val/combined,21.11895950634913
1328,8,val/eval_peak_vram_gb,4.882710933685303
1328,8,val/eval_samples_per_sec,13.322802076498405
1328,8,val/eval_seconds,44.810393232000024
1328,8,val/eval_tokens_per_sec,3879.345559410553
1329,9,train/loss,1.791188359260559
1329,9,train/lr,7.959709025677508e-05
1330,9,train/loss,1.625272274017334
1330,9,train/lr,7.956362256728315e-05
1331,9,train/loss,1.8007467985153198
1331,9,train/lr,7.953013450009355e-05
1332,9,train/loss,1.7793083190917969
1332,9,train/lr,7.949662607828906e-05
1333,9,train/loss,1.6161928176879883
1333,9,train/lr,7.946309732496647e-05
1334,9,train/loss,1.727464199066162
1334,9,train/lr,7.942954826323654e-05
1335,9,train/loss,1.699756383895874
1335,9,train/lr,7.939597891622409e-05
1336,9,train/loss,1.6663284301757812
1336,9,train/lr,7.936238930706788e-05
1337,9,train/loss,1.7497508525848389
1337,9,train/lr,7.932877945892068e-05
1338,9,train/loss,1.6588337421417236
1338,9,train/lr,7.929514939494914e-05
1339,9,train/loss,1.5875799655914307
1339,9,train/lr,7.926149913833391e-05
1340,9,train/loss,1.45340895652771
1340,9,train/lr,7.922782871226952e-05
1341,9,train/loss,1.5386728048324585
1341,9,train/lr,7.919413813996445e-05
1342,9,train/loss,1.706916093826294
1342,9,train/lr,7.9160427444641e-05
1343,9,train/loss,1.58854079246521
1343,9,train/lr,7.912669664953537e-05
1344,9,train/loss,1.7240885496139526
1344,9,train/lr,7.909294577789766e-05
1345,9,train/loss,1.6585829257965088
1345,9,train/lr,7.905917485299171e-05
1346,9,train/loss,1.5010305643081665
1346,9,train/lr,7.902538389809529e-05
1347,9,train/loss,1.4374942779541016
1347,9,train/lr,7.899157293649988e-05
1348,9,train/loss,1.6251220703125
1348,9,train/lr,7.895774199151082e-05
1349,9,train/loss,1.5616161823272705
1349,9,train/lr,7.892389108644721e-05
1350,9,train/loss,1.656191349029541
1350,9,train/lr,7.88900202446419e-05
1351,9,train/loss,1.7174241542816162
1351,9,train/lr,7.885612948944145e-05
1352,9,train/loss,1.6788876056671143
1352,9,train/lr,7.882221884420617e-05
1353,9,train/loss,1.6418558359146118
1353,9,train/lr,7.878828833231014e-05
1354,9,train/loss,1.5966389179229736
1354,9,train/lr,7.875433797714102e-05
1355,9,train/loss,1.6807644367218018
1355,9,train/lr,7.872036780210026e-05
1356,9,train/loss,1.749495029449463
1356,9,train/lr,7.868637783060289e-05
1357,9,train/loss,1.7137550115585327
1357,9,train/lr,7.865236808607761e-05
1358,9,train/loss,1.7766430377960205
1358,9,train/lr,7.861833859196675e-05
1359,9,train/loss,1.6397037506103516
1359,9,train/lr,7.858428937172628e-05
1360,9,train/loss,1.8068671226501465
1360,9,train/lr,7.855022044882572e-05
1361,9,train/loss,1.5527076721191406
1361,9,train/lr,7.85161318467482e-05
1362,9,train/loss,1.602171540260315
1362,9,train/lr,7.848202358899043e-05
1363,9,train/loss,1.6724858283996582
1363,9,train/lr,7.844789569906261e-05
1364,9,train/loss,1.679269552230835
1364,9,train/lr,7.841374820048854e-05
1365,9,train/loss,1.79595947265625
1365,9,train/lr,7.837958111680548e-05
1366,9,train/loss,1.4813449382781982
1366,9,train/lr,7.834539447156424e-05
1367,9,train/loss,1.585667371749878
1367,9,train/lr,7.831118828832906e-05
1368,9,train/loss,1.4722434282302856
1368,9,train/lr,7.827696259067769e-05
1369,9,train/loss,1.5399378538131714
1369,9,train/lr,7.824271740220133e-05
1370,9,train/loss,1.561751365661621
1370,9,train/lr,7.820845274650457e-05
1371,9,train/loss,1.632016658782959
1371,9,train/lr,7.817416864720547e-05
1372,9,train/loss,1.6320080757141113
1372,9,train/lr,7.813986512793547e-05
1373,9,train/loss,1.6227009296417236
1373,9,train/lr,7.810554221233938e-05
1374,9,train/loss,1.8079192638397217
1374,9,train/lr,7.807119992407543e-05
1375,9,train/loss,1.7483189105987549
1375,9,train/lr,7.803683828681514e-05
1376,9,train/loss,1.697719931602478
1376,9,train/lr,7.800245732424339e-05
1377,9,train/loss,1.6556591987609863
1377,9,train/lr,7.796805706005843e-05
1378,9,train/loss,1.6857855319976807
1378,9,train/lr,7.793363751797174e-05
1379,9,train/loss,1.7774901390075684
1379,9,train/lr,7.78991987217081e-05
1380,9,train/loss,1.7740139961242676
1380,9,train/lr,7.786474069500563e-05
1381,9,train/loss,1.7470711469650269
1381,9,train/lr,7.783026346161562e-05
1382,9,train/loss,1.837636113166809
1382,9,train/lr,7.779576704530266e-05
1383,9,train/loss,1.6918113231658936
1383,9,train/lr,7.776125146984452e-05
1384,9,train/loss,1.814680576324463
1384,9,train/lr,7.772671675903222e-05
1385,9,train/loss,1.7492074966430664
1385,9,train/lr,7.76921629366699e-05
1386,9,train/loss,1.542719841003418
1386,9,train/lr,7.765759002657494e-05
1387,9,train/loss,1.6055856943130493
1387,9,train/lr,7.762299805257785e-05
1388,9,train/loss,1.6992489099502563
1388,9,train/lr,7.75883870385223e-05
1389,9,train/loss,1.6454718112945557
1389,9,train/lr,7.755375700826505e-05
1390,9,train/loss,1.6319618225097656
1390,9,train/lr,7.751910798567598e-05
1391,9,train/loss,1.5561014413833618
1391,9,train/lr,7.74844399946381e-05
1392,9,train/loss,1.6437404155731201
1392,9,train/lr,7.744975305904742e-05
1393,9,train/loss,1.5534656047821045
1393,9,train/lr,7.741504720281309e-05
1394,9,train/loss,1.5029075145721436
1394,9,train/lr,7.738032244985721e-05
1395,9,train/loss,1.496948003768921
1395,9,train/lr,7.7345578824115e-05
1396,9,train/loss,1.5822248458862305
1396,9,train/lr,7.731081634953463e-05
1397,9,train/loss,1.664113998413086
1397,9,train/lr,7.727603505007727e-05
1398,9,train/loss,1.776689052581787
1398,9,train/lr,7.724123494971709e-05
1399,9,train/loss,1.525705337524414
1399,9,train/lr,7.72064160724412e-05
1400,9,train/loss,1.6812517642974854
1400,9,train/lr,7.717157844224962e-05
1401,9,train/loss,1.510233759880066
1401,9,train/lr,7.713672208315538e-05
1402,9,train/loss,1.7632300853729248
1402,9,train/lr,7.710184701918433e-05
1403,9,train/loss,1.6841752529144287
1403,9,train/lr,7.706695327437529e-05
1404,9,train/loss,1.6143454313278198
1404,9,train/lr,7.703204087277988e-05
1405,9,train/loss,1.6436961889266968
1405,9,train/lr,7.699710983846265e-05
1406,9,train/loss,1.775902271270752
1406,9,train/lr,7.696216019550095e-05
1407,9,train/loss,1.7548530101776123
1407,9,train/lr,7.692719196798497e-05
1408,9,train/loss,1.8770540952682495
1408,9,train/lr,7.68922051800177e-05
1409,9,train/loss,1.5543546676635742
1409,9,train/lr,7.685719985571496e-05
1410,9,train/loss,1.6310081481933594
1410,9,train/lr,7.682217601920529e-05
1411,9,train/loss,1.6068885326385498
1411,9,train/lr,7.678713369463004e-05
1412,9,train/loss,1.5737271308898926
1412,9,train/lr,7.675207290614325e-05
1413,9,train/loss,1.6381635665893555
1413,9,train/lr,7.671699367791177e-05
1414,9,train/loss,1.6153686046600342
1414,9,train/lr,7.668189603411506e-05
1415,9,train/loss,1.6694122552871704
1415,9,train/lr,7.664677999894537e-05
1416,9,train/loss,1.3530452251434326
1416,9,train/lr,7.661164559660753e-05
1417,9,train/loss,1.7651787996292114
1417,9,train/lr,7.657649285131914e-05
1418,9,train/loss,1.5244134664535522
1418,9,train/lr,7.654132178731034e-05
1419,9,train/loss,1.475968599319458
1419,9,train/lr,7.650613242882394e-05
1420,9,train/loss,1.5829380750656128
1420,9,train/lr,7.64709248001154e-05
1421,9,train/loss,1.6546549797058105
1421,9,train/lr,7.643569892545267e-05
1422,9,train/loss,1.529465675354004
1422,9,train/lr,7.64004548291164e-05
1423,9,train/loss,1.5876010656356812
1423,9,train/lr,7.636519253539971e-05
1424,9,train/loss,1.6903631687164307
1424,9,train/lr,7.632991206860831e-05
1425,9,train/loss,1.605797290802002
1425,9,train/lr,7.629461345306042e-05
1426,9,train/loss,1.630214810371399
1426,9,train/lr,7.625929671308676e-05
1427,9,train/loss,1.6893086433410645
1427,9,train/lr,7.622396187303054e-05
1428,9,train/loss,1.7387868165969849
1428,9,train/lr,7.618860895724748e-05
1429,9,train/loss,1.7774871587753296
1429,9,train/lr,7.615323799010576e-05
1430,9,train/loss,1.6393502950668335
1430,9,train/lr,7.611784899598592e-05
1431,9,train/loss,1.6934696435928345
1431,9,train/lr,7.608244199928103e-05
1432,9,train/loss,1.601899266242981
1432,9,train/lr,7.604701702439651e-05
1433,9,train/loss,1.6962225437164307
1433,9,train/lr,7.601157409575022e-05
1434,9,train/loss,1.5326541662216187
1434,9,train/lr,7.59761132377723e-05
1435,9,train/loss,1.5564346313476562
1435,9,train/lr,7.594063447490536e-05
1436,9,train/loss,1.6749868392944336
1436,9,train/lr,7.590513783160428e-05
1437,9,train/loss,1.7736756801605225
1437,9,train/lr,7.58696233323363e-05
1438,9,train/loss,1.7423418760299683
1438,9,train/lr,7.583409100158095e-05
1439,9,train/loss,1.6130938529968262
1439,9,train/lr,7.579854086383005e-05
1440,9,train/loss,1.528293490409851
1440,9,train/lr,7.576297294358771e-05
1441,9,train/loss,1.574980616569519
1441,9,train/lr,7.572738726537027e-05
1442,9,train/loss,1.5611834526062012
1442,9,train/lr,7.569178385370637e-05
1443,9,train/loss,1.6100387573242188
1443,9,train/lr,7.565616273313678e-05
1444,9,train/loss,1.5210986137390137
1444,9,train/lr,7.562052392821453e-05
1445,9,train/loss,1.6137447357177734
1445,9,train/lr,7.558486746350488e-05
1446,9,train/loss,1.5365235805511475
1446,9,train/lr,7.554919336358517e-05
1447,9,train/loss,1.642612338066101
1447,9,train/lr,7.5513501653045e-05
1448,9,train/loss,1.694169044494629
1448,9,train/lr,7.547779235648597e-05
1449,9,train/loss,1.661261796951294
1449,9,train/lr,7.544206549852197e-05
1450,9,train/loss,1.6813666820526123
1450,9,train/lr,7.540632110377888e-05
1451,9,train/loss,1.5831542015075684
1451,9,train/lr,7.537055919689469e-05
1452,9,train/loss,1.662330150604248
1452,9,train/lr,7.533477980251947e-05
1453,9,train/loss,1.6389260292053223
1453,9,train/lr,7.529898294531535e-05
1454,9,train/loss,1.6342272758483887
1454,9,train/lr,7.526316864995647e-05
1455,9,train/loss,1.568642497062683
1455,9,train/lr,7.522733694112903e-05
1456,9,train/loss,1.836449146270752
1456,9,train/lr,7.519148784353122e-05
1457,9,train/loss,1.7843986749649048
1457,9,train/lr,7.515562138187317e-05
1458,9,train/loss,1.8550641536712646
1458,9,train/lr,7.511973758087704e-05
1459,9,train/loss,1.7588703632354736
1459,9,train/lr,7.508383646527694e-05
1460,9,train/loss,1.7523071765899658
1460,9,train/lr,7.504791805981886e-05
1461,9,train/loss,1.5870803594589233
1461,9,train/lr,7.501198238926072e-05
1462,9,train/loss,1.5851383209228516
1462,9,train/lr,7.497602947837244e-05
1463,9,train/loss,1.577768325805664
1463,9,train/lr,7.494005935193569e-05
1464,9,train/loss,1.5464800596237183
1464,9,train/lr,7.490407203474403e-05
1465,9,train/loss,1.5349111557006836
1465,9,train/lr,7.486806755160297e-05
1466,9,train/loss,1.6241778135299683
1466,9,train/lr,7.483204592732975e-05
1467,9,train/loss,1.429880976676941
1467,9,train/lr,7.479600718675344e-05
1468,9,train/loss,1.6491713523864746
1468,9,train/lr,7.475995135471496e-05
1469,9,train/loss,1.5746628046035767
1469,9,train/lr,7.472387845606694e-05
1470,9,train/loss,1.5725820064544678
1470,9,train/lr,7.468778851567383e-05
1471,9,train/loss,1.572460412979126
1471,9,train/lr,7.465168155841183e-05
1472,9,train/loss,1.6027175188064575
1472,9,train/lr,7.461555760916879e-05
1473,9,train/loss,1.652625560760498
1473,9,train/lr,7.457941669284438e-05
1474,9,train/loss,1.7575428485870361
1474,9,train/lr,7.454325883434988e-05
1475,9,train/loss,1.6084158420562744
1475,9,train/lr,7.450708405860828e-05
1476,9,train/loss,1.644904613494873
1476,9,train/lr,7.447089239055428e-05
1477,9,train/loss,1.7281776666641235
1477,9,train/lr,7.443468385513413e-05
1478,9,train/loss,1.8144450187683105
1478,9,train/lr,7.439845847730575e-05
1479,9,train/loss,1.7673999071121216
1479,9,train/lr,7.43622162820387e-05
1480,9,train/loss,1.7961009740829468
1480,9,train/lr,7.432595729431408e-05
1481,9,train/loss,1.6049150228500366
1481,9,train/lr,7.428968153912461e-05
1482,9,train/loss,1.501757264137268
1482,9,train/lr,7.425338904147451e-05
1483,9,train/loss,1.6311721801757812
1483,9,train/lr,7.42170798263796e-05
1484,9,train/loss,1.579246997833252
1484,9,train/lr,7.418075391886721e-05
1485,9,train/loss,1.5081052780151367
1485,9,train/lr,7.414441134397613e-05
1486,9,train/loss,1.4355028867721558
1486,9,train/lr,7.410805212675672e-05
1487,9,train/loss,1.6580357551574707
1487,9,train/lr,7.407167629227072e-05
1488,9,train/loss,1.482527256011963
1488,9,train/lr,7.403528386559137e-05
1489,9,train/loss,1.5175974369049072
1489,9,train/lr,7.39988748718034e-05
1490,9,train/loss,1.623212218284607
1490,9,train/lr,7.396244933600285e-05
1491,9,train/loss,1.5762563943862915
1491,9,train/lr,7.392600728329723e-05
1492,9,train/loss,1.6930009126663208
1492,9,train/lr,7.388954873880542e-05
1493,9,train/loss,1.6776660680770874
1493,9,train/lr,7.385307372765769e-05
1494,9,train/loss,1.7246861457824707
1494,9,train/lr,7.381658227499561e-05
1494,9,train/batches,331.0
1494,9,train/compute_pct,99.88446497659928
1494,9,train/compute_sec,32.792742299992824
1494,9,train/data_wait_pct,0.11553502340072636
1494,9,train/data_wait_sec,0.03793092599426018
1494,9,train/examples,5296.0
1494,9,train/examples_per_sec,161.3125616872199
1494,9,train/input_tokens,626002.0
1494,9,train/peak_vram_gb,4.882710933685303
1494,9,train/target_tokens,424734.0
1494,9,train/tokens_per_sec,32004.704648221807
1494,9,train/total_sec,32.830673225987084
1494,9,train/epoch_loss,1.6356325034288481
1494,9,epoch9/batches,331.0
1494,9,epoch9/compute_pct,99.88446497659928
1494,9,epoch9/compute_sec,32.792742299992824
1494,9,epoch9/data_wait_pct,0.11553502340072636
1494,9,epoch9/data_wait_sec,0.03793092599426018
1494,9,epoch9/examples,5296.0
1494,9,epoch9/examples_per_sec,161.3125616872199
1494,9,epoch9/input_tokens,626002.0
1494,9,epoch9/peak_vram_gb,4.882710933685303
1494,9,epoch9/target_tokens,424734.0
1494,9,epoch9/tokens_per_sec,32004.704648221807
1494,9,epoch9/total_sec,32.830673225987084
1494,9,val/bleu,12.810450885266336
1494,9,val/chrf,33.74094587490282
1494,9,val/combined,20.7903037484514
1494,9,val/eval_peak_vram_gb,4.882710933685303
1494,9,val/eval_samples_per_sec,12.296839242167614
1494,9,val/eval_seconds,48.54906112400022
1494,9,val/eval_tokens_per_sec,3883.576646692212
1495,10,train/loss,1.719777226448059
1495,10,train/lr,7.378007440597211e-05
1496,10,train/loss,1.5327746868133545
1496,10,train/lr,7.374355014575147e-05
1497,10,train/loss,1.7092032432556152
1497,10,train/lr,7.370700951950922e-05
1498,10,train/loss,1.6149863004684448
1498,10,train/lr,7.367045255243216e-05
1499,10,train/loss,1.6785469055175781
1499,10,train/lr,7.363387926971844e-05
1500,10,train/loss,1.616585612297058
1500,10,train/lr,7.359728969657735e-05
1501,10,train/loss,1.618201732635498
1501,10,train/lr,7.356068385822945e-05
1502,10,train/loss,1.6900033950805664
1502,10,train/lr,7.352406177990654e-05
1503,10,train/loss,1.6730031967163086
1503,10,train/lr,7.348742348685158e-05
1504,10,train/loss,1.6375089883804321
1504,10,train/lr,7.34507690043187e-05
1505,10,train/loss,1.6433640718460083
1505,10,train/lr,7.341409835757326e-05
1506,10,train/loss,1.7035956382751465
1506,10,train/lr,7.337741157189165e-05
1507,10,train/loss,1.5363436937332153
1507,10,train/lr,7.334070867256147e-05
1508,10,train/loss,1.6198806762695312
1508,10,train/lr,7.33039896848814e-05
1509,10,train/loss,1.5052392482757568
1509,10,train/lr,7.326725463416117e-05
1510,10,train/loss,1.6494357585906982
1510,10,train/lr,7.323050354572167e-05
1511,10,train/loss,1.4771645069122314
1511,10,train/lr,7.319373644489476e-05
1512,10,train/loss,1.6135878562927246
1512,10,train/lr,7.31569533570234e-05
1513,10,train/loss,1.427079677581787
1513,10,train/lr,7.312015430746152e-05
1514,10,train/loss,1.7671043872833252
1514,10,train/lr,7.30833393215741e-05
1515,10,train/loss,1.6354371309280396
1515,10,train/lr,7.304650842473701e-05
1516,10,train/loss,1.6845064163208008
1516,10,train/lr,7.300966164233725e-05
1517,10,train/loss,1.5353296995162964
1517,10,train/lr,7.297279899977261e-05
1518,10,train/loss,1.7066338062286377
1518,10,train/lr,7.293592052245189e-05
1519,10,train/loss,1.7022526264190674
1519,10,train/lr,7.28990262357948e-05
1520,10,train/loss,1.8959203958511353
1520,10,train/lr,7.286211616523193e-05
1521,10,train/loss,1.6280821561813354
1521,10,train/lr,7.282519033620477e-05
1522,10,train/loss,1.6864943504333496
1522,10,train/lr,7.278824877416565e-05
1523,10,train/loss,1.548332929611206
1523,10,train/lr,7.275129150457775e-05
1524,10,train/loss,1.639306902885437
1524,10,train/lr,7.271431855291511e-05
1525,10,train/loss,1.4689733982086182
1525,10,train/lr,7.26773299446625e-05
1526,10,train/loss,1.62955904006958
1526,10,train/lr,7.264032570531559e-05
1527,10,train/loss,1.524950623512268
1527,10,train/lr,7.260330586038073e-05
1528,10,train/loss,1.4573125839233398
1528,10,train/lr,7.256627043537507e-05
1529,10,train/loss,1.5784010887145996
1529,10,train/lr,7.252921945582651e-05
1530,10,train/loss,1.514693260192871
1530,10,train/lr,7.249215294727363e-05
1531,10,train/loss,1.6891810894012451
1531,10,train/lr,7.245507093526574e-05
1532,10,train/loss,1.6820251941680908
1532,10,train/lr,7.241797344536285e-05
1533,10,train/loss,1.5575785636901855
1533,10,train/lr,7.238086050313563e-05
1534,10,train/loss,1.5375487804412842
1534,10,train/lr,7.234373213416538e-05
1535,10,train/loss,1.5800002813339233
1535,10,train/lr,7.230658836404403e-05
1536,10,train/loss,1.6907374858856201
1536,10,train/lr,7.226942921837419e-05
1537,10,train/loss,1.639068841934204
1537,10,train/lr,7.223225472276897e-05
1538,10,train/loss,1.5412757396697998
1538,10,train/lr,7.219506490285213e-05
1539,10,train/loss,1.5222060680389404
1539,10,train/lr,7.2157859784258e-05
1540,10,train/loss,1.7357094287872314
1540,10,train/lr,7.212063939263138e-05
1541,10,train/loss,1.6891825199127197
1541,10,train/lr,7.208340375362771e-05
1542,10,train/loss,1.645970106124878
1542,10,train/lr,7.204615289291283e-05
1543,10,train/loss,1.6693260669708252
1543,10,train/lr,7.200888683616312e-05
1544,10,train/loss,1.651153802871704
1544,10,train/lr,7.197160560906547e-05
1545,10,train/loss,1.5593409538269043
1545,10,train/lr,7.193430923731714e-05
1546,10,train/loss,1.6044292449951172
1546,10,train/lr,7.189699774662592e-05
1547,10,train/loss,1.8002400398254395
1547,10,train/lr,7.185967116270995e-05
1548,10,train/loss,1.6473784446716309
1548,10,train/lr,7.182232951129785e-05
1549,10,train/loss,1.6689679622650146
1549,10,train/lr,7.178497281812852e-05
1550,10,train/loss,1.8877993822097778
1550,10,train/lr,7.174760110895131e-05
1551,10,train/loss,1.5773221254348755
1551,10,train/lr,7.171021440952592e-05
1552,10,train/loss,1.6495931148529053
1552,10,train/lr,7.167281274562234e-05
1553,10,train/loss,1.4888029098510742
1553,10,train/lr,7.163539614302088e-05
1554,10,train/loss,1.6917212009429932
1554,10,train/lr,7.159796462751221e-05
1555,10,train/loss,1.584652304649353
1555,10,train/lr,7.15605182248972e-05
1556,10,train/loss,1.552578091621399
1556,10,train/lr,7.152305696098699e-05
1557,10,train/loss,1.5582830905914307
1557,10,train/lr,7.148558086160304e-05
1558,10,train/loss,1.594888687133789
1558,10,train/lr,7.144808995257692e-05
1559,10,train/loss,1.6859326362609863
1559,10,train/lr,7.141058425975051e-05
1560,10,train/loss,1.4600789546966553
1560,10,train/lr,7.137306380897585e-05
1561,10,train/loss,1.6433987617492676
1561,10,train/lr,7.133552862611511e-05
1562,10,train/loss,1.4354565143585205
1562,10,train/lr,7.129797873704066e-05
1563,10,train/loss,1.5189508199691772
1563,10,train/lr,7.126041416763501e-05
1564,10,train/loss,1.6131682395935059
1564,10,train/lr,7.122283494379076e-05
1565,10,train/loss,1.5905396938323975
1565,10,train/lr,7.118524109141062e-05
1566,10,train/loss,1.5952279567718506
1566,10,train/lr,7.11476326364074e-05
1567,10,train/loss,1.6371636390686035
1567,10,train/lr,7.111000960470393e-05
1568,10,train/loss,1.7171618938446045
1568,10,train/lr,7.107237202223316e-05
1569,10,train/loss,1.7463841438293457
1569,10,train/lr,7.103471991493802e-05
1570,10,train/loss,1.446894884109497
1570,10,train/lr,7.099705330877144e-05
1571,10,train/loss,1.6812351942062378
1571,10,train/lr,7.095937222969639e-05
1572,10,train/loss,1.713280439376831
1572,10,train/lr,7.09216767036858e-05
1573,10,train/loss,1.4997010231018066
1573,10,train/lr,7.088396675672249e-05
1574,10,train/loss,1.4877228736877441
1574,10,train/lr,7.084624241479934e-05
1575,10,train/loss,1.5257973670959473
1575,10,train/lr,7.080850370391907e-05
1576,10,train/loss,1.4541349411010742
1576,10,train/lr,7.077075065009433e-05
1577,10,train/loss,1.4177758693695068
1577,10,train/lr,7.073298327934765e-05
1578,10,train/loss,1.6732914447784424
1578,10,train/lr,7.069520161771142e-05
1579,10,train/loss,1.584359884262085
1579,10,train/lr,7.065740569122791e-05
1580,10,train/loss,1.6028392314910889
1580,10,train/lr,7.061959552594917e-05
1581,10,train/loss,1.5335354804992676
1581,10,train/lr,7.058177114793715e-05
1582,10,train/loss,1.464131474494934
1582,10,train/lr,7.054393258326352e-05
1583,10,train/loss,1.4834836721420288
1583,10,train/lr,7.050607985800972e-05
1584,10,train/loss,1.4866845607757568
1584,10,train/lr,7.046821299826703e-05
1585,10,train/loss,1.6570050716400146
1585,10,train/lr,7.043033203013642e-05
1586,10,train/loss,1.5219272375106812
1586,10,train/lr,7.039243697972857e-05
1587,10,train/loss,1.5693225860595703
1587,10,train/lr,7.035452787316389e-05
1588,10,train/loss,1.5007339715957642
1588,10,train/lr,7.03166047365725e-05
1589,10,train/loss,1.6402432918548584
1589,10,train/lr,7.027866759609414e-05
1590,10,train/loss,1.6574375629425049
1590,10,train/lr,7.024071647787824e-05
1591,10,train/loss,1.5634796619415283
1591,10,train/lr,7.020275140808388e-05
1592,10,train/loss,1.5784915685653687
1592,10,train/lr,7.016477241287968e-05
1593,10,train/loss,1.6422119140625
1593,10,train/lr,7.012677951844396e-05
1594,10,train/loss,1.6736640930175781
1594,10,train/lr,7.008877275096455e-05
1595,10,train/loss,1.6124802827835083
1595,10,train/lr,7.005075213663884e-05
1596,10,train/loss,1.5651087760925293
1596,10,train/lr,7.001271770167383e-05
1597,10,train/loss,1.6450493335723877
1597,10,train/lr,6.997466947228596e-05
1598,10,train/loss,1.8907256126403809
1598,10,train/lr,6.993660747470124e-05
1599,10,train/loss,1.7756569385528564
1599,10,train/lr,6.989853173515518e-05
1600,10,train/loss,1.5203856229782104
1600,10,train/lr,6.986044227989268e-05
1601,10,train/loss,1.5737407207489014
1601,10,train/lr,6.982233913516817e-05
1602,10,train/loss,1.5325446128845215
1602,10,train/lr,6.978422232724553e-05
1603,10,train/loss,1.6828289031982422
1603,10,train/lr,6.974609188239796e-05
1604,10,train/loss,1.7365105152130127
1604,10,train/lr,6.970794782690818e-05
1605,10,train/loss,1.5902070999145508
1605,10,train/lr,6.966979018706818e-05
1606,10,train/loss,1.6478424072265625
1606,10,train/lr,6.963161898917941e-05
1607,10,train/loss,1.482177972793579
1607,10,train/lr,6.959343425955258e-05
1608,10,train/loss,1.504152774810791
1608,10,train/lr,6.95552360245078e-05
1609,10,train/loss,1.5655450820922852
1609,10,train/lr,6.951702431037445e-05
1610,10,train/loss,1.4827048778533936
1610,10,train/lr,6.947879914349121e-05
1611,10,train/loss,1.5868020057678223
1611,10,train/lr,6.944056055020604e-05
1612,10,train/loss,1.5784084796905518
1612,10,train/lr,6.940230855687612e-05
1613,10,train/loss,1.6097476482391357
1613,10,train/lr,6.936404318986791e-05
1614,10,train/loss,1.5786504745483398
1614,10,train/lr,6.932576447555705e-05
1615,10,train/loss,1.6293799877166748
1615,10,train/lr,6.928747244032847e-05
1616,10,train/loss,1.620253086090088
1616,10,train/lr,6.924916711057611e-05
1617,10,train/loss,1.5998985767364502
1617,10,train/lr,6.921084851270325e-05
1618,10,train/loss,1.6314398050308228
1618,10,train/lr,6.917251667312221e-05
1619,10,train/loss,1.6832404136657715
1619,10,train/lr,6.91341716182545e-05
1620,10,train/loss,1.750014305114746
1620,10,train/lr,6.909581337453067e-05
1621,10,train/loss,1.7041417360305786
1621,10,train/lr,6.905744196839042e-05
1622,10,train/loss,1.7601094245910645
1622,10,train/lr,6.901905742628249e-05
1623,10,train/loss,1.648377537727356
1623,10,train/lr,6.89806597746647e-05
1624,10,train/loss,1.6803783178329468
1624,10,train/lr,6.89422490400039e-05
1625,10,train/loss,1.5632673501968384
1625,10,train/lr,6.890382524877592e-05
1626,10,train/loss,1.735501766204834
1626,10,train/lr,6.886538842746563e-05
1627,10,train/loss,1.44234037399292
1627,10,train/lr,6.88269386025669e-05
1628,10,train/loss,1.79612398147583
1628,10,train/lr,6.87884758005825e-05
1629,10,train/loss,1.635184407234192
1629,10,train/lr,6.875000004802421e-05
1630,10,train/loss,1.5193209648132324
1630,10,train/lr,6.871151137141266e-05
1631,10,train/loss,1.633339524269104
1631,10,train/lr,6.867300979727748e-05
1632,10,train/loss,1.4682774543762207
1632,10,train/lr,6.863449535215711e-05
1633,10,train/loss,1.5739622116088867
1633,10,train/lr,6.859596806259893e-05
1634,10,train/loss,1.330960988998413
1634,10,train/lr,6.85574279551591e-05
1635,10,train/loss,1.5688185691833496
1635,10,train/lr,6.851887505640269e-05
1636,10,train/loss,1.6243410110473633
1636,10,train/lr,6.848030939290353e-05
1637,10,train/loss,1.605015516281128
1637,10,train/lr,6.844173099124429e-05
1638,10,train/loss,1.6178299188613892
1638,10,train/lr,6.840313987801637e-05
1639,10,train/loss,1.6148428916931152
1639,10,train/lr,6.836453607981999e-05
1640,10,train/loss,1.6614038944244385
1640,10,train/lr,6.832591962326408e-05
1641,10,train/loss,1.6485037803649902
1641,10,train/lr,6.828729053496629e-05
1642,10,train/loss,1.601146936416626
1642,10,train/lr,6.824864884155298e-05
1643,10,train/loss,1.7072184085845947
1643,10,train/lr,6.820999456965924e-05
1644,10,train/loss,1.671661615371704
1644,10,train/lr,6.817132774592877e-05
1645,10,train/loss,1.6482387781143188
1645,10,train/lr,6.813264839701394e-05
1646,10,train/loss,1.6941606998443604
1646,10,train/lr,6.80939565495758e-05
1647,10,train/loss,1.658007264137268
1647,10,train/lr,6.805525223028393e-05
1648,10,train/loss,1.7154760360717773
1648,10,train/lr,6.801653546581659e-05
1649,10,train/loss,1.6256543397903442
1649,10,train/lr,6.797780628286056e-05
1650,10,train/loss,1.6538538932800293
1650,10,train/lr,6.793906470811118e-05
1651,10,train/loss,1.5968742370605469
1651,10,train/lr,6.790031076827241e-05
1652,10,train/loss,1.51216459274292
1652,10,train/lr,6.786154449005665e-05
1653,10,train/loss,1.5757274627685547
1653,10,train/lr,6.78227659001848e-05
1654,10,train/loss,1.4447169303894043
1654,10,train/lr,6.778397502538633e-05
1655,10,train/loss,1.6363003253936768
1655,10,train/lr,6.774517189239907e-05
1656,10,train/loss,1.4698444604873657
1656,10,train/lr,6.770635652796938e-05
1657,10,train/loss,1.6703879833221436
1657,10,train/lr,6.766752895885205e-05
1658,10,train/loss,1.6847126483917236
1658,10,train/lr,6.762868921181022e-05
1659,10,train/loss,1.5987145900726318
1659,10,train/lr,6.758983731361546e-05
1660,10,train/loss,1.68487548828125
1660,10,train/lr,6.755097329104773e-05
1660,10,train/batches,331.0
1660,10,train/compute_pct,99.87456395889647
1660,10,train/compute_sec,33.763813214007314
1660,10,train/data_wait_pct,0.12543604110352638
1660,10,train/data_wait_sec,0.042405182002767106
1660,10,train/examples,5296.0
1660,10,train/examples_per_sec,156.6575692661635
1660,10,train/input_tokens,625993.0
1660,10,train/peak_vram_gb,4.882710933685303
1660,10,train/target_tokens,424708.0
1660,10,train/tokens_per_sec,31080.11040134578
1660,10,train/total_sec,33.80621839601008
1660,10,train/epoch_loss,1.6122248201571923
1660,10,epoch10/batches,331.0
1660,10,epoch10/compute_pct,99.87456395889647
1660,10,epoch10/compute_sec,33.763813214007314
1660,10,epoch10/data_wait_pct,0.12543604110352638
1660,10,epoch10/data_wait_sec,0.042405182002767106
1660,10,epoch10/examples,5296.0
1660,10,epoch10/examples_per_sec,156.6575692661635
1660,10,epoch10/input_tokens,625993.0
1660,10,epoch10/peak_vram_gb,4.882710933685303
1660,10,epoch10/target_tokens,424708.0
1660,10,epoch10/tokens_per_sec,31080.11040134578
1660,10,epoch10/total_sec,33.80621839601008
1660,10,val/bleu,12.119501099149733
1660,10,val/chrf,34.31571329541715
1660,10,val/combined,20.39336472978197
1660,10,val/eval_peak_vram_gb,4.882710933685303
1660,10,val/eval_samples_per_sec,11.258530410774469
1660,10,val/eval_seconds,53.02645889099949
1660,10,val/eval_tokens_per_sec,3814.8691093218704
1661,11,train/loss,1.637812614440918
1661,11,train/lr,6.751209717089534e-05
1662,11,train/loss,1.7001029253005981
1662,11,train/lr,6.747320897995493e-05
1663,11,train/loss,1.7113888263702393
1663,11,train/lr,6.743430874503143e-05
1664,11,train/loss,1.5881147384643555
1664,11,train/lr,6.739539649293817e-05
1665,11,train/loss,1.6348493099212646
1665,11,train/lr,6.735647225049663e-05
1666,11,train/loss,1.6558133363723755
1666,11,train/lr,6.731753604453666e-05
1667,11,train/loss,1.6021171808242798
1667,11,train/lr,6.727858790189633e-05
1668,11,train/loss,1.5547959804534912
1668,11,train/lr,6.723962784942188e-05
1669,11,train/loss,1.5683887004852295
1669,11,train/lr,6.720065591396784e-05
1670,11,train/loss,1.6666231155395508
1670,11,train/lr,6.716167212239689e-05
1671,11,train/loss,1.4982454776763916
1671,11,train/lr,6.712267650157988e-05
1672,11,train/loss,1.5871522426605225
1672,11,train/lr,6.708366907839583e-05
1673,11,train/loss,1.456270694732666
1673,11,train/lr,6.704464987973189e-05
1674,11,train/loss,1.5247362852096558
1674,11,train/lr,6.700561893248332e-05
1675,11,train/loss,1.4190672636032104
1675,11,train/lr,6.696657626355347e-05
1676,11,train/loss,1.7229090929031372
1676,11,train/lr,6.692752189985382e-05
1677,11,train/loss,1.458064079284668
1677,11,train/lr,6.688845586830383e-05
1678,11,train/loss,1.617537498474121
1678,11,train/lr,6.684937819583105e-05
1679,11,train/loss,1.6188161373138428
1679,11,train/lr,6.681028890937108e-05
1680,11,train/loss,1.6545307636260986
1680,11,train/lr,6.677118803586748e-05
1681,11,train/loss,1.6097314357757568
1681,11,train/lr,6.673207560227177e-05
1682,11,train/loss,1.5505772829055786
1682,11,train/lr,6.669295163554354e-05
1683,11,train/loss,1.6412087678909302
1683,11,train/lr,6.665381616265024e-05
1684,11,train/loss,1.7022883892059326
1684,11,train/lr,6.661466921056729e-05
1685,11,train/loss,1.7101151943206787
1685,11,train/lr,6.6575510806278e-05
1686,11,train/loss,1.4945931434631348
1686,11,train/lr,6.653634097677359e-05
1687,11,train/loss,1.7411952018737793
1687,11,train/lr,6.649715974905315e-05
1688,11,train/loss,1.606734037399292
1688,11,train/lr,6.645796715012364e-05
1689,11,train/loss,1.4724410772323608
1689,11,train/lr,6.641876320699982e-05
1690,11,train/loss,1.691206455230713
1690,11,train/lr,6.637954794670432e-05
1691,11,train/loss,1.6233909130096436
1691,11,train/lr,6.634032139626756e-05
1692,11,train/loss,1.6249889135360718
1692,11,train/lr,6.630108358272767e-05
1693,11,train/loss,1.626349687576294
1693,11,train/lr,6.626183453313065e-05
1694,11,train/loss,1.717405080795288
1694,11,train/lr,6.62225742745302e-05
1695,11,train/loss,1.6464544534683228
1695,11,train/lr,6.61833028339877e-05
1696,11,train/loss,1.4954710006713867
1696,11,train/lr,6.614402023857232e-05
1697,11,train/loss,1.5887558460235596
1697,11,train/lr,6.610472651536085e-05
1698,11,train/loss,1.5975666046142578
1698,11,train/lr,6.606542169143782e-05
1699,11,train/loss,1.497057557106018
1699,11,train/lr,6.602610579389531e-05
1700,11,train/loss,1.4333696365356445
1700,11,train/lr,6.598677884983315e-05
1701,11,train/loss,1.4853662252426147
1701,11,train/lr,6.59474408863587e-05
1702,11,train/loss,1.6098618507385254
1702,11,train/lr,6.590809193058694e-05
1703,11,train/loss,1.55717134475708
1703,11,train/lr,6.586873200964046e-05
1704,11,train/loss,1.499610185623169
1704,11,train/lr,6.582936115064934e-05
1705,11,train/loss,1.5875284671783447
1705,11,train/lr,6.578997938075125e-05
1706,11,train/loss,1.6790826320648193
1706,11,train/lr,6.575058672709138e-05
1707,11,train/loss,1.6703466176986694
1707,11,train/lr,6.57111832168224e-05
1708,11,train/loss,1.6442294120788574
1708,11,train/lr,6.567176887710447e-05
1709,11,train/loss,1.6345627307891846
1709,11,train/lr,6.563234373510522e-05
1710,11,train/loss,1.5486886501312256
1710,11,train/lr,6.559290781799973e-05
1711,11,train/loss,1.6051933765411377
1711,11,train/lr,6.555346115297049e-05
1712,11,train/loss,1.6740670204162598
1712,11,train/lr,6.551400376720744e-05
1713,11,train/loss,1.697542428970337
1713,11,train/lr,6.547453568790784e-05
1714,11,train/loss,1.7315683364868164
1714,11,train/lr,6.543505694227637e-05
1715,11,train/loss,1.7115933895111084
1715,11,train/lr,6.539556755752505e-05
1716,11,train/loss,1.7033575773239136
1716,11,train/lr,6.535606756087327e-05
1717,11,train/loss,1.6889610290527344
1717,11,train/lr,6.531655697954764e-05
1718,11,train/loss,1.5783798694610596
1718,11,train/lr,6.527703584078218e-05
1719,11,train/loss,1.4927587509155273
1719,11,train/lr,6.52375041718181e-05
1720,11,train/loss,1.7076003551483154
1720,11,train/lr,6.519796199990392e-05
1721,11,train/loss,1.5582832098007202
1721,11,train/lr,6.515840935229536e-05
1722,11,train/loss,1.5405160188674927
1722,11,train/lr,6.51188462562554e-05
1723,11,train/loss,1.6521201133728027
1723,11,train/lr,6.507927273905419e-05
1724,11,train/loss,1.4937511682510376
1724,11,train/lr,6.50396888279691e-05
1725,11,train/loss,1.6863281726837158
1725,11,train/lr,6.50000945502846e-05
1726,11,train/loss,1.6131919622421265
1726,11,train/lr,6.496048993329238e-05
1727,11,train/loss,1.5650484561920166
1727,11,train/lr,6.49208750042912e-05
1728,11,train/loss,1.6031620502471924
1728,11,train/lr,6.488124979058697e-05
1729,11,train/loss,1.6333553791046143
1729,11,train/lr,6.484161431949267e-05
1730,11,train/loss,1.424900770187378
1730,11,train/lr,6.480196861832832e-05
1731,11,train/loss,1.731464147567749
1731,11,train/lr,6.476231271442106e-05
1732,11,train/loss,1.5602682828903198
1732,11,train/lr,6.472264663510501e-05
1733,11,train/loss,1.5702126026153564
1733,11,train/lr,6.468297040772129e-05
1734,11,train/loss,1.4943902492523193
1734,11,train/lr,6.46432840596181e-05
1735,11,train/loss,1.6936026811599731
1735,11,train/lr,6.46035876181505e-05
1736,11,train/loss,1.6710644960403442
1736,11,train/lr,6.45638811106806e-05
1737,11,train/loss,1.593498706817627
1737,11,train/lr,6.45241645645774e-05
1738,11,train/loss,1.555610179901123
1738,11,train/lr,6.448443800721686e-05
1739,11,train/loss,1.5669633150100708
1739,11,train/lr,6.444470146598176e-05
1740,11,train/loss,1.586103081703186
1740,11,train/lr,6.440495496826189e-05
1741,11,train/loss,1.4935163259506226
1741,11,train/lr,6.436519854145377e-05
1742,11,train/loss,1.6754775047302246
1742,11,train/lr,6.432543221296082e-05
1743,11,train/loss,1.4640682935714722
1743,11,train/lr,6.428565601019334e-05
1744,11,train/loss,1.6731772422790527
1744,11,train/lr,6.424586996056834e-05
1745,11,train/loss,1.6371077299118042
1745,11,train/lr,6.420607409150968e-05
1746,11,train/loss,1.5924527645111084
1746,11,train/lr,6.416626843044794e-05
1747,11,train/loss,1.4005694389343262
1747,11,train/lr,6.412645300482052e-05
1748,11,train/loss,1.5310328006744385
1748,11,train/lr,6.408662784207149e-05
1749,11,train/loss,1.4960837364196777
1749,11,train/lr,6.404679296965166e-05
1750,11,train/loss,1.4851462841033936
1750,11,train/lr,6.400694841501851e-05
1751,11,train/loss,1.4957709312438965
1751,11,train/lr,6.39670942056362e-05
1752,11,train/loss,1.5859971046447754
1752,11,train/lr,6.392723036897559e-05
1753,11,train/loss,1.6122413873672485
1753,11,train/lr,6.38873569325141e-05
1754,11,train/loss,1.4554598331451416
1754,11,train/lr,6.384747392373583e-05
1755,11,train/loss,1.674466848373413
1755,11,train/lr,6.380758137013145e-05
1756,11,train/loss,1.59470534324646
1756,11,train/lr,6.376767929919819e-05
1757,11,train/loss,1.6416152715682983
1757,11,train/lr,6.372776773843989e-05
1758,11,train/loss,1.583765983581543
1758,11,train/lr,6.368784671536689e-05
1759,11,train/loss,1.7007429599761963
1759,11,train/lr,6.364791625749606e-05
1760,11,train/loss,1.6980094909667969
1760,11,train/lr,6.36079763923508e-05
1761,11,train/loss,1.6975023746490479
1761,11,train/lr,6.356802714746097e-05
1762,11,train/loss,1.6689231395721436
1762,11,train/lr,6.352806855036287e-05
1763,11,train/loss,1.6946403980255127
1763,11,train/lr,6.348810062859931e-05
1764,11,train/loss,1.7353696823120117
1764,11,train/lr,6.344812340971949e-05
1765,11,train/loss,1.5738272666931152
1765,11,train/lr,6.340813692127899e-05
1766,11,train/loss,1.6991069316864014
1766,11,train/lr,6.336814119083983e-05
1767,11,train/loss,1.65133798122406
1767,11,train/lr,6.332813624597038e-05
1768,11,train/loss,1.575150966644287
1768,11,train/lr,6.328812211424539e-05
1769,11,train/loss,1.6707658767700195
1769,11,train/lr,6.324809882324585e-05
1770,11,train/loss,1.4563112258911133
1770,11,train/lr,6.320806640055919e-05
1771,11,train/loss,1.500176191329956
1771,11,train/lr,6.316802487377904e-05
1772,11,train/loss,1.5973016023635864
1772,11,train/lr,6.312797427050533e-05
1773,11,train/loss,1.5495305061340332
1773,11,train/lr,6.308791461834426e-05
1774,11,train/loss,1.4846515655517578
1774,11,train/lr,6.30478459449083e-05
1775,11,train/loss,1.6698956489562988
1775,11,train/lr,6.300776827781604e-05
1776,11,train/loss,1.5113511085510254
1776,11,train/lr,6.296768164469236e-05
1777,11,train/loss,1.4034450054168701
1777,11,train/lr,6.29275860731683e-05
1778,11,train/loss,1.510115146636963
1778,11,train/lr,6.288748159088101e-05
1779,11,train/loss,1.519661784172058
1779,11,train/lr,6.284736822547385e-05
1780,11,train/loss,1.5994869470596313
1780,11,train/lr,6.280724600459626e-05
1781,11,train/loss,1.6067087650299072
1781,11,train/lr,6.276711495590382e-05
1782,11,train/loss,1.537055253982544
1782,11,train/lr,6.272697510705815e-05
1783,11,train/loss,1.5617692470550537
1783,11,train/lr,6.268682648572697e-05
1784,11,train/loss,1.6716654300689697
1784,11,train/lr,6.264666911958404e-05
1785,11,train/loss,1.7697380781173706
1785,11,train/lr,6.260650303630913e-05
1786,11,train/loss,1.579704761505127
1786,11,train/lr,6.256632826358806e-05
1787,11,train/loss,1.5897655487060547
1787,11,train/lr,6.252614482911256e-05
1788,11,train/loss,1.7949931621551514
1788,11,train/lr,6.248595276058041e-05
1789,11,train/loss,1.6528557538986206
1789,11,train/lr,6.244575208569533e-05
1790,11,train/loss,1.6814266443252563
1790,11,train/lr,6.240554283216694e-05
1791,11,train/loss,1.6082770824432373
1791,11,train/lr,6.236532502771078e-05
1792,11,train/loss,1.7382525205612183
1792,11,train/lr,6.232509870004831e-05
1793,11,train/loss,1.7256226539611816
1793,11,train/lr,6.228486387690682e-05
1794,11,train/loss,1.530121922492981
1794,11,train/lr,6.224462058601953e-05
1795,11,train/loss,1.4394447803497314
1795,11,train/lr,6.22043688551254e-05
1796,11,train/loss,1.6259920597076416
1796,11,train/lr,6.216410871196927e-05
1797,11,train/loss,1.4844887256622314
1797,11,train/lr,6.21238401843018e-05
1798,11,train/loss,1.5165197849273682
1798,11,train/lr,6.208356329987934e-05
1799,11,train/loss,1.3502223491668701
1799,11,train/lr,6.204327808646411e-05
1800,11,train/loss,1.453314185142517
1800,11,train/lr,6.200298457182397e-05
1801,11,train/loss,1.4787421226501465
1801,11,train/lr,6.196268278373259e-05
1802,11,train/loss,1.6394997835159302
1802,11,train/lr,6.192237274996924e-05
1803,11,train/loss,1.5749187469482422
1803,11,train/lr,6.188205449831901e-05
1804,11,train/loss,1.485334873199463
1804,11,train/lr,6.184172805657253e-05
1805,11,train/loss,1.5709079504013062
1805,11,train/lr,6.180139345252615e-05
1806,11,train/loss,1.6953047513961792
1806,11,train/lr,6.17610507139818e-05
1807,11,train/loss,1.6045057773590088
1807,11,train/lr,6.172069986874702e-05
1808,11,train/loss,1.584260106086731
1808,11,train/lr,6.168034094463501e-05
1809,11,train/loss,1.6198467016220093
1809,11,train/lr,6.163997396946443e-05
1810,11,train/loss,1.645909309387207
1810,11,train/lr,6.159959897105959e-05
1811,11,train/loss,1.5094215869903564
1811,11,train/lr,6.155921597725023e-05
1812,11,train/loss,1.6223149299621582
1812,11,train/lr,6.15188250158717e-05
1813,11,train/loss,1.6612133979797363
1813,11,train/lr,6.147842611476478e-05
1814,11,train/loss,1.5419872999191284
1814,11,train/lr,6.143801930177576e-05
1815,11,train/loss,1.6302306652069092
1815,11,train/lr,6.139760460475631e-05
1816,11,train/loss,1.6506829261779785
1816,11,train/lr,6.135718205156363e-05
1817,11,train/loss,1.5860118865966797
1817,11,train/lr,6.13167516700603e-05
1818,11,train/loss,1.4805119037628174
1818,11,train/lr,6.127631348811424e-05
1819,11,train/loss,1.5023841857910156
1819,11,train/lr,6.123586753359884e-05
1820,11,train/loss,1.4563868045806885
1820,11,train/lr,6.119541383439278e-05
1821,11,train/loss,1.5569400787353516
1821,11,train/lr,6.115495241838012e-05
1822,11,train/loss,1.4560601711273193
1822,11,train/lr,6.11144833134502e-05
1823,11,train/loss,1.6768994331359863
1823,11,train/lr,6.107400654749768e-05
1824,11,train/loss,1.576668620109558
1824,11,train/lr,6.103352214842252e-05
1825,11,train/loss,1.6335656642913818
1825,11,train/lr,6.099303014412989e-05
1826,11,train/loss,1.5744118690490723
1826,11,train/lr,6.095253056253027e-05
1826,11,train/batches,331.0
1826,11,train/compute_pct,99.87733667165857
1826,11,train/compute_sec,33.67524798100203
1826,11,train/data_wait_pct,0.12266332834143348
1826,11,train/data_wait_sec,0.041357910990882374
1826,11,train/examples,5296.0
1826,11,train/examples_per_sec,157.07393611815786
1826,11,train/input_tokens,625993.0
1826,11,train/peak_vram_gb,4.882710933685303
1826,11,train/target_tokens,424742.0
1826,11,train/tokens_per_sec,31163.72399303486
1826,11,train/total_sec,33.71660589199291
1826,11,train/epoch_loss,1.591468217149602
1826,11,epoch11/batches,331.0
1826,11,epoch11/compute_pct,99.87733667165857
1826,11,epoch11/compute_sec,33.67524798100203
1826,11,epoch11/data_wait_pct,0.12266332834143348
1826,11,epoch11/data_wait_sec,0.041357910990882374
1826,11,epoch11/examples,5296.0
1826,11,epoch11/examples_per_sec,157.07393611815786
1826,11,epoch11/input_tokens,625993.0
1826,11,epoch11/peak_vram_gb,4.882710933685303
1826,11,epoch11/target_tokens,424742.0
1826,11,epoch11/tokens_per_sec,31163.72399303486
1826,11,epoch11/total_sec,33.71660589199291
1826,11,val/bleu,14.532164092681514
1826,11,val/chrf,35.48320072343328
1826,11,val/combined,22.7078773875166
1826,11,val/eval_peak_vram_gb,4.882710933685303
1826,11,val/eval_samples_per_sec,12.637573400122523
1826,11,val/eval_seconds,47.24008170700017
1826,11,val/eval_tokens_per_sec,3810.979860632258
1827,12,train/loss,1.5239790678024292
1827,12,train/lr,6.091202343153929e-05
1828,12,train/loss,1.6428885459899902
1828,12,train/lr,6.0871508779077856e-05
1829,12,train/loss,1.4504079818725586
1829,12,train/lr,6.0830986633071994e-05
1830,12,train/loss,1.6262221336364746
1830,12,train/lr,6.079045702145294e-05
1831,12,train/loss,1.5750601291656494
1831,12,train/lr,6.074991997215705e-05
1832,12,train/loss,1.653294563293457
1832,12,train/lr,6.0709375513125834e-05
1833,12,train/loss,1.6916298866271973
1833,12,train/lr,6.0668823672305867e-05
1834,12,train/loss,1.6558899879455566
1834,12,train/lr,6.062826447764883e-05
1835,12,train/loss,1.6047617197036743
1835,12,train/lr,6.0587697957111534e-05
1836,12,train/loss,1.5445388555526733
1836,12,train/lr,6.054712413865572e-05
1837,12,train/loss,1.5394889116287231
1837,12,train/lr,6.050654305024826e-05
1838,12,train/loss,1.5573887825012207
1838,12,train/lr,6.046595471986102e-05
1839,12,train/loss,1.6121447086334229
1839,12,train/lr,6.04253591754708e-05
1840,12,train/loss,1.5732264518737793
1840,12,train/lr,6.038475644505942e-05
1841,12,train/loss,1.539487361907959
1841,12,train/lr,6.034414655661366e-05
1842,12,train/loss,1.4944684505462646
1842,12,train/lr,6.030352953812522e-05
1843,12,train/loss,1.477341890335083
1843,12,train/lr,6.0262905417590674e-05
1844,12,train/loss,1.6430637836456299
1844,12,train/lr,6.02222742230116e-05
1845,12,train/loss,1.587988257408142
1845,12,train/lr,6.0181635982394324e-05
1846,12,train/loss,1.620952844619751
1846,12,train/lr,6.014099072375011e-05
1847,12,train/loss,1.6882283687591553
1847,12,train/lr,6.0100338475095056e-05
1848,12,train/loss,1.7712242603302002
1848,12,train/lr,6.005967926445002e-05
1849,12,train/loss,1.6224803924560547
1849,12,train/lr,6.001901311984072e-05
1850,12,train/loss,1.7058284282684326
1850,12,train/lr,5.9978340069297647e-05
1851,12,train/loss,1.6258747577667236
1851,12,train/lr,5.9937660140856e-05
1852,12,train/loss,1.469909429550171
1852,12,train/lr,5.9896973362555775e-05
1853,12,train/loss,1.7123905420303345
1853,12,train/lr,5.985627976244169e-05
1854,12,train/loss,1.7517693042755127
1854,12,train/lr,5.98155793685631e-05
1855,12,train/loss,1.6021181344985962
1855,12,train/lr,5.9774872208974134e-05
1856,12,train/loss,1.6495821475982666
1856,12,train/lr,5.97341583117335e-05
1857,12,train/loss,1.5937341451644897
1857,12,train/lr,5.969343770490462e-05
1858,12,train/loss,1.4983594417572021
1858,12,train/lr,5.965271041655548e-05
1859,12,train/loss,1.5838990211486816
1859,12,train/lr,5.9611976474758733e-05
1860,12,train/loss,1.523441195487976
1860,12,train/lr,5.957123590759156e-05
1861,12,train/loss,1.6075663566589355
1861,12,train/lr,5.9530488743135746e-05
1862,12,train/loss,1.5402917861938477
1862,12,train/lr,5.948973500947762e-05
1863,12,train/loss,1.6297566890716553
1863,12,train/lr,5.9448974734708005e-05
1864,12,train/loss,1.48213791847229
1864,12,train/lr,5.940820794692228e-05
1865,12,train/loss,1.4989819526672363
1865,12,train/lr,5.936743467422029e-05
1866,12,train/loss,1.5249662399291992
1866,12,train/lr,5.932665494470635e-05
1867,12,train/loss,1.4559694528579712
1867,12,train/lr,5.928586878648922e-05
1868,12,train/loss,1.4587786197662354
1868,12,train/lr,5.924507622768212e-05
1869,12,train/loss,1.4437803030014038
1869,12,train/lr,5.9204277296402634e-05
1870,12,train/loss,1.4700942039489746
1870,12,train/lr,5.916347202077278e-05
1871,12,train/loss,1.5154197216033936
1871,12,train/lr,5.9122660428918944e-05
1872,12,train/loss,1.4851489067077637
1872,12,train/lr,5.908184254897182e-05
1873,12,train/loss,1.5482028722763062
1873,12,train/lr,5.904101840906652e-05
1874,12,train/loss,1.5994489192962646
1874,12,train/lr,5.900018803734239e-05
1875,12,train/loss,1.5658020973205566
1875,12,train/lr,5.8959351461943115e-05
1876,12,train/loss,1.6262743473052979
1876,12,train/lr,5.891850871101663e-05
1877,12,train/loss,1.6505885124206543
1877,12,train/lr,5.887765981271518e-05
1878,12,train/loss,1.6170094013214111
1878,12,train/lr,5.883680479519516e-05
1879,12,train/loss,1.5108751058578491
1879,12,train/lr,5.879594368661727e-05
1880,12,train/loss,1.9359025955200195
1880,12,train/lr,5.8755076515146353e-05
1881,12,train/loss,1.584911584854126
1881,12,train/lr,5.871420330895147e-05
1882,12,train/loss,1.6445448398590088
1882,12,train/lr,5.86733240962058e-05
1883,12,train/loss,1.5563817024230957
1883,12,train/lr,5.863243890508668e-05
1884,12,train/loss,1.514390230178833
1884,12,train/lr,5.859154776377559e-05
1885,12,train/loss,1.653853178024292
1885,12,train/lr,5.8550650700458055e-05
1886,12,train/loss,1.5118987560272217
1886,12,train/lr,5.850974774332376e-05
1887,12,train/loss,1.5410869121551514
1887,12,train/lr,5.846883892056641e-05
1888,12,train/loss,1.6034945249557495
1888,12,train/lr,5.8427924260383724e-05
1889,12,train/loss,1.4561467170715332
1889,12,train/lr,5.83870037909775e-05
1890,12,train/loss,1.488765835762024
1890,12,train/lr,5.83460775405535e-05
1891,12,train/loss,1.4650440216064453
1891,12,train/lr,5.830514553732149e-05
1892,12,train/loss,1.5992333889007568
1892,12,train/lr,5.826420780949521e-05
1893,12,train/loss,1.539876937866211
1893,12,train/lr,5.822326438529232e-05
1894,12,train/loss,1.5582737922668457
1894,12,train/lr,5.8182315292934406e-05
1895,12,train/loss,1.4595361948013306
1895,12,train/lr,5.8141360560647004e-05
1896,12,train/loss,1.6214420795440674
1896,12,train/lr,5.81004002166595e-05
1897,12,train/loss,1.5602281093597412
1897,12,train/lr,5.805943428920515e-05
1898,12,train/loss,1.5728883743286133
1898,12,train/lr,5.8018462806521065e-05
1899,12,train/loss,1.578892707824707
1899,12,train/lr,5.797748579684819e-05
1900,12,train/loss,1.6030584573745728
1900,12,train/lr,5.7936503288431264e-05
1901,12,train/loss,1.696507215499878
1901,12,train/lr,5.7895515309518825e-05
1902,12,train/loss,1.6967860460281372
1902,12,train/lr,5.785452188836321e-05
1903,12,train/loss,1.5642409324645996
1903,12,train/lr,5.781352305322044e-05
1904,12,train/loss,1.7430105209350586
1904,12,train/lr,5.777251883235034e-05
1905,12,train/loss,1.5403006076812744
1905,12,train/lr,5.773150925401641e-05
1906,12,train/loss,1.5224264860153198
1906,12,train/lr,5.7690494346485843e-05
1907,12,train/loss,1.557597279548645
1907,12,train/lr,5.7649474138029514e-05
1908,12,train/loss,1.6305360794067383
1908,12,train/lr,5.760844865692195e-05
1909,12,train/loss,1.6170947551727295
1909,12,train/lr,5.7567417931441305e-05
1910,12,train/loss,1.6040055751800537
1910,12,train/lr,5.7526381989869346e-05
1911,12,train/loss,1.650230884552002
1911,12,train/lr,5.7485340860491473e-05
1912,12,train/loss,1.515472173690796
1912,12,train/lr,5.74442945715966e-05
1913,12,train/loss,1.5794386863708496
1913,12,train/lr,5.740324315147725e-05
1914,12,train/loss,1.5163094997406006
1914,12,train/lr,5.736218662842945e-05
1915,12,train/loss,1.522009015083313
1915,12,train/lr,5.732112503075276e-05
1916,12,train/loss,1.522327184677124
1916,12,train/lr,5.7280058386750255e-05
1917,12,train/loss,1.5287561416625977
1917,12,train/lr,5.723898672472843e-05
1918,12,train/loss,1.5636930465698242
1918,12,train/lr,5.719791007299731e-05
1919,12,train/loss,1.6103832721710205
1919,12,train/lr,5.715682845987029e-05
1920,12,train/loss,1.5016562938690186
1920,12,train/lr,5.7115741913664264e-05
1921,12,train/loss,1.505143404006958
1921,12,train/lr,5.707465046269945e-05
1922,12,train/loss,1.5663447380065918
1922,12,train/lr,5.7033554135299496e-05
1923,12,train/loss,1.576155662536621
1923,12,train/lr,5.69924529597914e-05
1924,12,train/loss,1.6650840044021606
1924,12,train/lr,5.6951346964505484e-05
1925,12,train/loss,1.6160383224487305
1925,12,train/lr,5.691023617777539e-05
1926,12,train/loss,1.6486406326293945
1926,12,train/lr,5.686912062793812e-05
1927,12,train/loss,1.6148266792297363
1927,12,train/lr,5.68280003433339e-05
1928,12,train/loss,1.6238338947296143
1928,12,train/lr,5.67868753523062e-05
1929,12,train/loss,1.5937817096710205
1929,12,train/lr,5.674574568320183e-05
1930,12,train/loss,1.6137878894805908
1930,12,train/lr,5.670461136437071e-05
1931,12,train/loss,1.6903780698776245
1931,12,train/lr,5.666347242416607e-05
1932,12,train/loss,1.4672462940216064
1932,12,train/lr,5.662232889094423e-05
1933,12,train/loss,1.6432921886444092
1933,12,train/lr,5.6581180793064756e-05
1934,12,train/loss,1.5856801271438599
1934,12,train/lr,5.6540028158890303e-05
1935,12,train/loss,1.5986741781234741
1935,12,train/lr,5.6498871016786705e-05
1936,12,train/loss,1.5666489601135254
1936,12,train/lr,5.6457709395122836e-05
1937,12,train/loss,1.5836248397827148
1937,12,train/lr,5.6416543322270695e-05
1938,12,train/loss,1.549220323562622
1938,12,train/lr,5.63753728266054e-05
1939,12,train/loss,1.6282782554626465
1939,12,train/lr,5.6334197936505016e-05
1940,12,train/loss,1.4235484600067139
1940,12,train/lr,5.6293018680350714e-05
1941,12,train/loss,1.4361205101013184
1941,12,train/lr,5.6251835086526636e-05
1942,12,train/loss,1.4113643169403076
1942,12,train/lr,5.621064718341994e-05
1943,12,train/loss,1.5697910785675049
1943,12,train/lr,5.616945499942071e-05
1944,12,train/loss,1.4793798923492432
1944,12,train/lr,5.6128258562922065e-05
1945,12,train/loss,1.5136563777923584
1945,12,train/lr,5.608705790231995e-05
1946,12,train/loss,1.536802053451538
1946,12,train/lr,5.6045853046013286e-05
1947,12,train/loss,1.7467293739318848
1947,12,train/lr,5.6004644022403896e-05
1948,12,train/loss,1.6810269355773926
1948,12,train/lr,5.596343085989644e-05
1949,12,train/loss,1.5372308492660522
1949,12,train/lr,5.592221358689843e-05
1950,12,train/loss,1.577460765838623
1950,12,train/lr,5.588099223182024e-05
1951,12,train/loss,1.6568779945373535
1951,12,train/lr,5.5839766823075034e-05
1952,12,train/loss,1.511263370513916
1952,12,train/lr,5.5798537389078776e-05
1953,12,train/loss,1.5836308002471924
1953,12,train/lr,5.575730395825023e-05
1954,12,train/loss,1.6794302463531494
1954,12,train/lr,5.571606655901088e-05
1955,12,train/loss,1.5855967998504639
1955,12,train/lr,5.567482521978493e-05
1956,12,train/loss,1.5716310739517212
1956,12,train/lr,5.5633579968999374e-05
1957,12,train/loss,1.5234731435775757
1957,12,train/lr,5.5592330835083815e-05
1958,12,train/loss,1.582859754562378
1958,12,train/lr,5.5551077846470613e-05
1959,12,train/loss,1.542238473892212
1959,12,train/lr,5.550982103159469e-05
1960,12,train/loss,1.6040384769439697
1960,12,train/lr,5.546856041889373e-05
1961,12,train/loss,1.5432875156402588
1961,12,train/lr,5.54272960368079e-05
1962,12,train/loss,1.4126757383346558
1962,12,train/lr,5.538602791378007e-05
1963,12,train/loss,1.447088360786438
1963,12,train/lr,5.534475607825566e-05
1964,12,train/loss,1.4316866397857666
1964,12,train/lr,5.530348055868257e-05
1965,12,train/loss,1.5479884147644043
1965,12,train/lr,5.526220138351138e-05
1966,12,train/loss,1.4270899295806885
1966,12,train/lr,5.522091858119509e-05
1967,12,train/loss,1.5225400924682617
1967,12,train/lr,5.517963218018922e-05
1968,12,train/loss,1.5405001640319824
1968,12,train/lr,5.513834220895179e-05
1969,12,train/loss,1.526130199432373
1969,12,train/lr,5.5097048695943265e-05
1970,12,train/loss,1.4959691762924194
1970,12,train/lr,5.505575166962654e-05
1971,12,train/loss,1.7585701942443848
1971,12,train/lr,5.5014451158466975e-05
1972,12,train/loss,1.5787529945373535
1972,12,train/lr,5.49731471909323e-05
1973,12,train/loss,1.655288815498352
1973,12,train/lr,5.493183979549258e-05
1974,12,train/loss,1.5906982421875
1974,12,train/lr,5.489052900062036e-05
1975,12,train/loss,1.5672334432601929
1975,12,train/lr,5.484921483479043e-05
1976,12,train/loss,1.6950254440307617
1976,12,train/lr,5.480789732647993e-05
1977,12,train/loss,1.4320528507232666
1977,12,train/lr,5.476657650416832e-05
1978,12,train/loss,1.6191167831420898
1978,12,train/lr,5.472525239633736e-05
1979,12,train/loss,1.6334147453308105
1979,12,train/lr,5.468392503147098e-05
1980,12,train/loss,1.6731572151184082
1980,12,train/lr,5.46425944380555e-05
1981,12,train/loss,1.5137975215911865
1981,12,train/lr,5.4601260644579346e-05
1982,12,train/loss,1.6213810443878174
1982,12,train/lr,5.4559923679533173e-05
1983,12,train/loss,1.5682768821716309
1983,12,train/lr,5.45185835714099e-05
1984,12,train/loss,1.4627394676208496
1984,12,train/lr,5.447724034870451e-05
1985,12,train/loss,1.5558087825775146
1985,12,train/lr,5.443589403991418e-05
1986,12,train/loss,1.5674633979797363
1986,12,train/lr,5.439454467353823e-05
1987,12,train/loss,1.5893440246582031
1987,12,train/lr,5.435319227807807e-05
1988,12,train/loss,1.488258719444275
1988,12,train/lr,5.431183688203716e-05
1989,12,train/loss,1.6095749139785767
1989,12,train/lr,5.427047851392111e-05
1990,12,train/loss,1.6235367059707642
1990,12,train/lr,5.42291172022375e-05
1991,12,train/loss,1.7807135581970215
1991,12,train/lr,5.4187752975495995e-05
1992,12,train/loss,1.6683874130249023
1992,12,train/lr,5.414638586220824e-05
1992,12,train/batches,331.0
1992,12,train/compute_pct,99.87664679274822
1992,12,train/compute_sec,32.970852929996
1992,12,train/data_wait_pct,0.12335320725177559
1992,12,train/data_wait_sec,0.0407208350034125
1992,12,train/examples,5296.0
1992,12,train/examples_per_sec,160.42858294793248
1992,12,train/input_tokens,625993.0
1992,12,train/peak_vram_gb,4.882710933685303
1992,12,train/target_tokens,424742.0
1992,12,train/tokens_per_sec,31829.29137156266
1992,12,train/total_sec,33.01157376499941
1992,12,train/epoch_loss,1.5752568842781274
1992,12,epoch12/batches,331.0
1992,12,epoch12/compute_pct,99.87664679274822
1992,12,epoch12/compute_sec,32.970852929996
1992,12,epoch12/data_wait_pct,0.12335320725177559
1992,12,epoch12/data_wait_sec,0.0407208350034125
1992,12,epoch12/examples,5296.0
1992,12,epoch12/examples_per_sec,160.42858294793248
1992,12,epoch12/input_tokens,625993.0
1992,12,epoch12/peak_vram_gb,4.882710933685303
1992,12,epoch12/target_tokens,424742.0
1992,12,epoch12/tokens_per_sec,31829.29137156266
1992,12,epoch12/total_sec,33.01157376499941
1992,12,val/bleu,14.170955005690628
1992,12,val/chrf,35.68682273381705
1992,12,val/combined,22.488138190098773
1992,12,val/eval_peak_vram_gb,4.882710933685303
1992,12,val/eval_samples_per_sec,12.692348582251583
1992,12,val/eval_seconds,47.03621210300025
1992,12,val/eval_tokens_per_sec,3898.655776073921
1993,13,train/loss,1.6822965145111084
1993,13,train/lr,5.410501589088785e-05
1994,13,train/loss,1.604646921157837
1994,13,train/lr,5.4063643090050484e-05
1995,13,train/loss,1.7530157566070557
1995,13,train/lr,5.4022267488213666e-05
1996,13,train/loss,1.5202586650848389
1996,13,train/lr,5.3980889113896915e-05
1997,13,train/loss,1.7328338623046875
1997,13,train/lr,5.393950799562161e-05
1998,13,train/loss,1.3685823678970337
1998,13,train/lr,5.3898124161911057e-05
1999,13,train/loss,1.6297723054885864
1999,13,train/lr,5.385673764129042e-05
2000,13,train/loss,1.4924440383911133
2000,13,train/lr,5.381534846228673e-05
2001,13,train/loss,1.494489073753357
2001,13,train/lr,5.377395665342881e-05
2002,13,train/loss,1.6113039255142212
2002,13,train/lr,5.373256224324736e-05
2003,13,train/loss,1.5497865676879883
2003,13,train/lr,5.36911652602748e-05
2004,13,train/loss,1.4433605670928955
2004,13,train/lr,5.364976573304538e-05
2005,13,train/loss,1.565056562423706
2005,13,train/lr,5.3608363690095074e-05
2006,13,train/loss,1.6344164609909058
2006,13,train/lr,5.3566959159961615e-05
2007,13,train/loss,1.4731667041778564
2007,13,train/lr,5.3525552171184434e-05
2008,13,train/loss,1.4502203464508057
2008,13,train/lr,5.348414275230463e-05
2009,13,train/loss,1.5282704830169678
2009,13,train/lr,5.3442730931865036e-05
2010,13,train/loss,1.5837833881378174
2010,13,train/lr,5.34013167384101e-05
2011,13,train/loss,1.5007286071777344
2011,13,train/lr,5.33599002004859e-05
2012,13,train/loss,1.6079576015472412
2012,13,train/lr,5.331848134664017e-05
2013,13,train/loss,1.585620641708374
2013,13,train/lr,5.327706020542219e-05
2014,13,train/loss,1.6222422122955322
2014,13,train/lr,5.323563680538286e-05
2015,13,train/loss,1.6406803131103516
2015,13,train/lr,5.319421117507462e-05
2016,13,train/loss,1.6434249877929688
2016,13,train/lr,5.3152783343051424e-05
2017,13,train/loss,1.6446096897125244
2017,13,train/lr,5.3111353337868784e-05
2018,13,train/loss,1.6476335525512695
2018,13,train/lr,5.3069921188083695e-05
2019,13,train/loss,1.5108741521835327
2019,13,train/lr,5.302848692225461e-05
2020,13,train/loss,1.5557754039764404
2020,13,train/lr,5.2987050568941456e-05
2021,13,train/loss,1.6346014738082886
2021,13,train/lr,5.294561215670564e-05
2022,13,train/loss,1.751126766204834
2022,13,train/lr,5.2904171714109884e-05
2023,13,train/loss,1.6111972332000732
2023,13,train/lr,5.2862729269718435e-05
2024,13,train/loss,1.496766209602356
2024,13,train/lr,5.2821284852096834e-05
2025,13,train/loss,1.564149260520935
2025,13,train/lr,5.2779838489812e-05
2026,13,train/loss,1.4559438228607178
2026,13,train/lr,5.273839021143218e-05
2027,13,train/loss,1.5546679496765137
2027,13,train/lr,5.269694004552702e-05
2028,13,train/loss,1.6249332427978516
2028,13,train/lr,5.2655488020667365e-05
2029,13,train/loss,1.4835022687911987
2029,13,train/lr,5.261403416542537e-05
2030,13,train/loss,1.4701346158981323
2030,13,train/lr,5.2572578508374516e-05
2031,13,train/loss,1.4901052713394165
2031,13,train/lr,5.253112107808943e-05
2032,13,train/loss,1.3861011266708374
2032,13,train/lr,5.2489661903146034e-05
2033,13,train/loss,1.4640612602233887
2033,13,train/lr,5.244820101212142e-05
2034,13,train/loss,1.5224931240081787
2034,13,train/lr,5.2406738433593873e-05
2035,13,train/loss,1.5076522827148438
2035,13,train/lr,5.236527419614281e-05
2036,13,train/loss,1.5089747905731201
2036,13,train/lr,5.2323808328348857e-05
2037,13,train/loss,1.5561680793762207
2037,13,train/lr,5.22823408587937e-05
2038,13,train/loss,1.6149365901947021
2038,13,train/lr,5.224087181606014e-05
2039,13,train/loss,1.5732736587524414
2039,13,train/lr,5.2199401228732136e-05
2040,13,train/loss,1.5701502561569214
2040,13,train/lr,5.215792912539458e-05
2041,13,train/loss,1.5476046800613403
2041,13,train/lr,5.211645553463353e-05
2042,13,train/loss,1.698197364807129
2042,13,train/lr,5.207498048503599e-05
2043,13,train/loss,1.4718458652496338
2043,13,train/lr,5.203350400519003e-05
2044,13,train/loss,1.6936837434768677
2044,13,train/lr,5.1992026123684636e-05
2045,13,train/loss,1.6720503568649292
2045,13,train/lr,5.1950546869109854e-05
2046,13,train/loss,1.6868946552276611
2046,13,train/lr,5.190906627005658e-05
2047,13,train/loss,1.554821491241455
2047,13,train/lr,5.186758435511668e-05
2048,13,train/loss,1.569258213043213
2048,13,train/lr,5.182610115288295e-05
2049,13,train/loss,1.5437865257263184
2049,13,train/lr,5.178461669194903e-05
2050,13,train/loss,1.5702855587005615
2050,13,train/lr,5.174313100090945e-05
2051,13,train/loss,1.504213571548462
2051,13,train/lr,5.170164410835959e-05
2052,13,train/loss,1.5302562713623047
2052,13,train/lr,5.1660156042895656e-05
2053,13,train/loss,1.6501502990722656
2053,13,train/lr,5.1618666833114645e-05
2054,13,train/loss,1.569746732711792
2054,13,train/lr,5.157717650761439e-05
2055,13,train/loss,1.5388305187225342
2055,13,train/lr,5.153568509499341e-05
2056,13,train/loss,1.637998342514038
2056,13,train/lr,5.149419262385106e-05
2057,13,train/loss,1.4938424825668335
2057,13,train/lr,5.145269912278737e-05
2058,13,train/loss,1.5614185333251953
2058,13,train/lr,5.141120462040312e-05
2059,13,train/loss,1.4502172470092773
2059,13,train/lr,5.136970914529975e-05
2060,13,train/loss,1.588531255722046
2060,13,train/lr,5.132821272607936e-05
2061,13,train/loss,1.4964406490325928
2061,13,train/lr,5.1286715391344745e-05
2062,13,train/loss,1.561889410018921
2062,13,train/lr,5.124521716969928e-05
2063,13,train/loss,1.510247826576233
2063,13,train/lr,5.1203718089747e-05
2064,13,train/loss,1.5589423179626465
2064,13,train/lr,5.1162218180092505e-05
2065,13,train/loss,1.6105259656906128
2065,13,train/lr,5.112071746934095e-05
2066,13,train/loss,1.604330062866211
2066,13,train/lr,5.1079215986098096e-05
2067,13,train/loss,1.6620168685913086
2067,13,train/lr,5.1037713758970174e-05
2068,13,train/loss,1.5727115869522095
2068,13,train/lr,5.099621081656397e-05
2069,13,train/loss,1.5300817489624023
2069,13,train/lr,5.095470718748675e-05
2070,13,train/loss,1.6590583324432373
2070,13,train/lr,5.091320290034625e-05
2071,13,train/loss,1.6496093273162842
2071,13,train/lr,5.087169798375065e-05
2072,13,train/loss,1.554062008857727
2072,13,train/lr,5.083019246630861e-05
2073,13,train/loss,1.455413579940796
2073,13,train/lr,5.0788686376629147e-05
2074,13,train/loss,1.561234474182129
2074,13,train/lr,5.0747179743321695e-05
2075,13,train/loss,1.5042357444763184
2075,13,train/lr,5.070567259499608e-05
2076,13,train/loss,1.5419031381607056
2076,13,train/lr,5.066416496026245e-05
2077,13,train/loss,1.5489437580108643
2077,13,train/lr,5.0622656867731314e-05
2078,13,train/loss,1.6285442113876343
2078,13,train/lr,5.058114834601346e-05
2079,13,train/loss,1.5256848335266113
2079,13,train/lr,5.0539639423720066e-05
2080,13,train/loss,1.4206039905548096
2080,13,train/lr,5.049813012946245e-05
2081,13,train/loss,1.5718889236450195
2081,13,train/lr,5.045662049185229e-05
2082,13,train/loss,1.4422894716262817
2082,13,train/lr,5.041511053950147e-05
2083,13,train/loss,1.4281086921691895
2083,13,train/lr,5.037360030102208e-05
2084,13,train/loss,1.623166799545288
2084,13,train/lr,5.033208980502642e-05
2085,13,train/loss,1.5002427101135254
2085,13,train/lr,5.0290579080126944e-05
2086,13,train/loss,1.482771396636963
2086,13,train/lr,5.0249068154936304e-05
2087,13,train/loss,1.5692336559295654
2087,13,train/lr,5.0207557058067245e-05
2088,13,train/loss,1.7526495456695557
2088,13,train/lr,5.016604581813269e-05
2089,13,train/loss,1.6177271604537964
2089,13,train/lr,5.0124534463745576e-05
2090,13,train/loss,1.5952606201171875
2090,13,train/lr,5.008302302351901e-05
2091,13,train/loss,1.6701710224151611
2091,13,train/lr,5.00415115260661e-05
2092,13,train/loss,1.6035308837890625
2092,13,train/lr,5e-05
2093,13,train/loss,1.693084955215454
2093,13,train/lr,4.99584884739339e-05
2094,13,train/loss,1.6906908750534058
2094,13,train/lr,4.9916976976481e-05
2095,13,train/loss,1.8543142080307007
2095,13,train/lr,4.9875465536254436e-05
2096,13,train/loss,1.6186103820800781
2096,13,train/lr,4.9833954181867323e-05
2097,13,train/loss,1.639042615890503
2097,13,train/lr,4.979244294193275e-05
2098,13,train/loss,1.6718822717666626
2098,13,train/lr,4.975093184506372e-05
2099,13,train/loss,1.7004420757293701
2099,13,train/lr,4.970942091987307e-05
2100,13,train/loss,1.4489974975585938
2100,13,train/lr,4.9667910194973595e-05
2101,13,train/loss,1.5563244819641113
2101,13,train/lr,4.962639969897792e-05
2102,13,train/loss,1.6236162185668945
2102,13,train/lr,4.958488946049853e-05
2103,13,train/loss,1.5795023441314697
2103,13,train/lr,4.9543379508147716e-05
2104,13,train/loss,1.5016244649887085
2104,13,train/lr,4.9501869870537545e-05
2105,13,train/loss,1.4070804119110107
2105,13,train/lr,4.946036057627996e-05
2106,13,train/loss,1.5303757190704346
2106,13,train/lr,4.941885165398655e-05
2107,13,train/loss,1.3646788597106934
2107,13,train/lr,4.9377343132268704e-05
2108,13,train/loss,1.5068423748016357
2108,13,train/lr,4.933583503973755e-05
2109,13,train/loss,1.4918075799942017
2109,13,train/lr,4.929432740500394e-05
2110,13,train/loss,1.4468079805374146
2110,13,train/lr,4.925282025667832e-05
2111,13,train/loss,1.4371964931488037
2111,13,train/lr,4.921131362337086e-05
2112,13,train/loss,1.6465790271759033
2112,13,train/lr,4.91698075336914e-05
2113,13,train/loss,1.5772864818572998
2113,13,train/lr,4.912830201624936e-05
2114,13,train/loss,1.623761773109436
2114,13,train/lr,4.9086797099653756e-05
2115,13,train/loss,1.506060004234314
2115,13,train/lr,4.904529281251326e-05
2116,13,train/loss,1.5722798109054565
2116,13,train/lr,4.900378918343605e-05
2117,13,train/loss,1.702568769454956
2117,13,train/lr,4.896228624102984e-05
2118,13,train/loss,1.4811885356903076
2118,13,train/lr,4.892078401390192e-05
2119,13,train/loss,1.5184016227722168
2119,13,train/lr,4.887928253065905e-05
2120,13,train/loss,1.4788479804992676
2120,13,train/lr,4.883778181990751e-05
2121,13,train/loss,1.486496925354004
2121,13,train/lr,4.8796281910253013e-05
2122,13,train/loss,1.6245934963226318
2122,13,train/lr,4.875478283030072e-05
2123,13,train/loss,1.7445542812347412
2123,13,train/lr,4.871328460865528e-05
2124,13,train/loss,1.5456223487854004
2124,13,train/lr,4.867178727392065e-05
2125,13,train/loss,1.4364042282104492
2125,13,train/lr,4.863029085470026e-05
2126,13,train/loss,1.594178318977356
2126,13,train/lr,4.858879537959687e-05
2127,13,train/loss,1.5178136825561523
2127,13,train/lr,4.854730087721263e-05
2128,13,train/loss,1.4423112869262695
2128,13,train/lr,4.850580737614895e-05
2129,13,train/loss,1.424452543258667
2129,13,train/lr,4.8464314905006594e-05
2130,13,train/loss,1.5316978693008423
2130,13,train/lr,4.8422823492385636e-05
2131,13,train/loss,1.5458848476409912
2131,13,train/lr,4.8381333166885366e-05
2132,13,train/loss,1.5655092000961304
2132,13,train/lr,4.8339843957104355e-05
2133,13,train/loss,1.5818712711334229
2133,13,train/lr,4.8298355891640415e-05
2134,13,train/loss,1.5060186386108398
2134,13,train/lr,4.825686899909057e-05
2135,13,train/loss,1.467750906944275
2135,13,train/lr,4.821538330805098e-05
2136,13,train/loss,1.5035748481750488
2136,13,train/lr,4.817389884711705e-05
2137,13,train/loss,1.6212072372436523
2137,13,train/lr,4.8132415644883325e-05
2138,13,train/loss,1.6141657829284668
2138,13,train/lr,4.8090933729943444e-05
2139,13,train/loss,1.6101667881011963
2139,13,train/lr,4.804945313089015e-05
2140,13,train/loss,1.577590823173523
2140,13,train/lr,4.800797387631536e-05
2141,13,train/loss,1.6260581016540527
2141,13,train/lr,4.796649599481e-05
2142,13,train/loss,1.6320276260375977
2142,13,train/lr,4.792501951496402e-05
2143,13,train/loss,1.787327527999878
2143,13,train/lr,4.7883544465366485e-05
2144,13,train/loss,1.635750651359558
2144,13,train/lr,4.784207087460542e-05
2145,13,train/loss,1.4851222038269043
2145,13,train/lr,4.780059877126789e-05
2146,13,train/loss,1.6059627532958984
2146,13,train/lr,4.7759128183939864e-05
2147,13,train/loss,1.4863359928131104
2147,13,train/lr,4.771765914120631e-05
2148,13,train/loss,1.6134393215179443
2148,13,train/lr,4.767619167165117e-05
2149,13,train/loss,1.5209431648254395
2149,13,train/lr,4.7634725803857206e-05
2150,13,train/loss,1.6144071817398071
2150,13,train/lr,4.7593261566406145e-05
2151,13,train/loss,1.5584557056427002
2151,13,train/lr,4.755179898787858e-05
2152,13,train/loss,1.4954583644866943
2152,13,train/lr,4.751033809685397e-05
2153,13,train/loss,1.5265076160430908
2153,13,train/lr,4.7468878921910574e-05
2154,13,train/loss,1.5056300163269043
2154,13,train/lr,4.742742149162549e-05
2155,13,train/loss,1.589458703994751
2155,13,train/lr,4.738596583457463e-05
2156,13,train/loss,1.5853538513183594
2156,13,train/lr,4.734451197933266e-05
2157,13,train/loss,1.638997197151184
2157,13,train/lr,4.7303059954473e-05
2158,13,train/loss,1.5953068733215332
2158,13,train/lr,4.726160978856782e-05
2158,13,train/batches,331.0
2158,13,train/compute_pct,99.8899073282347
2158,13,train/compute_sec,32.73449830100344
2158,13,train/data_wait_pct,0.11009267176529505
2158,13,train/data_wait_sec,0.03607800300596864
2158,13,train/examples,5296.0
2158,13,train/examples_per_sec,161.6083876850236
2158,13,train/input_tokens,625993.0
2158,13,train/peak_vram_gb,4.883403301239014
2158,13,train/target_tokens,424438.0
2158,13,train/tokens_per_sec,32054.089932848754
2158,13,train/total_sec,32.77057630400941
2158,13,train/epoch_loss,1.5593322126526847
2158,13,epoch13/batches,331.0
2158,13,epoch13/compute_pct,99.8899073282347
2158,13,epoch13/compute_sec,32.73449830100344
2158,13,epoch13/data_wait_pct,0.11009267176529505
2158,13,epoch13/data_wait_sec,0.03607800300596864
2158,13,epoch13/examples,5296.0
2158,13,epoch13/examples_per_sec,161.6083876850236
2158,13,epoch13/input_tokens,625993.0
2158,13,epoch13/peak_vram_gb,4.883403301239014
2158,13,epoch13/target_tokens,424438.0
2158,13,epoch13/tokens_per_sec,32054.089932848754
2158,13,epoch13/total_sec,32.77057630400941
2158,13,val/bleu,16.191122140577274
2158,13,val/chrf,37.00170315525695
2158,13,val/combined,24.476500877293486
2158,13,val/eval_peak_vram_gb,4.883403301239014
2158,13,val/eval_samples_per_sec,13.445301966855832
2158,13,val/eval_seconds,44.40212659200006
2158,13,val/eval_tokens_per_sec,3862.517702719669
2159,14,train/loss,1.5258111953735352
2159,14,train/lr,4.7220161510188035e-05
2160,14,train/loss,1.694543480873108
2160,14,train/lr,4.7178715147903185e-05
2161,14,train/loss,1.5216658115386963
2161,14,train/lr,4.7137270730281576e-05
2162,14,train/loss,1.5500764846801758
2162,14,train/lr,4.709582828589011e-05
2163,14,train/loss,1.6853957176208496
2163,14,train/lr,4.705438784329439e-05
2164,14,train/loss,1.4447178840637207
2164,14,train/lr,4.7012949431058556e-05
2165,14,train/loss,1.6116085052490234
2165,14,train/lr,4.6971513077745405e-05
2166,14,train/loss,1.6045770645141602
2166,14,train/lr,4.693007881191631e-05
2167,14,train/loss,1.5931134223937988
2167,14,train/lr,4.688864666213123e-05
2168,14,train/loss,1.4969322681427002
2168,14,train/lr,4.684721665694859e-05
2169,14,train/loss,1.495181679725647
2169,14,train/lr,4.6805788824925386e-05
2170,14,train/loss,1.6077544689178467
2170,14,train/lr,4.676436319461715e-05
2171,14,train/loss,1.4468239545822144
2171,14,train/lr,4.672293979457782e-05
2172,14,train/loss,1.5731911659240723
2172,14,train/lr,4.668151865335983e-05
2173,14,train/loss,1.5370535850524902
2173,14,train/lr,4.6640099799514106e-05
2174,14,train/loss,1.4904870986938477
2174,14,train/lr,4.659868326158992e-05
2175,14,train/loss,1.4132795333862305
2175,14,train/lr,4.655726906813497e-05
2176,14,train/loss,1.4847508668899536
2176,14,train/lr,4.6515857247695373e-05
2177,14,train/loss,1.5955060720443726
2177,14,train/lr,4.647444782881559e-05
2178,14,train/loss,1.5452783107757568
2178,14,train/lr,4.643304084003839e-05
2179,14,train/loss,1.4791641235351562
2179,14,train/lr,4.639163630990493e-05
2180,14,train/loss,1.4999639987945557
2180,14,train/lr,4.6350234266954626e-05
2181,14,train/loss,1.6319894790649414
2181,14,train/lr,4.6308834739725215e-05
2182,14,train/loss,1.6031990051269531
2182,14,train/lr,4.626743775675265e-05
2183,14,train/loss,1.5696344375610352
2183,14,train/lr,4.622604334657119e-05
2184,14,train/loss,1.5998263359069824
2184,14,train/lr,4.618465153771327e-05
2185,14,train/loss,1.6148018836975098
2185,14,train/lr,4.614326235870958e-05
2186,14,train/loss,1.5819696187973022
2186,14,train/lr,4.6101875838088955e-05
2187,14,train/loss,1.6413605213165283
2187,14,train/lr,4.606049200437839e-05
2188,14,train/loss,1.4585061073303223
2188,14,train/lr,4.60191108861031e-05
2189,14,train/loss,1.5439180135726929
2189,14,train/lr,4.597773251178634e-05
2190,14,train/loss,1.4970581531524658
2190,14,train/lr,4.593635690994953e-05
2191,14,train/loss,1.5556937456130981
2191,14,train/lr,4.589498410911215e-05
2192,14,train/loss,1.3753141164779663
2192,14,train/lr,4.585361413779179e-05
2193,14,train/loss,1.6538141965866089
2193,14,train/lr,4.5812247024504016e-05
2194,14,train/loss,1.4887940883636475
2194,14,train/lr,4.577088279776251e-05
2195,14,train/loss,1.4717296361923218
2195,14,train/lr,4.572952148607892e-05
2196,14,train/loss,1.5492730140686035
2196,14,train/lr,4.568816311796285e-05
2197,14,train/loss,1.4497088193893433
2197,14,train/lr,4.564680772192195e-05
2198,14,train/loss,1.3430345058441162
2198,14,train/lr,4.560545532646178e-05
2199,14,train/loss,1.5086579322814941
2199,14,train/lr,4.556410596008583e-05
2200,14,train/loss,1.5489280223846436
2200,14,train/lr,4.5522759651295504e-05
2201,14,train/loss,1.4934582710266113
2201,14,train/lr,4.548141642859012e-05
2202,14,train/loss,1.4742193222045898
2202,14,train/lr,4.5440076320466825e-05
2203,14,train/loss,1.543605923652649
2203,14,train/lr,4.5398739355420686e-05
2204,14,train/loss,1.5668363571166992
2204,14,train/lr,4.535740556194452e-05
2205,14,train/loss,1.7035653591156006
2205,14,train/lr,4.5316074968529016e-05
2206,14,train/loss,1.5568273067474365
2206,14,train/lr,4.527474760366267e-05
2207,14,train/loss,1.6211261749267578
2207,14,train/lr,4.523342349583169e-05
2208,14,train/loss,1.640820026397705
2208,14,train/lr,4.5192102673520074e-05
2209,14,train/loss,1.65049147605896
2209,14,train/lr,4.515078516520959e-05
2210,14,train/loss,1.7336220741271973
2210,14,train/lr,4.510947099937967e-05
2211,14,train/loss,1.7660901546478271
2211,14,train/lr,4.5068160204507425e-05
2212,14,train/loss,1.6101751327514648
2212,14,train/lr,4.502685280906772e-05
2213,14,train/loss,1.6494863033294678
2213,14,train/lr,4.4985548841533036e-05
2214,14,train/loss,1.5867559909820557
2214,14,train/lr,4.4944248330373465e-05
2215,14,train/loss,1.568936824798584
2215,14,train/lr,4.490295130405674e-05
2216,14,train/loss,1.5314538478851318
2216,14,train/lr,4.486165779104822e-05
2217,14,train/loss,1.4845106601715088
2217,14,train/lr,4.482036781981079e-05
2218,14,train/loss,1.602906584739685
2218,14,train/lr,4.477908141880492e-05
2219,14,train/loss,1.4370899200439453
2219,14,train/lr,4.473779861648862e-05
2220,14,train/loss,1.4684991836547852
2220,14,train/lr,4.469651944131743e-05
2221,14,train/loss,1.4778709411621094
2221,14,train/lr,4.4655243921744374e-05
2222,14,train/loss,1.5072481632232666
2222,14,train/lr,4.461397208621994e-05
2223,14,train/loss,1.433253288269043
2223,14,train/lr,4.45727039631921e-05
2224,14,train/loss,1.5488321781158447
2224,14,train/lr,4.4531439581106295e-05
2225,14,train/loss,1.5828092098236084
2225,14,train/lr,4.449017896840532e-05
2226,14,train/loss,1.6501792669296265
2226,14,train/lr,4.4448922153529405e-05
2227,14,train/loss,1.4846808910369873
2227,14,train/lr,4.440766916491618e-05
2228,14,train/loss,1.5801939964294434
2228,14,train/lr,4.4366420031000644e-05
2229,14,train/loss,1.4568524360656738
2229,14,train/lr,4.432517478021508e-05
2230,14,train/loss,1.4977636337280273
2230,14,train/lr,4.428393344098913e-05
2231,14,train/loss,1.5769093036651611
2231,14,train/lr,4.424269604174978e-05
2232,14,train/loss,1.6047663688659668
2232,14,train/lr,4.4201462610921235e-05
2233,14,train/loss,1.6749341487884521
2233,14,train/lr,4.416023317692498e-05
2234,14,train/loss,1.5201284885406494
2234,14,train/lr,4.411900776817978e-05
2235,14,train/loss,1.428574800491333
2235,14,train/lr,4.4077786413101595e-05
2236,14,train/loss,1.669634461402893
2236,14,train/lr,4.403656914010358e-05
2237,14,train/loss,1.729972004890442
2237,14,train/lr,4.3995355977596116e-05
2238,14,train/loss,1.6044514179229736
2238,14,train/lr,4.3954146953986706e-05
2239,14,train/loss,1.7132158279418945
2239,14,train/lr,4.391294209768007e-05
2240,14,train/loss,1.591395616531372
2240,14,train/lr,4.3871741437077946e-05
2241,14,train/loss,1.5781047344207764
2241,14,train/lr,4.3830545000579285e-05
2242,14,train/loss,1.4949281215667725
2242,14,train/lr,4.378935281658009e-05
2243,14,train/loss,1.6328537464141846
2243,14,train/lr,4.374816491347337e-05
2244,14,train/loss,1.3326622247695923
2244,14,train/lr,4.37069813196493e-05
2245,14,train/loss,1.4814589023590088
2245,14,train/lr,4.366580206349498e-05
2246,14,train/loss,1.505244255065918
2246,14,train/lr,4.362462717339461e-05
2247,14,train/loss,1.4843025207519531
2247,14,train/lr,4.358345667772931e-05
2248,14,train/loss,1.4431995153427124
2248,14,train/lr,4.3542290604877176e-05
2249,14,train/loss,1.374277949333191
2249,14,train/lr,4.350112898321331e-05
2250,14,train/loss,1.5863735675811768
2250,14,train/lr,4.345997184110971e-05
2251,14,train/loss,1.5348788499832153
2251,14,train/lr,4.341881920693525e-05
2252,14,train/loss,1.4561426639556885
2252,14,train/lr,4.337767110905578e-05
2253,14,train/loss,1.5458428859710693
2253,14,train/lr,4.333652757583396e-05
2254,14,train/loss,1.5837904214859009
2254,14,train/lr,4.32953886356293e-05
2255,14,train/loss,1.487750768661499
2255,14,train/lr,4.325425431679818e-05
2256,14,train/loss,1.6705188751220703
2256,14,train/lr,4.32131246476938e-05
2257,14,train/loss,1.5250439643859863
2257,14,train/lr,4.317199965666613e-05
2258,14,train/loss,1.6540676355361938
2258,14,train/lr,4.3130879372061885e-05
2259,14,train/loss,1.5920487642288208
2259,14,train/lr,4.3089763822224613e-05
2260,14,train/loss,1.667245864868164
2260,14,train/lr,4.304865303549455e-05
2261,14,train/loss,1.6403026580810547
2261,14,train/lr,4.300754704020861e-05
2262,14,train/loss,1.5080771446228027
2262,14,train/lr,4.296644586470051e-05
2263,14,train/loss,1.6310746669769287
2263,14,train/lr,4.292534953730055e-05
2264,14,train/loss,1.5862064361572266
2264,14,train/lr,4.288425808633575e-05
2265,14,train/loss,1.5021605491638184
2265,14,train/lr,4.2843171540129726e-05
2266,14,train/loss,1.4769482612609863
2266,14,train/lr,4.28020899270027e-05
2267,14,train/loss,1.6230791807174683
2267,14,train/lr,4.2761013275271574e-05
2268,14,train/loss,1.3960636854171753
2268,14,train/lr,4.271994161324977e-05
2269,14,train/loss,1.593665599822998
2269,14,train/lr,4.267887496924724e-05
2270,14,train/loss,1.6209499835968018
2270,14,train/lr,4.263781337157055e-05
2271,14,train/loss,1.4299824237823486
2271,14,train/lr,4.259675684852276e-05
2272,14,train/loss,1.5634915828704834
2272,14,train/lr,4.255570542840342e-05
2273,14,train/loss,1.5264209508895874
2273,14,train/lr,4.251465913950853e-05
2274,14,train/loss,1.5191251039505005
2274,14,train/lr,4.247361801013066e-05
2275,14,train/loss,1.4954264163970947
2275,14,train/lr,4.243258206855872e-05
2276,14,train/loss,1.4645850658416748
2276,14,train/lr,4.239155134307806e-05
2277,14,train/loss,1.4398102760314941
2277,14,train/lr,4.235052586197049e-05
2278,14,train/loss,1.4491705894470215
2278,14,train/lr,4.2309505653514175e-05
2279,14,train/loss,1.437582015991211
2279,14,train/lr,4.22684907459836e-05
2280,14,train/loss,1.520674467086792
2280,14,train/lr,4.222748116764967e-05
2281,14,train/loss,1.5286905765533447
2281,14,train/lr,4.218647694677956e-05
2282,14,train/loss,1.5730682611465454
2282,14,train/lr,4.214547811163681e-05
2283,14,train/loss,1.5779013633728027
2283,14,train/lr,4.2104484690481193e-05
2284,14,train/loss,1.569380760192871
2284,14,train/lr,4.2063496711568754e-05
2285,14,train/loss,1.5131757259368896
2285,14,train/lr,4.202251420315181e-05
2286,14,train/loss,1.6917293071746826
2286,14,train/lr,4.1981537193478946e-05
2287,14,train/loss,1.5893442630767822
2287,14,train/lr,4.194056571079486e-05
2288,14,train/loss,1.651017189025879
2288,14,train/lr,4.18995997833405e-05
2289,14,train/loss,1.5807766914367676
2289,14,train/lr,4.1858639439353e-05
2290,14,train/loss,1.6204240322113037
2290,14,train/lr,4.1817684707065605e-05
2291,14,train/loss,1.4069981575012207
2291,14,train/lr,4.177673561470769e-05
2292,14,train/loss,1.4857685565948486
2292,14,train/lr,4.17357921905048e-05
2293,14,train/loss,1.4319074153900146
2293,14,train/lr,4.169485446267852e-05
2294,14,train/loss,1.4511373043060303
2294,14,train/lr,4.165392245944651e-05
2295,14,train/loss,1.518559217453003
2295,14,train/lr,4.1612996209022515e-05
2296,14,train/loss,1.3157516717910767
2296,14,train/lr,4.1572075739616274e-05
2297,14,train/loss,1.5100390911102295
2297,14,train/lr,4.1531161079433604e-05
2298,14,train/loss,1.5297367572784424
2298,14,train/lr,4.1490252256676245e-05
2299,14,train/loss,1.5132966041564941
2299,14,train/lr,4.144934929954194e-05
2300,14,train/loss,1.3803915977478027
2300,14,train/lr,4.1408452236224435e-05
2301,14,train/loss,1.4880926609039307
2301,14,train/lr,4.1367561094913335e-05
2302,14,train/loss,1.5827196836471558
2302,14,train/lr,4.1326675903794214e-05
2303,14,train/loss,1.5920135974884033
2303,14,train/lr,4.1285796691048536e-05
2304,14,train/loss,1.5949747562408447
2304,14,train/lr,4.124492348485365e-05
2305,14,train/loss,1.7141027450561523
2305,14,train/lr,4.120405631338274e-05
2306,14,train/loss,1.545292854309082
2306,14,train/lr,4.116319520480485e-05
2307,14,train/loss,1.6490405797958374
2307,14,train/lr,4.1122340187284846e-05
2308,14,train/loss,1.71242094039917
2308,14,train/lr,4.108149128898339e-05
2309,14,train/loss,1.4980673789978027
2309,14,train/lr,4.10406485380569e-05
2310,14,train/loss,1.7039320468902588
2310,14,train/lr,4.0999811962657624e-05
2311,14,train/loss,1.5313856601715088
2311,14,train/lr,4.0958981590933505e-05
2312,14,train/loss,1.52665114402771
2312,14,train/lr,4.0918157451028185e-05
2313,14,train/loss,1.6687414646148682
2313,14,train/lr,4.0877339571081074e-05
2314,14,train/loss,1.5641639232635498
2314,14,train/lr,4.083652797922722e-05
2315,14,train/loss,1.5141429901123047
2315,14,train/lr,4.079572270359738e-05
2316,14,train/loss,1.4460134506225586
2316,14,train/lr,4.075492377231789e-05
2317,14,train/loss,1.4953136444091797
2317,14,train/lr,4.0714131213510784e-05
2318,14,train/loss,1.4446336030960083
2318,14,train/lr,4.067334505529367e-05
2319,14,train/loss,1.5063802003860474
2319,14,train/lr,4.063256532577972e-05
2320,14,train/loss,1.5375537872314453
2320,14,train/lr,4.0591792053077725e-05
2321,14,train/loss,1.6693572998046875
2321,14,train/lr,4.0551025265292e-05
2322,14,train/loss,1.5626716613769531
2322,14,train/lr,4.05102649905224e-05
2323,14,train/loss,1.634408712387085
2323,14,train/lr,4.0469511256864265e-05
2324,14,train/loss,1.5778439044952393
2324,14,train/lr,4.0428764092408445e-05
2324,14,train/batches,331.0
2324,14,train/compute_pct,99.88912569509918
2324,14,train/compute_sec,33.151639718003025
2324,14,train/data_wait_pct,0.11087430490081364
2324,14,train/data_wait_sec,0.03679744901637605
2324,14,train/examples,5296.0
2324,14,train/examples_per_sec,159.57364829648665
2324,14,train/input_tokens,625993.0
2324,14,train/peak_vram_gb,4.883403301239014
2324,14,train/target_tokens,424438.0
2324,14,train/tokens_per_sec,31650.511131745992
2324,14,train/total_sec,33.1884371670194
2324,14,train/epoch_loss,1.547129746650281
2324,14,epoch14/batches,331.0
2324,14,epoch14/compute_pct,99.88912569509918
2324,14,epoch14/compute_sec,33.151639718003025
2324,14,epoch14/data_wait_pct,0.11087430490081364
2324,14,epoch14/data_wait_sec,0.03679744901637605
2324,14,epoch14/examples,5296.0
2324,14,epoch14/examples_per_sec,159.57364829648665
2324,14,epoch14/input_tokens,625993.0
2324,14,epoch14/peak_vram_gb,4.883403301239014
2324,14,epoch14/target_tokens,424438.0
2324,14,epoch14/tokens_per_sec,31650.511131745992
2324,14,epoch14/total_sec,33.1884371670194
2324,14,val/bleu,17.506055867776123
2324,14,val/chrf,37.17451757762311
2324,14,val/combined,25.51037399905175
2324,14,val/eval_peak_vram_gb,4.883403301239014
2324,14,val/eval_samples_per_sec,14.818084966772382
2324,14,val/eval_seconds,40.28860688399982
2324,14,val/eval_tokens_per_sec,3807.7265972908167
2325,15,train/loss,1.5360417366027832
2325,15,train/lr,4.0388023525241285e-05
2326,15,train/loss,1.493390440940857
2326,15,train/lr,4.034728958344453e-05
2327,15,train/loss,1.409124493598938
2327,15,train/lr,4.030656229509539e-05
2328,15,train/loss,1.7188663482666016
2328,15,train/lr,4.0265841688266496e-05
2329,15,train/loss,1.661869764328003
2329,15,train/lr,4.02251277910259e-05
2330,15,train/loss,1.417146921157837
2330,15,train/lr,4.018442063143691e-05
2331,15,train/loss,1.6033910512924194
2331,15,train/lr,4.0143720237558326e-05
2332,15,train/loss,1.503840446472168
2332,15,train/lr,4.010302663744422e-05
2333,15,train/loss,1.4774534702301025
2333,15,train/lr,4.006233985914402e-05
2334,15,train/loss,1.5308400392532349
2334,15,train/lr,4.002165993070237e-05
2335,15,train/loss,1.6789634227752686
2335,15,train/lr,3.9980986880159285e-05
2336,15,train/loss,1.6231377124786377
2336,15,train/lr,3.9940320735550004e-05
2337,15,train/loss,1.6276841163635254
2337,15,train/lr,3.989966152490496e-05
2338,15,train/loss,1.5149948596954346
2338,15,train/lr,3.98590092762499e-05
2339,15,train/loss,1.4830784797668457
2339,15,train/lr,3.981836401760568e-05
2340,15,train/loss,1.4278802871704102
2340,15,train/lr,3.9777725776988424e-05
2341,15,train/loss,1.4725658893585205
2341,15,train/lr,3.973709458240934e-05
2342,15,train/loss,1.4963657855987549
2342,15,train/lr,3.96964704618748e-05
2343,15,train/loss,1.5415711402893066
2343,15,train/lr,3.965585344338636e-05
2344,15,train/loss,1.498388648033142
2344,15,train/lr,3.961524355494059e-05
2345,15,train/loss,1.5109541416168213
2345,15,train/lr,3.957464082452922e-05
2346,15,train/loss,1.5859616994857788
2346,15,train/lr,3.9534045280138984e-05
2347,15,train/loss,1.4750621318817139
2347,15,train/lr,3.949345694975174e-05
2348,15,train/loss,1.6745483875274658
2348,15,train/lr,3.945287586134429e-05
2349,15,train/loss,1.550910472869873
2349,15,train/lr,3.941230204288848e-05
2350,15,train/loss,1.4244599342346191
2350,15,train/lr,3.937173552235117e-05
2351,15,train/loss,1.6053861379623413
2351,15,train/lr,3.9331176327694165e-05
2352,15,train/loss,1.6614060401916504
2352,15,train/lr,3.9290624486874184e-05
2353,15,train/loss,1.4504284858703613
2353,15,train/lr,3.925008002784296e-05
2354,15,train/loss,1.5379633903503418
2354,15,train/lr,3.9209542978547084e-05
2355,15,train/loss,1.593074917793274
2355,15,train/lr,3.916901336692802e-05
2356,15,train/loss,1.5852248668670654
2356,15,train/lr,3.9128491220922156e-05
2357,15,train/loss,1.561204195022583
2357,15,train/lr,3.908797656846071e-05
2358,15,train/loss,1.5248562097549438
2358,15,train/lr,3.904746943746975e-05
2359,15,train/loss,1.5035409927368164
2359,15,train/lr,3.900696985587011e-05
2360,15,train/loss,1.473928451538086
2360,15,train/lr,3.896647785157749e-05
2361,15,train/loss,1.4598922729492188
2361,15,train/lr,3.892599345250234e-05
2362,15,train/loss,1.5179378986358643
2362,15,train/lr,3.888551668654982e-05
2363,15,train/loss,1.5016556978225708
2363,15,train/lr,3.8845047581619896e-05
2364,15,train/loss,1.4609875679016113
2364,15,train/lr,3.880458616560721e-05
2365,15,train/loss,1.4038691520690918
2365,15,train/lr,3.8764132466401174e-05
2366,15,train/loss,1.4762455224990845
2366,15,train/lr,3.872368651188578e-05
2367,15,train/loss,1.5044522285461426
2367,15,train/lr,3.8683248329939716e-05
2368,15,train/loss,1.3884518146514893
2368,15,train/lr,3.864281794843637e-05
2369,15,train/loss,1.546111822128296
2369,15,train/lr,3.860239539524371e-05
2370,15,train/loss,1.5620548725128174
2370,15,train/lr,3.856198069822427e-05
2371,15,train/loss,1.5000059604644775
2371,15,train/lr,3.8521573885235224e-05
2372,15,train/loss,1.404270052909851
2372,15,train/lr,3.8481174984128315e-05
2373,15,train/loss,1.6763595342636108
2373,15,train/lr,3.8440784022749776e-05
2374,15,train/loss,1.67464280128479
2374,15,train/lr,3.840040102894043e-05
2375,15,train/loss,1.624434232711792
2375,15,train/lr,3.8360026030535575e-05
2376,15,train/loss,1.5400749444961548
2376,15,train/lr,3.8319659055365014e-05
2377,15,train/loss,1.6939071416854858
2377,15,train/lr,3.8279300131252984e-05
2378,15,train/loss,1.5870459079742432
2378,15,train/lr,3.823894928601822e-05
2379,15,train/loss,1.4660354852676392
2379,15,train/lr,3.819860654747386e-05
2380,15,train/loss,1.5235698223114014
2380,15,train/lr,3.8158271943427476e-05
2381,15,train/loss,1.6014653444290161
2381,15,train/lr,3.8117945501681e-05
2382,15,train/loss,1.5497376918792725
2382,15,train/lr,3.8077627250030746e-05
2383,15,train/loss,1.475600242614746
2383,15,train/lr,3.8037317216267436e-05
2384,15,train/loss,1.6856398582458496
2384,15,train/lr,3.799701542817604e-05
2385,15,train/loss,1.4545068740844727
2385,15,train/lr,3.79567219135359e-05
2386,15,train/loss,1.4057570695877075
2386,15,train/lr,3.791643670012066e-05
2387,15,train/loss,1.390912413597107
2387,15,train/lr,3.787615981569823e-05
2388,15,train/loss,1.6083265542984009
2388,15,train/lr,3.783589128803073e-05
2389,15,train/loss,1.3686565160751343
2389,15,train/lr,3.7795631144874604e-05
2390,15,train/loss,1.4923436641693115
2390,15,train/lr,3.775537941398049e-05
2391,15,train/loss,1.5650990009307861
2391,15,train/lr,3.7715136123093185e-05
2392,15,train/loss,1.4800267219543457
2392,15,train/lr,3.7674901299951704e-05
2393,15,train/loss,1.5085781812667847
2393,15,train/lr,3.763467497228922e-05
2394,15,train/loss,1.4869924783706665
2394,15,train/lr,3.759445716783308e-05
2395,15,train/loss,1.5532037019729614
2395,15,train/lr,3.755424791430468e-05
2396,15,train/loss,1.455448031425476
2396,15,train/lr,3.75140472394196e-05
2397,15,train/loss,1.5841715335845947
2397,15,train/lr,3.747385517088745e-05
2398,15,train/loss,1.5633082389831543
2398,15,train/lr,3.743367173641197e-05
2399,15,train/loss,1.7142887115478516
2399,15,train/lr,3.7393496963690874e-05
2400,15,train/loss,1.5013248920440674
2400,15,train/lr,3.735333088041596e-05
2401,15,train/loss,1.5676729679107666
2401,15,train/lr,3.731317351427304e-05
2402,15,train/loss,1.5606635808944702
2402,15,train/lr,3.727302489294186e-05
2403,15,train/loss,1.5304893255233765
2403,15,train/lr,3.723288504409619e-05
2404,15,train/loss,1.6951098442077637
2404,15,train/lr,3.719275399540373e-05
2405,15,train/loss,1.6193208694458008
2405,15,train/lr,3.715263177452616e-05
2406,15,train/loss,1.6469066143035889
2406,15,train/lr,3.7112518409119004e-05
2407,15,train/loss,1.4720661640167236
2407,15,train/lr,3.7072413926831714e-05
2408,15,train/loss,1.5669047832489014
2408,15,train/lr,3.703231835530765e-05
2409,15,train/loss,1.5815776586532593
2409,15,train/lr,3.699223172218397e-05
2410,15,train/loss,1.5382567644119263
2410,15,train/lr,3.695215405509172e-05
2411,15,train/loss,1.4626646041870117
2411,15,train/lr,3.6912085381655734e-05
2412,15,train/loss,1.6386386156082153
2412,15,train/lr,3.6872025729494695e-05
2413,15,train/loss,1.600998044013977
2413,15,train/lr,3.683197512622099e-05
2414,15,train/loss,1.4344565868377686
2414,15,train/lr,3.679193359944083e-05
2415,15,train/loss,1.4577488899230957
2415,15,train/lr,3.675190117675415e-05
2416,15,train/loss,1.4312971830368042
2416,15,train/lr,3.671187788575464e-05
2417,15,train/loss,1.6432325839996338
2417,15,train/lr,3.667186375402963e-05
2418,15,train/loss,1.5182647705078125
2418,15,train/lr,3.6631858809160175e-05
2419,15,train/loss,1.4271568059921265
2419,15,train/lr,3.6591863078721036e-05
2420,15,train/loss,1.562694787979126
2420,15,train/lr,3.655187659028053e-05
2421,15,train/loss,1.6489262580871582
2421,15,train/lr,3.65118993714007e-05
2422,15,train/loss,1.554600477218628
2422,15,train/lr,3.6471931449637124e-05
2423,15,train/loss,1.589651346206665
2423,15,train/lr,3.643197285253905e-05
2424,15,train/loss,1.6295554637908936
2424,15,train/lr,3.6392023607649215e-05
2425,15,train/loss,1.6429862976074219
2425,15,train/lr,3.635208374250394e-05
2426,15,train/loss,1.6153085231781006
2426,15,train/lr,3.6312153284633136e-05
2427,15,train/loss,1.567923665046692
2427,15,train/lr,3.627223226156014e-05
2428,15,train/loss,1.487154483795166
2428,15,train/lr,3.6232320700801826e-05
2429,15,train/loss,1.721389651298523
2429,15,train/lr,3.619241862986857e-05
2430,15,train/loss,1.4539026021957397
2430,15,train/lr,3.615252607626419e-05
2431,15,train/loss,1.6493099927902222
2431,15,train/lr,3.611264306748591e-05
2432,15,train/loss,1.6212917566299438
2432,15,train/lr,3.6072769631024414e-05
2433,15,train/loss,1.4603710174560547
2433,15,train/lr,3.60329057943638e-05
2434,15,train/loss,1.6071603298187256
2434,15,train/lr,3.599305158498151e-05
2435,15,train/loss,1.4418201446533203
2435,15,train/lr,3.5953207030348356e-05
2436,15,train/loss,1.4793916940689087
2436,15,train/lr,3.591337215792852e-05
2437,15,train/loss,1.3696272373199463
2437,15,train/lr,3.58735469951795e-05
2438,15,train/loss,1.4076910018920898
2438,15,train/lr,3.583373156955206e-05
2439,15,train/loss,1.51576566696167
2439,15,train/lr,3.579392590849034e-05
2440,15,train/loss,1.4085838794708252
2440,15,train/lr,3.5754130039431666e-05
2441,15,train/loss,1.4179785251617432
2441,15,train/lr,3.5714343989806675e-05
2442,15,train/loss,1.5029730796813965
2442,15,train/lr,3.5674567787039184e-05
2443,15,train/loss,1.4284982681274414
2443,15,train/lr,3.563480145854624e-05
2444,15,train/loss,1.48974609375
2444,15,train/lr,3.5595045031738125e-05
2445,15,train/loss,1.6090853214263916
2445,15,train/lr,3.555529853401825e-05
2446,15,train/loss,1.5205655097961426
2446,15,train/lr,3.5515561992783156e-05
2447,15,train/loss,1.6635310649871826
2447,15,train/lr,3.547583543542259e-05
2448,15,train/loss,1.6222001314163208
2448,15,train/lr,3.5436118889319414e-05
2449,15,train/loss,1.651214838027954
2449,15,train/lr,3.539641238184951e-05
2450,15,train/loss,1.6408789157867432
2450,15,train/lr,3.5356715940381915e-05
2451,15,train/loss,1.5365560054779053
2451,15,train/lr,3.531702959227871e-05
2452,15,train/loss,1.7879753112792969
2452,15,train/lr,3.527735336489502e-05
2453,15,train/loss,1.7526922225952148
2453,15,train/lr,3.523768728557895e-05
2454,15,train/loss,1.5226531028747559
2454,15,train/lr,3.519803138167168e-05
2455,15,train/loss,1.462902545928955
2455,15,train/lr,3.515838568050736e-05
2456,15,train/loss,1.5766750574111938
2456,15,train/lr,3.511875020941304e-05
2457,15,train/loss,1.553633451461792
2457,15,train/lr,3.507912499570881e-05
2458,15,train/loss,1.598311424255371
2458,15,train/lr,3.503951006670763e-05
2459,15,train/loss,1.5254076719284058
2459,15,train/lr,3.4999905449715417e-05
2460,15,train/loss,1.4157774448394775
2460,15,train/lr,3.496031117203092e-05
2461,15,train/loss,1.5751097202301025
2461,15,train/lr,3.4920727260945806e-05
2462,15,train/loss,1.4066640138626099
2462,15,train/lr,3.4881153743744596e-05
2463,15,train/loss,1.461611270904541
2463,15,train/lr,3.484159064770464e-05
2464,15,train/loss,1.4740506410598755
2464,15,train/lr,3.480203800009609e-05
2465,15,train/loss,1.4083964824676514
2465,15,train/lr,3.4762495828181895e-05
2466,15,train/loss,1.4679245948791504
2466,15,train/lr,3.472296415921783e-05
2467,15,train/loss,1.4669256210327148
2467,15,train/lr,3.468344302045236e-05
2468,15,train/loss,1.5072968006134033
2468,15,train/lr,3.464393243912674e-05
2469,15,train/loss,1.5588276386260986
2469,15,train/lr,3.4604432442474946e-05
2470,15,train/loss,1.546921968460083
2470,15,train/lr,3.4564943057723645e-05
2471,15,train/loss,1.5031110048294067
2471,15,train/lr,3.452546431209217e-05
2472,15,train/loss,1.499084711074829
2472,15,train/lr,3.448599623279257e-05
2473,15,train/loss,1.5981884002685547
2473,15,train/lr,3.444653884702952e-05
2474,15,train/loss,1.5635595321655273
2474,15,train/lr,3.440709218200028e-05
2475,15,train/loss,1.5063626766204834
2475,15,train/lr,3.4367656264894795e-05
2476,15,train/loss,1.659926414489746
2476,15,train/lr,3.4328231122895535e-05
2477,15,train/loss,1.7181202173233032
2477,15,train/lr,3.428881678317763e-05
2478,15,train/loss,1.401017665863037
2478,15,train/lr,3.424941327290863e-05
2479,15,train/loss,1.4253026247024536
2479,15,train/lr,3.421002061924876e-05
2480,15,train/loss,1.4883973598480225
2480,15,train/lr,3.4170638849350665e-05
2481,15,train/loss,1.4865326881408691
2481,15,train/lr,3.4131267990359554e-05
2482,15,train/loss,1.4186232089996338
2482,15,train/lr,3.4091908069413056e-05
2483,15,train/loss,1.4542605876922607
2483,15,train/lr,3.40525591136413e-05
2484,15,train/loss,1.5932410955429077
2484,15,train/lr,3.4013221150166865e-05
2485,15,train/loss,1.3899260759353638
2485,15,train/lr,3.397389420610469e-05
2486,15,train/loss,1.5491867065429688
2486,15,train/lr,3.3934578308562195e-05
2487,15,train/loss,1.570894718170166
2487,15,train/lr,3.389527348463915e-05
2488,15,train/loss,1.5854581594467163
2488,15,train/lr,3.38559797614277e-05
2489,15,train/loss,1.5803449153900146
2489,15,train/lr,3.3816697166012314e-05
2490,15,train/loss,1.6534252166748047
2490,15,train/lr,3.377742572546982e-05
2490,15,train/batches,331.0
2490,15,train/compute_pct,99.88880417869528
2490,15,train/compute_sec,33.724403102004544
2490,15,train/data_wait_pct,0.11119582130471702
2490,15,train/data_wait_sec,0.03754187200229353
2490,15,train/examples,5296.0
2490,15,train/examples_per_sec,156.86300075654307
2490,15,train/input_tokens,625993.0
2490,15,train/peak_vram_gb,4.88370418548584
2490,15,train/target_tokens,424531.0
2490,15,train/tokens_per_sec,31115.624434812435
2490,15,train/total_sec,33.76194497400684
2490,15,train/epoch_loss,1.536746134930867
2490,15,epoch15/batches,331.0
2490,15,epoch15/compute_pct,99.88880417869528
2490,15,epoch15/compute_sec,33.724403102004544
2490,15,epoch15/data_wait_pct,0.11119582130471702
2490,15,epoch15/data_wait_sec,0.03754187200229353
2490,15,epoch15/examples,5296.0
2490,15,epoch15/examples_per_sec,156.86300075654307
2490,15,epoch15/input_tokens,625993.0
2490,15,epoch15/peak_vram_gb,4.88370418548584
2490,15,epoch15/target_tokens,424531.0
2490,15,epoch15/tokens_per_sec,31115.624434812435
2490,15,epoch15/total_sec,33.76194497400684
2490,15,val/bleu,16.741815667442943
2490,15,val/chrf,37.5368340298731
2490,15,val/combined,25.0686009994083
2490,15,val/eval_peak_vram_gb,4.88370418548584
2490,15,val/eval_samples_per_sec,13.570499523795503
2490,15,val/eval_seconds,43.99248523999995
2490,15,val/eval_tokens_per_sec,3819.8796699761124
2491,16,train/loss,1.4886677265167236
2491,16,train/lr,3.373816546686937e-05
2492,16,train/loss,1.5850563049316406
2492,16,train/lr,3.3698916417272344e-05
2493,16,train/loss,1.5410327911376953
2493,16,train/lr,3.3659678603732456e-05
2494,16,train/loss,1.6560109853744507
2494,16,train/lr,3.362045205329568e-05
2495,16,train/loss,1.435682773590088
2495,16,train/lr,3.3581236793000195e-05
2496,16,train/loss,1.5209293365478516
2496,16,train/lr,3.354203284987637e-05
2497,16,train/loss,1.703215479850769
2497,16,train/lr,3.3502840250946856e-05
2498,16,train/loss,1.5005699396133423
2498,16,train/lr,3.346365902322641e-05
2499,16,train/loss,1.44608473777771
2499,16,train/lr,3.3424489193722013e-05
2500,16,train/loss,1.5441279411315918
2500,16,train/lr,3.3385330789432724e-05
2501,16,train/loss,1.469916820526123
2501,16,train/lr,3.334618383734976e-05
2502,16,train/loss,1.5943810939788818
2502,16,train/lr,3.3307048364456474e-05
2503,16,train/loss,1.4635999202728271
2503,16,train/lr,3.3267924397728236e-05
2504,16,train/loss,1.4699286222457886
2504,16,train/lr,3.322881196413255e-05
2505,16,train/loss,1.4665112495422363
2505,16,train/lr,3.318971109062893e-05
2506,16,train/loss,1.463761806488037
2506,16,train/lr,3.315062180416897e-05
2507,16,train/loss,1.5223398208618164
2507,16,train/lr,3.3111544131696185e-05
2508,16,train/loss,1.4660910367965698
2508,16,train/lr,3.307247810014619e-05
2509,16,train/loss,1.5566511154174805
2509,16,train/lr,3.3033423736446525e-05
2510,16,train/loss,1.4969167709350586
2510,16,train/lr,3.2994381067516696e-05
2511,16,train/loss,1.60960853099823
2511,16,train/lr,3.295535012026811e-05
2512,16,train/loss,1.5368956327438354
2512,16,train/lr,3.291633092160418e-05
2513,16,train/loss,1.5394484996795654
2513,16,train/lr,3.287732349842014e-05
2514,16,train/loss,1.5931897163391113
2514,16,train/lr,3.2838327877603126e-05
2515,16,train/loss,1.5309131145477295
2515,16,train/lr,3.279934408603218e-05
2516,16,train/loss,1.7035597562789917
2516,16,train/lr,3.276037215057812e-05
2517,16,train/loss,1.4425032138824463
2517,16,train/lr,3.2721412098103696e-05
2518,16,train/loss,1.5553667545318604
2518,16,train/lr,3.268246395546335e-05
2519,16,train/loss,1.64935302734375
2519,16,train/lr,3.264352774950337e-05
2520,16,train/loss,1.5150206089019775
2520,16,train/lr,3.260460350706185e-05
2521,16,train/loss,1.4554839134216309
2521,16,train/lr,3.256569125496858e-05
2522,16,train/loss,1.5300850868225098
2522,16,train/lr,3.2526791020045086e-05
2523,16,train/loss,1.4710817337036133
2523,16,train/lr,3.248790282910466e-05
2524,16,train/loss,1.633108377456665
2524,16,train/lr,3.244902670895228e-05
2525,16,train/loss,1.4158021211624146
2525,16,train/lr,3.241016268638456e-05
2526,16,train/loss,1.5281784534454346
2526,16,train/lr,3.237131078818979e-05
2527,16,train/loss,1.4662014245986938
2527,16,train/lr,3.233247104114796e-05
2528,16,train/loss,1.4556512832641602
2528,16,train/lr,3.229364347203062e-05
2529,16,train/loss,1.520827054977417
2529,16,train/lr,3.225482810760093e-05
2530,16,train/loss,1.4003520011901855
2530,16,train/lr,3.221602497461369e-05
2531,16,train/loss,1.487722396850586
2531,16,train/lr,3.217723409981521e-05
2532,16,train/loss,1.5425474643707275
2532,16,train/lr,3.2138455509943366e-05
2533,16,train/loss,1.4379327297210693
2533,16,train/lr,3.209968923172759e-05
2534,16,train/loss,1.460972547531128
2534,16,train/lr,3.206093529188881e-05
2535,16,train/loss,1.5602784156799316
2535,16,train/lr,3.202219371713946e-05
2536,16,train/loss,1.4747496843338013
2536,16,train/lr,3.198346453418343e-05
2537,16,train/loss,1.570600986480713
2537,16,train/lr,3.194474776971608e-05
2538,16,train/loss,1.4806454181671143
2538,16,train/lr,3.190604345042423e-05
2539,16,train/loss,1.609140157699585
2539,16,train/lr,3.1867351602986064e-05
2540,16,train/loss,1.6274521350860596
2540,16,train/lr,3.1828672254071245e-05
2541,16,train/loss,1.5270103216171265
2541,16,train/lr,3.1790005430340767e-05
2542,16,train/loss,1.4682087898254395
2542,16,train/lr,3.175135115844702e-05
2543,16,train/loss,1.5777442455291748
2543,16,train/lr,3.171270946503373e-05
2544,16,train/loss,1.594588279724121
2544,16,train/lr,3.167408037673593e-05
2545,16,train/loss,1.546431064605713
2545,16,train/lr,3.1635463920180007e-05
2546,16,train/loss,1.6240224838256836
2546,16,train/lr,3.159686012198364e-05
2547,16,train/loss,1.511523723602295
2547,16,train/lr,3.1558269008755726e-05
2548,16,train/loss,1.4572198390960693
2548,16,train/lr,3.1519690607096474e-05
2549,16,train/loss,1.639927625656128
2549,16,train/lr,3.148112494359733e-05
2550,16,train/loss,1.6359360218048096
2550,16,train/lr,3.1442572044840914e-05
2551,16,train/loss,1.505749225616455
2551,16,train/lr,3.140403193740108e-05
2552,16,train/loss,1.4655627012252808
2552,16,train/lr,3.136550464784289e-05
2553,16,train/loss,1.414898157119751
2553,16,train/lr,3.1326990202722536e-05
2554,16,train/loss,1.4493975639343262
2554,16,train/lr,3.128848862858734e-05
2555,16,train/loss,1.6070152521133423
2555,16,train/lr,3.124999995197581e-05
2556,16,train/loss,1.4406700134277344
2556,16,train/lr,3.1211524199417505e-05
2557,16,train/loss,1.3819658756256104
2557,16,train/lr,3.11730613974331e-05
2558,16,train/loss,1.5042767524719238
2558,16,train/lr,3.1134611572534365e-05
2559,16,train/loss,1.4804288148880005
2559,16,train/lr,3.109617475122408e-05
2560,16,train/loss,1.6265697479248047
2560,16,train/lr,3.105775095999611e-05
2561,16,train/loss,1.4935753345489502
2561,16,train/lr,3.10193402253353e-05
2562,16,train/loss,1.6053353548049927
2562,16,train/lr,3.098094257371751e-05
2563,16,train/loss,1.6100515127182007
2563,16,train/lr,3.094255803160959e-05
2564,16,train/loss,1.5786960124969482
2564,16,train/lr,3.090418662546935e-05
2565,16,train/loss,1.7317149639129639
2565,16,train/lr,3.086582838174551e-05
2566,16,train/loss,1.587721824645996
2566,16,train/lr,3.082748332687778e-05
2567,16,train/loss,1.5230510234832764
2567,16,train/lr,3.0789151487296766e-05
2568,16,train/loss,1.6844741106033325
2568,16,train/lr,3.07508328894239e-05
2569,16,train/loss,1.6896533966064453
2569,16,train/lr,3.071252755967155e-05
2570,16,train/loss,1.5150835514068604
2570,16,train/lr,3.067423552444294e-05
2571,16,train/loss,1.5552680492401123
2571,16,train/lr,3.063595681013211e-05
2572,16,train/loss,1.633104920387268
2572,16,train/lr,3.0597691443123886e-05
2573,16,train/loss,1.490731954574585
2573,16,train/lr,3.0559439449793974e-05
2574,16,train/loss,1.5321645736694336
2574,16,train/lr,3.052120085650878e-05
2575,16,train/loss,1.4220983982086182
2575,16,train/lr,3.0482975689625553e-05
2576,16,train/loss,1.3976221084594727
2576,16,train/lr,3.0444763975492208e-05
2577,16,train/loss,1.520646572113037
2577,16,train/lr,3.0406565740447422e-05
2578,16,train/loss,1.4337111711502075
2578,16,train/lr,3.0368381010820612e-05
2579,16,train/loss,1.4968245029449463
2579,16,train/lr,3.0330209812931832e-05
2580,16,train/loss,1.3510186672210693
2580,16,train/lr,3.0292052173091833e-05
2581,16,train/loss,1.4000784158706665
2581,16,train/lr,3.025390811760203e-05
2582,16,train/loss,1.484248399734497
2582,16,train/lr,3.0215777672754485e-05
2583,16,train/loss,1.4814581871032715
2583,16,train/lr,3.017766086483183e-05
2584,16,train/loss,1.6111454963684082
2584,16,train/lr,3.0139557720107324e-05
2585,16,train/loss,1.5300970077514648
2585,16,train/lr,3.0101468264844847e-05
2586,16,train/loss,1.5087416172027588
2586,16,train/lr,3.0063392525298774e-05
2587,16,train/loss,1.5746172666549683
2587,16,train/lr,3.0025330527714046e-05
2588,16,train/loss,1.5804044008255005
2588,16,train/lr,2.9987282298326187e-05
2589,16,train/loss,1.6214287281036377
2589,16,train/lr,2.9949247863361174e-05
2590,16,train/loss,1.6645283699035645
2590,16,train/lr,2.991122724903547e-05
2591,16,train/loss,1.481690526008606
2591,16,train/lr,2.9873220481556047e-05
2592,16,train/loss,1.741220474243164
2592,16,train/lr,2.9835227587120307e-05
2593,16,train/loss,1.5008435249328613
2593,16,train/lr,2.979724859191614e-05
2594,16,train/loss,1.6593379974365234
2594,16,train/lr,2.9759283522121763e-05
2595,16,train/loss,1.5671675205230713
2595,16,train/lr,2.9721332403905866e-05
2596,16,train/loss,1.487926721572876
2596,16,train/lr,2.9683395263427522e-05
2597,16,train/loss,1.6116890907287598
2597,16,train/lr,2.9645472126836116e-05
2598,16,train/loss,1.450901985168457
2598,16,train/lr,2.9607563020271446e-05
2599,16,train/loss,1.5333633422851562
2599,16,train/lr,2.956966796986359e-05
2600,16,train/loss,1.5898411273956299
2600,16,train/lr,2.953178700173298e-05
2601,16,train/loss,1.4431233406066895
2601,16,train/lr,2.9493920141990288e-05
2602,16,train/loss,1.4694948196411133
2602,16,train/lr,2.94560674167365e-05
2603,16,train/loss,1.4571590423583984
2603,16,train/lr,2.941822885206287e-05
2604,16,train/loss,1.4977718591690063
2604,16,train/lr,2.9380404474050837e-05
2605,16,train/loss,1.52522611618042
2605,16,train/lr,2.9342594308772108e-05
2606,16,train/loss,1.4947521686553955
2606,16,train/lr,2.930479838228859e-05
2607,16,train/loss,1.5273411273956299
2607,16,train/lr,2.926701672065238e-05
2608,16,train/loss,1.5568783283233643
2608,16,train/lr,2.9229249349905684e-05
2609,16,train/loss,1.4873305559158325
2609,16,train/lr,2.9191496296080935e-05
2610,16,train/loss,1.5919983386993408
2610,16,train/lr,2.9153757585200665e-05
2611,16,train/loss,1.5415836572647095
2611,16,train/lr,2.9116033243277513e-05
2612,16,train/loss,1.6143101453781128
2612,16,train/lr,2.9078323296314224e-05
2613,16,train/loss,1.465275764465332
2613,16,train/lr,2.9040627770303612e-05
2614,16,train/loss,1.5975818634033203
2614,16,train/lr,2.900294669122856e-05
2615,16,train/loss,1.5935420989990234
2615,16,train/lr,2.896528008506199e-05
2616,16,train/loss,1.5809190273284912
2616,16,train/lr,2.8927627977766846e-05
2617,16,train/loss,1.7186925411224365
2617,16,train/lr,2.8889990395296072e-05
2618,16,train/loss,1.6630265712738037
2618,16,train/lr,2.8852367363592624e-05
2619,16,train/loss,1.4558253288269043
2619,16,train/lr,2.8814758908589395e-05
2620,16,train/loss,1.5216553211212158
2620,16,train/lr,2.8777165056209256e-05
2621,16,train/loss,1.5580570697784424
2621,16,train/lr,2.8739585832365e-05
2622,16,train/loss,1.3798432350158691
2622,16,train/lr,2.870202126295935e-05
2623,16,train/loss,1.5771961212158203
2623,16,train/lr,2.866447137388491e-05
2624,16,train/loss,1.5351848602294922
2624,16,train/lr,2.8626936191024155e-05
2625,16,train/loss,1.4736814498901367
2625,16,train/lr,2.8589415740249505e-05
2626,16,train/loss,1.5985352993011475
2626,16,train/lr,2.8551910047423082e-05
2627,16,train/loss,1.5377366542816162
2627,16,train/lr,2.8514419138396982e-05
2628,16,train/loss,1.5306119918823242
2628,16,train/lr,2.8476943039013016e-05
2629,16,train/loss,1.3971443176269531
2629,16,train/lr,2.8439481775102817e-05
2630,16,train/loss,1.4424974918365479
2630,16,train/lr,2.840203537248779e-05
2631,16,train/loss,1.3765523433685303
2631,16,train/lr,2.836460385697911e-05
2632,16,train/loss,1.4067792892456055
2632,16,train/lr,2.832718725437767e-05
2633,16,train/loss,1.5380065441131592
2633,16,train/lr,2.8289785590474088e-05
2634,16,train/loss,1.4076547622680664
2634,16,train/lr,2.825239889104869e-05
2635,16,train/loss,1.5097465515136719
2635,16,train/lr,2.8215027181871496e-05
2636,16,train/loss,1.612679123878479
2636,16,train/lr,2.8177670488702175e-05
2637,16,train/loss,1.5055341720581055
2637,16,train/lr,2.8140328837290055e-05
2638,16,train/loss,1.5716357231140137
2638,16,train/lr,2.8103002253374094e-05
2639,16,train/loss,1.6192781925201416
2639,16,train/lr,2.806569076268285e-05
2640,16,train/loss,1.640716314315796
2640,16,train/lr,2.8028394390934553e-05
2641,16,train/loss,1.6073237657546997
2641,16,train/lr,2.799111316383687e-05
2642,16,train/loss,1.6644330024719238
2642,16,train/lr,2.7953847107087172e-05
2643,16,train/loss,1.5765833854675293
2643,16,train/lr,2.7916596246372318e-05
2644,16,train/loss,1.5249197483062744
2644,16,train/lr,2.787936060736861e-05
2645,16,train/loss,1.5345507860183716
2645,16,train/lr,2.7842140215742007e-05
2646,16,train/loss,1.5039926767349243
2646,16,train/lr,2.780493509714787e-05
2647,16,train/loss,1.5378849506378174
2647,16,train/lr,2.7767745277231043e-05
2648,16,train/loss,1.4589083194732666
2648,16,train/lr,2.7730570781625832e-05
2649,16,train/loss,1.4759585857391357
2649,16,train/lr,2.7693411635955974e-05
2650,16,train/loss,1.453648567199707
2650,16,train/lr,2.765626786583464e-05
2651,16,train/loss,1.4982240200042725
2651,16,train/lr,2.7619139496864378e-05
2652,16,train/loss,1.4831156730651855
2652,16,train/lr,2.7582026554637152e-05
2653,16,train/loss,1.5037490129470825
2653,16,train/lr,2.754492906473425e-05
2654,16,train/loss,1.5542676448822021
2654,16,train/lr,2.7507847052726388e-05
2655,16,train/loss,1.6441011428833008
2655,16,train/lr,2.7470780544173515e-05
2656,16,train/loss,1.5674867630004883
2656,16,train/lr,2.7433729564624923e-05
2656,16,train/batches,331.0
2656,16,train/compute_pct,99.88343688131901
2656,16,train/compute_sec,33.26006578099077
2656,16,train/data_wait_pct,0.11656311868099191
2656,16,train/data_wait_sec,0.03881421300684451
2656,16,train/examples,5296.0
2656,16,train/examples_per_sec,159.04438830839493
2656,16,train/input_tokens,625993.0
2656,16,train/peak_vram_gb,4.88370418548584
2656,16,train/target_tokens,424752.0
2656,16,train/tokens_per_sec,31554.9652177312
2656,16,train/total_sec,33.298879993997616
2656,16,train/epoch_loss,1.529026953475353
2656,16,epoch16/batches,331.0
2656,16,epoch16/compute_pct,99.88343688131901
2656,16,epoch16/compute_sec,33.26006578099077
2656,16,epoch16/data_wait_pct,0.11656311868099191
2656,16,epoch16/data_wait_sec,0.03881421300684451
2656,16,epoch16/examples,5296.0
2656,16,epoch16/examples_per_sec,159.04438830839493
2656,16,epoch16/input_tokens,625993.0
2656,16,epoch16/peak_vram_gb,4.88370418548584
2656,16,epoch16/target_tokens,424752.0
2656,16,epoch16/tokens_per_sec,31554.9652177312
2656,16,epoch16/total_sec,33.298879993997616
2656,16,val/bleu,18.225689436063444
2656,16,val/chrf,37.87158238477685
2656,16,val/combined,26.272337143795067
2656,16,val/eval_peak_vram_gb,4.88370418548584
2656,16,val/eval_samples_per_sec,14.730045371545497
2656,16,val/eval_seconds,40.529406729000584
2656,16,val/eval_tokens_per_sec,3812.8117944896103
2657,17,train/loss,1.5736172199249268
2657,17,train/lr,2.739669413961927e-05
2658,17,train/loss,1.5671780109405518
2658,17,train/lr,2.7359674294684433e-05
2659,17,train/loss,1.6743311882019043
2659,17,train/lr,2.7322670055337496e-05
2660,17,train/loss,1.4043757915496826
2660,17,train/lr,2.7285681447084898e-05
2661,17,train/loss,1.591866374015808
2661,17,train/lr,2.724870849542227e-05
2662,17,train/loss,1.5384782552719116
2662,17,train/lr,2.7211751225834358e-05
2663,17,train/loss,1.4308137893676758
2663,17,train/lr,2.7174809663795235e-05
2664,17,train/loss,1.5745528936386108
2664,17,train/lr,2.7137883834768073e-05
2665,17,train/loss,1.5824744701385498
2665,17,train/lr,2.7100973764205214e-05
2666,17,train/loss,1.4345576763153076
2666,17,train/lr,2.7064079477548122e-05
2667,17,train/loss,1.5713787078857422
2667,17,train/lr,2.702720100022741e-05
2668,17,train/loss,1.6264724731445312
2668,17,train/lr,2.699033835766277e-05
2669,17,train/loss,1.5616285800933838
2669,17,train/lr,2.695349157526299e-05
2670,17,train/loss,1.5443089008331299
2670,17,train/lr,2.691666067842593e-05
2671,17,train/loss,1.4903929233551025
2671,17,train/lr,2.6879845692538474e-05
2672,17,train/loss,1.4674822092056274
2672,17,train/lr,2.6843046642976614e-05
2673,17,train/loss,1.4392178058624268
2673,17,train/lr,2.6806263555105248e-05
2674,17,train/loss,1.5336487293243408
2674,17,train/lr,2.6769496454278333e-05
2675,17,train/loss,1.5845705270767212
2675,17,train/lr,2.6732745365838828e-05
2676,17,train/loss,1.503119707107544
2676,17,train/lr,2.6696010315118636e-05
2677,17,train/loss,1.5774142742156982
2677,17,train/lr,2.6659291327438535e-05
2678,17,train/loss,1.4967124462127686
2678,17,train/lr,2.6622588428108353e-05
2679,17,train/loss,1.6009984016418457
2679,17,train/lr,2.658590164242677e-05
2680,17,train/loss,1.6120176315307617
2680,17,train/lr,2.654923099568129e-05
2681,17,train/loss,1.5923936367034912
2681,17,train/lr,2.6512576513148428e-05
2682,17,train/loss,1.4173227548599243
2682,17,train/lr,2.647593822009347e-05
2683,17,train/loss,1.6232938766479492
2683,17,train/lr,2.6439316141770564e-05
2684,17,train/loss,1.5319684743881226
2684,17,train/lr,2.6402710303422673e-05
2685,17,train/loss,1.5984795093536377
2685,17,train/lr,2.6366120730281574e-05
2686,17,train/loss,1.6453306674957275
2686,17,train/lr,2.6329547447567836e-05
2687,17,train/loss,1.5707426071166992
2687,17,train/lr,2.6292990480490796e-05
2688,17,train/loss,1.622189998626709
2688,17,train/lr,2.6256449854248545e-05
2689,17,train/loss,1.5525271892547607
2689,17,train/lr,2.6219925594027883e-05
2690,17,train/loss,1.4422016143798828
2690,17,train/lr,2.6183417725004418e-05
2691,17,train/loss,1.5835610628128052
2691,17,train/lr,2.6146926272342343e-05
2692,17,train/loss,1.406590461730957
2692,17,train/lr,2.611045126119458e-05
2693,17,train/loss,1.4077279567718506
2693,17,train/lr,2.607399271670278e-05
2694,17,train/loss,1.3783655166625977
2694,17,train/lr,2.603755066399718e-05
2695,17,train/loss,1.4624266624450684
2695,17,train/lr,2.6001125128196603e-05
2696,17,train/loss,1.4169285297393799
2696,17,train/lr,2.5964716134408617e-05
2697,17,train/loss,1.3736443519592285
2697,17,train/lr,2.5928323707729306e-05
2698,17,train/loss,1.435652732849121
2698,17,train/lr,2.5891947873243295e-05
2699,17,train/loss,1.5292372703552246
2699,17,train/lr,2.585558865602387e-05
2700,17,train/loss,1.4132511615753174
2700,17,train/lr,2.5819246081132808e-05
2701,17,train/loss,1.525443434715271
2701,17,train/lr,2.5782920173620407e-05
2702,17,train/loss,1.6966283321380615
2702,17,train/lr,2.5746610958525508e-05
2703,17,train/loss,1.5359946489334106
2703,17,train/lr,2.5710318460875417e-05
2704,17,train/loss,1.5183793306350708
2704,17,train/lr,2.5674042705685913e-05
2705,17,train/loss,1.6411268711090088
2705,17,train/lr,2.5637783717961315e-05
2706,17,train/loss,1.6328496932983398
2706,17,train/lr,2.560154152269426e-05
2707,17,train/loss,1.50441312789917
2707,17,train/lr,2.556531614486587e-05
2708,17,train/loss,1.4229445457458496
2708,17,train/lr,2.5529107609445733e-05
2709,17,train/loss,1.5822293758392334
2709,17,train/lr,2.5492915941391725e-05
2710,17,train/loss,1.5649522542953491
2710,17,train/lr,2.5456741165650122e-05
2711,17,train/loss,1.4261746406555176
2711,17,train/lr,2.5420583307155633e-05
2712,17,train/loss,1.6376330852508545
2712,17,train/lr,2.5384442390831233e-05
2713,17,train/loss,1.6224318742752075
2713,17,train/lr,2.5348318441588188e-05
2714,17,train/loss,1.5048251152038574
2714,17,train/lr,2.531221148432617e-05
2715,17,train/loss,1.5969924926757812
2715,17,train/lr,2.5276121543933067e-05
2716,17,train/loss,1.490676760673523
2716,17,train/lr,2.5240048645285058e-05
2717,17,train/loss,1.5457806587219238
2717,17,train/lr,2.5203992813246568e-05
2718,17,train/loss,1.3584272861480713
2718,17,train/lr,2.5167954072670268e-05
2719,17,train/loss,1.5205376148223877
2719,17,train/lr,2.513193244839704e-05
2720,17,train/loss,1.5363538265228271
2720,17,train/lr,2.5095927965255974e-05
2721,17,train/loss,1.5411503314971924
2721,17,train/lr,2.505994064806434e-05
2722,17,train/loss,1.5306898355484009
2722,17,train/lr,2.502397052162756e-05
2723,17,train/loss,1.4827535152435303
2723,17,train/lr,2.4988017610739278e-05
2724,17,train/loss,1.442028522491455
2724,17,train/lr,2.4952081940181166e-05
2725,17,train/loss,1.4568767547607422
2725,17,train/lr,2.4916163534723063e-05
2726,17,train/loss,1.505523920059204
2726,17,train/lr,2.4880262419122974e-05
2727,17,train/loss,1.509477972984314
2727,17,train/lr,2.4844378618126856e-05
2728,17,train/loss,1.5437424182891846
2728,17,train/lr,2.4808512156468792e-05
2729,17,train/loss,1.4865168333053589
2729,17,train/lr,2.4772663058870975e-05
2730,17,train/loss,1.6816413402557373
2730,17,train/lr,2.4736831350043536e-05
2731,17,train/loss,1.6091707944869995
2731,17,train/lr,2.4701017054684667e-05
2732,17,train/loss,1.4784953594207764
2732,17,train/lr,2.4665220197480538e-05
2733,17,train/loss,1.583977222442627
2733,17,train/lr,2.462944080310532e-05
2734,17,train/loss,1.6543145179748535
2734,17,train/lr,2.4593678896221127e-05
2735,17,train/loss,1.5978541374206543
2735,17,train/lr,2.455793450147803e-05
2736,17,train/loss,1.5218862295150757
2736,17,train/lr,2.4522207643514027e-05
2737,17,train/loss,1.5831983089447021
2737,17,train/lr,2.4486498346955027e-05
2738,17,train/loss,1.535473346710205
2738,17,train/lr,2.4450806636414837e-05
2739,17,train/loss,1.4701812267303467
2739,17,train/lr,2.4415132536495138e-05
2740,17,train/loss,1.6079552173614502
2740,17,train/lr,2.4379476071785463e-05
2741,17,train/loss,1.368129849433899
2741,17,train/lr,2.4343837266863246e-05
2742,17,train/loss,1.4604642391204834
2742,17,train/lr,2.4308216146293655e-05
2743,17,train/loss,1.6306662559509277
2743,17,train/lr,2.427261273462972e-05
2744,17,train/loss,1.5492310523986816
2744,17,train/lr,2.423702705641231e-05
2745,17,train/loss,1.510540246963501
2745,17,train/lr,2.420145913616995e-05
2746,17,train/loss,1.3949410915374756
2746,17,train/lr,2.4165908998419057e-05
2747,17,train/loss,1.5997211933135986
2747,17,train/lr,2.413037666766371e-05
2748,17,train/loss,1.4795384407043457
2748,17,train/lr,2.4094862168395728e-05
2749,17,train/loss,1.536169409751892
2749,17,train/lr,2.4059365525094653e-05
2750,17,train/loss,1.42853581905365
2750,17,train/lr,2.402388676222771e-05
2751,17,train/loss,1.5355595350265503
2751,17,train/lr,2.39884259042498e-05
2752,17,train/loss,1.537678837776184
2752,17,train/lr,2.3952982975603496e-05
2753,17,train/loss,1.6853790283203125
2753,17,train/lr,2.391755800071898e-05
2754,17,train/loss,1.5621085166931152
2754,17,train/lr,2.388215100401409e-05
2755,17,train/loss,1.6147916316986084
2755,17,train/lr,2.3846762009894262e-05
2756,17,train/loss,1.692169427871704
2756,17,train/lr,2.3811391042752523e-05
2757,17,train/loss,1.545279860496521
2757,17,train/lr,2.377603812696945e-05
2758,17,train/loss,1.7369413375854492
2758,17,train/lr,2.3740703286913247e-05
2759,17,train/loss,1.3935613632202148
2759,17,train/lr,2.37053865469396e-05
2760,17,train/loss,1.5352598428726196
2760,17,train/lr,2.3670087931391683e-05
2761,17,train/loss,1.5754235982894897
2761,17,train/lr,2.3634807464600284e-05
2762,17,train/loss,1.510779619216919
2762,17,train/lr,2.3599545170883618e-05
2763,17,train/loss,1.5053989887237549
2763,17,train/lr,2.356430107454733e-05
2764,17,train/loss,1.4033704996109009
2764,17,train/lr,2.352907519988462e-05
2765,17,train/loss,1.6224291324615479
2765,17,train/lr,2.349386757117606e-05
2766,17,train/loss,1.606480598449707
2766,17,train/lr,2.345867821268967e-05
2767,17,train/loss,1.4354912042617798
2767,17,train/lr,2.342350714868087e-05
2768,17,train/loss,1.4986727237701416
2768,17,train/lr,2.3388354403392464e-05
2769,17,train/loss,1.323692798614502
2769,17,train/lr,2.3353220001054637e-05
2770,17,train/loss,1.4728195667266846
2770,17,train/lr,2.3318103965884942e-05
2771,17,train/loss,1.4049237966537476
2771,17,train/lr,2.3283006322088246e-05
2772,17,train/loss,1.3616639375686646
2772,17,train/lr,2.3247927093856735e-05
2773,17,train/loss,1.5265960693359375
2773,17,train/lr,2.321286630536998e-05
2774,17,train/loss,1.3672083616256714
2774,17,train/lr,2.3177823980794727e-05
2775,17,train/loss,1.3825836181640625
2775,17,train/lr,2.3142800144285037e-05
2776,17,train/loss,1.5708601474761963
2776,17,train/lr,2.3107794819982292e-05
2777,17,train/loss,1.6316379308700562
2777,17,train/lr,2.307280803201505e-05
2778,17,train/loss,1.4822514057159424
2778,17,train/lr,2.303783980449905e-05
2779,17,train/loss,1.5368669033050537
2779,17,train/lr,2.300289016153735e-05
2780,17,train/loss,1.6360738277435303
2780,17,train/lr,2.296795912722014e-05
2781,17,train/loss,1.6275217533111572
2781,17,train/lr,2.2933046725624718e-05
2782,17,train/loss,1.533869981765747
2782,17,train/lr,2.2898152980815668e-05
2783,17,train/loss,1.4087616205215454
2783,17,train/lr,2.2863277916844633e-05
2784,17,train/loss,1.5609581470489502
2784,17,train/lr,2.2828421557750383e-05
2785,17,train/loss,1.4102575778961182
2785,17,train/lr,2.279358392755882e-05
2786,17,train/loss,1.697762370109558
2786,17,train/lr,2.2758765050282922e-05
2787,17,train/loss,1.5607773065567017
2787,17,train/lr,2.2723964949922716e-05
2788,17,train/loss,1.469421148300171
2788,17,train/lr,2.2689183650465385e-05
2789,17,train/loss,1.489725112915039
2789,17,train/lr,2.265442117588501e-05
2790,17,train/loss,1.5810205936431885
2790,17,train/lr,2.2619677550142783e-05
2791,17,train/loss,1.5987608432769775
2791,17,train/lr,2.2584952797186935e-05
2792,17,train/loss,1.3570613861083984
2792,17,train/lr,2.255024694095259e-05
2793,17,train/loss,1.4508920907974243
2793,17,train/lr,2.25155600053619e-05
2794,17,train/loss,1.4801714420318604
2794,17,train/lr,2.2480892014324013e-05
2795,17,train/loss,1.4880280494689941
2795,17,train/lr,2.2446242991734974e-05
2796,17,train/loss,1.4474788904190063
2796,17,train/lr,2.24116129614777e-05
2797,17,train/loss,1.507359504699707
2797,17,train/lr,2.237700194742215e-05
2798,17,train/loss,1.5061885118484497
2798,17,train/lr,2.234240997342509e-05
2799,17,train/loss,1.5521609783172607
2799,17,train/lr,2.230783706333011e-05
2800,17,train/loss,1.5630686283111572
2800,17,train/lr,2.2273283240967794e-05
2801,17,train/loss,1.554182529449463
2801,17,train/lr,2.2238748530155478e-05
2802,17,train/loss,1.5516941547393799
2802,17,train/lr,2.2204232954697348e-05
2803,17,train/loss,1.5928118228912354
2803,17,train/lr,2.2169736538384384e-05
2804,17,train/loss,1.5467950105667114
2804,17,train/lr,2.213525930499438e-05
2805,17,train/loss,1.6660594940185547
2805,17,train/lr,2.210080127829189e-05
2806,17,train/loss,1.617218255996704
2806,17,train/lr,2.2066362482028285e-05
2807,17,train/loss,1.382851243019104
2807,17,train/lr,2.2031942939941592e-05
2808,17,train/loss,1.6695600748062134
2808,17,train/lr,2.1997542675756606e-05
2809,17,train/loss,1.6532158851623535
2809,17,train/lr,2.196316171318489e-05
2810,17,train/loss,1.424538254737854
2810,17,train/lr,2.1928800075924594e-05
2811,17,train/loss,1.5106773376464844
2811,17,train/lr,2.1894457787660618e-05
2812,17,train/loss,1.5509240627288818
2812,17,train/lr,2.1860134872064537e-05
2813,17,train/loss,1.3389713764190674
2813,17,train/lr,2.182583135279455e-05
2814,17,train/loss,1.4695359468460083
2814,17,train/lr,2.1791547253495438e-05
2815,17,train/loss,1.3738179206848145
2815,17,train/lr,2.175728259779868e-05
2816,17,train/loss,1.415000081062317
2816,17,train/lr,2.172303740932233e-05
2817,17,train/loss,1.5839864015579224
2817,17,train/lr,2.1688811711670948e-05
2818,17,train/loss,1.3630998134613037
2818,17,train/lr,2.1654605528435773e-05
2819,17,train/loss,1.6624178886413574
2819,17,train/lr,2.1620418883194525e-05
2820,17,train/loss,1.5458259582519531
2820,17,train/lr,2.1586251799511475e-05
2821,17,train/loss,1.5668647289276123
2821,17,train/lr,2.1552104300937397e-05
2822,17,train/loss,1.562114953994751
2822,17,train/lr,2.151797641100959e-05
2822,17,train/batches,331.0
2822,17,train/compute_pct,99.85682940532479
2822,17,train/compute_sec,34.0464927049843
2822,17,train/data_wait_pct,0.14317059467521817
2822,17,train/data_wait_sec,0.0488144540158828
2822,17,train/examples,5296.0
2822,17,train/examples_per_sec,155.32929430148886
2822,17,train/input_tokens,625993.0
2822,17,train/peak_vram_gb,4.88370418548584
2822,17,train/target_tokens,424709.0
2822,17,train/tokens_per_sec,30816.6163484069
2822,17,train/total_sec,34.095307159000185
2822,17,train/epoch_loss,1.5206039985501154
2822,17,epoch17/batches,331.0
2822,17,epoch17/compute_pct,99.85682940532479
2822,17,epoch17/compute_sec,34.0464927049843
2822,17,epoch17/data_wait_pct,0.14317059467521817
2822,17,epoch17/data_wait_sec,0.0488144540158828
2822,17,epoch17/examples,5296.0
2822,17,epoch17/examples_per_sec,155.32929430148886
2822,17,epoch17/input_tokens,625993.0
2822,17,epoch17/peak_vram_gb,4.88370418548584
2822,17,epoch17/target_tokens,424709.0
2822,17,epoch17/tokens_per_sec,30816.6163484069
2822,17,epoch17/total_sec,34.095307159000185
2822,17,val/bleu,18.517935889474206
2822,17,val/chrf,38.08225460707595
2822,17,val/combined,26.555691467940846
2822,17,val/eval_peak_vram_gb,4.88370418548584
2822,17,val/eval_samples_per_sec,14.75476196151437
2822,17,val/eval_seconds,40.46151347999967
2822,17,val/eval_tokens_per_sec,3784.707659927141
2823,18,train/loss,1.599418044090271
2823,18,train/lr,2.148386815325179e-05
2824,18,train/loss,1.6085748672485352
2824,18,train/lr,2.144977955117429e-05
2825,18,train/loss,1.721774697303772
2825,18,train/lr,2.141571062827374e-05
2826,18,train/loss,1.5699090957641602
2826,18,train/lr,2.138166140803325e-05
2827,18,train/loss,1.6029489040374756
2827,18,train/lr,2.1347631913922418e-05
2828,18,train/loss,1.4996360540390015
2828,18,train/lr,2.1313622169397135e-05
2829,18,train/loss,1.445880651473999
2829,18,train/lr,2.127963219789974e-05
2830,18,train/loss,1.390352487564087
2830,18,train/lr,2.124566202285897e-05
2831,18,train/loss,1.5131192207336426
2831,18,train/lr,2.1211711667689888e-05
2832,18,train/loss,1.6964213848114014
2832,18,train/lr,2.1177781155793825e-05
2833,18,train/loss,1.4916174411773682
2833,18,train/lr,2.1143870510558566e-05
2834,18,train/loss,1.3991444110870361
2834,18,train/lr,2.1109979755358116e-05
2835,18,train/loss,1.5550861358642578
2835,18,train/lr,2.1076108913552794e-05
2836,18,train/loss,1.3975937366485596
2836,18,train/lr,2.104225800848918e-05
2837,18,train/loss,1.499410629272461
2837,18,train/lr,2.100842706350013e-05
2838,18,train/loss,1.38435959815979
2838,18,train/lr,2.0974616101904736e-05
2839,18,train/loss,1.417523741722107
2839,18,train/lr,2.0940825147008304e-05
2840,18,train/loss,1.5250860452651978
2840,18,train/lr,2.090705422210237e-05
2841,18,train/loss,1.5963802337646484
2841,18,train/lr,2.0873303350464622e-05
2842,18,train/loss,1.6390131711959839
2842,18,train/lr,2.083957255535902e-05
2843,18,train/loss,1.7269244194030762
2843,18,train/lr,2.0805861860035574e-05
2844,18,train/loss,1.5375704765319824
2844,18,train/lr,2.0772171287730473e-05
2845,18,train/loss,1.5770957469940186
2845,18,train/lr,2.073850086166611e-05
2846,18,train/loss,1.6254477500915527
2846,18,train/lr,2.0704850605050886e-05
2847,18,train/loss,1.5604017972946167
2847,18,train/lr,2.0671220541079335e-05
2848,18,train/loss,1.594724416732788
2848,18,train/lr,2.063761069293212e-05
2849,18,train/loss,1.4988019466400146
2849,18,train/lr,2.0604021083775914e-05
2850,18,train/loss,1.5782970190048218
2850,18,train/lr,2.057045173676347e-05
2851,18,train/loss,1.5618937015533447
2851,18,train/lr,2.0536902675033548e-05
2852,18,train/loss,1.668070912361145
2852,18,train/lr,2.050337392171095e-05
2853,18,train/loss,1.577165126800537
2853,18,train/lr,2.046986549990646e-05
2854,18,train/loss,1.6232192516326904
2854,18,train/lr,2.0436377432716868e-05
2855,18,train/loss,1.5518434047698975
2855,18,train/lr,2.0402909743224925e-05
2856,18,train/loss,1.4621963500976562
2856,18,train/lr,2.036946245449932e-05
2857,18,train/loss,1.5142728090286255
2857,18,train/lr,2.0336035589594714e-05
2858,18,train/loss,1.5491728782653809
2858,18,train/lr,2.0302629171551657e-05
2859,18,train/loss,1.5259482860565186
2859,18,train/lr,2.0269243223396612e-05
2860,18,train/loss,1.4872994422912598
2860,18,train/lr,2.0235877768141987e-05
2861,18,train/loss,1.4487569332122803
2861,18,train/lr,2.0202532828785953e-05
2862,18,train/loss,1.4561431407928467
2862,18,train/lr,2.0169208428312647e-05
2863,18,train/loss,1.393747091293335
2863,18,train/lr,2.0135904589692018e-05
2864,18,train/loss,1.5188143253326416
2864,18,train/lr,2.010262133587977e-05
2865,18,train/loss,1.4757909774780273
2865,18,train/lr,2.006935868981753e-05
2866,18,train/loss,1.3710079193115234
2866,18,train/lr,2.0036116674432654e-05
2867,18,train/loss,1.553638219833374
2867,18,train/lr,2.0002895312638296e-05
2868,18,train/loss,1.584723711013794
2868,18,train/lr,1.996969462733337e-05
2869,18,train/loss,1.5373189449310303
2869,18,train/lr,1.9936514641402536e-05
2870,18,train/loss,1.510857105255127
2870,18,train/lr,1.9903355377716186e-05
2871,18,train/loss,1.615868091583252
2871,18,train/lr,1.9870216859130437e-05
2872,18,train/loss,1.5995301008224487
2872,18,train/lr,1.98370991084871e-05
2873,18,train/loss,1.5447845458984375
2873,18,train/lr,1.980400214861367e-05
2874,18,train/loss,1.5393762588500977
2874,18,train/lr,1.9770926002323315e-05
2875,18,train/loss,1.5461061000823975
2875,18,train/lr,1.9737870692414856e-05
2876,18,train/loss,1.6151548624038696
2876,18,train/lr,1.970483624167273e-05
2877,18,train/loss,1.582855463027954
2877,18,train/lr,1.9671822672867053e-05
2878,18,train/loss,1.4050500392913818
2878,18,train/lr,1.963883000875351e-05
2879,18,train/loss,1.4099775552749634
2879,18,train/lr,1.9605858272073335e-05
2880,18,train/loss,1.4882467985153198
2880,18,train/lr,1.957290748555342e-05
2881,18,train/loss,1.7107717990875244
2881,18,train/lr,1.9539977671906185e-05
2882,18,train/loss,1.4983807802200317
2882,18,train/lr,1.9507068853829523e-05
2883,18,train/loss,1.5989867448806763
2883,18,train/lr,1.9474181054006985e-05
2884,18,train/loss,1.4964646100997925
2884,18,train/lr,1.9441314295107537e-05
2885,18,train/loss,1.3350473642349243
2885,18,train/lr,1.9408468599785678e-05
2886,18,train/loss,1.5058531761169434
2886,18,train/lr,1.937564399068138e-05
2887,18,train/loss,1.5728440284729004
2887,18,train/lr,1.9342840490420082e-05
2888,18,train/loss,1.4397426843643188
2888,18,train/lr,1.9310058121612672e-05
2889,18,train/loss,1.2967841625213623
2889,18,train/lr,1.9277296906855484e-05
2890,18,train/loss,1.554904818534851
2890,18,train/lr,1.924455686873025e-05
2891,18,train/loss,1.4166536331176758
2891,18,train/lr,1.9211838029804103e-05
2892,18,train/loss,1.5876022577285767
2892,18,train/lr,1.9179140412629627e-05
2893,18,train/loss,1.4899183511734009
2893,18,train/lr,1.9146464039744682e-05
2894,18,train/loss,1.6580510139465332
2894,18,train/lr,1.9113808933672527e-05
2895,18,train/loss,1.5435194969177246
2895,18,train/lr,1.90811751169218e-05
2896,18,train/loss,1.6163073778152466
2896,18,train/lr,1.9048562611986433e-05
2897,18,train/loss,1.6554555892944336
2897,18,train/lr,1.901597144134561e-05
2898,18,train/loss,1.4598815441131592
2898,18,train/lr,1.8983401627463926e-05
2899,18,train/loss,1.4052979946136475
2899,18,train/lr,1.8950853192791184e-05
2900,18,train/loss,1.5212173461914062
2900,18,train/lr,1.8918326159762417e-05
2901,18,train/loss,1.537837266921997
2901,18,train/lr,1.8885820550798e-05
2902,18,train/loss,1.4772050380706787
2902,18,train/lr,1.8853336388303477e-05
2903,18,train/loss,1.4142404794692993
2903,18,train/lr,1.8820873694669617e-05
2904,18,train/loss,1.6036841869354248
2904,18,train/lr,1.8788432492272407e-05
2905,18,train/loss,1.548913598060608
2905,18,train/lr,1.8756012803473e-05
2906,18,train/loss,1.5560975074768066
2906,18,train/lr,1.8723614650617723e-05
2907,18,train/loss,1.4521851539611816
2907,18,train/lr,1.8691238056038113e-05
2908,18,train/loss,1.4814584255218506
2908,18,train/lr,1.865888304205075e-05
2909,18,train/loss,1.52950119972229
2909,18,train/lr,1.8626549630957396e-05
2910,18,train/loss,1.4656062126159668
2910,18,train/lr,1.859423784504496e-05
2911,18,train/loss,1.5725071430206299
2911,18,train/lr,1.856194770658535e-05
2912,18,train/loss,1.4972898960113525
2912,18,train/lr,1.8529679237835612e-05
2913,18,train/loss,1.3976824283599854
2913,18,train/lr,1.849743246103788e-05
2914,18,train/loss,1.442993402481079
2914,18,train/lr,1.8465207398419294e-05
2915,18,train/loss,1.4725449085235596
2915,18,train/lr,1.8433004072191993e-05
2916,18,train/loss,1.5220175981521606
2916,18,train/lr,1.840082250455323e-05
2917,18,train/loss,1.3579506874084473
2917,18,train/lr,1.8368662717685187e-05
2918,18,train/loss,1.5179908275604248
2918,18,train/lr,1.8336524733755056e-05
2919,18,train/loss,1.4890930652618408
2919,18,train/lr,1.8304408574914993e-05
2920,18,train/loss,1.5395461320877075
2920,18,train/lr,1.8272314263302116e-05
2921,18,train/loss,1.581740140914917
2921,18,train/lr,1.824024182103849e-05
2922,18,train/loss,1.6271040439605713
2922,18,train/lr,1.820819127023109e-05
2923,18,train/loss,1.4866962432861328
2923,18,train/lr,1.8176162632971818e-05
2924,18,train/loss,1.5877976417541504
2924,18,train/lr,1.8144155931337444e-05
2925,18,train/loss,1.5581862926483154
2925,18,train/lr,1.811217118738968e-05
2926,18,train/loss,1.5003175735473633
2926,18,train/lr,1.8080208423175027e-05
2927,18,train/loss,1.4292418956756592
2927,18,train/lr,1.804826766072486e-05
2928,18,train/loss,1.6008343696594238
2928,18,train/lr,1.801634892205545e-05
2929,18,train/loss,1.4452619552612305
2929,18,train/lr,1.7984452229167785e-05
2930,18,train/loss,1.515331506729126
2930,18,train/lr,1.795257760404771e-05
2931,18,train/loss,1.4650346040725708
2931,18,train/lr,1.792072506866589e-05
2932,18,train/loss,1.4236862659454346
2932,18,train/lr,1.7888894644977728e-05
2933,18,train/loss,1.388968825340271
2933,18,train/lr,1.7857086354923343e-05
2934,18,train/loss,1.4011895656585693
2934,18,train/lr,1.7825300220427687e-05
2935,18,train/loss,1.4083231687545776
2935,18,train/lr,1.779353626340039e-05
2936,18,train/loss,1.3925755023956299
2936,18,train/lr,1.7761794505735797e-05
2937,18,train/loss,1.3277592658996582
2937,18,train/lr,1.7730074969312955e-05
2938,18,train/loss,1.3370296955108643
2938,18,train/lr,1.76983776759956e-05
2939,18,train/loss,1.4872534275054932
2939,18,train/lr,1.766670264763213e-05
2940,18,train/loss,1.5022428035736084
2940,18,train/lr,1.7635049906055596e-05
2941,18,train/loss,1.4302372932434082
2941,18,train/lr,1.7603419473083693e-05
2942,18,train/loss,1.6584386825561523
2942,18,train/lr,1.7571811370518713e-05
2943,18,train/loss,1.524869680404663
2943,18,train/lr,1.7540225620147644e-05
2944,18,train/loss,1.528898000717163
2944,18,train/lr,1.7508662243741937e-05
2945,18,train/loss,1.595503568649292
2945,18,train/lr,1.747712126305769e-05
2946,18,train/loss,1.633986473083496
2946,18,train/lr,1.7445602699835612e-05
2947,18,train/loss,1.6289684772491455
2947,18,train/lr,1.7414106575800847e-05
2948,18,train/loss,1.5511528253555298
2948,18,train/lr,1.738263291266315e-05
2949,18,train/loss,1.5644872188568115
2949,18,train/lr,1.73511817321168e-05
2950,18,train/loss,1.538962721824646
2950,18,train/lr,1.7319753055840553e-05
2951,18,train/loss,1.633858561515808
2951,18,train/lr,1.7288346905497615e-05
2952,18,train/loss,1.5597575902938843
2952,18,train/lr,1.725696330273575e-05
2953,18,train/loss,1.5275757312774658
2953,18,train/lr,1.722560226918712e-05
2954,18,train/loss,1.5702741146087646
2954,18,train/lr,1.7194263826468354e-05
2955,18,train/loss,1.507736086845398
2955,18,train/lr,1.7162947996180494e-05
2956,18,train/loss,1.514436960220337
2956,18,train/lr,1.713165479990901e-05
2957,18,train/loss,1.5408155918121338
2957,18,train/lr,1.710038425922376e-05
2958,18,train/loss,1.556051254272461
2958,18,train/lr,1.7069136395678997e-05
2959,18,train/loss,1.4411379098892212
2959,18,train/lr,1.703791123081333e-05
2960,18,train/loss,1.3629961013793945
2960,18,train/lr,1.7006708786149723e-05
2961,18,train/loss,1.3730204105377197
2961,18,train/lr,1.697552908319553e-05
2962,18,train/loss,1.5585793256759644
2962,18,train/lr,1.6944372143442326e-05
2963,18,train/loss,1.310689926147461
2963,18,train/lr,1.691323798836607e-05
2964,18,train/loss,1.367023229598999
2964,18,train/lr,1.688212663942705e-05
2965,18,train/loss,1.48778235912323
2965,18,train/lr,1.68510381180697e-05
2966,18,train/loss,1.5000474452972412
2966,18,train/lr,1.6819972445722877e-05
2967,18,train/loss,1.4686647653579712
2967,18,train/lr,1.6788929643799583e-05
2968,18,train/loss,1.4900212287902832
2968,18,train/lr,1.6757909733697092e-05
2969,18,train/loss,1.570239543914795
2969,18,train/lr,1.67269127367969e-05
2970,18,train/loss,1.5570695400238037
2970,18,train/lr,1.6695938674464707e-05
2971,18,train/loss,1.6220203638076782
2971,18,train/lr,1.6664987568050393e-05
2972,18,train/loss,1.614786982536316
2972,18,train/lr,1.6634059438888033e-05
2973,18,train/loss,1.4710568189620972
2973,18,train/lr,1.6603154308295854e-05
2974,18,train/loss,1.6188466548919678
2974,18,train/lr,1.6572272197576226e-05
2975,18,train/loss,1.425044298171997
2975,18,train/lr,1.654141312801567e-05
2976,18,train/loss,1.5451622009277344
2976,18,train/lr,1.6510577120884803e-05
2977,18,train/loss,1.555554986000061
2977,18,train/lr,1.647976419743835e-05
2978,18,train/loss,1.352188229560852
2978,18,train/lr,1.6448974378915127e-05
2979,18,train/loss,1.5627812147140503
2979,18,train/lr,1.6418207686538073e-05
2980,18,train/loss,1.5047001838684082
2980,18,train/lr,1.6387464141514076e-05
2981,18,train/loss,1.4055304527282715
2981,18,train/lr,1.6356743765034178e-05
2982,18,train/loss,1.4104931354522705
2982,18,train/lr,1.6326046578273396e-05
2983,18,train/loss,1.475225567817688
2983,18,train/lr,1.6295372602390767e-05
2984,18,train/loss,1.536139965057373
2984,18,train/lr,1.6264721858529347e-05
2985,18,train/loss,1.5725046396255493
2985,18,train/lr,1.623409436781616e-05
2986,18,train/loss,1.5774335861206055
2986,18,train/lr,1.620349015136221e-05
2987,18,train/loss,1.5327479839324951
2987,18,train/lr,1.617290923026246e-05
2988,18,train/loss,1.5753040313720703
2988,18,train/lr,1.614235162559582e-05
2988,18,train/batches,331.0
2988,18,train/compute_pct,99.84488511913786
2988,18,train/compute_sec,34.00001884800804
2988,18,train/data_wait_pct,0.15511488086214706
2988,18,train/data_wait_sec,0.0528210219945322
2988,18,train/examples,5296.0
2988,18,train/examples_per_sec,155.523005429726
2988,18,train/input_tokens,625993.0
2988,18,train/peak_vram_gb,4.88370418548584
2988,18,train/target_tokens,424708.0
2988,18,train/tokens_per_sec,30855.018377647004
2988,18,train/total_sec,34.05283987000257
2988,18,train/epoch_loss,1.514966760877396
2988,18,epoch18/batches,331.0
2988,18,epoch18/compute_pct,99.84488511913786
2988,18,epoch18/compute_sec,34.00001884800804
2988,18,epoch18/data_wait_pct,0.15511488086214706
2988,18,epoch18/data_wait_sec,0.0528210219945322
2988,18,epoch18/examples,5296.0
2988,18,epoch18/examples_per_sec,155.523005429726
2988,18,epoch18/input_tokens,625993.0
2988,18,epoch18/peak_vram_gb,4.88370418548584
2988,18,epoch18/target_tokens,424708.0
2988,18,epoch18/tokens_per_sec,30855.018377647004
2988,18,epoch18/total_sec,34.05283987000257
2988,18,val/bleu,18.20457928618903
2988,18,val/chrf,38.19191432096666
2988,18,val/combined,26.367929997392206
2988,18,val/eval_peak_vram_gb,4.88370418548584
2988,18,val/eval_samples_per_sec,14.195978047632284
2988,18,val/eval_seconds,42.054164778000086
2988,18,val/eval_tokens_per_sec,3797.840257751407
2989,19,train/loss,1.4519736766815186
2989,19,train/lr,1.6111817358425112e-05
2990,19,train/loss,1.580377459526062
2990,19,train/lr,1.6081306449797085e-05
2991,19,train/loss,1.7082829475402832
2991,19,train/lr,1.605081892074239e-05
2992,19,train/loss,1.5123947858810425
2992,19,train/lr,1.6020354792275548e-05
2993,19,train/loss,1.5255131721496582
2993,19,train/lr,1.598991408539497e-05
2994,19,train/loss,1.4816370010375977
2994,19,train/lr,1.5959496821082905e-05
2995,19,train/loss,1.6457070112228394
2995,19,train/lr,1.592910302030544e-05
2996,19,train/loss,1.507692813873291
2996,19,train/lr,1.589873270401253e-05
2997,19,train/loss,1.7074657678604126
2997,19,train/lr,1.5868385893137917e-05
2998,19,train/loss,1.4427108764648438
2998,19,train/lr,1.5838062608599084e-05
2999,19,train/loss,1.5150890350341797
2999,19,train/lr,1.58077628712974e-05
3000,19,train/loss,1.5023972988128662
3000,19,train/lr,1.5777486702117937e-05
3001,19,train/loss,1.399843454360962
3001,19,train/lr,1.5747234121929543e-05
3002,19,train/loss,1.4503271579742432
3002,19,train/lr,1.5717005151584795e-05
3003,19,train/loss,1.4460914134979248
3003,19,train/lr,1.568679981192001e-05
3004,19,train/loss,1.5270061492919922
3004,19,train/lr,1.5656618123755208e-05
3005,19,train/loss,1.4621613025665283
3005,19,train/lr,1.562646010789411e-05
3006,19,train/loss,1.482478380203247
3006,19,train/lr,1.5596325785124116e-05
3007,19,train/loss,1.5930957794189453
3007,19,train/lr,1.55662151762163e-05
3008,19,train/loss,1.4702473878860474
3008,19,train/lr,1.5536128301925384e-05
3009,19,train/loss,1.6411504745483398
3009,19,train/lr,1.5506065182989737e-05
3010,19,train/loss,1.5214855670928955
3010,19,train/lr,1.5476025840131337e-05
3011,19,train/loss,1.4964373111724854
3011,19,train/lr,1.544601029405583e-05
3012,19,train/loss,1.5715336799621582
3012,19,train/lr,1.5416018565452374e-05
3013,19,train/loss,1.6432552337646484
3013,19,train/lr,1.538605067499375e-05
3014,19,train/loss,1.5467255115509033
3014,19,train/lr,1.5356106643336343e-05
3015,19,train/loss,1.391601324081421
3015,19,train/lr,1.5326186491120065e-05
3016,19,train/loss,1.6087384223937988
3016,19,train/lr,1.5296290238968303e-05
3017,19,train/loss,1.4944541454315186
3017,19,train/lr,1.5266417907488094e-05
3018,19,train/loss,1.5511739253997803
3018,19,train/lr,1.5236569517269895e-05
3019,19,train/loss,1.5654118061065674
3019,19,train/lr,1.5206745088887698e-05
3020,19,train/loss,1.6307389736175537
3020,19,train/lr,1.517694464289896e-05
3021,19,train/loss,1.4863779544830322
3021,19,train/lr,1.5147168199844624e-05
3022,19,train/loss,1.5254652500152588
3022,19,train/lr,1.5117415780249083e-05
3023,19,train/loss,1.4811792373657227
3023,19,train/lr,1.508768740462016e-05
3024,19,train/loss,1.3661792278289795
3024,19,train/lr,1.5057983093449124e-05
3025,19,train/loss,1.5061750411987305
3025,19,train/lr,1.5028302867210626e-05
3026,19,train/loss,1.3009461164474487
3026,19,train/lr,1.4998646746362788e-05
3027,19,train/loss,1.5452358722686768
3027,19,train/lr,1.496901475134701e-05
3028,19,train/loss,1.4503250122070312
3028,19,train/lr,1.4939406902588127e-05
3029,19,train/loss,1.4948453903198242
3029,19,train/lr,1.4909823220494357e-05
3030,19,train/loss,1.5151199102401733
3030,19,train/lr,1.4880263725457188e-05
3031,19,train/loss,1.5171221494674683
3031,19,train/lr,1.485072843785147e-05
3032,19,train/loss,1.3781942129135132
3032,19,train/lr,1.4821217378035396e-05
3033,19,train/loss,1.5651228427886963
3033,19,train/lr,1.4791730566350436e-05
3034,19,train/loss,1.5101674795150757
3034,19,train/lr,1.4762268023121301e-05
3035,19,train/loss,1.6359548568725586
3035,19,train/lr,1.4732829768656053e-05
3036,19,train/loss,1.596512794494629
3036,19,train/lr,1.470341582324597e-05
3037,19,train/loss,1.6132855415344238
3037,19,train/lr,1.4674026207165575e-05
3038,19,train/loss,1.5758388042449951
3038,19,train/lr,1.4644660940672627e-05
3039,19,train/loss,1.5125558376312256
3039,19,train/lr,1.4615320044008102e-05
3040,19,train/loss,1.6402556896209717
3040,19,train/lr,1.458600353739617e-05
3041,19,train/loss,1.4663898944854736
3041,19,train/lr,1.4556711441044202e-05
3042,19,train/loss,1.5663683414459229
3042,19,train/lr,1.452744377514274e-05
3043,19,train/loss,1.563763976097107
3043,19,train/lr,1.449820055986546e-05
3044,19,train/loss,1.5550646781921387
3044,19,train/lr,1.446898181536926e-05
3045,19,train/loss,1.5508153438568115
3045,19,train/lr,1.4439787561794067e-05
3046,19,train/loss,1.3741517066955566
3046,19,train/lr,1.441061781926299e-05
3047,19,train/loss,1.5712745189666748
3047,19,train/lr,1.4381472607882252e-05
3048,19,train/loss,1.5914020538330078
3048,19,train/lr,1.4352351947741149e-05
3049,19,train/loss,1.5152051448822021
3049,19,train/lr,1.4323255858912011e-05
3050,19,train/loss,1.4403263330459595
3050,19,train/lr,1.429418436145032e-05
3051,19,train/loss,1.368857741355896
3051,19,train/lr,1.4265137475394546e-05
3052,19,train/loss,1.529569387435913
3052,19,train/lr,1.4236115220766183e-05
3053,19,train/loss,1.3277044296264648
3053,19,train/lr,1.4207117617569804e-05
3054,19,train/loss,1.288541316986084
3054,19,train/lr,1.4178144685792954e-05
3055,19,train/loss,1.514383316040039
3055,19,train/lr,1.414919644540617e-05
3056,19,train/loss,1.5342848300933838
3056,19,train/lr,1.4120272916362981e-05
3057,19,train/loss,1.3997468948364258
3057,19,train/lr,1.4091374118599875e-05
3058,19,train/loss,1.4381952285766602
3058,19,train/lr,1.40625000720363e-05
3059,19,train/loss,1.4740209579467773
3059,19,train/lr,1.4033650796574643e-05
3060,19,train/loss,1.5340497493743896
3060,19,train/lr,1.4004826312100216e-05
3061,19,train/loss,1.431453824043274
3061,19,train/lr,1.397602663848122e-05
3062,19,train/loss,1.5229610204696655
3062,19,train/lr,1.3947251795568828e-05
3063,19,train/loss,1.6878602504730225
3063,19,train/lr,1.3918501803196993e-05
3064,19,train/loss,1.4869959354400635
3064,19,train/lr,1.3889776681182593e-05
3065,19,train/loss,1.5049476623535156
3065,19,train/lr,1.3861076449325394e-05
3066,19,train/loss,1.5367209911346436
3066,19,train/lr,1.3832401127407973e-05
3067,19,train/loss,1.564123511314392
3067,19,train/lr,1.3803750735195692e-05
3068,19,train/loss,1.557734489440918
3068,19,train/lr,1.3775125292436819e-05
3069,19,train/loss,1.4769771099090576
3069,19,train/lr,1.3746524818862361e-05
3070,19,train/loss,1.546459674835205
3070,19,train/lr,1.3717949334186148e-05
3071,19,train/loss,1.4480884075164795
3071,19,train/lr,1.3689398858104751e-05
3072,19,train/loss,1.4953157901763916
3072,19,train/lr,1.3660873410297543e-05
3073,19,train/loss,1.4343066215515137
3073,19,train/lr,1.3632373010426608e-05
3074,19,train/loss,1.4894204139709473
3074,19,train/lr,1.3603897678136796e-05
3075,19,train/loss,1.44462251663208
3075,19,train/lr,1.357544743305566e-05
3076,19,train/loss,1.5259428024291992
3076,19,train/lr,1.3547022294793466e-05
3077,19,train/loss,1.3148884773254395
3077,19,train/lr,1.3518622282943167e-05
3078,19,train/loss,1.478553056716919
3078,19,train/lr,1.3490247417080414e-05
3079,19,train/loss,1.4219045639038086
3079,19,train/lr,1.3461897716763494e-05
3080,19,train/loss,1.5284076929092407
3080,19,train/lr,1.3433573201533417e-05
3081,19,train/loss,1.4581851959228516
3081,19,train/lr,1.340527389091374e-05
3082,19,train/loss,1.4415570497512817
3082,19,train/lr,1.337699980441069e-05
3083,19,train/loss,1.6159930229187012
3083,19,train/lr,1.334875096151314e-05
3084,19,train/loss,1.607917308807373
3084,19,train/lr,1.3320527381692522e-05
3085,19,train/loss,1.5526483058929443
3085,19,train/lr,1.329232908440286e-05
3086,19,train/loss,1.5194125175476074
3086,19,train/lr,1.3264156089080753e-05
3087,19,train/loss,1.602752923965454
3087,19,train/lr,1.3236008415145373e-05
3088,19,train/loss,1.5725421905517578
3088,19,train/lr,1.3207886081998421e-05
3089,19,train/loss,1.4879401922225952
3089,19,train/lr,1.3179789109024144e-05
3090,19,train/loss,1.5620654821395874
3090,19,train/lr,1.3151717515589295e-05
3091,19,train/loss,1.5240912437438965
3091,19,train/lr,1.3123671321043151e-05
3092,19,train/loss,1.446019172668457
3092,19,train/lr,1.309565054471747e-05
3093,19,train/loss,1.5988812446594238
3093,19,train/lr,1.3067655205926488e-05
3094,19,train/loss,1.5399434566497803
3094,19,train/lr,1.3039685323966916e-05
3095,19,train/loss,1.4579832553863525
3095,19,train/lr,1.301174091811791e-05
3096,19,train/loss,1.5835667848587036
3096,19,train/lr,1.2983822007641072e-05
3097,19,train/loss,1.5852556228637695
3097,19,train/lr,1.2955928611780411e-05
3098,19,train/loss,1.431023359298706
3098,19,train/lr,1.2928060749762416e-05
3099,19,train/loss,1.4332962036132812
3099,19,train/lr,1.2900218440795857e-05
3100,19,train/loss,1.4435434341430664
3100,19,train/lr,1.2872401704072012e-05
3101,19,train/loss,1.5751888751983643
3101,19,train/lr,1.2844610558764464e-05
3102,19,train/loss,1.2969597578048706
3102,19,train/lr,1.2816845024029173e-05
3103,19,train/loss,1.2698243856430054
3103,19,train/lr,1.278910511900444e-05
3104,19,train/loss,1.7282593250274658
3104,19,train/lr,1.2761390862810907e-05
3105,19,train/loss,1.4142060279846191
3105,19,train/lr,1.2733702274551546e-05
3106,19,train/loss,1.523099660873413
3106,19,train/lr,1.2706039373311613e-05
3107,19,train/loss,1.4927067756652832
3107,19,train/lr,1.2678402178158672e-05
3108,19,train/loss,1.4996788501739502
3108,19,train/lr,1.2650790708142573e-05
3109,19,train/loss,1.4045262336730957
3109,19,train/lr,1.2623204982295427e-05
3110,19,train/loss,1.529509425163269
3110,19,train/lr,1.2595645019631603e-05
3111,19,train/loss,1.6098287105560303
3111,19,train/lr,1.2568110839147706e-05
3112,19,train/loss,1.5909723043441772
3112,19,train/lr,1.254060245982256e-05
3113,19,train/loss,1.5282996892929077
3113,19,train/lr,1.2513119900617265e-05
3114,19,train/loss,1.658026933670044
3114,19,train/lr,1.2485663180475017e-05
3115,19,train/loss,1.5730905532836914
3115,19,train/lr,1.2458232318321305e-05
3116,19,train/loss,1.6602110862731934
3116,19,train/lr,1.2430827333063755e-05
3117,19,train/loss,1.4452028274536133
3117,19,train/lr,1.2403448243592103e-05
3118,19,train/loss,1.5667734146118164
3118,19,train/lr,1.2376095068778338e-05
3119,19,train/loss,1.4644606113433838
3119,19,train/lr,1.2348767827476516e-05
3120,19,train/loss,1.4658188819885254
3120,19,train/lr,1.232146653852283e-05
3121,19,train/loss,1.5502958297729492
3121,19,train/lr,1.2294191220735595e-05
3122,19,train/loss,1.415074110031128
3122,19,train/lr,1.2266941892915218e-05
3123,19,train/loss,1.5485870838165283
3123,19,train/lr,1.2239718573844195e-05
3124,19,train/loss,1.5030715465545654
3124,19,train/lr,1.2212521282287092e-05
3125,19,train/loss,1.474459171295166
3125,19,train/lr,1.2185350036990534e-05
3126,19,train/loss,1.3934439420700073
3126,19,train/lr,1.2158204856683176e-05
3127,19,train/loss,1.383561611175537
3127,19,train/lr,1.2131085760075778e-05
3128,19,train/loss,1.5018811225891113
3128,19,train/lr,1.2103992765861017e-05
3129,19,train/loss,1.3453617095947266
3129,19,train/lr,1.2076925892713625e-05
3130,19,train/loss,1.4303654432296753
3130,19,train/lr,1.2049885159290375e-05
3131,19,train/loss,1.4540538787841797
3131,19,train/lr,1.2022870584229973e-05
3132,19,train/loss,1.495739221572876
3132,19,train/lr,1.1995882186153056e-05
3133,19,train/loss,1.3808908462524414
3133,19,train/lr,1.1968919983662308e-05
3134,19,train/loss,1.5088130235671997
3134,19,train/lr,1.1941983995342315e-05
3135,19,train/loss,1.587952733039856
3135,19,train/lr,1.191507423975955e-05
3136,19,train/loss,1.5757259130477905
3136,19,train/lr,1.1888190735462484e-05
3137,19,train/loss,1.6655845642089844
3137,19,train/lr,1.1861333500981448e-05
3138,19,train/loss,1.5600897073745728
3138,19,train/lr,1.1834502554828663e-05
3139,19,train/loss,1.4776177406311035
3139,19,train/lr,1.1807697915498245e-05
3140,19,train/loss,1.682833194732666
3140,19,train/lr,1.1780919601466173e-05
3141,19,train/loss,1.4480631351470947
3141,19,train/lr,1.1754167631190272e-05
3142,19,train/loss,1.5532879829406738
3142,19,train/lr,1.172744202311023e-05
3143,19,train/loss,1.5300251245498657
3143,19,train/lr,1.1700742795647534e-05
3144,19,train/loss,1.4813499450683594
3144,19,train/lr,1.1674069967205503e-05
3145,19,train/loss,1.4599759578704834
3145,19,train/lr,1.164742355616929e-05
3146,19,train/loss,1.4640426635742188
3146,19,train/lr,1.1620803580905775e-05
3147,19,train/loss,1.486584186553955
3147,19,train/lr,1.1594210059763649e-05
3148,19,train/loss,1.4888678789138794
3148,19,train/lr,1.1567643011073392e-05
3149,19,train/loss,1.466538667678833
3149,19,train/lr,1.1541102453147223e-05
3150,19,train/loss,1.5115976333618164
3150,19,train/lr,1.1514588404279048e-05
3151,19,train/loss,1.5624253749847412
3151,19,train/lr,1.1488100882744579e-05
3152,19,train/loss,1.6199759244918823
3152,19,train/lr,1.1461639906801226e-05
3153,19,train/loss,1.6182105541229248
3153,19,train/lr,1.1435205494688033e-05
3154,19,train/loss,1.6508145332336426
3154,19,train/lr,1.140879766462583e-05
3154,19,train/batches,331.0
3154,19,train/compute_pct,99.89448186636427
3154,19,train/compute_sec,32.92003910899621
3154,19,train/data_wait_pct,0.10551813363572453
3154,19,train/data_wait_sec,0.0347733030002928
3154,19,train/examples,5296.0
3154,19,train/examples_per_sec,160.70490506182045
3154,19,train/input_tokens,625993.0
3154,19,train/peak_vram_gb,4.88370418548584
3154,19,train/target_tokens,424765.0
3154,19,train/tokens_per_sec,31884.812053049158
3154,19,train/total_sec,32.9548124119965
3154,19,train/epoch_loss,1.510620935085677
3154,19,epoch19/batches,331.0
3154,19,epoch19/compute_pct,99.89448186636427
3154,19,epoch19/compute_sec,32.92003910899621
3154,19,epoch19/data_wait_pct,0.10551813363572453
3154,19,epoch19/data_wait_sec,0.0347733030002928
3154,19,epoch19/examples,5296.0
3154,19,epoch19/examples_per_sec,160.70490506182045
3154,19,epoch19/input_tokens,625993.0
3154,19,epoch19/peak_vram_gb,4.88370418548584
3154,19,epoch19/target_tokens,424765.0
3154,19,epoch19/tokens_per_sec,31884.812053049158
3154,19,epoch19/total_sec,32.9548124119965
3154,19,val/bleu,18.507419778228765
3154,19,val/chrf,38.416137229337046
3154,19,val/combined,26.66427531288602
3154,19,val/eval_peak_vram_gb,4.88370418548584
3154,19,val/eval_samples_per_sec,14.987844228314094
3154,19,val/eval_seconds,39.8322794730002
3154,19,val/eval_tokens_per_sec,3853.0559142122847
3155,20,train/loss,1.5815016031265259
3155,20,train/lr,1.1382416434817067e-05
3156,20,train/loss,1.5485811233520508
3156,20,train/lr,1.135606182344588e-05
3157,20,train/loss,1.4032135009765625
3157,20,train/lr,1.1329733848678037e-05
3158,20,train/loss,1.6480510234832764
3158,20,train/lr,1.1303432528660967e-05
3159,20,train/loss,1.510913610458374
3159,20,train/lr,1.127715788152372e-05
3160,20,train/loss,1.579468011856079
3160,20,train/lr,1.1250909925376963e-05
3161,20,train/loss,1.5032598972320557
3161,20,train/lr,1.1224688678312944e-05
3162,20,train/loss,1.4474263191223145
3162,20,train/lr,1.1198494158405525e-05
3163,20,train/loss,1.5909953117370605
3163,20,train/lr,1.117232638371017e-05
3164,20,train/loss,1.5360355377197266
3164,20,train/lr,1.114618537226384e-05
3165,20,train/loss,1.4563796520233154
3165,20,train/lr,1.112007114208508e-05
3166,20,train/loss,1.5803773403167725
3166,20,train/lr,1.109398371117401e-05
3167,20,train/loss,1.341081142425537
3167,20,train/lr,1.1067923097512256e-05
3168,20,train/loss,1.5208141803741455
3168,20,train/lr,1.1041889319062898e-05
3169,20,train/loss,1.3290988206863403
3169,20,train/lr,1.1015882393770621e-05
3170,20,train/loss,1.4822475910186768
3170,20,train/lr,1.0989902339561553e-05
3171,20,train/loss,1.5051019191741943
3171,20,train/lr,1.0963949174343258e-05
3172,20,train/loss,1.5435709953308105
3172,20,train/lr,1.0938022916004847e-05
3173,20,train/loss,1.4162404537200928
3173,20,train/lr,1.0912123582416827e-05
3174,20,train/loss,1.6101746559143066
3174,20,train/lr,1.0886251191431174e-05
3175,20,train/loss,1.5497369766235352
3175,20,train/lr,1.0860405760881276e-05
3176,20,train/loss,1.5634657144546509
3176,20,train/lr,1.083458730858195e-05
3177,20,train/loss,1.524792194366455
3177,20,train/lr,1.080879585232939e-05
3178,20,train/loss,1.6457772254943848
3178,20,train/lr,1.078303140990125e-05
3179,20,train/loss,1.5839436054229736
3179,20,train/lr,1.0757293999056478e-05
3180,20,train/loss,1.5279960632324219
3180,20,train/lr,1.073158363753543e-05
3181,20,train/loss,1.4176239967346191
3181,20,train/lr,1.0705900343059855e-05
3182,20,train/loss,1.4047226905822754
3182,20,train/lr,1.0680244133332768e-05
3183,20,train/loss,1.456133246421814
3183,20,train/lr,1.065461502603855e-05
3184,20,train/loss,1.5496149063110352
3184,20,train/lr,1.0629013038842939e-05
3185,20,train/loss,1.4505164623260498
3185,20,train/lr,1.060343818939294e-05
3186,20,train/loss,1.364593744277954
3186,20,train/lr,1.0577890495316822e-05
3187,20,train/loss,1.4781817197799683
3187,20,train/lr,1.0552369974224208e-05
3188,20,train/loss,1.435483694076538
3188,20,train/lr,1.0526876643705946e-05
3189,20,train/loss,1.3924205303192139
3189,20,train/lr,1.0501410521334142e-05
3190,20,train/loss,1.6132252216339111
3190,20,train/lr,1.0475971624662167e-05
3191,20,train/loss,1.4964478015899658
3191,20,train/lr,1.0450559971224615e-05
3192,20,train/loss,1.473719835281372
3192,20,train/lr,1.0425175578537299e-05
3193,20,train/loss,1.4274144172668457
3193,20,train/lr,1.039981846409725e-05
3194,20,train/loss,1.4314155578613281
3194,20,train/lr,1.0374488645382679e-05
3195,20,train/loss,1.4432373046875
3195,20,train/lr,1.0349186139852996e-05
3196,20,train/loss,1.6342992782592773
3196,20,train/lr,1.0323910964948824e-05
3197,20,train/loss,1.3264960050582886
3197,20,train/lr,1.0298663138091858e-05
3198,20,train/loss,1.5251359939575195
3198,20,train/lr,1.0273442676684991e-05
3199,20,train/loss,1.543253779411316
3199,20,train/lr,1.0248249598112302e-05
3200,20,train/loss,1.51570725440979
3200,20,train/lr,1.0223083919738907e-05
3201,20,train/loss,1.5598747730255127
3201,20,train/lr,1.0197945658911072e-05
3202,20,train/loss,1.5064854621887207
3202,20,train/lr,1.0172834832956201e-05
3203,20,train/loss,1.6354628801345825
3203,20,train/lr,1.0147751459182736e-05
3204,20,train/loss,1.591133713722229
3204,20,train/lr,1.0122695554880218e-05
3205,20,train/loss,1.5188956260681152
3205,20,train/lr,1.0097667137319255e-05
3206,20,train/loss,1.5613071918487549
3206,20,train/lr,1.0072666223751498e-05
3207,20,train/loss,1.548919439315796
3207,20,train/lr,1.0047692831409655e-05
3208,20,train/loss,1.5598342418670654
3208,20,train/lr,1.0022746977507459e-05
3209,20,train/loss,1.6445443630218506
3209,20,train/lr,9.997828679239647e-06
3210,20,train/loss,1.5455434322357178
3210,20,train/lr,9.972937953781986e-06
3211,20,train/loss,1.5184717178344727
3211,20,train/lr,9.94807481829122e-06
3212,20,train/loss,1.43622624874115
3212,20,train/lr,9.923239289905083e-06
3213,20,train/loss,1.4307267665863037
3213,20,train/lr,9.898431385742263e-06
3214,20,train/loss,1.4180240631103516
3214,20,train/lr,9.873651122902472e-06
3215,20,train/loss,1.4929499626159668
3215,20,train/lr,9.848898518466266e-06
3216,20,train/loss,1.5472776889801025
3216,20,train/lr,9.8241735894952e-06
3217,20,train/loss,1.5478525161743164
3217,20,train/lr,9.799476353031778e-06
3218,20,train/loss,1.4300469160079956
3218,20,train/lr,9.77480682609933e-06
3219,20,train/loss,1.458310604095459
3219,20,train/lr,9.75016502570218e-06
3220,20,train/loss,1.4265670776367188
3220,20,train/lr,9.72555096882548e-06
3221,20,train/loss,1.4021227359771729
3221,20,train/lr,9.700964672435281e-06
3222,20,train/loss,1.5461182594299316
3222,20,train/lr,9.676406153478495e-06
3223,20,train/loss,1.4906120300292969
3223,20,train/lr,9.651875428882885e-06
3224,20,train/loss,1.5530717372894287
3224,20,train/lr,9.62737251555706e-06
3225,20,train/loss,1.3984005451202393
3225,20,train/lr,9.602897430390457e-06
3226,20,train/loss,1.4802887439727783
3226,20,train/lr,9.57845019025333e-06
3227,20,train/loss,1.4108295440673828
3227,20,train/lr,9.554030811996745e-06
3228,20,train/loss,1.54946768283844
3228,20,train/lr,9.52963931245256e-06
3229,20,train/loss,1.5479934215545654
3229,20,train/lr,9.50527570843342e-06
3230,20,train/loss,1.4991527795791626
3230,20,train/lr,9.48094001673272e-06
3231,20,train/loss,1.502126693725586
3231,20,train/lr,9.456632254124664e-06
3232,20,train/loss,1.7133393287658691
3232,20,train/lr,9.432352437364173e-06
3233,20,train/loss,1.7379844188690186
3233,20,train/lr,9.408100583186874e-06
3234,20,train/loss,1.4733209609985352
3234,20,train/lr,9.383876708309186e-06
3235,20,train/loss,1.4916341304779053
3235,20,train/lr,9.35968082942822e-06
3236,20,train/loss,1.517122745513916
3236,20,train/lr,9.335512963221732e-06
3237,20,train/loss,1.4270187616348267
3237,20,train/lr,9.31137312634826e-06
3238,20,train/loss,1.7136578559875488
3238,20,train/lr,9.287261335446967e-06
3239,20,train/loss,1.614485502243042
3239,20,train/lr,9.26317760713769e-06
3240,20,train/loss,1.518251657485962
3240,20,train/lr,9.239121958020942e-06
3241,20,train/loss,1.4453125
3241,20,train/lr,9.215094404677859e-06
3242,20,train/loss,1.4904344081878662
3242,20,train/lr,9.191094963670227e-06
3243,20,train/loss,1.4466421604156494
3243,20,train/lr,9.167123651540444e-06
3244,20,train/loss,1.4124085903167725
3244,20,train/lr,9.14318048481152e-06
3245,20,train/loss,1.4291828870773315
3245,20,train/lr,9.119265479987071e-06
3246,20,train/loss,1.4977142810821533
3246,20,train/lr,9.095378653551322e-06
3247,20,train/loss,1.4008598327636719
3247,20,train/lr,9.071520021969027e-06
3248,20,train/loss,1.474226474761963
3248,20,train/lr,9.047689601685522e-06
3249,20,train/loss,1.6215541362762451
3249,20,train/lr,9.02388740912674e-06
3250,20,train/loss,1.4854462146759033
3250,20,train/lr,9.000113460699117e-06
3251,20,train/loss,1.4608800411224365
3251,20,train/lr,8.97636777278959e-06
3252,20,train/loss,1.4839632511138916
3252,20,train/lr,8.952650361765696e-06
3253,20,train/loss,1.5553324222564697
3253,20,train/lr,8.928961243975437e-06
3254,20,train/loss,1.5927242040634155
3254,20,train/lr,8.905300435747276e-06
3255,20,train/loss,1.590545415878296
3255,20,train/lr,8.881667953390244e-06
3256,20,train/loss,1.4375240802764893
3256,20,train/lr,8.858063813193789e-06
3257,20,train/loss,1.625465989112854
3257,20,train/lr,8.83448803142784e-06
3258,20,train/loss,1.4570766687393188
3258,20,train/lr,8.810940624342785e-06
3259,20,train/loss,1.4505460262298584
3259,20,train/lr,8.787421608169438e-06
3260,20,train/loss,1.5211080312728882
3260,20,train/lr,8.763930999119046e-06
3261,20,train/loss,1.4798479080200195
3261,20,train/lr,8.740468813383323e-06
3262,20,train/loss,1.4339828491210938
3262,20,train/lr,8.717035067134306e-06
3263,20,train/loss,1.5261476039886475
3263,20,train/lr,8.693629776524482e-06
3264,20,train/loss,1.4103102684020996
3264,20,train/lr,8.670252957686747e-06
3265,20,train/loss,1.5787633657455444
3265,20,train/lr,8.646904626734304e-06
3266,20,train/loss,1.5621874332427979
3266,20,train/lr,8.623584799760765e-06
3267,20,train/loss,1.5031185150146484
3267,20,train/lr,8.6002934928401e-06
3268,20,train/loss,1.526280164718628
3268,20,train/lr,8.577030722026618e-06
3269,20,train/loss,1.423173189163208
3269,20,train/lr,8.553796503354899e-06
3270,20,train/loss,1.4007863998413086
3270,20,train/lr,8.530590852839938e-06
3271,20,train/loss,1.4705493450164795
3271,20,train/lr,8.507413786476986e-06
3272,20,train/loss,1.5215574502944946
3272,20,train/lr,8.484265320241563e-06
3273,20,train/loss,1.4498571157455444
3273,20,train/lr,8.46114547008955e-06
3274,20,train/loss,1.6023423671722412
3274,20,train/lr,8.438054251957039e-06
3275,20,train/loss,1.6135928630828857
3275,20,train/lr,8.414991681760421e-06
3276,20,train/loss,1.6659588813781738
3276,20,train/lr,8.391957775396326e-06
3277,20,train/loss,1.584669589996338
3277,20,train/lr,8.368952548741626e-06
3278,20,train/loss,1.5867515802383423
3278,20,train/lr,8.345976017653429e-06
3279,20,train/loss,1.6729211807250977
3279,20,train/lr,8.32302819796909e-06
3280,20,train/loss,1.5366954803466797
3280,20,train/lr,8.30010910550611e-06
3281,20,train/loss,1.63390052318573
3281,20,train/lr,8.277218756062232e-06
3282,20,train/loss,1.5694736242294312
3282,20,train/lr,8.25435716541541e-06
3283,20,train/loss,1.566474199295044
3283,20,train/lr,8.23152434932372e-06
3284,20,train/loss,1.4486498832702637
3284,20,train/lr,8.208720323525426e-06
3285,20,train/loss,1.4766143560409546
3285,20,train/lr,8.185945103738968e-06
3286,20,train/loss,1.4922151565551758
3286,20,train/lr,8.163198705662923e-06
3287,20,train/loss,1.6121302843093872
3287,20,train/lr,8.140481144975953e-06
3288,20,train/loss,1.490658164024353
3288,20,train/lr,8.117792437336924e-06
3289,20,train/loss,1.464142084121704
3289,20,train/lr,8.09513259838477e-06
3290,20,train/loss,1.425464153289795
3290,20,train/lr,8.072501643738484e-06
3291,20,train/loss,1.46331787109375
3291,20,train/lr,8.049899588997244e-06
3292,20,train/loss,1.3201361894607544
3292,20,train/lr,8.027326449740236e-06
3293,20,train/loss,1.5245277881622314
3293,20,train/lr,8.004782241526748e-06
3294,20,train/loss,1.4017956256866455
3294,20,train/lr,7.982266979896108e-06
3295,20,train/loss,1.4652256965637207
3295,20,train/lr,7.959780680367702e-06
3296,20,train/loss,1.3622206449508667
3296,20,train/lr,7.937323358440935e-06
3297,20,train/loss,1.5424160957336426
3297,20,train/lr,7.914895029595293e-06
3298,20,train/loss,1.5443592071533203
3298,20,train/lr,7.892495709290203e-06
3299,20,train/loss,1.4119974374771118
3299,20,train/lr,7.870125412965134e-06
3300,20,train/loss,1.459101915359497
3300,20,train/lr,7.847784156039579e-06
3301,20,train/loss,1.6737594604492188
3301,20,train/lr,7.825471953912944e-06
3302,20,train/loss,1.4575624465942383
3302,20,train/lr,7.803188821964652e-06
3303,20,train/loss,1.5608675479888916
3303,20,train/lr,7.780934775554105e-06
3304,20,train/loss,1.6874010562896729
3304,20,train/lr,7.758709830020638e-06
3305,20,train/loss,1.6571826934814453
3305,20,train/lr,7.736514000683487e-06
3306,20,train/loss,1.5785930156707764
3306,20,train/lr,7.714347302841896e-06
3307,20,train/loss,1.5738909244537354
3307,20,train/lr,7.69220975177497e-06
3308,20,train/loss,1.4838731288909912
3308,20,train/lr,7.670101362741743e-06
3309,20,train/loss,1.5117251873016357
3309,20,train/lr,7.64802215098116e-06
3310,20,train/loss,1.4543261528015137
3310,20,train/lr,7.625972131712028e-06
3311,20,train/loss,1.4102442264556885
3311,20,train/lr,7.603951320133057e-06
3312,20,train/loss,1.5172035694122314
3312,20,train/lr,7.581959731422811e-06
3313,20,train/loss,1.4925110340118408
3313,20,train/lr,7.559997380739714e-06
3314,20,train/loss,1.4058837890625
3314,20,train/lr,7.5380642832220234e-06
3315,20,train/loss,1.308976173400879
3315,20,train/lr,7.516160453987886e-06
3316,20,train/loss,1.367417573928833
3316,20,train/lr,7.494285908135201e-06
3317,20,train/loss,1.5851655006408691
3317,20,train/lr,7.472440660741714e-06
3318,20,train/loss,1.5743976831436157
3318,20,train/lr,7.450624726865018e-06
3319,20,train/loss,1.6430606842041016
3319,20,train/lr,7.428838121542425e-06
3320,20,train/loss,1.4721057415008545
3320,20,train/lr,7.407080859791066e-06
3320,20,train/batches,331.0
3320,20,train/compute_pct,99.84881891254827
3320,20,train/compute_sec,33.98408701300377
3320,20,train/data_wait_pct,0.15118108745172834
3320,20,train/data_wait_sec,0.05145530299341772
3320,20,train/examples,5296.0
3320,20,train/examples_per_sec,155.60204538039062
3320,20,train/input_tokens,625993.0
3320,20,train/peak_vram_gb,4.88370418548584
3320,20,train/target_tokens,424715.0
3320,20,train/tokens_per_sec,30870.905192133585
3320,20,train/total_sec,34.03554231599719
3320,20,train/epoch_loss,1.507605220255895
3320,20,epoch20/batches,331.0
3320,20,epoch20/compute_pct,99.84881891254827
3320,20,epoch20/compute_sec,33.98408701300377
3320,20,epoch20/data_wait_pct,0.15118108745172834
3320,20,epoch20/data_wait_sec,0.05145530299341772
3320,20,epoch20/examples,5296.0
3320,20,epoch20/examples_per_sec,155.60204538039062
3320,20,epoch20/input_tokens,625993.0
3320,20,epoch20/peak_vram_gb,4.88370418548584
3320,20,epoch20/target_tokens,424715.0
3320,20,epoch20/tokens_per_sec,30870.905192133585
3320,20,epoch20/total_sec,34.03554231599719
3320,20,val/bleu,19.48969966043748
3320,20,val/chrf,38.99907527269511
3320,20,val/combined,27.56955320819729
3320,20,val/eval_peak_vram_gb,4.88370418548584
3320,20,val/eval_samples_per_sec,14.987658214012306
3320,20,val/eval_seconds,39.83277383800032
3320,20,val/eval_tokens_per_sec,3807.743859788758
3321,21,train/loss,1.5610344409942627
3321,21,train/lr,7.385352956607872e-06
3322,21,train/loss,1.5344489812850952
3322,21,train/lr,7.363654426969502e-06
3323,21,train/loss,1.6389977931976318
3323,21,train/lr,7.341985285832381e-06
3324,21,train/loss,1.488990306854248
3324,21,train/lr,7.320345548132679e-06
3325,21,train/loss,1.5972793102264404
3325,21,train/lr,7.298735228786291e-06
3326,21,train/loss,1.412841796875
3326,21,train/lr,7.277154342688846e-06
3327,21,train/loss,1.5582892894744873
3327,21,train/lr,7.255602904715669e-06
3328,21,train/loss,1.4665958881378174
3328,21,train/lr,7.234080929721804e-06
3329,21,train/loss,1.416670560836792
3329,21,train/lr,7.212588432541972e-06
3330,21,train/loss,1.5840524435043335
3330,21,train/lr,7.191125427990586e-06
3331,21,train/loss,1.622149109840393
3331,21,train/lr,7.169691930861733e-06
3332,21,train/loss,1.3424662351608276
3332,21,train/lr,7.148287955929134e-06
3333,21,train/loss,1.432288646697998
3333,21,train/lr,7.126913517946221e-06
3334,21,train/loss,1.3769137859344482
3334,21,train/lr,7.105568631645976e-06
3335,21,train/loss,1.4234687089920044
3335,21,train/lr,7.084253311741101e-06
3336,21,train/loss,1.5190224647521973
3336,21,train/lr,7.062967572923884e-06
3337,21,train/loss,1.3631794452667236
3337,21,train/lr,7.041711429866182e-06
3338,21,train/loss,1.4604408740997314
3338,21,train/lr,7.02048489721952e-06
3339,21,train/loss,1.358182430267334
3339,21,train/lr,6.999287989614972e-06
3340,21,train/loss,1.4484522342681885
3340,21,train/lr,6.978120721663212e-06
3341,21,train/loss,1.4964289665222168
3341,21,train/lr,6.9569831079544624e-06
3342,21,train/loss,1.5425361394882202
3342,21,train/lr,6.935875163058525e-06
3343,21,train/loss,1.4473621845245361
3343,21,train/lr,6.914796901524739e-06
3344,21,train/loss,1.576122522354126
3344,21,train/lr,6.893748337881994e-06
3345,21,train/loss,1.6043505668640137
3345,21,train/lr,6.872729486638696e-06
3346,21,train/loss,1.451697587966919
3346,21,train/lr,6.851740362282788e-06
3347,21,train/loss,1.524876356124878
3347,21,train/lr,6.830780979281703e-06
3348,21,train/loss,1.681505799293518
3348,21,train/lr,6.809851352082391e-06
3349,21,train/loss,1.3709170818328857
3349,21,train/lr,6.7889514951112735e-06
3350,21,train/loss,1.5739331245422363
3350,21,train/lr,6.768081422774286e-06
3351,21,train/loss,1.4548296928405762
3351,21,train/lr,6.747241149456807e-06
3352,21,train/loss,1.4899342060089111
3352,21,train/lr,6.726430689523644e-06
3353,21,train/loss,1.5766040086746216
3353,21,train/lr,6.705650057319129e-06
3354,21,train/loss,1.4883496761322021
3354,21,train/lr,6.684899267166994e-06
3355,21,train/loss,1.4508883953094482
3355,21,train/lr,6.664178333370369e-06
3356,21,train/loss,1.4458664655685425
3356,21,train/lr,6.643487270211873e-06
3357,21,train/loss,1.4055159091949463
3357,21,train/lr,6.622826091953482e-06
3358,21,train/loss,1.368786334991455
3358,21,train/lr,6.602194812836604e-06
3359,21,train/loss,1.3837833404541016
3359,21,train/lr,6.5815934470820125e-06
3360,21,train/loss,1.2856988906860352
3360,21,train/lr,6.561022008889883e-06
3361,21,train/loss,1.4745944738388062
3361,21,train/lr,6.540480512439751e-06
3362,21,train/loss,1.6014351844787598
3362,21,train/lr,6.519968971890522e-06
3363,21,train/loss,1.3777750730514526
3363,21,train/lr,6.49948740138045e-06
3364,21,train/loss,1.4684098958969116
3364,21,train/lr,6.479035815027107e-06
3365,21,train/loss,1.4066061973571777
3365,21,train/lr,6.458614226927467e-06
3366,21,train/loss,1.5142948627471924
3366,21,train/lr,6.4382226511577435e-06
3367,21,train/loss,1.5815649032592773
3367,21,train/lr,6.417861101773498e-06
3368,21,train/loss,1.4827630519866943
3368,21,train/lr,6.397529592809614e-06
3369,21,train/loss,1.511318564414978
3369,21,train/lr,6.377228138280267e-06
3370,21,train/loss,1.6548103094100952
3370,21,train/lr,6.356956752178849e-06
3371,21,train/loss,1.5250577926635742
3371,21,train/lr,6.3367154484781255e-06
3372,21,train/loss,1.5776408910751343
3372,21,train/lr,6.316504241130072e-06
3373,21,train/loss,1.5475459098815918
3373,21,train/lr,6.296323144065902e-06
3374,21,train/loss,1.5381664037704468
3374,21,train/lr,6.27617217119612e-06
3375,21,train/loss,1.7365105152130127
3375,21,train/lr,6.256051336410451e-06
3376,21,train/loss,1.4624135494232178
3376,21,train/lr,6.235960653577827e-06
3377,21,train/loss,1.6998363733291626
3377,21,train/lr,6.215900136546416e-06
3378,21,train/loss,1.5166206359863281
3378,21,train/lr,6.195869799143584e-06
3379,21,train/loss,1.5355424880981445
3379,21,train/lr,6.1758696551758976e-06
3380,21,train/loss,1.5156209468841553
3380,21,train/lr,6.155899718429136e-06
3381,21,train/loss,1.4719016551971436
3381,21,train/lr,6.135960002668212e-06
3382,21,train/loss,1.5335872173309326
3382,21,train/lr,6.116050521637218e-06
3383,21,train/loss,1.44230055809021
3383,21,train/lr,6.0961712890594495e-06
3384,21,train/loss,1.4708391427993774
3384,21,train/lr,6.076322318637301e-06
3385,21,train/loss,1.498934030532837
3385,21,train/lr,6.056503624052312e-06
3386,21,train/loss,1.437845230102539
3386,21,train/lr,6.036715218965205e-06
3387,21,train/loss,1.4190551042556763
3387,21,train/lr,6.0169571170157755e-06
3388,21,train/loss,1.37968909740448
3388,21,train/lr,5.997229331822918e-06
3389,21,train/loss,1.4809645414352417
3389,21,train/lr,5.9775318769846825e-06
3390,21,train/loss,1.537155270576477
3390,21,train/lr,5.957864766078186e-06
3391,21,train/loss,1.501939296722412
3391,21,train/lr,5.938228012659625e-06
3392,21,train/loss,1.483661413192749
3392,21,train/lr,5.91862163026427e-06
3393,21,train/loss,1.377070426940918
3393,21,train/lr,5.899045632406474e-06
3394,21,train/loss,1.5562338829040527
3394,21,train/lr,5.879500032579638e-06
3395,21,train/loss,1.563768982887268
3395,21,train/lr,5.859984844256195e-06
3396,21,train/loss,1.568579912185669
3396,21,train/lr,5.840500080887639e-06
3397,21,train/loss,1.5563490390777588
3397,21,train/lr,5.821045755904475e-06
3398,21,train/loss,1.5462710857391357
3398,21,train/lr,5.801621882716263e-06
3399,21,train/loss,1.468418002128601
3399,21,train/lr,5.782228474711509e-06
3400,21,train/loss,1.7309919595718384
3400,21,train/lr,5.7628655452577676e-06
3401,21,train/loss,1.470043659210205
3401,21,train/lr,5.743533107701593e-06
3402,21,train/loss,1.532993197441101
3402,21,train/lr,5.724231175368477e-06
3403,21,train/loss,1.4784575700759888
3403,21,train/lr,5.7049597615629115e-06
3404,21,train/loss,1.4951082468032837
3404,21,train/lr,5.685718879568374e-06
3405,21,train/loss,1.428368091583252
3405,21,train/lr,5.666508542647264e-06
3406,21,train/loss,1.442674160003662
3406,21,train/lr,5.647328764040921e-06
3407,21,train/loss,1.4896353483200073
3407,21,train/lr,5.628179556969654e-06
3408,21,train/loss,1.3398821353912354
3408,21,train/lr,5.609060934632681e-06
3409,21,train/loss,1.5192445516586304
3409,21,train/lr,5.5899729102081414e-06
3410,21,train/loss,1.2535213232040405
3410,21,train/lr,5.570915496853074e-06
3411,21,train/loss,1.5082426071166992
3411,21,train/lr,5.5518887077034346e-06
3412,21,train/loss,1.4050302505493164
3412,21,train/lr,5.532892555874059e-06
3413,21,train/loss,1.5234055519104004
3413,21,train/lr,5.5139270544586674e-06
3414,21,train/loss,1.3669371604919434
3414,21,train/lr,5.494992216529859e-06
3415,21,train/loss,1.5609354972839355
3415,21,train/lr,5.476088055139084e-06
3416,21,train/loss,1.5630764961242676
3416,21,train/lr,5.457214583316678e-06
3417,21,train/loss,1.643526315689087
3417,21,train/lr,5.438371814071774e-06
3418,21,train/loss,1.553208351135254
3418,21,train/lr,5.419559760392379e-06
3419,21,train/loss,1.6112041473388672
3419,21,train/lr,5.400778435245335e-06
3420,21,train/loss,1.6288549900054932
3420,21,train/lr,5.38202785157626e-06
3421,21,train/loss,1.3938345909118652
3421,21,train/lr,5.363308022309621e-06
3422,21,train/loss,1.5624520778656006
3422,21,train/lr,5.344618960348679e-06
3423,21,train/loss,1.6879901885986328
3423,21,train/lr,5.325960678575498e-06
3424,21,train/loss,1.5157575607299805
3424,21,train/lr,5.307333189850866e-06
3425,21,train/loss,1.522009253501892
3425,21,train/lr,5.288736507014435e-06
3426,21,train/loss,1.421877145767212
3426,21,train/lr,5.270170642884564e-06
3427,21,train/loss,1.3356120586395264
3427,21,train/lr,5.2516356102583874e-06
3428,21,train/loss,1.439173936843872
3428,21,train/lr,5.23313142191178e-06
3429,21,train/loss,1.5238676071166992
3429,21,train/lr,5.214658090599367e-06
3430,21,train/loss,1.475207805633545
3430,21,train/lr,5.196215629054491e-06
3431,21,train/loss,1.496605396270752
3431,21,train/lr,5.1778040499892265e-06
3432,21,train/loss,1.5107500553131104
3432,21,train/lr,5.159423366094368e-06
3433,21,train/loss,1.3760113716125488
3433,21,train/lr,5.14107359003938e-06
3434,21,train/loss,1.387314796447754
3434,21,train/lr,5.122754734472496e-06
3435,21,train/loss,1.408991813659668
3435,21,train/lr,5.104466812020542e-06
3436,21,train/loss,1.3698086738586426
3436,21,train/lr,5.0862098352890795e-06
3437,21,train/loss,1.4558486938476562
3437,21,train/lr,5.067983816862354e-06
3438,21,train/loss,1.4236912727355957
3438,21,train/lr,5.0497887693032096e-06
3439,21,train/loss,1.5472354888916016
3439,21,train/lr,5.031624705153215e-06
3440,21,train/loss,1.5262185335159302
3440,21,train/lr,5.013491636932527e-06
3441,21,train/loss,1.5712356567382812
3441,21,train/lr,4.995389577139969e-06
3442,21,train/loss,1.5633339881896973
3442,21,train/lr,4.977318538252973e-06
3443,21,train/loss,1.6133935451507568
3443,21,train/lr,4.959278532727596e-06
3444,21,train/loss,1.6755828857421875
3444,21,train/lr,4.9412695729985135e-06
3445,21,train/loss,1.5720081329345703
3445,21,train/lr,4.92329167147898e-06
3446,21,train/loss,1.658559799194336
3446,21,train/lr,4.905344840560861e-06
3447,21,train/loss,1.5515748262405396
3447,21,train/lr,4.887429092614598e-06
3448,21,train/loss,1.6533665657043457
3448,21,train/lr,4.8695444399892045e-06
3449,21,train/loss,1.612924337387085
3449,21,train/lr,4.851690895012273e-06
3450,21,train/loss,1.5049102306365967
3450,21,train/lr,4.833868469989944e-06
3451,21,train/loss,1.5235921144485474
3451,21,train/lr,4.81607717720689e-06
3452,21,train/loss,1.560585618019104
3452,21,train/lr,4.798317028926385e-06
3453,21,train/loss,1.473650336265564
3453,21,train/lr,4.7805880373901494e-06
3454,21,train/loss,1.4600722789764404
3454,21,train/lr,4.7628902148185e-06
3455,21,train/loss,1.650834560394287
3455,21,train/lr,4.745223573410235e-06
3456,21,train/loss,1.4269182682037354
3456,21,train/lr,4.727588125342669e-06
3457,21,train/loss,1.519737958908081
3457,21,train/lr,4.709983882771613e-06
3458,21,train/loss,1.5002405643463135
3458,21,train/lr,4.692410857831364e-06
3459,21,train/loss,1.4869635105133057
3459,21,train/lr,4.674869062634713e-06
3460,21,train/loss,1.395101547241211
3460,21,train/lr,4.657358509272919e-06
3461,21,train/loss,1.3902919292449951
3461,21,train/lr,4.639879209815701e-06
3462,21,train/loss,1.5040322542190552
3462,21,train/lr,4.622431176311243e-06
3463,21,train/loss,1.4904489517211914
3463,21,train/lr,4.605014420786169e-06
3464,21,train/loss,1.4158449172973633
3464,21,train/lr,4.58762895524556e-06
3465,21,train/loss,1.4576237201690674
3465,21,train/lr,4.5702747916729124e-06
3466,21,train/loss,1.6339609622955322
3466,21,train/lr,4.552951942030153e-06
3467,21,train/loss,1.5154175758361816
3467,21,train/lr,4.535660418257631e-06
3468,21,train/loss,1.4469630718231201
3468,21,train/lr,4.5184002322740785e-06
3469,21,train/loss,1.6079730987548828
3469,21,train/lr,4.501171395976672e-06
3470,21,train/loss,1.6031599044799805
3470,21,train/lr,4.483973921240947e-06
3471,21,train/loss,1.3826302289962769
3471,21,train/lr,4.466807819920804e-06
3472,21,train/loss,1.5900534391403198
3472,21,train/lr,4.449673103848567e-06
3473,21,train/loss,1.556497573852539
3473,21,train/lr,4.432569784834889e-06
3474,21,train/loss,1.4930399656295776
3474,21,train/lr,4.415497874668806e-06
3475,21,train/loss,1.510157585144043
3475,21,train/lr,4.398457385117683e-06
3476,21,train/loss,1.4334142208099365
3476,21,train/lr,4.38144832792724e-06
3477,21,train/loss,1.4418439865112305
3477,21,train/lr,4.364470714821523e-06
3478,21,train/loss,1.5186585187911987
3478,21,train/lr,4.3475245575029185e-06
3479,21,train/loss,1.502943992614746
3479,21,train/lr,4.330609867652119e-06
3480,21,train/loss,1.5692445039749146
3480,21,train/lr,4.3137266569281245e-06
3481,21,train/loss,1.4381849765777588
3481,21,train/lr,4.2968749369682485e-06
3482,21,train/loss,1.468700885772705
3482,21,train/lr,4.280054719388088e-06
3483,21,train/loss,1.5530493259429932
3483,21,train/lr,4.2632660157815255e-06
3484,21,train/loss,1.6084165573120117
3484,21,train/lr,4.246508837720748e-06
3485,21,train/loss,1.6250290870666504
3485,21,train/lr,4.229783196756165e-06
3486,21,train/loss,1.6013154983520508
3486,21,train/lr,4.213089104416479e-06
3486,21,train/batches,331.0
3486,21,train/compute_pct,99.83474910734587
3486,21,train/compute_sec,33.936285597008464
3486,21,train/data_wait_pct,0.16525089265412987
3486,21,train/data_wait_sec,0.05617284100389952
3486,21,train/examples,5296.0
3486,21,train/examples_per_sec,155.79926381781502
3486,21,train/input_tokens,625993.0
3486,21,train/peak_vram_gb,4.88370418548584
3486,21,train/target_tokens,424702.0
3486,21,train/tokens_per_sec,30909.65020714863
3486,21,train/total_sec,33.99245843801236
3486,21,train/epoch_loss,1.505475750142354
3486,21,epoch21/batches,331.0
3486,21,epoch21/compute_pct,99.83474910734587
3486,21,epoch21/compute_sec,33.936285597008464
3486,21,epoch21/data_wait_pct,0.16525089265412987
3486,21,epoch21/data_wait_sec,0.05617284100389952
3486,21,epoch21/examples,5296.0
3486,21,epoch21/examples_per_sec,155.79926381781502
3486,21,epoch21/input_tokens,625993.0
3486,21,epoch21/peak_vram_gb,4.88370418548584
3486,21,epoch21/target_tokens,424702.0
3486,21,epoch21/tokens_per_sec,30909.65020714863
3486,21,epoch21/total_sec,33.99245843801236
3486,21,val/bleu,19.55572205059361
3486,21,val/chrf,38.85643806539427
3486,21,val/combined,27.565661658718728
3486,21,val/eval_peak_vram_gb,4.88370418548584
3486,21,val/eval_samples_per_sec,15.007396617140122
3486,21,val/eval_seconds,39.780383981999876
3486,21,val/eval_tokens_per_sec,3784.8050956000566
3487,22,train/loss,1.5150787830352783
3487,22,train/lr,4.196426572208656e-06
3488,22,train/loss,1.4678757190704346
3488,22,train/lr,4.179795611617892e-06
3489,22,train/loss,1.6631653308868408
3489,22,train/lr,4.163196234107603e-06
3490,22,train/loss,1.520265817642212
3490,22,train/lr,4.146628451119467e-06
3491,22,train/loss,1.7070960998535156
3491,22,train/lr,4.130092274073377e-06
3492,22,train/loss,1.6090495586395264
3492,22,train/lr,4.1135877143674336e-06
3493,22,train/loss,1.501648187637329
3493,22,train/lr,4.097114783377942e-06
3494,22,train/loss,1.5544078350067139
3494,22,train/lr,4.0806734924594135e-06
3495,22,train/loss,1.5252742767333984
3495,22,train/lr,4.064263852944544e-06
3496,22,train/loss,1.5141212940216064
3496,22,train/lr,4.047885876144225e-06
3497,22,train/loss,1.4843547344207764
3497,22,train/lr,4.031539573347509e-06
3498,22,train/loss,1.4280706644058228
3498,22,train/lr,4.015224955821612e-06
3499,22,train/loss,1.3057302236557007
3499,22,train/lr,3.998942034811954e-06
3500,22,train/loss,1.6126418113708496
3500,22,train/lr,3.982690821542035e-06
3501,22,train/loss,1.3761625289916992
3501,22,train/lr,3.9664713272135445e-06
3502,22,train/loss,1.4344186782836914
3502,22,train/lr,3.950283563006324e-06
3503,22,train/loss,1.3831725120544434
3503,22,train/lr,3.934127540078303e-06
3504,22,train/loss,1.544682502746582
3504,22,train/lr,3.91800326956554e-06
3505,22,train/loss,1.551072597503662
3505,22,train/lr,3.901910762582245e-06
3506,22,train/loss,1.4734132289886475
3506,22,train/lr,3.8858500302207e-06
3507,22,train/loss,1.6373944282531738
3507,22,train/lr,3.869821083551273e-06
3508,22,train/loss,1.522491455078125
3508,22,train/lr,3.853823933622464e-06
3509,22,train/loss,1.5478856563568115
3509,22,train/lr,3.837858591460824e-06
3510,22,train/loss,1.5765671730041504
3510,22,train/lr,3.821925068070986e-06
3511,22,train/loss,1.593062162399292
3511,22,train/lr,3.8060233744356633e-06
3512,22,train/loss,1.596839427947998
3512,22,train/lr,3.790153521515616e-06
3513,22,train/loss,1.5440948009490967
3513,22,train/lr,3.7743155202496604e-06
3514,22,train/loss,1.7936116456985474
3514,22,train/lr,3.758509381554659e-06
3515,22,train/loss,1.6073439121246338
3515,22,train/lr,3.742735116325513e-06
3516,22,train/loss,1.5537753105163574
3516,22,train/lr,3.726992735435142e-06
3517,22,train/loss,1.3563238382339478
3517,22,train/lr,3.7112822497345324e-06
3518,22,train/loss,1.5353326797485352
3518,22,train/lr,3.6956036700526166e-06
3519,22,train/loss,1.4305307865142822
3519,22,train/lr,3.679957007196372e-06
3520,22,train/loss,1.561084508895874
3520,22,train/lr,3.664342271950799e-06
3521,22,train/loss,1.379518747329712
3521,22,train/lr,3.6487594750788556e-06
3522,22,train/loss,1.4760360717773438
3522,22,train/lr,3.6332086273214827e-06
3523,22,train/loss,1.61623215675354
3523,22,train/lr,3.617689739397634e-06
3524,22,train/loss,1.3599880933761597
3524,22,train/lr,3.602202822004208e-06
3525,22,train/loss,1.435163140296936
3525,22,train/lr,3.5867478858160496e-06
3526,22,train/loss,1.38420832157135
3526,22,train/lr,3.571324941486004e-06
3527,22,train/loss,1.4615930318832397
3527,22,train/lr,3.5559339996448393e-06
3528,22,train/loss,1.459856629371643
3528,22,train/lr,3.5405750709012587e-06
3529,22,train/loss,1.483805537223816
3529,22,train/lr,3.5252481658419214e-06
3530,22,train/loss,1.484983205795288
3530,22,train/lr,3.5099532950313817e-06
3531,22,train/loss,1.6226913928985596
3531,22,train/lr,3.4946904690121463e-06
3532,22,train/loss,1.5523135662078857
3532,22,train/lr,3.4794596983046155e-06
3533,22,train/loss,1.5649750232696533
3533,22,train/lr,3.464260993407098e-06
3534,22,train/loss,1.5391926765441895
3534,22,train/lr,3.449094364795791e-06
3535,22,train/loss,1.627840280532837
3535,22,train/lr,3.4339598229248094e-06
3536,22,train/loss,1.7089481353759766
3536,22,train/lr,3.4188573782261203e-06
3537,22,train/loss,1.4656763076782227
3537,22,train/lr,3.403787041109574e-06
3538,22,train/loss,1.5928022861480713
3538,22,train/lr,3.388748821962917e-06
3539,22,train/loss,1.5010179281234741
3539,22,train/lr,3.3737427311517244e-06
3540,22,train/loss,1.599463939666748
3540,22,train/lr,3.3587687790194223e-06
3541,22,train/loss,1.6470997333526611
3541,22,train/lr,3.343826975887321e-06
3542,22,train/loss,1.5415781736373901
3542,22,train/lr,3.3289173320545377e-06
3543,22,train/loss,1.5517771244049072
3543,22,train/lr,3.3140398577980346e-06
3544,22,train/loss,1.4209927320480347
3544,22,train/lr,3.299194563372604e-06
3545,22,train/loss,1.7708930969238281
3545,22,train/lr,3.2843814590108433e-06
3546,22,train/loss,1.5357387065887451
3546,22,train/lr,3.2696005549231856e-06
3547,22,train/loss,1.3925044536590576
3547,22,train/lr,3.254851861297842e-06
3548,22,train/loss,1.428650140762329
3548,22,train/lr,3.2401353883008413e-06
3549,22,train/loss,1.487277865409851
3549,22,train/lr,3.2254511460759864e-06
3550,22,train/loss,1.37890625
3550,22,train/lr,3.210799144744886e-06
3551,22,train/loss,1.4426965713500977
3551,22,train/lr,3.1961793944069006e-06
3552,22,train/loss,1.455363154411316
3552,22,train/lr,3.181591905139175e-06
3553,22,train/loss,1.5545518398284912
3553,22,train/lr,3.1670366869966327e-06
3554,22,train/loss,1.3724861145019531
3554,22,train/lr,3.1525137500119207e-06
3555,22,train/loss,1.4312745332717896
3555,22,train/lr,3.1380231041954366e-06
3556,22,train/loss,1.6252937316894531
3556,22,train/lr,3.1235647595353636e-06
3557,22,train/loss,1.487504005432129
3557,22,train/lr,3.1091387259975733e-06
3558,22,train/loss,1.5513341426849365
3558,22,train/lr,3.094745013525685e-06
3559,22,train/loss,1.442152976989746
3559,22,train/lr,3.0803836320410397e-06
3560,22,train/loss,1.6292351484298706
3560,22,train/lr,3.0660545914426906e-06
3561,22,train/loss,1.6035157442092896
3561,22,train/lr,3.0517579016073995e-06
3562,22,train/loss,1.4686921834945679
3562,22,train/lr,3.037493572389627e-06
3563,22,train/loss,1.3815736770629883
3563,22,train/lr,3.0232616136215307e-06
3564,22,train/loss,1.4948325157165527
3564,22,train/lr,3.009062035112964e-06
3565,22,train/loss,1.4732439517974854
3565,22,train/lr,2.9948948466514357e-06
3566,22,train/loss,1.4003591537475586
3566,22,train/lr,2.9807600580021634e-06
3567,22,train/loss,1.5713768005371094
3567,22,train/lr,2.9666576789080027e-06
3568,22,train/loss,1.4338542222976685
3568,22,train/lr,2.952587719089489e-06
3569,22,train/loss,1.4615250825881958
3569,22,train/lr,2.9385501882447987e-06
3570,22,train/loss,1.5535171031951904
3570,22,train/lr,2.9245450960497524e-06
3571,22,train/loss,1.5583990812301636
3571,22,train/lr,2.9105724521578503e-06
3572,22,train/loss,1.53508460521698
3572,22,train/lr,2.8966322662001555e-06
3573,22,train/loss,1.438743233680725
3573,22,train/lr,2.8827245477854314e-06
3574,22,train/loss,1.4254915714263916
3574,22,train/lr,2.8688493065000153e-06
3575,22,train/loss,1.3959624767303467
3575,22,train/lr,2.855006551907874e-06
3576,22,train/loss,1.5046939849853516
3576,22,train/lr,2.84119629355058e-06
3577,22,train/loss,1.4577136039733887
3577,22,train/lr,2.827418540947313e-06
3578,22,train/loss,1.510021686553955
3578,22,train/lr,2.813673303594833e-06
3579,22,train/loss,1.4798612594604492
3579,22,train/lr,2.799960590967504e-06
3580,22,train/loss,1.4286775588989258
3580,22,train/lr,2.7862804125172614e-06
3581,22,train/loss,1.4466938972473145
3581,22,train/lr,2.772632777673617e-06
3582,22,train/loss,1.5423698425292969
3582,22,train/lr,2.7590176958436466e-06
3583,22,train/loss,1.6192108392715454
3583,22,train/lr,2.745435176411998e-06
3584,22,train/loss,1.5911120176315308
3584,22,train/lr,2.7318852287408657e-06
3585,22,train/loss,1.580077886581421
3585,22,train/lr,2.7183678621699904e-06
3586,22,train/loss,1.6637649536132812
3586,22,train/lr,2.7048830860166798e-06
3587,22,train/loss,1.4629833698272705
3587,22,train/lr,2.691430909575737e-06
3588,22,train/loss,1.5332231521606445
3588,22,train/lr,2.6780113421195298e-06
3589,22,train/loss,1.599153995513916
3589,22,train/lr,2.6646243928979407e-06
3590,22,train/loss,1.5700325965881348
3590,22,train/lr,2.65127007113834e-06
3591,22,train/loss,1.5211946964263916
3591,22,train/lr,2.6379483860456578e-06
3592,22,train/loss,1.3679512739181519
3592,22,train/lr,2.6246593468022886e-06
3593,22,train/loss,1.5762410163879395
3593,22,train/lr,2.611402962568149e-06
3594,22,train/loss,1.3988146781921387
3594,22,train/lr,2.598179242480625e-06
3595,22,train/loss,1.4242339134216309
3595,22,train/lr,2.584988195654614e-06
3596,22,train/loss,1.7181917428970337
3596,22,train/lr,2.5718298311824653e-06
3597,22,train/loss,1.4224998950958252
3597,22,train/lr,2.5587041581340233e-06
3598,22,train/loss,1.5677330493927002
3598,22,train/lr,2.545611185556579e-06
3599,22,train/loss,1.497363805770874
3599,22,train/lr,2.532550922474897e-06
3600,22,train/loss,1.5359647274017334
3600,22,train/lr,2.5195233778912084e-06
3601,22,train/loss,1.396209716796875
3601,22,train/lr,2.506528560785154e-06
3602,22,train/loss,1.4832063913345337
3602,22,train/lr,2.4935664801138405e-06
3603,22,train/loss,1.4226511716842651
3603,22,train/lr,2.4806371448118206e-06
3604,22,train/loss,1.5009081363677979
3604,22,train/lr,2.4677405637910656e-06
3605,22,train/loss,1.423843264579773
3605,22,train/lr,2.4548767459409484e-06
3606,22,train/loss,1.4346792697906494
3606,22,train/lr,2.4420457001282872e-06
3607,22,train/loss,1.472289800643921
3607,22,train/lr,2.4292474351973127e-06
3608,22,train/loss,1.5234851837158203
3608,22,train/lr,2.41648195996963e-06
3609,22,train/loss,1.4858962297439575
3609,22,train/lr,2.403749283244272e-06
3610,22,train/loss,1.5334506034851074
3610,22,train/lr,2.3910494137976523e-06
3611,22,train/loss,1.557224154472351
3611,22,train/lr,2.3783823603835796e-06
3612,22,train/loss,1.5662168264389038
3612,22,train/lr,2.365748131733231e-06
3613,22,train/loss,1.5130615234375
3613,22,train/lr,2.353146736555156e-06
3614,22,train/loss,1.4481780529022217
3614,22,train/lr,2.3405781835352967e-06
3615,22,train/loss,1.541911005973816
3615,22,train/lr,2.3280424813369284e-06
3616,22,train/loss,1.5321533679962158
3616,22,train/lr,2.3155396386006943e-06
3617,22,train/loss,1.5059773921966553
3617,22,train/lr,2.30306966394459e-06
3618,22,train/loss,1.4989839792251587
3618,22,train/lr,2.290632565963974e-06
3619,22,train/loss,1.5333013534545898
3619,22,train/lr,2.278228353231504e-06
3620,22,train/loss,1.4869937896728516
3620,22,train/lr,2.265857034297186e-06
3621,22,train/loss,1.4263231754302979
3621,22,train/lr,2.253518617688377e-06
3622,22,train/loss,1.4038307666778564
3622,22,train/lr,2.241213111909729e-06
3623,22,train/loss,1.6248198747634888
3623,22,train/lr,2.2289405254432073e-06
3624,22,train/loss,1.5245697498321533
3624,22,train/lr,2.2167008667481e-06
3625,22,train/loss,1.3870525360107422
3625,22,train/lr,2.20449414426101e-06
3626,22,train/loss,1.3650071620941162
3626,22,train/lr,2.192320366395789e-06
3627,22,train/loss,1.454447627067566
3627,22,train/lr,2.180179541543642e-06
3628,22,train/loss,1.3737170696258545
3628,22,train/lr,2.168071678073014e-06
3629,22,train/loss,1.3725744485855103
3629,22,train/lr,2.1559967843296614e-06
3630,22,train/loss,1.535836935043335
3630,22,train/lr,2.1439548686365884e-06
3631,22,train/loss,1.4768059253692627
3631,22,train/lr,2.1319459392940887e-06
3632,22,train/loss,1.5465543270111084
3632,22,train/lr,2.1199700045797077e-06
3633,22,train/loss,1.4790842533111572
3633,22,train/lr,2.1080270727482477e-06
3634,22,train/loss,1.5113738775253296
3634,22,train/lr,2.096117152031779e-06
3635,22,train/loss,1.6803061962127686
3635,22,train/lr,2.0842402506395852e-06
3636,22,train/loss,1.5983316898345947
3636,22,train/lr,2.07239637675824e-06
3637,22,train/loss,1.3026113510131836
3637,22,train/lr,2.0605855385515015e-06
3638,22,train/loss,1.593863606452942
3638,22,train/lr,2.048807744160375e-06
3639,22,train/loss,1.373993992805481
3639,22,train/lr,2.037063001703099e-06
3640,22,train/loss,1.4918749332427979
3640,22,train/lr,2.0253513192751373e-06
3641,22,train/loss,1.5096392631530762
3641,22,train/lr,2.013672704949121e-06
3642,22,train/loss,1.4290883541107178
3642,22,train/lr,2.002027166774939e-06
3643,22,train/loss,1.4824001789093018
3643,22,train/lr,1.9904147127796646e-06
3644,22,train/loss,1.3885680437088013
3644,22,train/lr,1.978835350967545e-06
3645,22,train/loss,1.4111552238464355
3645,22,train/lr,1.9672890893200513e-06
3646,22,train/loss,1.4291746616363525
3646,22,train/lr,1.955775935795817e-06
3647,22,train/loss,1.3928048610687256
3647,22,train/lr,1.9442958983306612e-06
3648,22,train/loss,1.5190629959106445
3648,22,train/lr,1.932848984837582e-06
3649,22,train/loss,1.5344369411468506
3649,22,train/lr,1.9214352032067284e-06
3650,22,train/loss,1.5140900611877441
3650,22,train/lr,1.91005456130543e-06
3651,22,train/loss,1.556117296218872
3651,22,train/lr,1.8987070669781836e-06
3652,22,train/loss,1.611080288887024
3652,22,train/lr,1.8873927280465997e-06
3652,22,train/batches,331.0
3652,22,train/compute_pct,99.87920552186642
3652,22,train/compute_sec,33.358330282007046
3652,22,train/data_wait_pct,0.120794478133574
3652,22,train/data_wait_sec,0.04034375400533463
3652,22,train/examples,5296.0
3652,22,train/examples_per_sec,158.569169371501
3652,22,train/input_tokens,625993.0
3652,22,train/peak_vram_gb,4.88370418548584
3652,22,train/target_tokens,424708.0
3652,22,train/tokens_per_sec,31459.36269407203
3652,22,train/total_sec,33.39867403601238
3652,22,train/epoch_loss,1.5050106797693719
3652,22,epoch22/batches,331.0
3652,22,epoch22/compute_pct,99.87920552186642
3652,22,epoch22/compute_sec,33.358330282007046
3652,22,epoch22/data_wait_pct,0.120794478133574
3652,22,epoch22/data_wait_sec,0.04034375400533463
3652,22,epoch22/examples,5296.0
3652,22,epoch22/examples_per_sec,158.569169371501
3652,22,epoch22/input_tokens,625993.0
3652,22,epoch22/peak_vram_gb,4.88370418548584
3652,22,epoch22/target_tokens,424708.0
3652,22,epoch22/tokens_per_sec,31459.36269407203
3652,22,epoch22/total_sec,33.39867403601238
3652,22,val/bleu,19.49725118077792
3652,22,val/chrf,38.81528812559345
3652,22,val/combined,27.509842279427232
3652,22,val/eval_peak_vram_gb,4.88370418548584
3652,22,val/eval_samples_per_sec,14.448781938663974
3652,22,val/eval_seconds,41.318361820000064
3652,22,val/eval_tokens_per_sec,3870.071148914678
3653,23,train/loss,1.42853581905365
3653,23,train/lr,1.876111552309462e-06
3654,23,train/loss,1.5592763423919678
3654,23,train/lr,1.864863547542711e-06
3655,23,train/loss,1.561895728111267
3655,23,train/lr,1.8536487214993792e-06
3656,23,train/loss,1.4715361595153809
3656,23,train/lr,1.8424670819096546e-06
3657,23,train/loss,1.6356257200241089
3657,23,train/lr,1.8313186364808665e-06
3658,23,train/loss,1.4337342977523804
3658,23,train/lr,1.820203392897446e-06
3659,23,train/loss,1.4213480949401855
3659,23,train/lr,1.8091213588209144e-06
3660,23,train/loss,1.4214038848876953
3660,23,train/lr,1.7980725418899557e-06
3661,23,train/loss,1.5458049774169922
3661,23,train/lr,1.787056949720317e-06
3662,23,train/loss,1.6621490716934204
3662,23,train/lr,1.776074589904858e-06
3663,23,train/loss,1.5079383850097656
3663,23,train/lr,1.7651254700135344e-06
3664,23,train/loss,1.4337961673736572
3664,23,train/lr,1.754209597593387e-06
3665,23,train/loss,1.5169708728790283
3665,23,train/lr,1.7433269801685303e-06
3666,23,train/loss,1.608774185180664
3666,23,train/lr,1.7324776252401753e-06
3667,23,train/loss,1.4095454216003418
3667,23,train/lr,1.7216615402865955e-06
3668,23,train/loss,1.377534031867981
3668,23,train/lr,1.7108787327631216e-06
3669,23,train/loss,1.408771276473999
3669,23,train/lr,1.700129210102175e-06
3670,23,train/loss,1.4434221982955933
3670,23,train/lr,1.6894129797132062e-06
3671,23,train/loss,1.4054555892944336
3671,23,train/lr,1.678730048982724e-06
3672,23,train/loss,1.539093255996704
3672,23,train/lr,1.66808042527431e-06
3673,23,train/loss,1.6201062202453613
3673,23,train/lr,1.657464115928542e-06
3674,23,train/loss,1.5921730995178223
3674,23,train/lr,1.646881128263067e-06
3675,23,train/loss,1.5699584484100342
3675,23,train/lr,1.6363314695725718e-06
3676,23,train/loss,1.6322412490844727
3676,23,train/lr,1.6258151471287396e-06
3677,23,train/loss,1.615159034729004
3677,23,train/lr,1.6153321681802946e-06
3678,23,train/loss,1.4734728336334229
3678,23,train/lr,1.6048825399529732e-06
3679,23,train/loss,1.5212867259979248
3679,23,train/lr,1.5944662696495306e-06
3680,23,train/loss,1.5265076160430908
3680,23,train/lr,1.5840833644497178e-06
3681,23,train/loss,1.496644139289856
3681,23,train/lr,1.5737338315102989e-06
3682,23,train/loss,1.4866342544555664
3682,23,train/lr,1.5634176779650234e-06
3683,23,train/loss,1.5169293880462646
3683,23,train/lr,1.5531349109246362e-06
3684,23,train/loss,1.4892690181732178
3684,23,train/lr,1.5428855374768792e-06
3685,23,train/loss,1.4256641864776611
3685,23,train/lr,1.5326695646864676e-06
3686,23,train/loss,1.5013885498046875
3686,23,train/lr,1.5224869995950853e-06
3687,23,train/loss,1.3972673416137695
3687,23,train/lr,1.5123378492214291e-06
3688,23,train/loss,1.5033382177352905
3688,23,train/lr,1.5022221205611032e-06
3689,23,train/loss,1.5126495361328125
3689,23,train/lr,1.4921398205867131e-06
3690,23,train/loss,1.3359733819961548
3690,23,train/lr,1.482090956247828e-06
3691,23,train/loss,1.2617888450622559
3691,23,train/lr,1.4720755344709402e-06
3692,23,train/loss,1.4961318969726562
3692,23,train/lr,1.4620935621595277e-06
3693,23,train/loss,1.284208059310913
3693,23,train/lr,1.4521450461939756e-06
3694,23,train/loss,1.3682258129119873
3694,23,train/lr,1.4422299934316319e-06
3695,23,train/loss,1.410436987876892
3695,23,train/lr,1.4323484107067741e-06
3696,23,train/loss,1.5528756380081177
3696,23,train/lr,1.422500304830604e-06
3697,23,train/loss,1.4775400161743164
3697,23,train/lr,1.4126856825912527e-06
3698,23,train/loss,1.5357491970062256
3698,23,train/lr,1.4029045507537697e-06
3699,23,train/loss,1.5529428720474243
3699,23,train/lr,1.3931569160601288e-06
3700,23,train/loss,1.4913618564605713
3700,23,train/lr,1.3834427852291998e-06
3701,23,train/loss,1.6821649074554443
3701,23,train/lr,1.3737621649567655e-06
3702,23,train/loss,1.6186561584472656
3702,23,train/lr,1.3641150619155163e-06
3703,23,train/loss,1.5719163417816162
3703,23,train/lr,1.3545014827550217e-06
3704,23,train/loss,1.4806456565856934
3704,23,train/lr,1.3449214341017812e-06
3705,23,train/loss,1.559621810913086
3705,23,train/lr,1.3353749225591405e-06
3706,23,train/loss,1.634352445602417
3706,23,train/lr,1.325861954707347e-06
3707,23,train/loss,1.5548373460769653
3707,23,train/lr,1.3163825371035331e-06
3708,23,train/loss,1.4621357917785645
3708,23,train/lr,1.3069366762816948e-06
3709,23,train/loss,1.4115638732910156
3709,23,train/lr,1.297524378752696e-06
3710,23,train/loss,1.5422062873840332
3710,23,train/lr,1.2881456510042855e-06
3711,23,train/loss,1.5498079061508179
3711,23,train/lr,1.2788004995010428e-06
3712,23,train/loss,1.4846307039260864
3712,23,train/lr,1.269488930684437e-06
3713,23,train/loss,1.5339810848236084
3713,23,train/lr,1.2602109509727622e-06
3714,23,train/loss,1.54514741897583
3714,23,train/lr,1.2509665667611692e-06
3715,23,train/loss,1.4223582744598389
3715,23,train/lr,1.2417557844216609e-06
3716,23,train/loss,1.475054383277893
3716,23,train/lr,1.23257861030307e-06
3717,23,train/loss,1.357953429222107
3717,23,train/lr,1.2234350507310588e-06
3718,23,train/loss,1.6677621603012085
3718,23,train/lr,1.21432511200813e-06
3719,23,train/loss,1.3065847158432007
3719,23,train/lr,1.205248800413611e-06
3720,23,train/loss,1.5283846855163574
3720,23,train/lr,1.196206122203647e-06
3721,23,train/loss,1.3983274698257446
3721,23,train/lr,1.1871970836111912e-06
3722,23,train/loss,1.478783369064331
3722,23,train/lr,1.1782216908460264e-06
3723,23,train/loss,1.4570810794830322
3723,23,train/lr,1.1692799500947481e-06
3724,23,train/loss,1.5134005546569824
3724,23,train/lr,1.160371867520721e-06
3725,23,train/loss,1.4744563102722168
3725,23,train/lr,1.1514974492641551e-06
3726,23,train/loss,1.5076755285263062
3726,23,train/lr,1.1426567014420297e-06
3727,23,train/loss,1.5376367568969727
3727,23,train/lr,1.1338496301481038e-06
3728,23,train/loss,1.5814430713653564
3728,23,train/lr,1.1250762414529603e-06
3729,23,train/loss,1.4508378505706787
3729,23,train/lr,1.1163365414039395e-06
3730,23,train/loss,1.6708996295928955
3730,23,train/lr,1.1076305360251615e-06
3731,23,train/loss,1.625504493713379
3731,23,train/lr,1.0989582313175374e-06
3732,23,train/loss,1.39389967918396
3732,23,train/lr,1.090319633258724e-06
3733,23,train/loss,1.4919230937957764
3733,23,train/lr,1.0817147478031642e-06
3734,23,train/loss,1.609851360321045
3734,23,train/lr,1.0731435808820688e-06
3735,23,train/loss,1.5206570625305176
3735,23,train/lr,1.0646061384033846e-06
3736,23,train/loss,1.508636236190796
3736,23,train/lr,1.0561024262518204e-06
3737,23,train/loss,1.5414814949035645
3737,23,train/lr,1.0476324502888547e-06
3738,23,train/loss,1.4557479619979858
3738,23,train/lr,1.039196216352678e-06
3739,23,train/loss,1.4808496236801147
3739,23,train/lr,1.0307937302582505e-06
3740,23,train/loss,1.4327466487884521
3740,23,train/lr,1.0224249977972612e-06
3741,23,train/loss,1.4609333276748657
3741,23,train/lr,1.0140900247381403e-06
3742,23,train/loss,1.5392558574676514
3742,23,train/lr,1.005788816826031e-06
3743,23,train/loss,1.5804738998413086
3743,23,train/lr,9.975213797828176e-07
3744,23,train/loss,1.515008568763733
3744,23,train/lr,9.892877193071081e-07
3745,23,train/loss,1.5009839534759521
3745,23,train/lr,9.81087841074213e-07
3746,23,train/loss,1.4392189979553223
3746,23,train/lr,9.729217507361722e-07
3747,23,train/loss,1.5414148569107056
3747,23,train/lr,9.647894539217328e-07
3748,23,train/loss,1.5135304927825928
3748,23,train/lr,9.566909562363502e-07
3749,23,train/loss,1.491042971611023
3749,23,train/lr,9.486262632621756e-07
3750,23,train/loss,1.431563138961792
3750,23,train/lr,9.405953805580625e-07
3751,23,train/loss,1.623075246810913
3751,23,train/lr,9.325983136595551e-07
3752,23,train/loss,1.6524492502212524
3752,23,train/lr,9.246350680789162e-07
3753,23,train/loss,1.5710432529449463
3753,23,train/lr,9.167056493050496e-07
3754,23,train/loss,1.5553655624389648
3754,23,train/lr,9.088100628035778e-07
3755,23,train/loss,1.6283212900161743
3755,23,train/lr,9.009483140168029e-07
3756,23,train/loss,1.538147211074829
3756,23,train/lr,8.931204083636735e-07
3757,23,train/loss,1.3763427734375
3757,23,train/lr,8.853263512398402e-07
3758,23,train/loss,1.633711338043213
3758,23,train/lr,8.775661480176167e-07
3759,23,train/loss,1.581815242767334
3759,23,train/lr,8.698398040459799e-07
3760,23,train/loss,1.463379144668579
3760,23,train/lr,8.621473246505474e-07
3761,23,train/loss,1.4134016036987305
3761,23,train/lr,8.544887151336389e-07
3762,23,train/loss,1.5102369785308838
3762,23,train/lr,8.468639807741874e-07
3763,23,train/loss,1.4886168241500854
3763,23,train/lr,8.392731268277887e-07
3764,23,train/loss,1.5306450128555298
3764,23,train/lr,8.317161585266964e-07
3765,23,train/loss,1.427623987197876
3765,23,train/lr,8.241930810797938e-07
3766,23,train/loss,1.54933500289917
3766,23,train/lr,8.167038996726162e-07
3767,23,train/loss,1.3816195726394653
3767,23,train/lr,8.092486194673177e-07
3768,23,train/loss,1.4572705030441284
3768,23,train/lr,8.018272456027043e-07
3769,23,train/loss,1.4633777141571045
3769,23,train/lr,7.944397831941952e-07
3770,23,train/loss,1.487173080444336
3770,23,train/lr,7.87086237333845e-07
3771,23,train/loss,1.5099270343780518
3771,23,train/lr,7.797666130903269e-07
3772,23,train/loss,1.6416289806365967
3772,23,train/lr,7.724809155089274e-07
3773,23,train/loss,1.5513317584991455
3773,23,train/lr,7.652291496115626e-07
3774,23,train/loss,1.5365989208221436
3774,23,train/lr,7.580113203967398e-07
3775,23,train/loss,1.5852476358413696
3775,23,train/lr,7.508274328395848e-07
3776,23,train/loss,1.5700981616973877
3776,23,train/lr,7.436774918918366e-07
3777,23,train/loss,1.6289358139038086
3777,23,train/lr,7.365615024818251e-07
3778,23,train/loss,1.4998376369476318
3778,23,train/lr,7.294794695144713e-07
3779,23,train/loss,1.517446517944336
3779,23,train/lr,7.224313978713094e-07
3780,23,train/loss,1.715942621231079
3780,23,train/lr,7.154172924104474e-07
3781,23,train/loss,1.4686524868011475
3781,23,train/lr,7.084371579665849e-07
3782,23,train/loss,1.4743294715881348
3782,23,train/lr,7.014909993510232e-07
3783,23,train/loss,1.5340772867202759
3783,23,train/lr,6.945788213516158e-07
3784,23,train/loss,1.5835270881652832
3784,23,train/lr,6.877006287328125e-07
3785,23,train/loss,1.5004239082336426
3785,23,train/lr,6.808564262356321e-07
3786,23,train/loss,1.489171028137207
3786,23,train/lr,6.74046218577673e-07
3787,23,train/loss,1.7581567764282227
3787,23,train/lr,6.67270010453086e-07
3788,23,train/loss,1.482757568359375
3788,23,train/lr,6.605278065326015e-07
3789,23,train/loss,1.36111581325531
3789,23,train/lr,6.53819611463502e-07
3790,23,train/loss,1.4822132587432861
3790,23,train/lr,6.471454298696278e-07
3791,23,train/loss,1.5007990598678589
3791,23,train/lr,6.405052663513878e-07
3792,23,train/loss,1.3064327239990234
3792,23,train/lr,6.338991254857208e-07
3793,23,train/loss,1.496856927871704
3793,23,train/lr,6.273270118261288e-07
3794,23,train/loss,1.5040159225463867
3794,23,train/lr,6.207889299026604e-07
3795,23,train/loss,1.5228002071380615
3795,23,train/lr,6.142848842219052e-07
3796,23,train/loss,1.4623594284057617
3796,23,train/lr,6.078148792669936e-07
3797,23,train/loss,1.5638527870178223
3797,23,train/lr,6.013789194975749e-07
3798,23,train/loss,1.4878435134887695
3798,23,train/lr,5.949770093498563e-07
3799,23,train/loss,1.582608699798584
3799,23,train/lr,5.886091532365634e-07
3800,23,train/loss,1.5483996868133545
3800,23,train/lr,5.822753555469462e-07
3801,23,train/loss,1.549264669418335
3801,23,train/lr,5.759756206467904e-07
3802,23,train/loss,1.6123771667480469
3802,23,train/lr,5.697099528783834e-07
3803,23,train/loss,1.43184232711792
3803,23,train/lr,5.634783565605539e-07
3804,23,train/loss,1.571540117263794
3804,23,train/lr,5.572808359886272e-07
3805,23,train/loss,1.5510034561157227
3805,23,train/lr,5.511173954344528e-07
3806,23,train/loss,1.477170705795288
3806,23,train/lr,5.449880391463824e-07
3807,23,train/loss,1.382399559020996
3807,23,train/lr,5.388927713492698e-07
3808,23,train/loss,1.418184518814087
3808,23,train/lr,5.328315962444874e-07
3809,23,train/loss,1.4805532693862915
3809,23,train/lr,5.268045180099046e-07
3810,23,train/loss,1.4021135568618774
3810,23,train/lr,5.208115407998648e-07
3811,23,train/loss,1.5350124835968018
3811,23,train/lr,5.14852668745236e-07
3812,23,train/loss,1.4372128248214722
3812,23,train/lr,5.089279059533658e-07
3813,23,train/loss,1.5523097515106201
3813,23,train/lr,5.030372565080877e-07
3814,23,train/loss,1.3632826805114746
3814,23,train/lr,4.971807244697313e-07
3815,23,train/loss,1.5310136079788208
3815,23,train/lr,4.913583138750954e-07
3816,23,train/loss,1.6009864807128906
3816,23,train/lr,4.855700287374753e-07
3817,23,train/loss,1.5806865692138672
3817,23,train/lr,4.798158730466351e-07
3818,23,train/loss,1.5740280151367188
3818,23,train/lr,4.7409585076881313e-07
3818,23,train/batches,331.0
3818,23,train/compute_pct,99.8862092525415
3818,23,train/compute_sec,32.6249934720081
3818,23,train/data_wait_pct,0.11379074745849312
3818,23,train/data_wait_sec,0.03716651598642784
3818,23,train/examples,5296.0
3818,23,train/examples_per_sec,162.14481840596656
3818,23,train/input_tokens,626029.0
3818,23,train/peak_vram_gb,4.88370418548584
3818,23,train/target_tokens,424714.0
3818,23,train/tokens_per_sec,32170.040205124722
3818,23,train/total_sec,32.66215998799453
3818,23,train/epoch_loss,1.5038755292978891
3818,23,epoch23/batches,331.0
3818,23,epoch23/compute_pct,99.8862092525415
3818,23,epoch23/compute_sec,32.6249934720081
3818,23,epoch23/data_wait_pct,0.11379074745849312
3818,23,epoch23/data_wait_sec,0.03716651598642784
3818,23,epoch23/examples,5296.0
3818,23,epoch23/examples_per_sec,162.14481840596656
3818,23,epoch23/input_tokens,626029.0
3818,23,epoch23/peak_vram_gb,4.88370418548584
3818,23,epoch23/target_tokens,424714.0
3818,23,epoch23/tokens_per_sec,32170.040205124722
3818,23,epoch23/total_sec,32.66215998799453
3818,23,val/bleu,19.47067684480248
3818,23,val/chrf,38.930443225850205
3818,23,val/combined,27.531837560821455
3818,23,val/eval_peak_vram_gb,4.88370418548584
3818,23,val/eval_samples_per_sec,14.5714470055538
3818,23,val/eval_seconds,40.970536404000086
3818,23,val/eval_tokens_per_sec,3911.5182290938615
3819,24,train/loss,1.5517826080322266
3819,24,train/lr,4.684099658467223e-07
3820,24,train/loss,1.531800389289856
3820,24,train/lr,4.627582221995497e-07
3821,24,train/loss,1.6342225074768066
3821,24,train/lr,4.571406237229403e-07
3822,24,train/loss,1.550787329673767
3822,24,train/lr,4.5155717428900793e-07
3823,24,train/loss,1.544825553894043
3823,24,train/lr,4.4600787774632945e-07
3824,24,train/loss,1.5984933376312256
3824,24,train/lr,4.404927379199508e-07
3825,24,train/loss,1.416442632675171
3825,24,train/lr,4.3501175861134227e-07
3826,24,train/loss,1.4708271026611328
3826,24,train/lr,4.2956494359847057e-07
3827,24,train/loss,1.4825475215911865
3827,24,train/lr,4.2415229663571587e-07
3828,24,train/loss,1.525758147239685
3828,24,train/lr,4.187738214539272e-07
3829,24,train/loss,1.4153313636779785
3829,24,train/lr,4.134295217604001e-07
3830,24,train/loss,1.4702101945877075
3830,24,train/lr,4.0811940123886004e-07
3831,24,train/loss,1.6342395544052124
3831,24,train/lr,4.0284346354949043e-07
3832,24,train/loss,1.3679183721542358
3832,24,train/lr,3.9760171232889885e-07
3833,24,train/loss,1.3450912237167358
3833,24,train/lr,3.923941511901397e-07
3834,24,train/loss,1.3832471370697021
3834,24,train/lr,3.87220783722686e-07
3835,24,train/loss,1.4121880531311035
3835,24,train/lr,3.820816134924632e-07
3836,24,train/loss,1.3758742809295654
3836,24,train/lr,3.7697664404180434e-07
3837,24,train/loss,1.4540605545043945
3837,24,train/lr,3.71905878889478e-07
3838,24,train/loss,1.4372860193252563
3838,24,train/lr,3.668693215306884e-07
3839,24,train/loss,1.4932236671447754
3839,24,train/lr,3.6186697543703076e-07
3840,24,train/loss,1.5057426691055298
3840,24,train/lr,3.5689884405654126e-07
3841,24,train/loss,1.4736475944519043
3841,24,train/lr,3.5196493081366967e-07
3842,24,train/loss,1.6285383701324463
3842,24,train/lr,3.470652391092788e-07
3843,24,train/loss,1.6695460081100464
3843,24,train/lr,3.421997723206394e-07
3844,24,train/loss,1.4503889083862305
3844,24,train/lr,3.3736853380144096e-07
3845,24,train/loss,1.598036289215088
3845,24,train/lr,3.325715268817642e-07
3846,24,train/loss,1.5864388942718506
3846,24,train/lr,3.2780875486810305e-07
3847,24,train/loss,1.5412558317184448
3847,24,train/lr,3.2308022104336476e-07
3848,24,train/loss,1.528721809387207
3848,24,train/lr,3.1838592866684223e-07
3849,24,train/loss,1.4348626136779785
3849,24,train/lr,3.137258809742249e-07
3850,24,train/loss,1.5208450555801392
3850,24,train/lr,3.091000811776101e-07
3851,24,train/loss,1.4773191213607788
3851,24,train/lr,3.045085324654751e-07
3852,24,train/loss,1.4754412174224854
3852,24,train/lr,2.9995123800270476e-07
3853,24,train/loss,1.4741466045379639
3853,24,train/lr,2.954282009305587e-07
3854,24,train/loss,1.61921226978302
3854,24,train/lr,2.9093942436669296e-07
3855,24,train/loss,1.5385756492614746
3855,24,train/lr,2.8648491140513266e-07
3856,24,train/loss,1.2929871082305908
3856,24,train/lr,2.820646651163161e-07
3857,24,train/loss,1.465722680091858
3857,24,train/lr,2.776786885470228e-07
3858,24,train/loss,1.4553271532058716
3858,24,train/lr,2.733269847204456e-07
3859,24,train/loss,1.4308552742004395
3859,24,train/lr,2.69009556636135e-07
3860,24,train/loss,1.4464316368103027
3860,24,train/lr,2.6472640727001616e-07
3861,24,train/loss,1.594473123550415
3861,24,train/lr,2.6047753957439414e-07
3862,24,train/loss,1.431600570678711
3862,24,train/lr,2.5626295647794286e-07
3863,24,train/loss,1.4938914775848389
3863,24,train/lr,2.5208266088569966e-07
3864,24,train/loss,1.4592115879058838
3864,24,train/lr,2.479366556790708e-07
3865,24,train/loss,1.6495466232299805
3865,24,train/lr,2.4382494371582575e-07
3866,24,train/loss,1.480195164680481
3866,24,train/lr,2.39747527830092e-07
3867,24,train/loss,1.5472080707550049
3867,24,train/lr,2.3570441083237137e-07
3868,24,train/loss,1.545719861984253
3868,24,train/lr,2.3169559550951237e-07
3869,24,train/loss,1.6115179061889648
3869,24,train/lr,2.277210846247213e-07
3870,24,train/loss,1.408462405204773
3870,24,train/lr,2.2378088091755678e-07
3871,24,train/loss,1.6530523300170898
3871,24,train/lr,2.1987498710394628e-07
3872,24,train/loss,1.3753219842910767
3872,24,train/lr,2.1600340587614176e-07
3873,24,train/loss,1.4693779945373535
3873,24,train/lr,2.1216613990275858e-07
3874,24,train/loss,1.3795499801635742
3874,24,train/lr,2.083631918287643e-07
3875,24,train/loss,1.5079185962677002
3875,24,train/lr,2.0459456427546763e-07
3876,24,train/loss,1.523559331893921
3876,24,train/lr,2.0086025984050738e-07
3877,24,train/loss,1.4800200462341309
3877,24,train/lr,1.9716028109788566e-07
3878,24,train/loss,1.4833238124847412
3878,24,train/lr,1.934946305979346e-07
3879,24,train/loss,1.4093844890594482
3879,24,train/lr,1.8986331086731645e-07
3880,24,train/loss,1.4590414762496948
3880,24,train/lr,1.8626632440904568e-07
3881,24,train/loss,1.4600337743759155
3881,24,train/lr,1.8270367370246123e-07
3882,24,train/loss,1.4223225116729736
3882,24,train/lr,1.7917536120323208e-07
3883,24,train/loss,1.341778039932251
3883,24,train/lr,1.7568138934337398e-07
3884,24,train/loss,1.3945508003234863
3884,24,train/lr,1.722217605312104e-07
3885,24,train/loss,1.4652695655822754
3885,24,train/lr,1.6879647715140611e-07
3886,24,train/loss,1.4278931617736816
3886,24,train/lr,1.654055415649558e-07
3887,24,train/loss,1.3343260288238525
3887,24,train/lr,1.620489561091676e-07
3888,24,train/loss,1.5171635150909424
3888,24,train/lr,1.5872672309767967e-07
3889,24,train/loss,1.4841017723083496
3889,24,train/lr,1.5543884482046024e-07
3890,24,train/loss,1.444648027420044
3890,24,train/lr,1.521853235437687e-07
3891,24,train/loss,1.510469913482666
3891,24,train/lr,1.489661615102167e-07
3892,24,train/loss,1.6291471719741821
3892,24,train/lr,1.457813609387071e-07
3893,24,train/loss,1.587568759918213
3893,24,train/lr,1.4263092402447832e-07
3894,24,train/loss,1.7161126136779785
3894,24,train/lr,1.3951485293906552e-07
3895,24,train/loss,1.4963181018829346
3895,24,train/lr,1.3643314983032284e-07
3896,24,train/loss,1.652811050415039
3896,24,train/lr,1.333858168224178e-07
3897,24,train/loss,1.626054048538208
3897,24,train/lr,1.303728560158257e-07
3898,24,train/loss,1.7301433086395264
3898,24,train/lr,1.2739426948732424e-07
3899,24,train/loss,1.4672890901565552
3899,24,train/lr,1.2445005929000442e-07
3900,24,train/loss,1.503387451171875
3900,24,train/lr,1.215402274532651e-07
3901,24,train/loss,1.496300220489502
3901,24,train/lr,1.1866477598279636e-07
3902,24,train/loss,1.49318265914917
3902,24,train/lr,1.1582370686059607e-07
3903,24,train/loss,1.5095973014831543
3903,24,train/lr,1.1301702204497e-07
3904,24,train/loss,1.4422330856323242
3904,24,train/lr,1.1024472347052061e-07
3905,24,train/loss,1.4967045783996582
3905,24,train/lr,1.0750681304813603e-07
3906,24,train/loss,1.4603664875030518
3906,24,train/lr,1.0480329266501776e-07
3907,24,train/loss,1.4098526239395142
3907,24,train/lr,1.0213416418465294e-07
3908,24,train/loss,1.5512967109680176
3908,24,train/lr,9.949942944682545e-08
3909,24,train/loss,1.4886796474456787
3909,24,train/lr,9.68990902676159e-08
3910,24,train/loss,1.4884381294250488
3910,24,train/lr,9.433314843939611e-08
3911,24,train/loss,1.406226396560669
3911,24,train/lr,9.180160573081798e-08
3912,24,train/loss,1.3183720111846924
3912,24,train/lr,8.930446388683566e-08
3913,24,train/loss,1.5189120769500732
3913,24,train/lr,8.684172462868345e-08
3914,24,train/loss,1.4646313190460205
3914,24,train/lr,8.441338965388679e-08
3915,24,train/loss,1.4669489860534668
3915,24,train/lr,8.201946063625677e-08
3916,24,train/loss,1.5293340682983398
3916,24,train/lr,7.965993922588455e-08
3917,24,train/loss,1.5640177726745605
3917,24,train/lr,7.733482704914696e-08
3918,24,train/loss,1.4478492736816406
3918,24,train/lr,7.5044125708712e-08
3919,24,train/loss,1.4424128532409668
3919,24,train/lr,7.278783678351109e-08
3920,24,train/loss,1.6465857028961182
3920,24,train/lr,7.056596182876684e-08
3921,24,train/loss,1.5181236267089844
3921,24,train/lr,6.837850237598198e-08
3922,24,train/loss,1.3877825736999512
3922,24,train/lr,6.622545993293928e-08
3923,24,train/loss,1.4281549453735352
3923,24,train/lr,6.410683598368495e-08
3924,24,train/loss,1.5899906158447266
3924,24,train/lr,6.20226319885564e-08
3925,24,train/loss,1.4600216150283813
3925,24,train/lr,5.997284938415448e-08
3926,24,train/loss,1.4066777229309082
3926,24,train/lr,5.795748958336567e-08
3927,24,train/loss,1.592102289199829
3927,24,train/lr,5.597655397533985e-08
3928,24,train/loss,1.4258008003234863
3928,24,train/lr,5.403004392550148e-08
3929,24,train/loss,1.4876670837402344
3929,24,train/lr,5.2117960775543986e-08
3930,24,train/loss,1.591719388961792
3930,24,train/lr,5.024030584344086e-08
3931,24,train/loss,1.437161922454834
3931,24,train/lr,4.839708042341795e-08
3932,24,train/loss,1.495809555053711
3932,24,train/lr,4.658828578598673e-08
3933,24,train/loss,1.4945265054702759
3933,24,train/lr,4.481392317791655e-08
3934,24,train/loss,1.3516571521759033
3934,24,train/lr,4.30739938222402e-08
3935,24,train/loss,1.373603105545044
3935,24,train/lr,4.1368498918265e-08
3936,24,train/loss,1.566118836402893
3936,24,train/lr,3.969743964156169e-08
3937,24,train/loss,1.5246734619140625
3937,24,train/lr,3.8060817143958924e-08
3938,24,train/loss,1.4904913902282715
3938,24,train/lr,3.6458632553554306e-08
3939,24,train/loss,1.536974549293518
3939,24,train/lr,3.489088697470333e-08
3940,24,train/loss,1.5541691780090332
3940,24,train/lr,3.3357581488030475e-08
3941,24,train/loss,1.5575066804885864
3941,24,train/lr,3.185871715041255e-08
3942,24,train/loss,1.5740039348602295
3942,24,train/lr,3.039429499499535e-08
3943,24,train/loss,1.6315629482269287
3943,24,train/lr,2.8964316031182547e-08
3944,24,train/loss,1.4983222484588623
3944,24,train/lr,2.7568781244624587e-08
3945,24,train/loss,1.4908407926559448
3945,24,train/lr,2.6207691597240902e-08
3946,24,train/loss,1.6052048206329346
3946,24,train/lr,2.488104802721436e-08
3947,24,train/loss,1.5226976871490479
3947,24,train/lr,2.3588851448974604e-08
3948,24,train/loss,1.6969517469406128
3948,24,train/lr,2.2331102753209155e-08
3949,24,train/loss,1.534310221672058
3949,24,train/lr,2.1107802806863418e-08
3950,24,train/loss,1.5307823419570923
3950,24,train/lr,1.9918952453140682e-08
3951,24,train/loss,1.3954602479934692
3951,24,train/lr,1.8764552511485457e-08
3952,24,train/loss,1.4540126323699951
3952,24,train/lr,1.7644603777616787e-08
3953,24,train/loss,1.574387788772583
3953,24,train/lr,1.6559107023489396e-08
3954,24,train/loss,1.4536614418029785
3954,24,train/lr,1.5508062997315887e-08
3955,24,train/loss,1.6029846668243408
3955,24,train/lr,1.4491472423572294e-08
3956,24,train/loss,1.3024232387542725
3956,24,train/lr,1.3509336002964779e-08
3957,24,train/loss,1.497612476348877
3957,24,train/lr,1.2561654412474033e-08
3958,24,train/loss,1.4744510650634766
3958,24,train/lr,1.1648428305316427e-08
3959,24,train/loss,1.448350191116333
3959,24,train/lr,1.0769658310960663e-08
3960,24,train/loss,1.4021270275115967
3960,24,train/lr,9.925345035133316e-09
3961,24,train/loss,1.594245433807373
3961,24,train/lr,9.115489059796645e-09
3962,24,train/loss,1.4411342144012451
3962,24,train/lr,8.340090943176338e-09
3963,24,train/loss,1.5861623287200928
3963,24,train/lr,7.59915121974486e-09
3964,24,train/loss,1.5516178607940674
3964,24,train/lr,6.8926704002103546e-09
3965,24,train/loss,1.618159532546997
3965,24,train/lr,6.220648971538845e-09
3966,24,train/loss,1.5580408573150635
3966,24,train/lr,5.583087396954234e-09
3967,24,train/loss,1.606850504875183
3967,24,train/lr,4.979986115899449e-09
3968,24,train/loss,1.6124114990234375
3968,24,train/lr,4.4113455440975004e-09
3969,24,train/loss,1.5078308582305908
3969,24,train/lr,3.877166073495975e-09
3970,24,train/loss,1.494168758392334
3970,24,train/lr,3.3774480722947864e-09
3971,24,train/loss,1.4629442691802979
3971,24,train/lr,2.9121918849461804e-09
3972,24,train/loss,1.490832805633545
3972,24,train/lr,2.481397832132526e-09
3973,24,train/loss,1.550268530845642
3973,24,train/lr,2.0850662108051755e-09
3974,24,train/loss,1.5409016609191895
3974,24,train/lr,1.7231972941400554e-09
3975,24,train/loss,1.3170831203460693
3975,24,train/lr,1.3957913315709725e-09
3976,24,train/loss,1.497368574142456
3976,24,train/lr,1.1028485487729612e-09
3977,24,train/loss,1.3754551410675049
3977,24,train/lr,8.443691476678339e-10
3978,24,train/loss,1.4593064785003662
3978,24,train/lr,6.203533064186306e-10
3979,24,train/loss,1.4056437015533447
3979,24,train/lr,4.308011794296185e-10
3980,24,train/loss,1.4695830345153809
3980,24,train/lr,2.757128973684964e-10
3981,24,train/loss,1.539798617362976
3981,24,train/lr,1.5508856712753704e-10
3982,24,train/loss,1.5751252174377441
3982,24,train/lr,6.892827185134287e-11
3983,24,train/loss,1.5620018243789673
3983,24,train/lr,1.7232070931294532e-11
3984,24,train/loss,1.6574957370758057
3984,24,train/lr,0.0
3984,24,train/batches,331.0
3984,24,train/compute_pct,99.87818425097801
3984,24,train/compute_sec,32.4885562679965
3984,24,train/data_wait_pct,0.12181574902199768
3984,24,train/data_wait_sec,0.03962444698117906
3984,24,train/examples,5296.0
3984,24,train/examples_per_sec,162.8126714618701
3984,24,train/input_tokens,625993.0
3984,24,train/peak_vram_gb,4.883996963500977
3984,24,train/target_tokens,424709.0
3984,24,train/tokens_per_sec,32301.283899231465
3984,24,train/total_sec,32.52818071497768
3984,24,train/epoch_loss,1.5020031828174418
3984,24,epoch24/batches,331.0
3984,24,epoch24/compute_pct,99.87818425097801
3984,24,epoch24/compute_sec,32.4885562679965
3984,24,epoch24/data_wait_pct,0.12181574902199768
3984,24,epoch24/data_wait_sec,0.03962444698117906
3984,24,epoch24/examples,5296.0
3984,24,epoch24/examples_per_sec,162.8126714618701
3984,24,epoch24/input_tokens,625993.0
3984,24,epoch24/peak_vram_gb,4.883996963500977
3984,24,epoch24/target_tokens,424709.0
3984,24,epoch24/tokens_per_sec,32301.283899231465
3984,24,epoch24/total_sec,32.52818071497768
3984,24,val/bleu,19.386593895323642
3984,24,val/chrf,38.90967841675702
3984,24,val/combined,27.464998344498543
3984,24,val/eval_peak_vram_gb,4.883996963500977
3984,24,val/eval_samples_per_sec,14.152753587689064
3984,24,val/eval_seconds,42.18260399300016
3984,24,val/eval_tokens_per_sec,3870.647720730895
