step,epoch,metric,value
1,1,train/loss,5.108721733093262
1,1,train/lr,3.5e-07
2,1,train/loss,4.759791851043701
2,1,train/lr,7e-07
3,1,train/loss,5.023899555206299
3,1,train/lr,1.05e-06
4,1,train/loss,4.3399553298950195
4,1,train/lr,1.4e-06
5,1,train/loss,4.638321876525879
5,1,train/lr,1.75e-06
6,1,train/loss,4.301693916320801
6,1,train/lr,2.1e-06
7,1,train/loss,4.594657897949219
7,1,train/lr,2.45e-06
8,1,train/loss,4.130821228027344
8,1,train/lr,2.8e-06
9,1,train/loss,5.011539459228516
9,1,train/lr,3.1499999999999995e-06
10,1,train/loss,4.512667655944824
10,1,train/lr,3.5e-06
11,1,train/loss,4.563429832458496
11,1,train/lr,3.8499999999999996e-06
12,1,train/loss,5.710354804992676
12,1,train/lr,4.2e-06
13,1,train/loss,5.679968357086182
13,1,train/lr,4.55e-06
14,1,train/loss,4.629042625427246
14,1,train/lr,4.9e-06
15,1,train/loss,4.415323257446289
15,1,train/lr,5.25e-06
16,1,train/loss,4.493561267852783
16,1,train/lr,5.6e-06
17,1,train/loss,4.262454986572266
17,1,train/lr,5.95e-06
18,1,train/loss,4.6312031745910645
18,1,train/lr,6.299999999999999e-06
19,1,train/loss,4.332258224487305
19,1,train/lr,6.65e-06
20,1,train/loss,4.315001487731934
20,1,train/lr,7e-06
21,1,train/loss,4.13737154006958
21,1,train/lr,7.349999999999999e-06
22,1,train/loss,4.3624773025512695
22,1,train/lr,7.699999999999999e-06
23,1,train/loss,4.533524513244629
23,1,train/lr,8.05e-06
24,1,train/loss,4.570522785186768
24,1,train/lr,8.4e-06
25,1,train/loss,4.264640808105469
25,1,train/lr,8.75e-06
26,1,train/loss,5.537613391876221
26,1,train/lr,9.1e-06
27,1,train/loss,4.591851234436035
27,1,train/lr,9.45e-06
28,1,train/loss,4.692548751831055
28,1,train/lr,9.8e-06
29,1,train/loss,4.395210266113281
29,1,train/lr,1.0149999999999998e-05
30,1,train/loss,4.443878173828125
30,1,train/lr,1.05e-05
31,1,train/loss,4.19424295425415
31,1,train/lr,1.085e-05
32,1,train/loss,4.392087936401367
32,1,train/lr,1.12e-05
33,1,train/loss,4.262748718261719
33,1,train/lr,1.155e-05
34,1,train/loss,4.081008434295654
34,1,train/lr,1.19e-05
35,1,train/loss,4.0935187339782715
35,1,train/lr,1.2249999999999998e-05
36,1,train/loss,4.159367084503174
36,1,train/lr,1.2599999999999998e-05
37,1,train/loss,4.184455871582031
37,1,train/lr,1.2949999999999998e-05
38,1,train/loss,5.010673522949219
38,1,train/lr,1.33e-05
39,1,train/loss,4.823922157287598
39,1,train/lr,1.365e-05
40,1,train/loss,4.438481330871582
40,1,train/lr,1.4e-05
41,1,train/loss,4.379085540771484
41,1,train/lr,1.4349999999999998e-05
42,1,train/loss,4.335210800170898
42,1,train/lr,1.4699999999999998e-05
43,1,train/loss,4.159544467926025
43,1,train/lr,1.5049999999999998e-05
44,1,train/loss,4.097695350646973
44,1,train/lr,1.5399999999999998e-05
45,1,train/loss,4.032610893249512
45,1,train/lr,1.575e-05
46,1,train/loss,4.019985198974609
46,1,train/lr,1.61e-05
47,1,train/loss,3.8558850288391113
47,1,train/lr,1.6449999999999997e-05
48,1,train/loss,3.9102587699890137
48,1,train/lr,1.68e-05
49,1,train/loss,3.905778408050537
49,1,train/lr,1.7149999999999997e-05
50,1,train/loss,3.9577670097351074
50,1,train/lr,1.75e-05
51,1,train/loss,4.2845563888549805
51,1,train/lr,1.785e-05
52,1,train/loss,4.610574245452881
52,1,train/lr,1.82e-05
53,1,train/loss,3.9886107444763184
53,1,train/lr,1.855e-05
54,1,train/loss,3.905855655670166
54,1,train/lr,1.89e-05
55,1,train/loss,3.824878454208374
55,1,train/lr,1.925e-05
56,1,train/loss,3.87554931640625
56,1,train/lr,1.96e-05
57,1,train/loss,3.6952826976776123
57,1,train/lr,1.9949999999999997e-05
58,1,train/loss,3.9294044971466064
58,1,train/lr,2.0299999999999995e-05
59,1,train/loss,3.8249053955078125
59,1,train/lr,2.0649999999999997e-05
60,1,train/loss,3.562443256378174
60,1,train/lr,2.1e-05
61,1,train/loss,3.6636059284210205
61,1,train/lr,2.1349999999999997e-05
62,1,train/loss,3.59839129447937
62,1,train/lr,2.17e-05
63,1,train/loss,4.2335615158081055
63,1,train/lr,2.2049999999999997e-05
64,1,train/loss,4.011974811553955
64,1,train/lr,2.24e-05
65,1,train/loss,3.942111015319824
65,1,train/lr,2.2749999999999997e-05
66,1,train/loss,3.866032838821411
66,1,train/lr,2.31e-05
67,1,train/loss,3.5274453163146973
67,1,train/lr,2.345e-05
68,1,train/loss,3.6096763610839844
68,1,train/lr,2.38e-05
69,1,train/loss,3.416530132293701
69,1,train/lr,2.4149999999999997e-05
70,1,train/loss,3.486177921295166
70,1,train/lr,2.4499999999999996e-05
71,1,train/loss,3.473405361175537
71,1,train/lr,2.4849999999999998e-05
72,1,train/loss,3.2520060539245605
72,1,train/lr,2.5199999999999996e-05
73,1,train/loss,3.3808512687683105
73,1,train/lr,2.5549999999999998e-05
74,1,train/loss,3.309039831161499
74,1,train/lr,2.5899999999999996e-05
75,1,train/loss,3.5203962326049805
75,1,train/lr,2.6249999999999998e-05
76,1,train/loss,4.196118354797363
76,1,train/lr,2.66e-05
77,1,train/loss,3.9637701511383057
77,1,train/lr,2.6949999999999998e-05
78,1,train/loss,3.4912469387054443
78,1,train/lr,2.73e-05
79,1,train/loss,3.524900197982788
79,1,train/lr,2.7649999999999998e-05
80,1,train/loss,3.368227958679199
80,1,train/lr,2.8e-05
81,1,train/loss,3.3784546852111816
81,1,train/lr,2.8349999999999998e-05
82,1,train/loss,3.2459280490875244
82,1,train/lr,2.8699999999999996e-05
83,1,train/loss,3.504875659942627
83,1,train/lr,2.9049999999999995e-05
84,1,train/loss,3.1904208660125732
84,1,train/lr,2.9399999999999996e-05
85,1,train/loss,3.231132984161377
85,1,train/lr,2.9749999999999998e-05
86,1,train/loss,3.088256359100342
86,1,train/lr,3.0099999999999996e-05
87,1,train/loss,3.095463514328003
87,1,train/lr,3.0449999999999998e-05
88,1,train/loss,3.993957281112671
88,1,train/lr,3.0799999999999996e-05
89,1,train/loss,3.460155487060547
89,1,train/lr,3.115e-05
90,1,train/loss,3.2998616695404053
90,1,train/lr,3.15e-05
91,1,train/loss,3.672207832336426
91,1,train/lr,3.185e-05
92,1,train/loss,3.2616219520568848
92,1,train/lr,3.22e-05
93,1,train/loss,3.2274765968322754
93,1,train/lr,3.255e-05
94,1,train/loss,3.117027997970581
94,1,train/lr,3.289999999999999e-05
95,1,train/loss,3.028132915496826
95,1,train/lr,3.3249999999999995e-05
96,1,train/loss,3.037128210067749
96,1,train/lr,3.36e-05
97,1,train/loss,2.924985408782959
97,1,train/lr,3.395e-05
98,1,train/loss,2.9175972938537598
98,1,train/lr,3.4299999999999993e-05
99,1,train/loss,2.870321750640869
99,1,train/lr,3.4649999999999995e-05
100,1,train/loss,2.8746511936187744
100,1,train/lr,3.5e-05
101,1,train/loss,3.452488422393799
101,1,train/lr,3.535e-05
102,1,train/loss,3.4044127464294434
102,1,train/lr,3.57e-05
103,1,train/loss,3.0461559295654297
103,1,train/lr,3.6049999999999995e-05
104,1,train/loss,3.059976577758789
104,1,train/lr,3.64e-05
105,1,train/loss,3.099644899368286
105,1,train/lr,3.675e-05
106,1,train/loss,2.859100103378296
106,1,train/lr,3.71e-05
107,1,train/loss,2.826374053955078
107,1,train/lr,3.745e-05
108,1,train/loss,2.935889720916748
108,1,train/lr,3.78e-05
109,1,train/loss,2.9117369651794434
109,1,train/lr,3.815e-05
110,1,train/loss,2.7859129905700684
110,1,train/lr,3.85e-05
111,1,train/loss,2.69401216506958
111,1,train/lr,3.885e-05
112,1,train/loss,2.7323687076568604
112,1,train/lr,3.92e-05
113,1,train/loss,3.69586443901062
113,1,train/lr,3.954999999999999e-05
114,1,train/loss,3.0108680725097656
114,1,train/lr,3.9899999999999994e-05
115,1,train/loss,3.095231533050537
115,1,train/lr,4.0249999999999996e-05
116,1,train/loss,3.0414533615112305
116,1,train/lr,4.059999999999999e-05
117,1,train/loss,3.0623722076416016
117,1,train/lr,4.094999999999999e-05
118,1,train/loss,2.888355255126953
118,1,train/lr,4.1299999999999994e-05
119,1,train/loss,2.7934951782226562
119,1,train/lr,4.1649999999999996e-05
120,1,train/loss,2.656353712081909
120,1,train/lr,4.2e-05
121,1,train/loss,2.7030742168426514
121,1,train/lr,4.234999999999999e-05
122,1,train/loss,2.603724479675293
122,1,train/lr,4.2699999999999994e-05
123,1,train/loss,2.608799457550049
123,1,train/lr,4.3049999999999996e-05
124,1,train/loss,2.5952768325805664
124,1,train/lr,4.34e-05
125,1,train/loss,2.574917793273926
125,1,train/lr,4.374999999999999e-05
126,1,train/loss,3.4101619720458984
126,1,train/lr,4.4099999999999995e-05
127,1,train/loss,3.0580525398254395
127,1,train/lr,4.4449999999999996e-05
128,1,train/loss,2.7420883178710938
128,1,train/lr,4.48e-05
129,1,train/loss,2.835042953491211
129,1,train/lr,4.515e-05
130,1,train/loss,2.654662609100342
130,1,train/lr,4.5499999999999995e-05
131,1,train/loss,2.607248306274414
131,1,train/lr,4.5849999999999996e-05
132,1,train/loss,2.830739736557007
132,1,train/lr,4.62e-05
133,1,train/loss,2.563359260559082
133,1,train/lr,4.655e-05
134,1,train/loss,2.5541481971740723
134,1,train/lr,4.69e-05
135,1,train/loss,2.4834046363830566
135,1,train/lr,4.7249999999999997e-05
136,1,train/loss,2.44059419631958
136,1,train/lr,4.76e-05
137,1,train/loss,2.448456287384033
137,1,train/lr,4.795e-05
138,1,train/loss,3.1215152740478516
138,1,train/lr,4.8299999999999995e-05
139,1,train/loss,2.975555896759033
139,1,train/lr,4.864999999999999e-05
140,1,train/loss,2.7720179557800293
140,1,train/lr,4.899999999999999e-05
141,1,train/loss,2.6755356788635254
141,1,train/lr,4.934999999999999e-05
142,1,train/loss,2.8255443572998047
142,1,train/lr,4.9699999999999995e-05
143,1,train/loss,2.5611207485198975
143,1,train/lr,5.004999999999999e-05
144,1,train/loss,2.429555892944336
144,1,train/lr,5.039999999999999e-05
145,1,train/loss,2.531949996948242
145,1,train/lr,5.0749999999999994e-05
146,1,train/loss,2.4805238246917725
146,1,train/lr,5.1099999999999995e-05
147,1,train/loss,2.4873850345611572
147,1,train/lr,5.145e-05
148,1,train/loss,2.3335766792297363
148,1,train/lr,5.179999999999999e-05
149,1,train/loss,2.4737601280212402
149,1,train/lr,5.2149999999999994e-05
150,1,train/loss,2.4444479942321777
150,1,train/lr,5.2499999999999995e-05
151,1,train/loss,2.6904163360595703
151,1,train/lr,5.285e-05
152,1,train/loss,2.649764060974121
152,1,train/lr,5.32e-05
153,1,train/loss,2.6223819255828857
153,1,train/lr,5.3549999999999994e-05
154,1,train/loss,2.60953950881958
154,1,train/lr,5.3899999999999996e-05
155,1,train/loss,2.5235724449157715
155,1,train/lr,5.425e-05
156,1,train/loss,2.3910837173461914
156,1,train/lr,5.46e-05
157,1,train/loss,2.444547653198242
157,1,train/lr,5.495e-05
158,1,train/loss,2.4766900539398193
158,1,train/lr,5.5299999999999996e-05
159,1,train/loss,2.5623111724853516
159,1,train/lr,5.565e-05
160,1,train/loss,2.3916659355163574
160,1,train/lr,5.6e-05
161,1,train/loss,2.378715991973877
161,1,train/lr,5.635e-05
162,1,train/loss,2.248372793197632
162,1,train/lr,5.6699999999999996e-05
163,1,train/loss,2.723115921020508
163,1,train/lr,5.704999999999999e-05
164,1,train/loss,2.3425369262695312
164,1,train/lr,5.739999999999999e-05
165,1,train/loss,2.351414680480957
165,1,train/lr,5.7749999999999994e-05
166,1,train/loss,2.3844685554504395
166,1,train/lr,5.809999999999999e-05
166,1,train/batches,662.0
166,1,train/compute_pct,99.92941892792706
166,1,train/compute_sec,113.40591247400698
166,1,train/data_wait_pct,0.07058107207293417
166,1,train/data_wait_sec,0.08009964400571334
166,1,train/examples,5296.0
166,1,train/examples_per_sec,46.66654419482778
166,1,train/input_tokens,763267.0
166,1,train/peak_vram_gb,6.756443977355957
166,1,train/target_tokens,424810.0
166,1,train/tokens_per_sec,10468.92897042266
166,1,train/total_sec,113.4860121180127
166,1,train/epoch_loss,3.5062782566352912
166,1,epoch1/batches,662.0
166,1,epoch1/compute_pct,99.92941892792706
166,1,epoch1/compute_sec,113.40591247400698
166,1,epoch1/data_wait_pct,0.07058107207293417
166,1,epoch1/data_wait_sec,0.08009964400571334
166,1,epoch1/examples,5296.0
166,1,epoch1/examples_per_sec,46.66654419482778
166,1,epoch1/input_tokens,763267.0
166,1,epoch1/peak_vram_gb,6.756443977355957
166,1,epoch1/target_tokens,424810.0
166,1,epoch1/tokens_per_sec,10468.92897042266
166,1,epoch1/total_sec,113.4860121180127
166,1,val/bleu,0.16664819779230491
166,1,val/chrf,11.166580556899454
166,1,val/combined,1.3641446130487362
166,1,val/eval_peak_vram_gb,6.756443977355957
166,1,val/eval_samples_per_sec,4.724352552314874
166,1,val/eval_seconds,126.1548526280003
166,1,val/eval_tokens_per_sec,894.7733491699714
167,2,train/loss,2.8499417304992676
167,2,train/lr,5.844999999999999e-05
168,2,train/loss,2.853971481323242
168,2,train/lr,5.879999999999999e-05
169,2,train/loss,2.389960765838623
169,2,train/lr,5.9149999999999994e-05
170,2,train/loss,2.535769462585449
170,2,train/lr,5.9499999999999996e-05
171,2,train/loss,2.4419612884521484
171,2,train/lr,5.984999999999999e-05
172,2,train/loss,2.3644845485687256
172,2,train/lr,6.019999999999999e-05
173,2,train/loss,2.2956299781799316
173,2,train/lr,6.0549999999999995e-05
174,2,train/loss,2.280463457107544
174,2,train/lr,6.0899999999999996e-05
175,2,train/loss,2.3124186992645264
175,2,train/lr,6.125e-05
176,2,train/loss,2.32995867729187
176,2,train/lr,6.159999999999999e-05
177,2,train/loss,2.253655433654785
177,2,train/lr,6.195e-05
178,2,train/loss,2.31337833404541
178,2,train/lr,6.23e-05
179,2,train/loss,2.915802001953125
179,2,train/lr,6.264999999999999e-05
180,2,train/loss,2.648237943649292
180,2,train/lr,6.3e-05
181,2,train/loss,2.658905267715454
181,2,train/lr,6.335e-05
182,2,train/loss,2.8260858058929443
182,2,train/lr,6.37e-05
183,2,train/loss,2.375974655151367
183,2,train/lr,6.405e-05
184,2,train/loss,2.3684303760528564
184,2,train/lr,6.44e-05
185,2,train/loss,2.2366487979888916
185,2,train/lr,6.475e-05
186,2,train/loss,2.2724528312683105
186,2,train/lr,6.51e-05
187,2,train/loss,2.4054417610168457
187,2,train/lr,6.544999999999999e-05
188,2,train/loss,2.288722276687622
188,2,train/lr,6.579999999999999e-05
189,2,train/loss,2.303736448287964
189,2,train/lr,6.615e-05
190,2,train/loss,2.165646553039551
190,2,train/lr,6.649999999999999e-05
191,2,train/loss,2.2357540130615234
191,2,train/lr,6.684999999999999e-05
192,2,train/loss,2.5523481369018555
192,2,train/lr,6.72e-05
193,2,train/loss,2.464437961578369
193,2,train/lr,6.754999999999999e-05
194,2,train/loss,2.4366142749786377
194,2,train/lr,6.79e-05
195,2,train/loss,2.363344669342041
195,2,train/lr,6.824999999999999e-05
196,2,train/loss,2.3997700214385986
196,2,train/lr,6.859999999999999e-05
197,2,train/loss,2.44862961769104
197,2,train/lr,6.895e-05
198,2,train/loss,2.1637072563171387
198,2,train/lr,6.929999999999999e-05
199,2,train/loss,2.281402587890625
199,2,train/lr,6.965e-05
200,2,train/loss,2.2469162940979004
200,2,train/lr,7e-05
201,2,train/loss,2.2065815925598145
201,2,train/lr,6.999998225693802e-05
202,2,train/loss,2.102614402770996
202,2,train/lr,6.999992902777011e-05
203,2,train/loss,2.1908960342407227
203,2,train/lr,6.999984031255021e-05
204,2,train/loss,2.4768447875976562
204,2,train/lr,6.999971611136829e-05
205,2,train/loss,2.314088821411133
205,2,train/lr,6.999955642435026e-05
206,2,train/loss,2.435300588607788
206,2,train/lr,6.999936125165803e-05
207,2,train/loss,2.351224899291992
207,2,train/lr,6.999913059348948e-05
208,2,train/loss,2.2674672603607178
208,2,train/lr,6.999886445007847e-05
209,2,train/loss,2.5205111503601074
209,2,train/lr,6.999856282169485e-05
210,2,train/loss,2.272127628326416
210,2,train/lr,6.999822570864443e-05
211,2,train/loss,2.266073703765869
211,2,train/lr,6.9997853111269e-05
212,2,train/loss,2.1828272342681885
212,2,train/lr,6.999744502994637e-05
213,2,train/loss,2.260828733444214
213,2,train/lr,6.999700146509024e-05
214,2,train/loss,2.204657554626465
214,2,train/lr,6.999652241715036e-05
215,2,train/loss,2.180720806121826
215,2,train/lr,6.999600788661242e-05
216,2,train/loss,2.291337251663208
216,2,train/lr,6.999545787399811e-05
217,2,train/loss,2.4602420330047607
217,2,train/lr,6.999487237986506e-05
218,2,train/loss,2.2459845542907715
218,2,train/lr,6.999425140480695e-05
219,2,train/loss,2.381190061569214
219,2,train/lr,6.99935949494533e-05
220,2,train/loss,2.2203481197357178
220,2,train/lr,6.999290301446975e-05
221,2,train/loss,2.2016055583953857
221,2,train/lr,6.999217560055781e-05
222,2,train/loss,2.1129114627838135
222,2,train/lr,6.9991412708455e-05
223,2,train/loss,2.0880789756774902
223,2,train/lr,6.999061433893484e-05
224,2,train/loss,2.1548187732696533
224,2,train/lr,6.998978049280675e-05
225,2,train/loss,2.148850440979004
225,2,train/lr,6.998891117091616e-05
226,2,train/loss,2.1797361373901367
226,2,train/lr,6.998800637414449e-05
227,2,train/loss,2.1505391597747803
227,2,train/lr,6.99870661034091e-05
228,2,train/loss,2.2457406520843506
228,2,train/lr,6.99860903596633e-05
229,2,train/loss,2.4927167892456055
229,2,train/lr,6.99850791438964e-05
230,2,train/loss,2.360422134399414
230,2,train/lr,6.998403245713366e-05
231,2,train/loss,2.3898701667785645
231,2,train/lr,6.99829503004363e-05
232,2,train/loss,2.43564510345459
232,2,train/lr,6.998183267490152e-05
233,2,train/loss,2.0805017948150635
233,2,train/lr,6.998067958166245e-05
234,2,train/loss,2.0714235305786133
234,2,train/lr,6.99794910218882e-05
235,2,train/loss,2.068293571472168
235,2,train/lr,6.997826699678387e-05
236,2,train/loss,2.027113676071167
236,2,train/lr,6.997700750759044e-05
237,2,train/loss,2.2047066688537598
237,2,train/lr,6.997571255558491e-05
238,2,train/loss,1.974358320236206
238,2,train/lr,6.997438214208025e-05
239,2,train/loss,2.1023612022399902
239,2,train/lr,6.99730162684253e-05
240,2,train/loss,2.103452205657959
240,2,train/lr,6.997161493600493e-05
241,2,train/loss,2.1332037448883057
241,2,train/lr,6.997017814623994e-05
242,2,train/loss,2.5507054328918457
242,2,train/lr,6.996870590058707e-05
243,2,train/loss,2.301966905593872
243,2,train/lr,6.996719820053902e-05
244,2,train/loss,2.0930514335632324
244,2,train/lr,6.99656550476244e-05
245,2,train/loss,2.0978474617004395
245,2,train/lr,6.996407644340786e-05
246,2,train/loss,2.0757269859313965
246,2,train/lr,6.996246238948986e-05
247,2,train/loss,2.1087794303894043
247,2,train/lr,6.996081288750691e-05
248,2,train/loss,2.0007543563842773
248,2,train/lr,6.995912793913143e-05
249,2,train/loss,2.2222037315368652
249,2,train/lr,6.995740754607174e-05
250,2,train/loss,2.117619514465332
250,2,train/lr,6.995565171007214e-05
251,2,train/loss,2.0465996265411377
251,2,train/lr,6.995386043291288e-05
252,2,train/loss,2.0631797313690186
252,2,train/lr,6.995203371641007e-05
253,2,train/loss,2.084123134613037
253,2,train/lr,6.995017156241585e-05
254,2,train/loss,2.299159526824951
254,2,train/lr,6.994827397281819e-05
255,2,train/loss,2.2763750553131104
255,2,train/lr,6.994634094954106e-05
256,2,train/loss,2.5236458778381348
256,2,train/lr,6.994437249454433e-05
257,2,train/loss,2.033750057220459
257,2,train/lr,6.994236860982379e-05
258,2,train/loss,1.9417765140533447
258,2,train/lr,6.994032929741117e-05
259,2,train/loss,2.0739059448242188
259,2,train/lr,6.993825455937409e-05
260,2,train/loss,1.8968589305877686
260,2,train/lr,6.993614439781611e-05
261,2,train/loss,1.9750868082046509
261,2,train/lr,6.99339988148767e-05
262,2,train/loss,2.081592082977295
262,2,train/lr,6.993181781273125e-05
263,2,train/loss,2.038302183151245
263,2,train/lr,6.992960139359104e-05
264,2,train/loss,1.979310154914856
264,2,train/lr,6.992734955970331e-05
265,2,train/loss,2.0004496574401855
265,2,train/lr,6.992506231335111e-05
266,2,train/loss,2.035830020904541
266,2,train/lr,6.99227396568535e-05
267,2,train/loss,2.563002824783325
267,2,train/lr,6.99203815925654e-05
268,2,train/loss,2.3608155250549316
268,2,train/lr,6.99179881228776e-05
269,2,train/loss,2.202145576477051
269,2,train/lr,6.991555925021683e-05
270,2,train/loss,2.2478747367858887
270,2,train/lr,6.991309497704568e-05
271,2,train/loss,2.230661153793335
271,2,train/lr,6.991059530586267e-05
272,2,train/loss,2.0623912811279297
272,2,train/lr,6.990806023920219e-05
273,2,train/loss,2.1479973793029785
273,2,train/lr,6.99054897796345e-05
274,2,train/loss,1.8849709033966064
274,2,train/lr,6.990288392976576e-05
275,2,train/loss,1.9738569259643555
275,2,train/lr,6.990024269223804e-05
276,2,train/loss,1.9821443557739258
276,2,train/lr,6.989756606972923e-05
277,2,train/loss,2.0319876670837402
277,2,train/lr,6.989485406495316e-05
278,2,train/loss,2.00427508354187
278,2,train/lr,6.989210668065948e-05
279,2,train/loss,2.066920042037964
279,2,train/lr,6.988932391963373e-05
280,2,train/loss,2.20527720451355
280,2,train/lr,6.988650578469734e-05
281,2,train/loss,2.286140203475952
281,2,train/lr,6.988365227870758e-05
282,2,train/loss,1.9464051723480225
282,2,train/lr,6.988076340455759e-05
283,2,train/loss,2.0715115070343018
283,2,train/lr,6.987783916517636e-05
284,2,train/loss,2.0316965579986572
284,2,train/lr,6.987487956352876e-05
285,2,train/loss,2.0301060676574707
285,2,train/lr,6.987188460261548e-05
286,2,train/loss,1.8169867992401123
286,2,train/lr,6.98688542854731e-05
287,2,train/loss,2.1592605113983154
287,2,train/lr,6.9865788615174e-05
288,2,train/loss,2.0261754989624023
288,2,train/lr,6.986268759482644e-05
289,2,train/loss,1.9402154684066772
289,2,train/lr,6.985955122757453e-05
290,2,train/loss,2.0108296871185303
290,2,train/lr,6.985637951659818e-05
291,2,train/loss,2.098078966140747
291,2,train/lr,6.985317246511315e-05
292,2,train/loss,2.075979232788086
292,2,train/lr,6.984993007637105e-05
293,2,train/loss,2.361097812652588
293,2,train/lr,6.98466523536593e-05
294,2,train/loss,1.9574302434921265
294,2,train/lr,6.984333930030114e-05
295,2,train/loss,2.0048279762268066
295,2,train/lr,6.983999091965564e-05
296,2,train/loss,1.9581308364868164
296,2,train/lr,6.983660721511769e-05
297,2,train/loss,1.99044930934906
297,2,train/lr,6.9833188190118e-05
298,2,train/loss,2.0345115661621094
298,2,train/lr,6.982973384812307e-05
299,2,train/loss,2.301056385040283
299,2,train/lr,6.982624419263522e-05
300,2,train/loss,1.881714105606079
300,2,train/lr,6.982271922719258e-05
301,2,train/loss,1.9332505464553833
301,2,train/lr,6.98191589553691e-05
302,2,train/loss,2.0565781593322754
302,2,train/lr,6.981556338077444e-05
303,2,train/loss,1.9441912174224854
303,2,train/lr,6.981193250705416e-05
304,2,train/loss,2.1012845039367676
304,2,train/lr,6.980826633788956e-05
305,2,train/loss,2.1680431365966797
305,2,train/lr,6.980456487699771e-05
306,2,train/loss,2.3497443199157715
306,2,train/lr,6.98008281281315e-05
307,2,train/loss,2.1276156902313232
307,2,train/lr,6.979705609507959e-05
308,2,train/loss,1.881434679031372
308,2,train/lr,6.979324878166637e-05
309,2,train/loss,1.7927217483520508
309,2,train/lr,6.978940619175206e-05
310,2,train/loss,1.9485691785812378
310,2,train/lr,6.978552832923261e-05
311,2,train/loss,1.9136853218078613
311,2,train/lr,6.978161519803974e-05
312,2,train/loss,2.011704921722412
312,2,train/lr,6.977766680214095e-05
313,2,train/loss,1.924410343170166
313,2,train/lr,6.977368314553946e-05
314,2,train/loss,1.816325068473816
314,2,train/lr,6.976966423227425e-05
315,2,train/loss,1.9630961418151855
315,2,train/lr,6.976561006642006e-05
316,2,train/loss,1.9129784107208252
316,2,train/lr,6.976152065208739e-05
317,2,train/loss,2.2762691974639893
317,2,train/lr,6.975739599342242e-05
318,2,train/loss,2.281378984451294
318,2,train/lr,6.97532360946071e-05
319,2,train/loss,2.1882269382476807
319,2,train/lr,6.974904095985912e-05
320,2,train/loss,2.178736925125122
320,2,train/lr,6.974481059343188e-05
321,2,train/loss,2.040008306503296
321,2,train/lr,6.974054499961451e-05
322,2,train/loss,1.9976962804794312
322,2,train/lr,6.973624418273183e-05
323,2,train/loss,1.8620026111602783
323,2,train/lr,6.97319081471444e-05
324,2,train/loss,2.080203056335449
324,2,train/lr,6.972753689724848e-05
325,2,train/loss,1.8941295146942139
325,2,train/lr,6.972313043747604e-05
326,2,train/loss,1.8651692867279053
326,2,train/lr,6.971868877229475e-05
327,2,train/loss,1.9471657276153564
327,2,train/lr,6.971421190620793e-05
328,2,train/loss,1.9671921730041504
328,2,train/lr,6.970969984375466e-05
329,2,train/loss,2.1765384674072266
329,2,train/lr,6.970515258950967e-05
330,2,train/loss,1.9839611053466797
330,2,train/lr,6.970057014808337e-05
331,2,train/loss,2.0234415531158447
331,2,train/lr,6.969595252412182e-05
332,2,train/loss,1.9079961776733398
332,2,train/lr,6.969129972230682e-05
332,2,train/batches,662.0
332,2,train/compute_pct,99.91883521711546
332,2,train/compute_sec,111.59242968899343
332,2,train/data_wait_pct,0.08116478288454822
332,2,train/data_wait_sec,0.09064732697879663
332,2,train/examples,5296.0
332,2,train/examples_per_sec,47.41989692173863
332,2,train/input_tokens,763267.0
332,2,train/peak_vram_gb,6.756443977355957
332,2,train/target_tokens,424810.0
332,2,train/tokens_per_sec,10637.932189404923
332,2,train/total_sec,111.68307701597223
332,2,train/epoch_loss,2.190734039440616
332,2,epoch2/batches,662.0
332,2,epoch2/compute_pct,99.91883521711546
332,2,epoch2/compute_sec,111.59242968899343
332,2,epoch2/data_wait_pct,0.08116478288454822
332,2,epoch2/data_wait_sec,0.09064732697879663
332,2,epoch2/examples,5296.0
332,2,epoch2/examples_per_sec,47.41989692173863
332,2,epoch2/input_tokens,763267.0
332,2,epoch2/peak_vram_gb,6.756443977355957
332,2,epoch2/target_tokens,424810.0
332,2,epoch2/tokens_per_sec,10637.932189404923
332,2,epoch2/total_sec,111.68307701597223
332,2,val/bleu,3.260061626987966
332,2,val/chrf,19.384701243642844
332,2,val/combined,7.949548457304097
332,2,val/eval_peak_vram_gb,6.756443977355957
332,2,val/eval_samples_per_sec,4.22060705917359
332,2,val/eval_seconds,141.21191374699993
332,2,val/eval_tokens_per_sec,991.2761344683207
333,3,train/loss,2.0306777954101562
333,3,train/lr,6.968661174735577e-05
334,3,train/loss,2.3749701976776123
334,3,train/lr,6.968188860402176e-05
335,3,train/loss,1.965855598449707
335,3,train/lr,6.967713029709355e-05
336,3,train/loss,2.035297155380249
336,3,train/lr,6.967233683139552e-05
337,3,train/loss,1.9746041297912598
337,3,train/lr,6.966750821178773e-05
338,3,train/loss,1.8147680759429932
338,3,train/lr,6.966264444316584e-05
339,3,train/loss,1.997907280921936
339,3,train/lr,6.965774553046119e-05
340,3,train/loss,1.7423360347747803
340,3,train/lr,6.965281147864074e-05
341,3,train/loss,1.9022016525268555
341,3,train/lr,6.964784229270705e-05
342,3,train/loss,1.9023120403289795
342,3,train/lr,6.964283797769835e-05
343,3,train/loss,1.7890024185180664
343,3,train/lr,6.963779853868846e-05
344,3,train/loss,1.8859374523162842
344,3,train/lr,6.963272398078678e-05
345,3,train/loss,2.213399887084961
345,3,train/lr,6.962761430913839e-05
346,3,train/loss,2.4621469974517822
346,3,train/lr,6.96224695289239e-05
347,3,train/loss,2.048262596130371
347,3,train/lr,6.961728964535957e-05
348,3,train/loss,1.9689733982086182
348,3,train/lr,6.961207466369722e-05
349,3,train/loss,1.9108021259307861
349,3,train/lr,6.960682458922426e-05
350,3,train/loss,2.05364727973938
350,3,train/lr,6.96015394272637e-05
351,3,train/loss,1.7656772136688232
351,3,train/lr,6.959621918317408e-05
352,3,train/loss,1.7803349494934082
352,3,train/lr,6.959086386234956e-05
353,3,train/loss,1.875840663909912
353,3,train/lr,6.958547347021984e-05
354,3,train/loss,1.9131964445114136
354,3,train/lr,6.958004801225018e-05
355,3,train/loss,1.9240341186523438
355,3,train/lr,6.957458749394138e-05
356,3,train/loss,1.8604953289031982
356,3,train/lr,6.956909192082982e-05
357,3,train/loss,1.9331438541412354
357,3,train/lr,6.956356129848738e-05
358,3,train/loss,2.3549211025238037
358,3,train/lr,6.955799563252153e-05
359,3,train/loss,2.1994898319244385
359,3,train/lr,6.955239492857522e-05
360,3,train/loss,2.1283302307128906
360,3,train/lr,6.954675919232694e-05
361,3,train/loss,1.895186424255371
361,3,train/lr,6.954108842949072e-05
362,3,train/loss,1.8099327087402344
362,3,train/lr,6.953538264581605e-05
363,3,train/loss,1.7448320388793945
363,3,train/lr,6.952964184708802e-05
364,3,train/loss,1.780564308166504
364,3,train/lr,6.95238660391271e-05
365,3,train/loss,1.9315650463104248
365,3,train/lr,6.951805522778936e-05
366,3,train/loss,1.746161699295044
366,3,train/lr,6.951220941896632e-05
367,3,train/loss,1.8493645191192627
367,3,train/lr,6.950632861858496e-05
368,3,train/loss,1.8487505912780762
368,3,train/lr,6.950041283260778e-05
369,3,train/loss,1.9030320644378662
369,3,train/lr,6.949446206703272e-05
370,3,train/loss,1.919930100440979
370,3,train/lr,6.94884763278932e-05
371,3,train/loss,1.983031988143921
371,3,train/lr,6.94824556212581e-05
372,3,train/loss,1.9699172973632812
372,3,train/lr,6.947639995323174e-05
373,3,train/loss,1.9926798343658447
373,3,train/lr,6.947030932995391e-05
374,3,train/loss,1.9494072198867798
374,3,train/lr,6.946418375759982e-05
375,3,train/loss,1.8460865020751953
375,3,train/lr,6.945802324238013e-05
376,3,train/loss,1.887481451034546
376,3,train/lr,6.945182779054092e-05
377,3,train/loss,1.8974182605743408
377,3,train/lr,6.944559740836367e-05
378,3,train/loss,2.105966329574585
378,3,train/lr,6.943933210216533e-05
379,3,train/loss,1.8453912734985352
379,3,train/lr,6.94330318782982e-05
380,3,train/loss,1.7336292266845703
380,3,train/lr,6.942669674315003e-05
381,3,train/loss,1.9295250177383423
381,3,train/lr,6.942032670314392e-05
382,3,train/loss,1.8877179622650146
382,3,train/lr,6.941392176473841e-05
383,3,train/loss,2.049483060836792
383,3,train/lr,6.940748193442738e-05
384,3,train/loss,1.9634848833084106
384,3,train/lr,6.940100721874013e-05
385,3,train/loss,1.7627196311950684
385,3,train/lr,6.939449762424126e-05
386,3,train/loss,1.7049005031585693
386,3,train/lr,6.938795315753083e-05
387,3,train/loss,1.8413732051849365
387,3,train/lr,6.938137382524418e-05
388,3,train/loss,1.8300482034683228
388,3,train/lr,6.937475963405201e-05
389,3,train/loss,1.820157766342163
389,3,train/lr,6.93681105906604e-05
390,3,train/loss,1.6534771919250488
390,3,train/lr,6.936142670181074e-05
391,3,train/loss,1.7977973222732544
391,3,train/lr,6.935470797427975e-05
392,3,train/loss,1.7851340770721436
392,3,train/lr,6.934795441487947e-05
393,3,train/loss,1.8614256381988525
393,3,train/lr,6.934116603045726e-05
394,3,train/loss,1.8535597324371338
394,3,train/lr,6.93343428278958e-05
395,3,train/loss,1.905822992324829
395,3,train/lr,6.932748481411306e-05
396,3,train/loss,2.3105225563049316
396,3,train/lr,6.93205919960623e-05
397,3,train/loss,1.9481618404388428
397,3,train/lr,6.931366438073209e-05
398,3,train/loss,1.8294111490249634
398,3,train/lr,6.930670197514624e-05
399,3,train/loss,1.746394157409668
399,3,train/lr,6.929970478636387e-05
400,3,train/loss,1.8439478874206543
400,3,train/lr,6.929267282147936e-05
401,3,train/loss,1.8376011848449707
401,3,train/lr,6.928560608762235e-05
402,3,train/loss,1.7698931694030762
402,3,train/lr,6.927850459195769e-05
403,3,train/loss,1.8870983123779297
403,3,train/lr,6.927136834168557e-05
404,3,train/loss,1.9135159254074097
404,3,train/lr,6.926419734404129e-05
405,3,train/loss,1.6804001331329346
405,3,train/lr,6.925699160629549e-05
406,3,train/loss,1.8695385456085205
406,3,train/lr,6.924975113575398e-05
407,3,train/loss,1.9819047451019287
407,3,train/lr,6.92424759397578e-05
408,3,train/loss,1.9993023872375488
408,3,train/lr,6.923516602568319e-05
409,3,train/loss,1.9473198652267456
409,3,train/lr,6.922782140094159e-05
410,3,train/loss,2.1677401065826416
410,3,train/lr,6.922044207297963e-05
411,3,train/loss,1.7640713453292847
411,3,train/lr,6.921302804927916e-05
412,3,train/loss,1.8384288549423218
412,3,train/lr,6.920557933735714e-05
413,3,train/loss,2.126039743423462
413,3,train/lr,6.919809594476575e-05
414,3,train/loss,1.6980681419372559
414,3,train/lr,6.919057787909234e-05
415,3,train/loss,2.020148992538452
415,3,train/lr,6.918302514795939e-05
416,3,train/loss,1.8362828493118286
416,3,train/lr,6.917543775902452e-05
417,3,train/loss,1.809539556503296
417,3,train/lr,6.91678157199805e-05
418,3,train/loss,1.7610535621643066
418,3,train/lr,6.916015903855526e-05
419,3,train/loss,1.9718117713928223
419,3,train/lr,6.915246772251181e-05
420,3,train/loss,1.9674437046051025
420,3,train/lr,6.914474177964829e-05
421,3,train/loss,1.9228296279907227
421,3,train/lr,6.913698121779793e-05
422,3,train/loss,1.945390224456787
422,3,train/lr,6.912918604482913e-05
423,3,train/loss,1.924426794052124
423,3,train/lr,6.91213562686453e-05
424,3,train/loss,1.9273462295532227
424,3,train/lr,6.911349189718497e-05
425,3,train/loss,1.8104631900787354
425,3,train/lr,6.910559293842175e-05
426,3,train/loss,1.591142177581787
426,3,train/lr,6.909765940036429e-05
427,3,train/loss,1.919510841369629
427,3,train/lr,6.908969129105634e-05
428,3,train/loss,1.8014379739761353
428,3,train/lr,6.908168861857667e-05
429,3,train/loss,1.8326916694641113
429,3,train/lr,6.90736513910391e-05
430,3,train/loss,1.8232347965240479
430,3,train/lr,6.90655796165925e-05
431,3,train/loss,1.7163395881652832
431,3,train/lr,6.905747330342075e-05
432,3,train/loss,1.8205554485321045
432,3,train/lr,6.904933245974274e-05
433,3,train/loss,1.8745884895324707
433,3,train/lr,6.904115709381242e-05
434,3,train/loss,1.6859458684921265
434,3,train/lr,6.903294721391867e-05
435,3,train/loss,1.8568058013916016
435,3,train/lr,6.902470282838542e-05
436,3,train/loss,1.7504043579101562
436,3,train/lr,6.901642394557155e-05
437,3,train/loss,1.781589150428772
437,3,train/lr,6.900811057387094e-05
438,3,train/loss,1.674940824508667
438,3,train/lr,6.899976272171243e-05
439,3,train/loss,1.6779810190200806
439,3,train/lr,6.899138039755981e-05
440,3,train/loss,1.7842986583709717
440,3,train/lr,6.898296360991182e-05
441,3,train/loss,1.975498914718628
441,3,train/lr,6.897451236730217e-05
442,3,train/loss,1.8194248676300049
442,3,train/lr,6.896602667829947e-05
443,3,train/loss,1.842347264289856
443,3,train/lr,6.895750655150727e-05
444,3,train/loss,1.9135334491729736
444,3,train/lr,6.894895199556405e-05
445,3,train/loss,1.8630039691925049
445,3,train/lr,6.894036301914316e-05
446,3,train/loss,1.7281289100646973
446,3,train/lr,6.893173963095289e-05
447,3,train/loss,1.9488799571990967
447,3,train/lr,6.89230818397364e-05
448,3,train/loss,2.064854145050049
448,3,train/lr,6.891438965427172e-05
449,3,train/loss,1.8371663093566895
449,3,train/lr,6.890566308337176e-05
450,3,train/loss,1.75827157497406
450,3,train/lr,6.889690213588432e-05
451,3,train/loss,1.7067413330078125
451,3,train/lr,6.8888106820692e-05
452,3,train/loss,1.7229723930358887
452,3,train/lr,6.88792771467123e-05
453,3,train/loss,1.6738476753234863
453,3,train/lr,6.88704131228975e-05
454,3,train/loss,1.6686549186706543
454,3,train/lr,6.88615147582348e-05
455,3,train/loss,1.7894091606140137
455,3,train/lr,6.885258206174609e-05
456,3,train/loss,1.8620524406433105
456,3,train/lr,6.884361504248818e-05
457,3,train/loss,1.8037967681884766
457,3,train/lr,6.883461370955259e-05
458,3,train/loss,1.9249988794326782
458,3,train/lr,6.882557807206571e-05
459,3,train/loss,1.998738169670105
459,3,train/lr,6.881650813918869e-05
460,3,train/loss,1.823310375213623
460,3,train/lr,6.880740392011739e-05
461,3,train/loss,1.5735881328582764
461,3,train/lr,6.879826542408251e-05
462,3,train/loss,1.71720290184021
462,3,train/lr,6.878909266034947e-05
463,3,train/loss,1.7440876960754395
463,3,train/lr,6.877988563821842e-05
464,3,train/loss,1.8843233585357666
464,3,train/lr,6.87706443670243e-05
465,3,train/loss,1.7900800704956055
465,3,train/lr,6.876136885613669e-05
466,3,train/loss,1.6726038455963135
466,3,train/lr,6.875205911495997e-05
467,3,train/loss,1.8226447105407715
467,3,train/lr,6.874271515293316e-05
468,3,train/loss,1.724518060684204
468,3,train/lr,6.873333697953e-05
469,3,train/loss,1.8241567611694336
469,3,train/lr,6.872392460425893e-05
470,3,train/loss,1.9150502681732178
470,3,train/lr,6.871447803666306e-05
471,3,train/loss,1.81709623336792
471,3,train/lr,6.870499728632016e-05
472,3,train/loss,1.919912576675415
472,3,train/lr,6.869548236284267e-05
473,3,train/loss,1.667740821838379
473,3,train/lr,6.868593327587765e-05
474,3,train/loss,1.6993107795715332
474,3,train/lr,6.867635003510683e-05
475,3,train/loss,1.741273283958435
475,3,train/lr,6.866673265024654e-05
476,3,train/loss,1.7208075523376465
476,3,train/lr,6.865708113104777e-05
477,3,train/loss,1.5437449216842651
477,3,train/lr,6.864739548729605e-05
478,3,train/loss,1.7214839458465576
478,3,train/lr,6.86376757288116e-05
479,3,train/loss,1.6323895454406738
479,3,train/lr,6.862792186544915e-05
480,3,train/loss,1.736404538154602
480,3,train/lr,6.861813390709803e-05
481,3,train/loss,1.7835386991500854
481,3,train/lr,6.860831186368215e-05
482,3,train/loss,1.8240933418273926
482,3,train/lr,6.859845574516e-05
483,3,train/loss,1.859421730041504
483,3,train/lr,6.858856556152456e-05
484,3,train/loss,1.8396074771881104
484,3,train/lr,6.857864132280341e-05
485,3,train/loss,1.6975857019424438
485,3,train/lr,6.85686830390586e-05
486,3,train/loss,2.030195951461792
486,3,train/lr,6.855869072038675e-05
487,3,train/loss,1.7431886196136475
487,3,train/lr,6.854866437691895e-05
488,3,train/loss,1.714268684387207
488,3,train/lr,6.853860401882081e-05
489,3,train/loss,1.7025146484375
489,3,train/lr,6.852850965629242e-05
490,3,train/loss,1.6765084266662598
490,3,train/lr,6.851838129956833e-05
491,3,train/loss,1.7738536596298218
491,3,train/lr,6.85082189589176e-05
492,3,train/loss,1.8533515930175781
492,3,train/lr,6.84980226446437e-05
493,3,train/loss,1.7278056144714355
493,3,train/lr,6.848779236708454e-05
494,3,train/loss,1.8906278610229492
494,3,train/lr,6.847752813661254e-05
495,3,train/loss,1.8209761381149292
495,3,train/lr,6.846722996363445e-05
496,3,train/loss,1.8016510009765625
496,3,train/lr,6.845689785859151e-05
497,3,train/loss,1.8291435241699219
497,3,train/lr,6.84465318319593e-05
498,3,train/loss,1.8745410442352295
498,3,train/lr,6.843613189424785e-05
498,3,train/batches,662.0
498,3,train/compute_pct,99.92276339882102
498,3,train/compute_sec,112.79993543199544
498,3,train/data_wait_pct,0.07723660117897677
498,3,train/data_wait_sec,0.0871901789905678
498,3,train/examples,5296.0
498,3,train/examples_per_sec,46.91411860596264
498,3,train/input_tokens,763267.0
498,3,train/peak_vram_gb,6.756443977355957
498,3,train/target_tokens,424810.0
498,3,train/tokens_per_sec,10524.468521717574
498,3,train/total_sec,112.887125610986
498,3,train/epoch_loss,1.8657122002267406
498,3,epoch3/batches,662.0
498,3,epoch3/compute_pct,99.92276339882102
498,3,epoch3/compute_sec,112.79993543199544
498,3,epoch3/data_wait_pct,0.07723660117897677
498,3,epoch3/data_wait_sec,0.0871901789905678
498,3,epoch3/examples,5296.0
498,3,epoch3/examples_per_sec,46.91411860596264
498,3,epoch3/input_tokens,763267.0
498,3,epoch3/peak_vram_gb,6.756443977355957
498,3,epoch3/target_tokens,424810.0
498,3,epoch3/tokens_per_sec,10524.468521717574
498,3,epoch3/total_sec,112.887125610986
498,3,val/bleu,4.640362476912862
498,3,val/chrf,22.27044060842685
498,3,val/combined,10.165771832166035
498,3,val/eval_peak_vram_gb,6.756443977355957
498,3,val/eval_samples_per_sec,3.5099935532005384
498,3,val/eval_seconds,169.80088167300073
498,3,val/eval_tokens_per_sec,970.642780980369
499,4,train/loss,1.8666062355041504
499,4,train/lr,6.842569805600153e-05
500,4,train/loss,1.62972092628479
500,4,train/lr,6.841523032779908e-05
501,4,train/loss,1.6997933387756348
501,4,train/lr,6.840472872025367e-05
502,4,train/loss,1.6392412185668945
502,4,train/lr,6.83941932440127e-05
503,4,train/loss,1.7339922189712524
503,4,train/lr,6.838362390975803e-05
504,4,train/loss,1.7728257179260254
504,4,train/lr,6.837302072820576e-05
505,4,train/loss,1.8506585359573364
505,4,train/lr,6.836238371010637e-05
506,4,train/loss,1.5638313293457031
506,4,train/lr,6.83517128662446e-05
507,4,train/loss,1.6137263774871826
507,4,train/lr,6.834100820743949e-05
508,4,train/loss,1.817988395690918
508,4,train/lr,6.833026974454441e-05
509,4,train/loss,1.7145981788635254
509,4,train/lr,6.831949748844696e-05
510,4,train/loss,1.8695781230926514
510,4,train/lr,6.830869145006902e-05
511,4,train/loss,1.9230718612670898
511,4,train/lr,6.82978516403667e-05
512,4,train/loss,1.9220166206359863
512,4,train/lr,6.828697807033038e-05
513,4,train/loss,1.7366909980773926
513,4,train/lr,6.827607075098464e-05
514,4,train/loss,1.8007323741912842
514,4,train/lr,6.826512969338831e-05
515,4,train/loss,1.6230528354644775
515,4,train/lr,6.825415490863441e-05
516,4,train/loss,1.7299039363861084
516,4,train/lr,6.824314640785015e-05
517,4,train/loss,1.8064676523208618
517,4,train/lr,6.823210420219694e-05
518,4,train/loss,1.532261610031128
518,4,train/lr,6.822102830287034e-05
519,4,train/loss,1.5730271339416504
519,4,train/lr,6.820991872110009e-05
520,4,train/loss,1.757875680923462
520,4,train/lr,6.819877546815009e-05
521,4,train/loss,1.6841171979904175
521,4,train/lr,6.818759855531835e-05
522,4,train/loss,1.7501416206359863
522,4,train/lr,6.817638799393702e-05
523,4,train/loss,1.8965373039245605
523,4,train/lr,6.816514379537236e-05
524,4,train/loss,1.9891281127929688
524,4,train/lr,6.815386597102477e-05
525,4,train/loss,1.7887184619903564
525,4,train/lr,6.814255453232869e-05
526,4,train/loss,2.200925588607788
526,4,train/lr,6.813120949075268e-05
527,4,train/loss,2.1308839321136475
527,4,train/lr,6.811983085779935e-05
528,4,train/loss,1.7233657836914062
528,4,train/lr,6.810841864500537e-05
529,4,train/loss,1.7030504941940308
529,4,train/lr,6.809697286394147e-05
530,4,train/loss,1.5687754154205322
530,4,train/lr,6.808549352621239e-05
531,4,train/loss,1.5276734828948975
531,4,train/lr,6.807398064345694e-05
532,4,train/loss,1.5827488899230957
532,4,train/lr,6.806243422734786e-05
533,4,train/loss,1.6426973342895508
533,4,train/lr,6.805085428959198e-05
534,4,train/loss,1.7168411016464233
534,4,train/lr,6.803924084193003e-05
535,4,train/loss,1.7310895919799805
535,4,train/lr,6.802759389613681e-05
536,4,train/loss,1.8937714099884033
536,4,train/lr,6.8015913464021e-05
537,4,train/loss,1.9466798305511475
537,4,train/lr,6.800419955742527e-05
538,4,train/loss,1.7991323471069336
538,4,train/lr,6.799245218822624e-05
539,4,train/loss,1.7789843082427979
539,4,train/lr,6.798067136833442e-05
540,4,train/loss,1.5720393657684326
540,4,train/lr,6.796885710969426e-05
541,4,train/loss,1.7891175746917725
541,4,train/lr,6.795700942428413e-05
542,4,train/loss,1.6311172246932983
542,4,train/lr,6.794512832411624e-05
543,4,train/loss,1.8387320041656494
543,4,train/lr,6.793321382123675e-05
544,4,train/loss,1.5977017879486084
544,4,train/lr,6.79212659277256e-05
545,4,train/loss,1.6217584609985352
545,4,train/lr,6.790928465569665e-05
546,4,train/loss,1.7489285469055176
546,4,train/lr,6.78972700172976e-05
547,4,train/loss,1.7594044208526611
547,4,train/lr,6.788522202470996e-05
548,4,train/loss,1.8445765972137451
548,4,train/lr,6.787314069014903e-05
549,4,train/loss,1.846538782119751
549,4,train/lr,6.786102602586397e-05
550,4,train/loss,1.7592484951019287
550,4,train/lr,6.78488780441377e-05
551,4,train/loss,1.7566460371017456
551,4,train/lr,6.783669675728695e-05
552,4,train/loss,1.619361400604248
552,4,train/lr,6.782448217766216e-05
553,4,train/loss,1.6271754503250122
553,4,train/lr,6.781223431764757e-05
554,4,train/loss,1.716782569885254
554,4,train/lr,6.779995318966117e-05
555,4,train/loss,1.6899491548538208
555,4,train/lr,6.778763880615467e-05
556,4,train/loss,1.4733245372772217
556,4,train/lr,6.777529117961346e-05
557,4,train/loss,1.7972466945648193
557,4,train/lr,6.776291032255668e-05
558,4,train/loss,1.6741279363632202
558,4,train/lr,6.775049624753716e-05
559,4,train/loss,1.7342979907989502
559,4,train/lr,6.773804896714138e-05
560,4,train/loss,1.7745652198791504
560,4,train/lr,6.772556849398952e-05
561,4,train/loss,1.8543891906738281
561,4,train/lr,6.771305484073537e-05
562,4,train/loss,1.8873751163482666
562,4,train/lr,6.770050802006644e-05
563,4,train/loss,1.8037822246551514
563,4,train/lr,6.768792804470375e-05
564,4,train/loss,1.7723255157470703
564,4,train/lr,6.767531492740205e-05
565,4,train/loss,1.7856452465057373
565,4,train/lr,6.766266868094965e-05
566,4,train/loss,1.5566531419754028
566,4,train/lr,6.764998931816839e-05
567,4,train/loss,1.7284538745880127
567,4,train/lr,6.763727685191379e-05
568,4,train/loss,1.6422635316848755
568,4,train/lr,6.762453129507487e-05
569,4,train/loss,1.7369186878204346
569,4,train/lr,6.76117526605742e-05
570,4,train/loss,1.5582680702209473
570,4,train/lr,6.759894096136792e-05
571,4,train/loss,1.674781322479248
571,4,train/lr,6.758609621044564e-05
572,4,train/loss,1.6224305629730225
572,4,train/lr,6.757321842083057e-05
573,4,train/loss,1.8176614046096802
573,4,train/lr,6.756030760557931e-05
574,4,train/loss,1.8085665702819824
574,4,train/lr,6.754736377778204e-05
575,4,train/loss,1.8265676498413086
575,4,train/lr,6.753438695056233e-05
576,4,train/loss,1.721779704093933
576,4,train/lr,6.752137713707726e-05
577,4,train/loss,1.7148957252502441
577,4,train/lr,6.750833435051734e-05
578,4,train/loss,1.6631280183792114
578,4,train/lr,6.749525860410652e-05
579,4,train/loss,1.646077036857605
579,4,train/lr,6.748214991110214e-05
580,4,train/loss,1.7226382493972778
580,4,train/lr,6.7469008284795e-05
581,4,train/loss,1.6964929103851318
581,4,train/lr,6.74558337385092e-05
582,4,train/loss,1.5548884868621826
582,4,train/lr,6.744262628560233e-05
583,4,train/loss,1.6483187675476074
583,4,train/lr,6.742938593946522e-05
584,4,train/loss,1.713228464126587
584,4,train/lr,6.741611271352217e-05
585,4,train/loss,1.7150912284851074
585,4,train/lr,6.740280662123074e-05
586,4,train/loss,1.632152795791626
586,4,train/lr,6.738946767608182e-05
587,4,train/loss,1.5930562019348145
587,4,train/lr,6.737609589159966e-05
588,4,train/loss,1.5811612606048584
588,4,train/lr,6.736269128134172e-05
589,4,train/loss,1.805505394935608
589,4,train/lr,6.734925385889884e-05
590,4,train/loss,1.5385624170303345
590,4,train/lr,6.733578363789503e-05
591,4,train/loss,1.7273144721984863
591,4,train/lr,6.732228063198764e-05
592,4,train/loss,1.693077802658081
592,4,train/lr,6.730874485486721e-05
593,4,train/loss,1.5513733625411987
593,4,train/lr,6.72951763202575e-05
594,4,train/loss,1.6645169258117676
594,4,train/lr,6.728157504191556e-05
595,4,train/loss,1.7616386413574219
595,4,train/lr,6.726794103363149e-05
596,4,train/loss,1.5832860469818115
596,4,train/lr,6.725427430922875e-05
597,4,train/loss,1.7856172323226929
597,4,train/lr,6.724057488256383e-05
598,4,train/loss,1.7703417539596558
598,4,train/lr,6.722684276752646e-05
599,4,train/loss,1.7792787551879883
599,4,train/lr,6.721307797803948e-05
600,4,train/loss,2.0179805755615234
600,4,train/lr,6.719928052805884e-05
601,4,train/loss,1.9143236875534058
601,4,train/lr,6.718545043157365e-05
602,4,train/loss,1.66358482837677
602,4,train/lr,6.71715877026061e-05
603,4,train/loss,1.3357102870941162
603,4,train/lr,6.715769235521143e-05
604,4,train/loss,1.6105170249938965
604,4,train/lr,6.714376440347802e-05
605,4,train/loss,1.4939637184143066
605,4,train/lr,6.712980386152724e-05
606,4,train/loss,1.683687448501587
606,4,train/lr,6.711581074351357e-05
607,4,train/loss,1.7335789203643799
607,4,train/lr,6.710178506362445e-05
608,4,train/loss,1.7027997970581055
608,4,train/lr,6.708772683608038e-05
609,4,train/loss,1.6140227317810059
609,4,train/lr,6.707363607513484e-05
610,4,train/loss,1.7994379997253418
610,4,train/lr,6.70595127950743e-05
611,4,train/loss,1.7395384311676025
611,4,train/lr,6.704535701021822e-05
612,4,train/loss,1.7416012287139893
612,4,train/lr,6.703116873491896e-05
613,4,train/loss,1.8844226598739624
613,4,train/lr,6.70169479835619e-05
614,4,train/loss,1.8298766613006592
614,4,train/lr,6.700269477056528e-05
615,4,train/loss,1.641296148300171
615,4,train/lr,6.69884091103803e-05
616,4,train/loss,1.709632396697998
616,4,train/lr,6.697409101749102e-05
617,4,train/loss,1.5059908628463745
617,4,train/lr,6.695974050641441e-05
618,4,train/loss,1.5907435417175293
618,4,train/lr,6.694535759170031e-05
619,4,train/loss,1.733391523361206
619,4,train/lr,6.693094228793138e-05
620,4,train/loss,1.8319621086120605
620,4,train/lr,6.691649460972315e-05
621,4,train/loss,1.7630853652954102
621,4,train/lr,6.690201457172397e-05
622,4,train/loss,1.7840033769607544
622,4,train/lr,6.688750218861498e-05
623,4,train/loss,1.7305219173431396
623,4,train/lr,6.687295747511015e-05
624,4,train/loss,1.704902172088623
624,4,train/lr,6.685838044595621e-05
625,4,train/loss,1.8357362747192383
625,4,train/lr,6.684377111593263e-05
626,4,train/loss,1.646284818649292
626,4,train/lr,6.682912949985167e-05
627,4,train/loss,1.6769137382507324
627,4,train/lr,6.68144556125583e-05
628,4,train/loss,1.6334446668624878
628,4,train/lr,6.679974946893022e-05
629,4,train/loss,1.6341688632965088
629,4,train/lr,6.678501108387784e-05
630,4,train/loss,1.5930792093276978
630,4,train/lr,6.677024047234424e-05
631,4,train/loss,1.6330149173736572
631,4,train/lr,6.675543764930518e-05
632,4,train/loss,1.6264135837554932
632,4,train/lr,6.674060262976909e-05
633,4,train/loss,1.620943546295166
633,4,train/lr,6.672573542877702e-05
634,4,train/loss,1.650290608406067
634,4,train/lr,6.671083606140272e-05
635,4,train/loss,1.7585186958312988
635,4,train/lr,6.669590454275242e-05
636,4,train/loss,1.885744333267212
636,4,train/lr,6.668094088796508e-05
637,4,train/loss,1.8576221466064453
637,4,train/lr,6.666594511221218e-05
638,4,train/loss,1.7493431568145752
638,4,train/lr,6.665091723069776e-05
639,4,train/loss,1.622436761856079
639,4,train/lr,6.663585725865844e-05
640,4,train/loss,1.4215608835220337
640,4,train/lr,6.662076521136337e-05
641,4,train/loss,1.7338242530822754
641,4,train/lr,6.66056411041142e-05
642,4,train/loss,1.6533681154251099
642,4,train/lr,6.659048495224512e-05
643,4,train/loss,1.4798794984817505
643,4,train/lr,6.657529677112276e-05
644,4,train/loss,1.425219178199768
644,4,train/lr,6.656007657614628e-05
645,4,train/loss,1.5148199796676636
645,4,train/lr,6.654482438274725e-05
646,4,train/loss,1.6690394878387451
646,4,train/lr,6.652954020638973e-05
647,4,train/loss,1.584646224975586
647,4,train/lr,6.651422406257015e-05
648,4,train/loss,1.647499918937683
648,4,train/lr,6.649887596681742e-05
649,4,train/loss,1.8145054578781128
649,4,train/lr,6.648349593469279e-05
650,4,train/loss,1.9207524061203003
650,4,train/lr,6.64680839817899e-05
651,4,train/loss,1.6990439891815186
651,4,train/lr,6.645264012373479e-05
652,4,train/loss,1.5619676113128662
652,4,train/lr,6.64371643761858e-05
653,4,train/loss,1.6545708179473877
653,4,train/lr,6.642165675483362e-05
654,4,train/loss,1.6923260688781738
654,4,train/lr,6.640611727540128e-05
655,4,train/loss,1.4420740604400635
655,4,train/lr,6.639054595364409e-05
656,4,train/loss,1.6924920082092285
656,4,train/lr,6.637494280534962e-05
657,4,train/loss,1.412745475769043
657,4,train/lr,6.635930784633777e-05
658,4,train/loss,1.9661917686462402
658,4,train/lr,6.634364109246064e-05
659,4,train/loss,1.8182463645935059
659,4,train/lr,6.632794255960257e-05
660,4,train/loss,1.6798443794250488
660,4,train/lr,6.631221226368016e-05
661,4,train/loss,1.775638461112976
661,4,train/lr,6.629645022064216e-05
662,4,train/loss,1.7277541160583496
662,4,train/lr,6.628065644646955e-05
663,4,train/loss,1.653728723526001
663,4,train/lr,6.626483095717549e-05
664,4,train/loss,1.82520592212677
664,4,train/lr,6.624897376880523e-05
664,4,train/batches,662.0
664,4,train/compute_pct,99.93046368841912
664,4,train/compute_sec,110.91146325602858
664,4,train/data_wait_pct,0.06953631158087359
664,4,train/data_wait_sec,0.07717740699081332
664,4,train/examples,5296.0
664,4,train/examples_per_sec,47.71659485477948
664,4,train/input_tokens,763267.0
664,4,train/peak_vram_gb,6.756443977355957
664,4,train/target_tokens,424810.0
664,4,train/tokens_per_sec,10704.491855226934
664,4,train/total_sec,110.9886406630194
664,4,train/epoch_loss,1.7280787427619866
664,4,epoch4/batches,662.0
664,4,epoch4/compute_pct,99.93046368841912
664,4,epoch4/compute_sec,110.91146325602858
664,4,epoch4/data_wait_pct,0.06953631158087359
664,4,epoch4/data_wait_sec,0.07717740699081332
664,4,epoch4/examples,5296.0
664,4,epoch4/examples_per_sec,47.71659485477948
664,4,epoch4/input_tokens,763267.0
664,4,epoch4/peak_vram_gb,6.756443977355957
664,4,epoch4/target_tokens,424810.0
664,4,epoch4/tokens_per_sec,10704.491855226934
664,4,epoch4/total_sec,110.9886406630194
664,4,val/bleu,10.56781916344988
664,4,val/chrf,30.67176106424072
664,4,val/combined,18.003711404914235
664,4,val/eval_peak_vram_gb,6.756443977355957
664,4,val/eval_samples_per_sec,3.7180645863728774
664,4,val/eval_seconds,160.29845263700008
664,4,val/eval_tokens_per_sec,928.6677291708255
665,5,train/loss,1.8402812480926514
665,5,train/lr,6.623308489743625e-05
666,5,train/loss,1.774627447128296
666,5,train/lr,6.621716435917806e-05
667,5,train/loss,1.7072536945343018
667,5,train/lr,6.620121217017235e-05
668,5,train/loss,1.6430079936981201
668,5,train/lr,6.618522834659287e-05
669,5,train/loss,1.6817809343338013
669,5,train/lr,6.616921290464545e-05
670,5,train/loss,1.4804096221923828
670,5,train/lr,6.615316586056796e-05
671,5,train/loss,1.4219096899032593
671,5,train/lr,6.613708723063033e-05
672,5,train/loss,1.6588013172149658
672,5,train/lr,6.612097703113452e-05
673,5,train/loss,1.33648681640625
673,5,train/lr,6.610483527841449e-05
674,5,train/loss,1.6486016511917114
674,5,train/lr,6.608866198883617e-05
675,5,train/loss,1.539064884185791
675,5,train/lr,6.607245717879749e-05
676,5,train/loss,1.7728439569473267
676,5,train/lr,6.605622086472835e-05
677,5,train/loss,1.8647551536560059
677,5,train/lr,6.603995306309056e-05
678,5,train/loss,2.0647692680358887
678,5,train/lr,6.602365379037788e-05
679,5,train/loss,1.8465049266815186
679,5,train/lr,6.600732306311595e-05
680,5,train/loss,1.388109803199768
680,5,train/lr,6.599096089786233e-05
681,5,train/loss,1.6100165843963623
681,5,train/lr,6.597456731120646e-05
682,5,train/loss,1.7147467136383057
682,5,train/lr,6.595814231976958e-05
683,5,train/loss,1.6578493118286133
683,5,train/lr,6.594168594020486e-05
684,5,train/loss,1.5927658081054688
684,5,train/lr,6.592519818919721e-05
685,5,train/loss,1.6368464231491089
685,5,train/lr,6.59086790834634e-05
686,5,train/loss,1.7041898965835571
686,5,train/lr,6.589212863975197e-05
687,5,train/loss,1.6678187847137451
687,5,train/lr,6.587554687484325e-05
688,5,train/loss,1.5065306425094604
688,5,train/lr,6.585893380554929e-05
689,5,train/loss,1.6843390464782715
689,5,train/lr,6.58422894487139e-05
690,5,train/loss,1.8598471879959106
690,5,train/lr,6.582561382121264e-05
691,5,train/loss,1.6389023065567017
691,5,train/lr,6.580890693995274e-05
692,5,train/loss,1.7830145359039307
692,5,train/lr,6.579216882187312e-05
693,5,train/loss,1.659483551979065
693,5,train/lr,6.577539948394439e-05
694,5,train/loss,1.6440038681030273
694,5,train/lr,6.575859894316877e-05
695,5,train/loss,1.6195244789123535
695,5,train/lr,6.57417672165802e-05
696,5,train/loss,1.7051329612731934
696,5,train/lr,6.572490432124416e-05
697,5,train/loss,1.8414030075073242
697,5,train/lr,6.570801027425774e-05
698,5,train/loss,1.7003471851348877
698,5,train/lr,6.569108509274965e-05
699,5,train/loss,1.5195362567901611
699,5,train/lr,6.567412879388016e-05
700,5,train/loss,1.5942838191986084
700,5,train/lr,6.565714139484107e-05
701,5,train/loss,1.6609225273132324
701,5,train/lr,6.564012291285572e-05
702,5,train/loss,1.913731336593628
702,5,train/lr,6.562307336517895e-05
703,5,train/loss,1.6741580963134766
703,5,train/lr,6.560599276909715e-05
704,5,train/loss,1.874218463897705
704,5,train/lr,6.558888114192812e-05
705,5,train/loss,1.9029947519302368
705,5,train/lr,6.557173850102117e-05
706,5,train/loss,1.7433704137802124
706,5,train/lr,6.555456486375705e-05
707,5,train/loss,1.6090610027313232
707,5,train/lr,6.553736024754789e-05
708,5,train/loss,1.639465093612671
708,5,train/lr,6.55201246698373e-05
709,5,train/loss,1.6337342262268066
709,5,train/lr,6.550285814810024e-05
710,5,train/loss,1.8069236278533936
710,5,train/lr,6.548556069984304e-05
711,5,train/loss,1.4526450634002686
711,5,train/lr,6.546823234260341e-05
712,5,train/loss,1.6709518432617188
712,5,train/lr,6.545087309395037e-05
713,5,train/loss,1.5770258903503418
713,5,train/lr,6.54334829714843e-05
714,5,train/loss,1.7950494289398193
714,5,train/lr,6.541606199283682e-05
715,5,train/loss,1.8637187480926514
715,5,train/lr,6.539861017567091e-05
716,5,train/loss,1.8486666679382324
716,5,train/lr,6.538112753768075e-05
717,5,train/loss,1.6660937070846558
717,5,train/lr,6.536361409659183e-05
718,5,train/loss,1.4625487327575684
718,5,train/lr,6.534606987016083e-05
719,5,train/loss,1.6181483268737793
719,5,train/lr,6.532849487617562e-05
720,5,train/loss,1.6358880996704102
720,5,train/lr,6.531088913245535e-05
721,5,train/loss,1.59375
721,5,train/lr,6.529325265685025e-05
722,5,train/loss,1.4535988569259644
722,5,train/lr,6.527558546724179e-05
723,5,train/loss,1.3938580751419067
723,5,train/lr,6.525788758154253e-05
724,5,train/loss,1.6098151206970215
724,5,train/lr,6.524015901769614e-05
725,5,train/loss,1.7184185981750488
725,5,train/lr,6.522239979367745e-05
726,5,train/loss,1.7270705699920654
726,5,train/lr,6.520460992749234e-05
727,5,train/loss,1.7462058067321777
727,5,train/lr,6.518678943717776e-05
728,5,train/loss,1.534205675125122
728,5,train/lr,6.516893834080172e-05
729,5,train/loss,1.7061209678649902
729,5,train/lr,6.515105665646325e-05
730,5,train/loss,1.604205846786499
730,5,train/lr,6.51331444022924e-05
731,5,train/loss,1.6763691902160645
731,5,train/lr,6.51152015964502e-05
732,5,train/loss,1.7410062551498413
732,5,train/lr,6.50972282571287e-05
733,5,train/loss,1.618991732597351
733,5,train/lr,6.507922440255084e-05
734,5,train/loss,1.8551061153411865
734,5,train/lr,6.506119005097056e-05
735,5,train/loss,1.5786128044128418
735,5,train/lr,6.504312522067266e-05
736,5,train/loss,1.5453776121139526
736,5,train/lr,6.502502992997292e-05
737,5,train/loss,1.6706920862197876
737,5,train/lr,6.500690419721795e-05
738,5,train/loss,1.580594778060913
738,5,train/lr,6.498874804078521e-05
739,5,train/loss,1.7494757175445557
739,5,train/lr,6.497056147908307e-05
740,5,train/loss,1.726255178451538
740,5,train/lr,6.495234453055065e-05
741,5,train/loss,1.6452887058258057
741,5,train/lr,6.493409721365795e-05
742,5,train/loss,1.5295097827911377
742,5,train/lr,6.491581954690573e-05
743,5,train/loss,1.650498867034912
743,5,train/lr,6.489751154882549e-05
744,5,train/loss,1.5813181400299072
744,5,train/lr,6.487917323797953e-05
745,5,train/loss,1.390460729598999
745,5,train/lr,6.486080463296086e-05
746,5,train/loss,1.5875853300094604
746,5,train/lr,6.484240575239322e-05
747,5,train/loss,1.5304112434387207
747,5,train/lr,6.482397661493104e-05
748,5,train/loss,1.6013476848602295
748,5,train/lr,6.480551723925943e-05
749,5,train/loss,1.5536410808563232
749,5,train/lr,6.478702764409411e-05
750,5,train/loss,1.6671218872070312
750,5,train/lr,6.476850784818153e-05
751,5,train/loss,1.6192964315414429
751,5,train/lr,6.474995787029869e-05
752,5,train/loss,1.8093852996826172
752,5,train/lr,6.473137772925323e-05
753,5,train/loss,1.6251848936080933
753,5,train/lr,6.471276744388333e-05
754,5,train/loss,1.5116877555847168
754,5,train/lr,6.46941270330578e-05
755,5,train/loss,1.7891435623168945
755,5,train/lr,6.467545651567589e-05
756,5,train/loss,1.4675697088241577
756,5,train/lr,6.465675591066749e-05
757,5,train/loss,1.5046093463897705
757,5,train/lr,6.463802523699292e-05
758,5,train/loss,1.7054699659347534
758,5,train/lr,6.461926451364302e-05
759,5,train/loss,1.55018949508667
759,5,train/lr,6.460047375963906e-05
760,5,train/loss,1.491703987121582
760,5,train/lr,6.458165299403281e-05
761,5,train/loss,1.560608148574829
761,5,train/lr,6.456280223590644e-05
762,5,train/loss,1.6028181314468384
762,5,train/lr,6.454392150437252e-05
763,5,train/loss,1.6147170066833496
763,5,train/lr,6.452501081857403e-05
764,5,train/loss,1.7310893535614014
764,5,train/lr,6.45060701976843e-05
765,5,train/loss,1.5288422107696533
765,5,train/lr,6.448709966090704e-05
766,5,train/loss,1.6832118034362793
766,5,train/lr,6.446809922747625e-05
767,5,train/loss,1.6952983140945435
767,5,train/lr,6.444906891665628e-05
768,5,train/loss,1.768885612487793
768,5,train/lr,6.443000874774177e-05
769,5,train/loss,1.7523764371871948
769,5,train/lr,6.44109187400576e-05
770,5,train/loss,1.7045478820800781
770,5,train/lr,6.439179891295893e-05
771,5,train/loss,1.4296859502792358
771,5,train/lr,6.437264928583114e-05
772,5,train/loss,1.5900861024856567
772,5,train/lr,6.435346987808983e-05
773,5,train/loss,1.4895720481872559
773,5,train/lr,6.433426070918082e-05
774,5,train/loss,1.9716715812683105
774,5,train/lr,6.431502179858005e-05
775,5,train/loss,1.6234056949615479
775,5,train/lr,6.429575316579368e-05
776,5,train/loss,1.6697821617126465
776,5,train/lr,6.427645483035793e-05
777,5,train/loss,1.739356517791748
777,5,train/lr,6.425712681183919e-05
778,5,train/loss,1.7217910289764404
778,5,train/lr,6.423776912983395e-05
779,5,train/loss,1.7208387851715088
779,5,train/lr,6.421838180396873e-05
780,5,train/loss,1.6750775575637817
780,5,train/lr,6.419896485390014e-05
781,5,train/loss,1.6632914543151855
781,5,train/lr,6.417951829931483e-05
782,5,train/loss,1.7141664028167725
782,5,train/lr,6.416004215992942e-05
783,5,train/loss,1.685934066772461
783,5,train/lr,6.414053645549059e-05
784,5,train/loss,1.53410005569458
784,5,train/lr,6.412100120577495e-05
785,5,train/loss,1.764613151550293
785,5,train/lr,6.410143643058908e-05
786,5,train/loss,1.7060182094573975
786,5,train/lr,6.408184214976949e-05
787,5,train/loss,1.5576677322387695
787,5,train/lr,6.406221838318264e-05
788,5,train/loss,1.692389726638794
788,5,train/lr,6.404256515072482e-05
789,5,train/loss,1.6379005908966064
789,5,train/lr,6.402288247232226e-05
790,5,train/loss,1.7325520515441895
790,5,train/lr,6.400317036793099e-05
791,5,train/loss,1.6786139011383057
791,5,train/lr,6.398342885753691e-05
792,5,train/loss,1.505526065826416
792,5,train/lr,6.396365796115574e-05
793,5,train/loss,1.7941453456878662
793,5,train/lr,6.394385769883296e-05
794,5,train/loss,1.5358175039291382
794,5,train/lr,6.392402809064386e-05
795,5,train/loss,1.4854788780212402
795,5,train/lr,6.390416915669344e-05
796,5,train/loss,1.4128291606903076
796,5,train/lr,6.388428091711649e-05
797,5,train/loss,1.5216034650802612
797,5,train/lr,6.386436339207747e-05
798,5,train/loss,1.6368622779846191
798,5,train/lr,6.384441660177053e-05
799,5,train/loss,1.6079318523406982
799,5,train/lr,6.382444056641955e-05
800,5,train/loss,1.640091896057129
800,5,train/lr,6.380443530627796e-05
801,5,train/loss,1.6797735691070557
801,5,train/lr,6.378440084162893e-05
802,5,train/loss,1.664219617843628
802,5,train/lr,6.376433719278515e-05
803,5,train/loss,1.9701142311096191
803,5,train/lr,6.374424438008895e-05
804,5,train/loss,1.6631436347961426
804,5,train/lr,6.372412242391224e-05
805,5,train/loss,1.5458794832229614
805,5,train/lr,6.370397134465641e-05
806,5,train/loss,1.5982043743133545
806,5,train/lr,6.368379116275247e-05
807,5,train/loss,1.4984029531478882
807,5,train/lr,6.366358189866085e-05
808,5,train/loss,1.5010790824890137
808,5,train/lr,6.364334357287154e-05
809,5,train/loss,1.5282304286956787
809,5,train/lr,6.362307620590393e-05
810,5,train/loss,1.62516450881958
810,5,train/lr,6.360277981830691e-05
811,5,train/loss,1.6065595149993896
811,5,train/lr,6.358245443065875e-05
812,5,train/loss,1.560723066329956
812,5,train/lr,6.356210006356716e-05
813,5,train/loss,1.7228529453277588
813,5,train/lr,6.354171673766921e-05
814,5,train/loss,1.6558942794799805
814,5,train/lr,6.352130447363133e-05
815,5,train/loss,1.5112802982330322
815,5,train/lr,6.350086329214929e-05
816,5,train/loss,1.8168294429779053
816,5,train/lr,6.348039321394819e-05
817,5,train/loss,1.6723074913024902
817,5,train/lr,6.34598942597824e-05
818,5,train/loss,1.4716495275497437
818,5,train/lr,6.343936645043564e-05
819,5,train/loss,1.5110979080200195
819,5,train/lr,6.34188098067208e-05
820,5,train/loss,1.6430788040161133
820,5,train/lr,6.339822434948005e-05
821,5,train/loss,1.5423880815505981
821,5,train/lr,6.337761009958476e-05
822,5,train/loss,1.5583009719848633
822,5,train/lr,6.33569670779355e-05
823,5,train/loss,1.4696024656295776
823,5,train/lr,6.3336295305462e-05
824,5,train/loss,1.714888095855713
824,5,train/lr,6.331559480312315e-05
825,5,train/loss,1.676600456237793
825,5,train/lr,6.329486559190698e-05
826,5,train/loss,1.628804087638855
826,5,train/lr,6.32741076928306e-05
827,5,train/loss,1.6626249551773071
827,5,train/lr,6.325332112694024e-05
828,5,train/loss,1.5508959293365479
828,5,train/lr,6.323250591531114e-05
829,5,train/loss,1.5812010765075684
829,5,train/lr,6.321166207904765e-05
830,5,train/loss,1.6751625537872314
830,5,train/lr,6.31907896392831e-05
830,5,train/batches,662.0
830,5,train/compute_pct,99.92732961573766
830,5,train/compute_sec,110.57431054797962
830,5,train/data_wait_pct,0.07267038426233635
830,5,train/data_wait_sec,0.08041321296150272
830,5,train/examples,5296.0
830,5,train/examples_per_sec,47.86058669706228
830,5,train/input_tokens,763267.0
830,5,train/peak_vram_gb,6.756443977355957
830,5,train/target_tokens,424810.0
830,5,train/tokens_per_sec,10736.794233626446
830,5,train/total_sec,110.65472376094112
830,5,train/epoch_loss,1.6482381030151851
830,5,epoch5/batches,662.0
830,5,epoch5/compute_pct,99.92732961573766
830,5,epoch5/compute_sec,110.57431054797962
830,5,epoch5/data_wait_pct,0.07267038426233635
830,5,epoch5/data_wait_sec,0.08041321296150272
830,5,epoch5/examples,5296.0
830,5,epoch5/examples_per_sec,47.86058669706228
830,5,epoch5/input_tokens,763267.0
830,5,epoch5/peak_vram_gb,6.756443977355957
830,5,epoch5/target_tokens,424810.0
830,5,epoch5/tokens_per_sec,10736.794233626446
830,5,epoch5/total_sec,110.65472376094112
830,5,val/bleu,13.51656289362957
830,5,val/chrf,33.8745384950391
830,5,val/combined,21.3978347049619
830,5,val/eval_peak_vram_gb,6.756443977355957
830,5,val/eval_samples_per_sec,3.9319370857313256
830,5,val/eval_seconds,151.57923105200098
830,5,val/eval_tokens_per_sec,927.3038200845556
831,6,train/loss,1.8204100131988525
831,6,train/lr,6.316988861717984e-05
832,6,train/loss,1.7915419340133667
832,6,train/lr,6.314895903392917e-05
833,6,train/loss,1.730267882347107
833,6,train/lr,6.312800091075141e-05
834,6,train/loss,1.4499061107635498
834,6,train/lr,6.310701426889576e-05
835,6,train/loss,1.533371090888977
835,6,train/lr,6.308599912964032e-05
836,6,train/loss,1.5954985618591309
836,6,train/lr,6.306495551429214e-05
837,6,train/loss,1.428240418434143
837,6,train/lr,6.304388344418712e-05
838,6,train/loss,1.546852469444275
838,6,train/lr,6.302278294069e-05
839,6,train/loss,1.5596346855163574
839,6,train/lr,6.300165402519434e-05
840,6,train/loss,1.47221040725708
840,6,train/lr,6.298049671912254e-05
841,6,train/loss,1.6494413614273071
841,6,train/lr,6.295931104392576e-05
842,6,train/loss,1.711681604385376
842,6,train/lr,6.293809702108392e-05
843,6,train/loss,1.6925641298294067
843,6,train/lr,6.291685467210569e-05
844,6,train/loss,1.7860543727874756
844,6,train/lr,6.289558401852847e-05
845,6,train/loss,1.6028354167938232
845,6,train/lr,6.287428508191835e-05
846,6,train/loss,1.5164463520050049
846,6,train/lr,6.285295788387007e-05
847,6,train/loss,1.550482988357544
847,6,train/lr,6.283160244600707e-05
848,6,train/loss,1.6739892959594727
848,6,train/lr,6.281021878998139e-05
849,6,train/loss,1.6530265808105469
849,6,train/lr,6.278880693747369e-05
850,6,train/loss,1.4864006042480469
850,6,train/lr,6.276736691019323e-05
851,6,train/loss,1.7021331787109375
851,6,train/lr,6.27458987298778e-05
852,6,train/loss,1.4167048931121826
852,6,train/lr,6.272440241829376e-05
853,6,train/loss,1.5909907817840576
853,6,train/lr,6.2702877997236e-05
854,6,train/loss,1.578088402748108
854,6,train/lr,6.268132548852791e-05
855,6,train/loss,1.6576039791107178
855,6,train/lr,6.265974491402132e-05
856,6,train/loss,1.8776203393936157
856,6,train/lr,6.263813629559657e-05
857,6,train/loss,1.6591384410858154
857,6,train/lr,6.261649965516238e-05
858,6,train/loss,1.706839919090271
858,6,train/lr,6.259483501465592e-05
859,6,train/loss,1.5692336559295654
859,6,train/lr,6.257314239604274e-05
860,6,train/loss,1.617846131324768
860,6,train/lr,6.255142182131675e-05
861,6,train/loss,1.5783729553222656
861,6,train/lr,6.252967331250021e-05
862,6,train/loss,1.7166365385055542
862,6,train/lr,6.250789689164368e-05
863,6,train/loss,1.4545412063598633
863,6,train/lr,6.248609258082606e-05
864,6,train/loss,1.6585922241210938
864,6,train/lr,6.246426040215451e-05
865,6,train/loss,1.4459446668624878
865,6,train/lr,6.244240037776443e-05
866,6,train/loss,1.4278931617736816
866,6,train/lr,6.242051252981946e-05
867,6,train/loss,1.538727045059204
867,6,train/lr,6.239859688051147e-05
868,6,train/loss,1.6157569885253906
868,6,train/lr,6.237665345206047e-05
869,6,train/loss,1.7136120796203613
869,6,train/lr,6.235468226671472e-05
870,6,train/loss,1.5794017314910889
870,6,train/lr,6.233268334675051e-05
871,6,train/loss,1.597907304763794
871,6,train/lr,6.231065671447234e-05
872,6,train/loss,1.545284390449524
872,6,train/lr,6.228860239221277e-05
873,6,train/loss,1.7470510005950928
873,6,train/lr,6.226652040233245e-05
874,6,train/loss,1.469161033630371
874,6,train/lr,6.224441076722007e-05
875,6,train/loss,1.497978687286377
875,6,train/lr,6.222227350929234e-05
876,6,train/loss,1.4933580160140991
876,6,train/lr,6.220010865099397e-05
877,6,train/loss,1.5247619152069092
877,6,train/lr,6.217791621479773e-05
878,6,train/loss,1.7263389825820923
878,6,train/lr,6.215569622320423e-05
879,6,train/loss,1.5636279582977295
879,6,train/lr,6.213344869874211e-05
880,6,train/loss,1.643467664718628
880,6,train/lr,6.21111736639679e-05
881,6,train/loss,1.628990888595581
881,6,train/lr,6.208887114146602e-05
882,6,train/loss,1.6425895690917969
882,6,train/lr,6.206654115384874e-05
883,6,train/loss,1.758385181427002
883,6,train/lr,6.204418372375621e-05
884,6,train/loss,1.5542559623718262
884,6,train/lr,6.202179887385638e-05
885,6,train/loss,1.4930347204208374
885,6,train/lr,6.199938662684501e-05
886,6,train/loss,1.6779730319976807
886,6,train/lr,6.197694700544565e-05
887,6,train/loss,1.5555670261383057
887,6,train/lr,6.195448003240957e-05
888,6,train/loss,1.4059293270111084
888,6,train/lr,6.193198573051581e-05
889,6,train/loss,1.6381369829177856
889,6,train/lr,6.190946412257108e-05
890,6,train/loss,1.5466423034667969
890,6,train/lr,6.188691523140981e-05
891,6,train/loss,1.5396366119384766
891,6,train/lr,6.186433907989409e-05
892,6,train/loss,1.7144994735717773
892,6,train/lr,6.184173569091362e-05
893,6,train/loss,1.6337387561798096
893,6,train/lr,6.181910508738573e-05
894,6,train/loss,1.3903415203094482
894,6,train/lr,6.179644729225536e-05
895,6,train/loss,1.6641805171966553
895,6,train/lr,6.1773762328495e-05
896,6,train/loss,1.5242849588394165
896,6,train/lr,6.175105021910468e-05
897,6,train/loss,1.5692459344863892
897,6,train/lr,6.172831098711199e-05
898,6,train/loss,1.6110146045684814
898,6,train/lr,6.170554465557197e-05
899,6,train/loss,1.6241881847381592
899,6,train/lr,6.168275124756716e-05
900,6,train/loss,1.3351725339889526
900,6,train/lr,6.165993078620756e-05
901,6,train/loss,1.5376901626586914
901,6,train/lr,6.163708329463059e-05
902,6,train/loss,1.5205453634262085
902,6,train/lr,6.161420879600107e-05
903,6,train/loss,1.6414114236831665
903,6,train/lr,6.159130731351123e-05
904,6,train/loss,1.6727774143218994
904,6,train/lr,6.156837887038059e-05
905,6,train/loss,1.599461555480957
905,6,train/lr,6.15454234898561e-05
906,6,train/loss,1.4528226852416992
906,6,train/lr,6.152244119521195e-05
907,6,train/loss,1.3780953884124756
907,6,train/lr,6.149943200974966e-05
908,6,train/loss,1.6947845220565796
908,6,train/lr,6.147639595679797e-05
909,6,train/loss,1.561068058013916
909,6,train/lr,6.14533330597129e-05
910,6,train/loss,1.6244721412658691
910,6,train/lr,6.143024334187767e-05
911,6,train/loss,1.4684388637542725
911,6,train/lr,6.140712682670271e-05
912,6,train/loss,1.4275376796722412
912,6,train/lr,6.138398353762557e-05
913,6,train/loss,1.4882404804229736
913,6,train/lr,6.136081349811105e-05
914,6,train/loss,1.4884434938430786
914,6,train/lr,6.133761673165094e-05
915,6,train/loss,1.5224595069885254
915,6,train/lr,6.131439326176421e-05
916,6,train/loss,1.6061439514160156
916,6,train/lr,6.129114311199688e-05
917,6,train/loss,1.6573594808578491
917,6,train/lr,6.126786630592207e-05
918,6,train/loss,1.7372239828109741
918,6,train/lr,6.124456286713983e-05
919,6,train/loss,1.4284977912902832
919,6,train/lr,6.122123281927729e-05
920,6,train/loss,1.6357965469360352
920,6,train/lr,6.119787618598853e-05
921,6,train/loss,1.5966030359268188
921,6,train/lr,6.11744929909546e-05
922,6,train/loss,1.6743669509887695
922,6,train/lr,6.115108325788347e-05
923,6,train/loss,1.3768773078918457
923,6,train/lr,6.112764701050999e-05
924,6,train/loss,1.5415492057800293
924,6,train/lr,6.110418427259595e-05
925,6,train/loss,1.5735576152801514
925,6,train/lr,6.108069506792995e-05
926,6,train/loss,1.3979331254959106
926,6,train/lr,6.105717942032745e-05
927,6,train/loss,1.6270421743392944
927,6,train/lr,6.103363735363072e-05
928,6,train/loss,1.5913236141204834
928,6,train/lr,6.101006889170879e-05
929,6,train/loss,1.5722453594207764
929,6,train/lr,6.0986474058457496e-05
930,6,train/loss,1.7228000164031982
930,6,train/lr,6.096285287779935e-05
931,6,train/loss,1.6929643154144287
931,6,train/lr,6.093920537368364e-05
932,6,train/loss,1.8897182941436768
932,6,train/lr,6.091553157008632e-05
933,6,train/loss,1.655240535736084
933,6,train/lr,6.089183149100997e-05
934,6,train/loss,1.5879414081573486
934,6,train/lr,6.086810516048389e-05
935,6,train/loss,1.6153064966201782
935,6,train/lr,6.084435260256393e-05
936,6,train/loss,1.5335209369659424
936,6,train/lr,6.0820573841332556e-05
937,6,train/loss,1.5524567365646362
937,6,train/lr,6.079676890089879e-05
938,6,train/loss,1.8006212711334229
938,6,train/lr,6.077293780539821e-05
939,6,train/loss,1.4788763523101807
939,6,train/lr,6.0749080578992925e-05
940,6,train/loss,1.4925222396850586
940,6,train/lr,6.07251972458715e-05
941,6,train/loss,1.2821714878082275
941,6,train/lr,6.070128783024899e-05
942,6,train/loss,1.5887134075164795
942,6,train/lr,6.067735235636691e-05
943,6,train/loss,1.7623710632324219
943,6,train/lr,6.065339084849316e-05
944,6,train/loss,1.4677467346191406
944,6,train/lr,6.062940333092207e-05
945,6,train/loss,1.638190507888794
945,6,train/lr,6.060538982797432e-05
946,6,train/loss,1.5012094974517822
946,6,train/lr,6.0581350363996945e-05
947,6,train/loss,1.5313122272491455
947,6,train/lr,6.05572849633633e-05
948,6,train/loss,1.5436415672302246
948,6,train/lr,6.0533193650473035e-05
949,6,train/loss,1.5626811981201172
949,6,train/lr,6.050907644975208e-05
950,6,train/loss,1.5202338695526123
950,6,train/lr,6.048493338565259e-05
951,6,train/loss,1.5363506078720093
951,6,train/lr,6.046076448265297e-05
952,6,train/loss,1.5982187986373901
952,6,train/lr,6.043656976525781e-05
953,6,train/loss,1.6985723972320557
953,6,train/lr,6.041234925799787e-05
954,6,train/loss,1.5999159812927246
954,6,train/lr,6.038810298543006e-05
955,6,train/loss,1.680983066558838
955,6,train/lr,6.0363830972137425e-05
956,6,train/loss,1.5397639274597168
956,6,train/lr,6.03395332427291e-05
957,6,train/loss,1.408420205116272
957,6,train/lr,6.031520982184027e-05
958,6,train/loss,1.529052495956421
958,6,train/lr,6.029086073413222e-05
959,6,train/loss,1.423203945159912
959,6,train/lr,6.02664860042922e-05
960,6,train/loss,1.5692546367645264
960,6,train/lr,6.0242085657033506e-05
961,6,train/loss,1.5659618377685547
961,6,train/lr,6.021765971709538e-05
962,6,train/loss,1.5221108198165894
962,6,train/lr,6.0193208209243023e-05
963,6,train/loss,1.6278551816940308
963,6,train/lr,6.0168731158267554e-05
964,6,train/loss,1.5946937799453735
964,6,train/lr,6.014422858898599e-05
965,6,train/loss,1.4962302446365356
965,6,train/lr,6.011970052624124e-05
966,6,train/loss,1.5046937465667725
966,6,train/lr,6.0095146994902016e-05
967,6,train/loss,1.5523366928100586
967,6,train/lr,6.00705680198629e-05
968,6,train/loss,1.6647515296936035
968,6,train/lr,6.004596362604423e-05
969,6,train/loss,1.660914421081543
969,6,train/lr,6.0021333838392165e-05
970,6,train/loss,1.7904629707336426
970,6,train/lr,5.999667868187856e-05
971,6,train/loss,1.3682711124420166
971,6,train/lr,5.997199818150102e-05
972,6,train/loss,1.6572961807250977
972,6,train/lr,5.994729236228284e-05
973,6,train/loss,1.6122517585754395
973,6,train/lr,5.9922561249272975e-05
974,6,train/loss,1.349581003189087
974,6,train/lr,5.989780486754607e-05
975,6,train/loss,1.5459444522857666
975,6,train/lr,5.9873023242202306e-05
976,6,train/loss,1.3595876693725586
976,6,train/lr,5.9848216398367535e-05
977,6,train/loss,1.466009259223938
977,6,train/lr,5.982338436119314e-05
978,6,train/loss,1.5905070304870605
978,6,train/lr,5.979852715585607e-05
979,6,train/loss,1.6892673969268799
979,6,train/lr,5.977364480755875e-05
980,6,train/loss,1.5545814037322998
980,6,train/lr,5.974873734152915e-05
981,6,train/loss,1.637995719909668
981,6,train/lr,5.972380478302069e-05
982,6,train/loss,1.4866045713424683
982,6,train/lr,5.96988471573122e-05
983,6,train/loss,1.7015581130981445
983,6,train/lr,5.967386448970796e-05
984,6,train/loss,1.5512007474899292
984,6,train/lr,5.964885680553763e-05
985,6,train/loss,1.4417481422424316
985,6,train/lr,5.9623824130156217e-05
986,6,train/loss,1.5396836996078491
986,6,train/lr,5.959876648894409e-05
987,6,train/loss,1.682311773300171
987,6,train/lr,5.957368390730694e-05
988,6,train/loss,1.4539258480072021
988,6,train/lr,5.954857641067571e-05
989,6,train/loss,1.4256742000579834
989,6,train/lr,5.9523444024506615e-05
990,6,train/loss,1.5914967060089111
990,6,train/lr,5.9498286774281126e-05
991,6,train/loss,1.6501989364624023
991,6,train/lr,5.94731046855059e-05
992,6,train/loss,1.613355040550232
992,6,train/lr,5.94478977837128e-05
993,6,train/loss,1.8084498643875122
993,6,train/lr,5.94226660944588e-05
994,6,train/loss,1.402707815170288
994,6,train/lr,5.939740964332607e-05
995,6,train/loss,1.5872349739074707
995,6,train/lr,5.9372128455921844e-05
996,6,train/loss,1.562166452407837
996,6,train/lr,5.934682255787844e-05
996,6,train/batches,662.0
996,6,train/compute_pct,99.93020747409824
996,6,train/compute_sec,110.1982812849983
996,6,train/data_wait_pct,0.06979252590175865
996,6,train/data_wait_sec,0.07696387904434232
996,6,train/examples,5296.0
996,6,train/examples_per_sec,48.02528429768445
996,6,train/input_tokens,763267.0
996,6,train/peak_vram_gb,6.756443977355957
996,6,train/target_tokens,424810.0
996,6,train/tokens_per_sec,10773.741633787773
996,6,train/total_sec,110.27524516404264
996,6,train/epoch_loss,1.5878886459817338
996,6,epoch6/batches,662.0
996,6,epoch6/compute_pct,99.93020747409824
996,6,epoch6/compute_sec,110.1982812849983
996,6,epoch6/data_wait_pct,0.06979252590175865
996,6,epoch6/data_wait_sec,0.07696387904434232
996,6,epoch6/examples,5296.0
996,6,epoch6/examples_per_sec,48.02528429768445
996,6,epoch6/input_tokens,763267.0
996,6,epoch6/peak_vram_gb,6.756443977355957
996,6,epoch6/target_tokens,424810.0
996,6,epoch6/tokens_per_sec,10773.741633787773
996,6,epoch6/total_sec,110.27524516404264
996,6,val/bleu,16.954685960457237
996,6,val/chrf,36.18239116818653
996,6,val/combined,24.7681464699122
996,6,val/eval_peak_vram_gb,6.756443977355957
996,6,val/eval_samples_per_sec,4.489658071216752
996,6,val/eval_seconds,132.749530264
996,6,val/eval_tokens_per_sec,977.2689947904222
997,7,train/loss,1.9427742958068848
997,7,train/lr,5.932149197485327e-05
998,7,train/loss,1.7026408910751343
998,7,train/lr,5.9296136732528684e-05
999,7,train/loss,1.5149619579315186
999,7,train/lr,5.9270756856612126e-05
1000,7,train/loss,1.481656551361084
1000,7,train/lr,5.9245352372835974e-05
1001,7,train/loss,1.4505341053009033
1001,7,train/lr,5.9219923306957566e-05
1002,7,train/loss,1.505897045135498
1002,7,train/lr,5.919446968475914e-05
1003,7,train/loss,1.600569725036621
1003,7,train/lr,5.9168991532047867e-05
1004,7,train/loss,1.2962579727172852
1004,7,train/lr,5.914348887465576e-05
1005,7,train/loss,1.5538831949234009
1005,7,train/lr,5.911796173843971e-05
1006,7,train/loss,1.6090641021728516
1006,7,train/lr,5.909241014928138e-05
1007,7,train/loss,1.5135164260864258
1007,7,train/lr,5.906683413308727e-05
1008,7,train/loss,1.627489447593689
1008,7,train/lr,5.9041233715788624e-05
1009,7,train/loss,1.6328939199447632
1009,7,train/lr,5.9015608923341434e-05
1010,7,train/loss,1.480700135231018
1010,7,train/lr,5.898995978172638e-05
1011,7,train/loss,1.5796899795532227
1011,7,train/lr,5.8964286316948876e-05
1012,7,train/loss,1.6376168727874756
1012,7,train/lr,5.893858855503897e-05
1013,7,train/loss,1.511681079864502
1013,7,train/lr,5.891286652205133e-05
1014,7,train/loss,1.547913908958435
1014,7,train/lr,5.888712024406527e-05
1015,7,train/loss,1.5366852283477783
1015,7,train/lr,5.886134974718464e-05
1016,7,train/loss,1.398438572883606
1016,7,train/lr,5.88355550575379e-05
1017,7,train/loss,1.3752259016036987
1017,7,train/lr,5.880973620127798e-05
1018,7,train/loss,1.4999990463256836
1018,7,train/lr,5.8783893204582356e-05
1019,7,train/loss,1.4926722049713135
1019,7,train/lr,5.8758026093652964e-05
1020,7,train/loss,1.5128123760223389
1020,7,train/lr,5.873213489471618e-05
1021,7,train/loss,1.6863887310028076
1021,7,train/lr,5.870621963402282e-05
1022,7,train/loss,1.6590710878372192
1022,7,train/lr,5.8680280337848097e-05
1023,7,train/loss,1.7738206386566162
1023,7,train/lr,5.865431703249156e-05
1024,7,train/loss,1.656652569770813
1024,7,train/lr,5.862832974427716e-05
1025,7,train/loss,1.4775598049163818
1025,7,train/lr,5.86023184995531e-05
1026,7,train/loss,1.6357711553573608
1026,7,train/lr,5.857628332469192e-05
1027,7,train/loss,1.4301518201828003
1027,7,train/lr,5.855022424609039e-05
1028,7,train/loss,1.4910473823547363
1028,7,train/lr,5.852414129016954e-05
1029,7,train/loss,1.600717544555664
1029,7,train/lr,5.84980344833746e-05
1030,7,train/loss,1.4648807048797607
1030,7,train/lr,5.847190385217495e-05
1031,7,train/loss,1.6008460521697998
1031,7,train/lr,5.844574942306421e-05
1032,7,train/loss,1.595123529434204
1032,7,train/lr,5.8419571222560034e-05
1033,7,train/loss,1.6190211772918701
1033,7,train/lr,5.8393369277204235e-05
1034,7,train/loss,1.5914415121078491
1034,7,train/lr,5.836714361356268e-05
1035,7,train/loss,1.6565265655517578
1035,7,train/lr,5.834089425822528e-05
1036,7,train/loss,1.897542953491211
1036,7,train/lr,5.831462123780599e-05
1037,7,train/loss,1.6050636768341064
1037,7,train/lr,5.828832457894273e-05
1038,7,train/loss,1.2950658798217773
1038,7,train/lr,5.8262004308297404e-05
1039,7,train/loss,1.4747087955474854
1039,7,train/lr,5.823566045255585e-05
1040,7,train/loss,1.6352882385253906
1040,7,train/lr,5.8209293038427824e-05
1041,7,train/loss,1.439013957977295
1041,7,train/lr,5.8182902092646967e-05
1042,7,train/loss,1.522796392440796
1042,7,train/lr,5.8156487641970766e-05
1043,7,train/loss,1.4859297275543213
1043,7,train/lr,5.813004971318056e-05
1044,7,train/loss,1.5810728073120117
1044,7,train/lr,5.8103588333081474e-05
1045,7,train/loss,1.5197218656539917
1045,7,train/lr,5.807710352850241e-05
1046,7,train/loss,1.5215483903884888
1046,7,train/lr,5.805059532629603e-05
1047,7,train/loss,1.475658655166626
1047,7,train/lr,5.802406375333873e-05
1048,7,train/loss,1.6636979579925537
1048,7,train/lr,5.7997508836530576e-05
1049,7,train/loss,1.6024961471557617
1049,7,train/lr,5.797093060279531e-05
1050,7,train/loss,1.6669586896896362
1050,7,train/lr,5.794432907908032e-05
1051,7,train/loss,1.579280138015747
1051,7,train/lr,5.79177042923566e-05
1052,7,train/loss,1.6110243797302246
1052,7,train/lr,5.789105626961875e-05
1053,7,train/loss,1.299926996231079
1053,7,train/lr,5.7864385037884904e-05
1054,7,train/loss,1.4447181224822998
1054,7,train/lr,5.783769062419673e-05
1055,7,train/loss,1.4645088911056519
1055,7,train/lr,5.781097305561942e-05
1056,7,train/loss,1.5519322156906128
1056,7,train/lr,5.778423235924163e-05
1057,7,train/loss,1.460444688796997
1057,7,train/lr,5.775746856217546e-05
1058,7,train/loss,1.601226568222046
1058,7,train/lr,5.773068169155642e-05
1059,7,train/loss,1.6268889904022217
1059,7,train/lr,5.7703871774543457e-05
1060,7,train/loss,1.551933765411377
1060,7,train/lr,5.767703883831885e-05
1061,7,train/loss,1.6951370239257812
1061,7,train/lr,5.7650182910088224e-05
1062,7,train/loss,1.657081127166748
1062,7,train/lr,5.7623304017080506e-05
1063,7,train/loss,1.6269041299819946
1063,7,train/lr,5.759640218654793e-05
1064,7,train/loss,1.6092355251312256
1064,7,train/lr,5.7569477445765964e-05
1065,7,train/loss,1.4019360542297363
1065,7,train/lr,5.754252982203332e-05
1066,7,train/loss,1.3236277103424072
1066,7,train/lr,5.75155593426719e-05
1067,7,train/loss,1.4921894073486328
1067,7,train/lr,5.748856603502679e-05
1068,7,train/loss,1.5576138496398926
1068,7,train/lr,5.74615499264662e-05
1069,7,train/loss,1.8073058128356934
1069,7,train/lr,5.743451104438149e-05
1070,7,train/loss,1.6494972705841064
1070,7,train/lr,5.740744941618708e-05
1071,7,train/loss,1.5444612503051758
1071,7,train/lr,5.738036506932046e-05
1072,7,train/loss,1.8167963027954102
1072,7,train/lr,5.735325803124217e-05
1073,7,train/loss,1.425471544265747
1073,7,train/lr,5.732612832943574e-05
1074,7,train/loss,1.6295206546783447
1074,7,train/lr,5.7298975991407693e-05
1075,7,train/loss,1.4700037240982056
1075,7,train/lr,5.727180104468747e-05
1076,7,train/loss,1.588989496231079
1076,7,train/lr,5.7244603516827486e-05
1077,7,train/loss,1.4814542531967163
1077,7,train/lr,5.7217383435402994e-05
1078,7,train/loss,1.5055034160614014
1078,7,train/lr,5.7190140828012154e-05
1079,7,train/loss,1.3582096099853516
1079,7,train/lr,5.716287572227596e-05
1080,7,train/loss,1.3635048866271973
1080,7,train/lr,5.71355881458382e-05
1081,7,train/loss,1.5661886930465698
1081,7,train/lr,5.710827812636546e-05
1082,7,train/loss,1.5726940631866455
1082,7,train/lr,5.7080945691547074e-05
1083,7,train/loss,1.644862413406372
1083,7,train/lr,5.70535908690951e-05
1084,7,train/loss,1.3993303775787354
1084,7,train/lr,5.702621368674431e-05
1085,7,train/loss,1.5468271970748901
1085,7,train/lr,5.699881417225212e-05
1086,7,train/loss,1.7063093185424805
1086,7,train/lr,5.697139235339862e-05
1087,7,train/loss,1.612723708152771
1087,7,train/lr,5.6943948257986476e-05
1088,7,train/loss,1.4198020696640015
1088,7,train/lr,5.6916481913840975e-05
1089,7,train/loss,1.4989182949066162
1089,7,train/lr,5.688899334880994e-05
1090,7,train/loss,1.437817096710205
1090,7,train/lr,5.686148259076376e-05
1091,7,train/loss,1.5605497360229492
1091,7,train/lr,5.6833949667595264e-05
1092,7,train/loss,1.364701509475708
1092,7,train/lr,5.68063946072198e-05
1093,7,train/loss,1.539067268371582
1093,7,train/lr,5.6778817437575146e-05
1094,7,train/loss,1.4227782487869263
1094,7,train/lr,5.675121818662149e-05
1095,7,train/loss,1.399381160736084
1095,7,train/lr,5.672359688234143e-05
1096,7,train/loss,1.5308067798614502
1096,7,train/lr,5.669595355273991e-05
1097,7,train/loss,1.5787246227264404
1097,7,train/lr,5.666828822584419e-05
1098,7,train/loss,1.5389490127563477
1098,7,train/lr,5.664060092970386e-05
1099,7,train/loss,1.4756650924682617
1099,7,train/lr,5.6612891692390755e-05
1100,7,train/loss,1.29600191116333
1100,7,train/lr,5.658516054199901e-05
1101,7,train/loss,1.5814673900604248
1101,7,train/lr,5.655740750664489e-05
1102,7,train/loss,1.5033550262451172
1102,7,train/lr,5.652963261446694e-05
1103,7,train/loss,1.401846170425415
1103,7,train/lr,5.6501835893625815e-05
1104,7,train/loss,1.4106494188308716
1104,7,train/lr,5.64740173723043e-05
1105,7,train/loss,1.5012850761413574
1105,7,train/lr,5.644617707870731e-05
1106,7,train/loss,1.5000028610229492
1106,7,train/lr,5.6418315041061815e-05
1107,7,train/loss,1.7199468612670898
1107,7,train/lr,5.639043128761682e-05
1108,7,train/loss,1.605879783630371
1108,7,train/lr,5.636252584664338e-05
1109,7,train/loss,1.8109933137893677
1109,7,train/lr,5.633459874643451e-05
1110,7,train/loss,1.7458500862121582
1110,7,train/lr,5.630665001530522e-05
1111,7,train/loss,1.4625736474990845
1111,7,train/lr,5.62786796815924e-05
1112,7,train/loss,1.5832622051239014
1112,7,train/lr,5.625068777365489e-05
1113,7,train/loss,1.5673716068267822
1113,7,train/lr,5.6222674319873375e-05
1114,7,train/loss,1.618214726448059
1114,7,train/lr,5.619463934865039e-05
1115,7,train/loss,1.3057823181152344
1115,7,train/lr,5.6166582888410306e-05
1116,7,train/loss,1.380536675453186
1116,7,train/lr,5.613850496759926e-05
1117,7,train/loss,1.5257130861282349
1117,7,train/lr,5.611040561468515e-05
1118,7,train/loss,1.4409127235412598
1118,7,train/lr,5.608228485815761e-05
1119,7,train/loss,1.4699504375457764
1119,7,train/lr,5.605414272652798e-05
1120,7,train/loss,1.3888237476348877
1120,7,train/lr,5.6025979248329255e-05
1121,7,train/loss,1.5887625217437744
1121,7,train/lr,5.599779445211609e-05
1122,7,train/loss,1.5743211507797241
1122,7,train/lr,5.5969588366464746e-05
1123,7,train/loss,1.4113342761993408
1123,7,train/lr,5.5941361019973063e-05
1124,7,train/loss,1.5940144062042236
1124,7,train/lr,5.591311244126045e-05
1125,7,train/loss,1.5844449996948242
1125,7,train/lr,5.588484265896784e-05
1126,7,train/loss,1.431138038635254
1126,7,train/lr,5.585655170175765e-05
1127,7,train/loss,1.4804670810699463
1127,7,train/lr,5.582823959831379e-05
1128,7,train/loss,1.4505891799926758
1128,7,train/lr,5.579990637734161e-05
1129,7,train/loss,1.3358845710754395
1129,7,train/lr,5.577155206756783e-05
1130,7,train/loss,1.5494225025177002
1130,7,train/lr,5.5743176697740584e-05
1131,7,train/loss,1.3504791259765625
1131,7,train/lr,5.571478029662937e-05
1132,7,train/loss,1.5699433088302612
1132,7,train/lr,5.5686362893024985e-05
1133,7,train/loss,1.5141315460205078
1133,7,train/lr,5.565792451573953e-05
1134,7,train/loss,1.6818726062774658
1134,7,train/lr,5.562946519360638e-05
1135,7,train/loss,1.5218497514724731
1135,7,train/lr,5.560098495548011e-05
1136,7,train/loss,1.5225751399993896
1136,7,train/lr,5.557248383023655e-05
1137,7,train/loss,1.483616590499878
1137,7,train/lr,5.554396184677269e-05
1138,7,train/loss,1.4340360164642334
1138,7,train/lr,5.551541903400664e-05
1139,7,train/loss,1.6361387968063354
1139,7,train/lr,5.548685542087767e-05
1140,7,train/loss,1.5768177509307861
1140,7,train/lr,5.545827103634611e-05
1141,7,train/loss,1.5736465454101562
1141,7,train/lr,5.5429665909393356e-05
1142,7,train/loss,1.4856274127960205
1142,7,train/lr,5.540104006902186e-05
1143,7,train/loss,1.589118480682373
1143,7,train/lr,5.537239354425503e-05
1144,7,train/loss,1.5036492347717285
1144,7,train/lr,5.5343726364137276e-05
1145,7,train/loss,1.5130608081817627
1145,7,train/lr,5.531503855773396e-05
1146,7,train/loss,1.640427589416504
1146,7,train/lr,5.5286330154131314e-05
1147,7,train/loss,1.3676021099090576
1147,7,train/lr,5.525760118243652e-05
1148,7,train/loss,1.4783461093902588
1148,7,train/lr,5.522885167177752e-05
1149,7,train/loss,1.472700595855713
1149,7,train/lr,5.520008165130318e-05
1150,7,train/loss,1.4172942638397217
1150,7,train/lr,5.517129115018309e-05
1151,7,train/loss,1.297987699508667
1151,7,train/lr,5.514248019760763e-05
1152,7,train/loss,1.4135477542877197
1152,7,train/lr,5.511364882278793e-05
1153,7,train/loss,1.462245225906372
1153,7,train/lr,5.508479705495579e-05
1154,7,train/loss,1.470522165298462
1154,7,train/lr,5.5055924923363736e-05
1155,7,train/loss,1.5729751586914062
1155,7,train/lr,5.502703245728489e-05
1156,7,train/loss,1.4290571212768555
1156,7,train/lr,5.4998119686013024e-05
1157,7,train/loss,1.498919129371643
1157,7,train/lr,5.496918663886249e-05
1158,7,train/loss,1.631840467453003
1158,7,train/lr,5.4940233345168165e-05
1159,7,train/loss,1.5426175594329834
1159,7,train/lr,5.491125983428551e-05
1160,7,train/loss,1.6283279657363892
1160,7,train/lr,5.488226613559045e-05
1161,7,train/loss,1.6897847652435303
1161,7,train/lr,5.485325227847939e-05
1162,7,train/loss,1.554160714149475
1162,7,train/lr,5.482421829236914e-05
1162,7,train/batches,662.0
1162,7,train/compute_pct,99.92844557180415
1162,7,train/compute_sec,110.73292285200841
1162,7,train/data_wait_pct,0.07155442819585017
1162,7,train/data_wait_sec,0.07929104602590087
1162,7,train/examples,5296.0
1162,7,train/examples_per_sec,47.792565581924045
1162,7,train/input_tokens,763267.0
1162,7,train/peak_vram_gb,6.756443977355957
1162,7,train/target_tokens,424810.0
1162,7,train/tokens_per_sec,10721.534731660795
1162,7,train/total_sec,110.81221389803432
1162,7,train/epoch_loss,1.5410806100894316
1162,7,epoch7/batches,662.0
1162,7,epoch7/compute_pct,99.92844557180415
1162,7,epoch7/compute_sec,110.73292285200841
1162,7,epoch7/data_wait_pct,0.07155442819585017
1162,7,epoch7/data_wait_sec,0.07929104602590087
1162,7,epoch7/examples,5296.0
1162,7,epoch7/examples_per_sec,47.792565581924045
1162,7,epoch7/input_tokens,763267.0
1162,7,epoch7/peak_vram_gb,6.756443977355957
1162,7,epoch7/target_tokens,424810.0
1162,7,epoch7/tokens_per_sec,10721.534731660795
1162,7,epoch7/total_sec,110.81221389803432
1162,7,val/bleu,19.937415628775227
1162,7,val/chrf,40.143898090855444
1162,7,val/combined,28.290733132893205
1162,7,val/eval_peak_vram_gb,6.756443977355957
1162,7,val/eval_samples_per_sec,5.353534843457964
1162,7,val/eval_seconds,111.32831249399896
1162,7,val/eval_tokens_per_sec,1014.2613093689588
1163,8,train/loss,1.5688815116882324
1163,8,train/lr,5.4795164206696986e-05
1164,8,train/loss,1.4843947887420654
1164,8,train/lr,5.4766090050920534e-05
1165,8,train/loss,1.64694344997406
1165,8,train/lr,5.473699585451775e-05
1166,8,train/loss,1.3817330598831177
1166,8,train/lr,5.4707881646986947e-05
1167,8,train/loss,1.5105886459350586
1167,8,train/lr,5.467874745784669e-05
1168,8,train/loss,1.4603191614151
1168,8,train/lr,5.464959331663583e-05
1169,8,train/loss,1.3668124675750732
1169,8,train/lr,5.4620419252913435e-05
1170,8,train/loss,1.3358465433120728
1170,8,train/lr,5.4591225296258774e-05
1171,8,train/loss,1.5318803787231445
1171,8,train/lr,5.456201147627128e-05
1172,8,train/loss,1.5037524700164795
1172,8,train/lr,5.453277782257054e-05
1173,8,train/loss,1.5103847980499268
1173,8,train/lr,5.450352436479624e-05
1174,8,train/loss,1.491202712059021
1174,8,train/lr,5.447425113260815e-05
1175,8,train/loss,1.4712282419204712
1175,8,train/lr,5.444495815568607e-05
1176,8,train/loss,1.81203031539917
1176,8,train/lr,5.4415645463729855e-05
1177,8,train/loss,1.3814902305603027
1177,8,train/lr,5.438631308645931e-05
1178,8,train/loss,1.5619537830352783
1178,8,train/lr,5.435696105361424e-05
1179,8,train/loss,1.5261664390563965
1179,8,train/lr,5.4327589394954334e-05
1180,8,train/loss,1.5282782316207886
1180,8,train/lr,5.429819814025921e-05
1181,8,train/loss,1.4278790950775146
1181,8,train/lr,5.4268787319328333e-05
1182,8,train/loss,1.475892186164856
1182,8,train/lr,5.4239356961981045e-05
1183,8,train/loss,1.5009232759475708
1183,8,train/lr,5.420990709805645e-05
1184,8,train/loss,1.4507601261138916
1184,8,train/lr,5.4180437757413455e-05
1185,8,train/loss,1.7099919319152832
1185,8,train/lr,5.4150948969930694e-05
1186,8,train/loss,1.5292294025421143
1186,8,train/lr,5.4121440765506544e-05
1187,8,train/loss,1.599696159362793
1187,8,train/lr,5.409191317405906e-05
1188,8,train/loss,1.5942833423614502
1188,8,train/lr,5.4062366225525944e-05
1189,8,train/loss,1.5323069095611572
1189,8,train/lr,5.4032799949864535e-05
1190,8,train/loss,1.5079936981201172
1190,8,train/lr,5.400321437705175e-05
1191,8,train/loss,1.5152125358581543
1191,8,train/lr,5.39736095370841e-05
1192,8,train/loss,1.5164430141448975
1192,8,train/lr,5.394398545997759e-05
1193,8,train/loss,1.3434443473815918
1193,8,train/lr,5.391434217576778e-05
1194,8,train/loss,1.3027193546295166
1194,8,train/lr,5.3884679714509674e-05
1195,8,train/loss,1.3701918125152588
1195,8,train/lr,5.3854998106277705e-05
1196,8,train/loss,1.539400577545166
1196,8,train/lr,5.382529738116575e-05
1197,8,train/loss,1.6151466369628906
1197,8,train/lr,5.3795577569287036e-05
1198,8,train/loss,1.4991469383239746
1198,8,train/lr,5.37658387007742e-05
1199,8,train/loss,1.6302419900894165
1199,8,train/lr,5.373608080577913e-05
1200,8,train/loss,1.6232670545578003
1200,8,train/lr,5.370630391447303e-05
1201,8,train/loss,1.5258691310882568
1201,8,train/lr,5.3676508057046404e-05
1202,8,train/loss,1.5083909034729004
1202,8,train/lr,5.3646693263708905e-05
1203,8,train/loss,1.469353437423706
1203,8,train/lr,5.3616859564689496e-05
1204,8,train/loss,1.5664112567901611
1204,8,train/lr,5.3587006990236176e-05
1205,8,train/loss,1.342529296875
1205,8,train/lr,5.3557135570616184e-05
1206,8,train/loss,1.5862247943878174
1206,8,train/lr,5.352724533611585e-05
1207,8,train/loss,1.3084698915481567
1207,8,train/lr,5.349733631704051e-05
1208,8,train/loss,1.3740918636322021
1208,8,train/lr,5.346740854371464e-05
1209,8,train/loss,1.4696660041809082
1209,8,train/lr,5.343746204648167e-05
1210,8,train/loss,1.5595293045043945
1210,8,train/lr,5.340749685570403e-05
1211,8,train/loss,1.4793673753738403
1211,8,train/lr,5.337751300176312e-05
1212,8,train/loss,1.4708733558654785
1212,8,train/lr,5.334751051505924e-05
1213,8,train/loss,1.6825065612792969
1213,8,train/lr,5.331748942601158e-05
1214,8,train/loss,1.4726371765136719
1214,8,train/lr,5.3287449765058205e-05
1215,8,train/loss,1.6113464832305908
1215,8,train/lr,5.3257391562656006e-05
1216,8,train/loss,1.580136775970459
1216,8,train/lr,5.322731484928068e-05
1217,8,train/loss,1.5269337892532349
1217,8,train/lr,5.3197219655426666e-05
1218,8,train/loss,1.5256872177124023
1218,8,train/lr,5.316710601160716e-05
1219,8,train/loss,1.4367892742156982
1219,8,train/lr,5.3136973948354075e-05
1220,8,train/loss,1.405541181564331
1220,8,train/lr,5.310682349621798e-05
1221,8,train/loss,1.2445908784866333
1221,8,train/lr,5.307665468576809e-05
1222,8,train/loss,1.5386543273925781
1222,8,train/lr,5.304646754759224e-05
1223,8,train/loss,1.4327428340911865
1223,8,train/lr,5.301626211229687e-05
1224,8,train/loss,1.5183789730072021
1224,8,train/lr,5.29860384105069e-05
1225,8,train/loss,1.3109686374664307
1225,8,train/lr,5.295579647286584e-05
1226,8,train/loss,1.462799072265625
1226,8,train/lr,5.2925536330035666e-05
1227,8,train/loss,1.5959045886993408
1227,8,train/lr,5.2895258012696814e-05
1228,8,train/loss,1.5033519268035889
1228,8,train/lr,5.286496155154815e-05
1229,8,train/loss,1.5196075439453125
1229,8,train/lr,5.283464697730691e-05
1230,8,train/loss,1.6845335960388184
1230,8,train/lr,5.280431432070873e-05
1231,8,train/loss,1.3906521797180176
1231,8,train/lr,5.277396361250756e-05
1232,8,train/loss,1.6785049438476562
1232,8,train/lr,5.2743594883475664e-05
1233,8,train/loss,1.4708051681518555
1233,8,train/lr,5.271320816440356e-05
1234,8,train/loss,1.5055675506591797
1234,8,train/lr,5.2682803486100016e-05
1235,8,train/loss,1.5847744941711426
1235,8,train/lr,5.265238087939202e-05
1236,8,train/loss,1.5793490409851074
1236,8,train/lr,5.262194037512472e-05
1237,8,train/loss,1.6084139347076416
1237,8,train/lr,5.259148200416141e-05
1238,8,train/loss,1.4398829936981201
1238,8,train/lr,5.256100579738352e-05
1239,8,train/loss,1.51749849319458
1239,8,train/lr,5.253051178569053e-05
1240,8,train/loss,1.6463356018066406
1240,8,train/lr,5.2499999999999995e-05
1241,8,train/loss,1.3979403972625732
1241,8,train/lr,5.2469470471247506e-05
1242,8,train/loss,1.7503288984298706
1242,8,train/lr,5.243892323038659e-05
1243,8,train/loss,1.3835854530334473
1243,8,train/lr,5.240835830838881e-05
1244,8,train/loss,1.5111987590789795
1244,8,train/lr,5.2377775736243576e-05
1245,8,train/loss,1.5170954465866089
1245,8,train/lr,5.2347175544958234e-05
1246,8,train/loss,1.4901981353759766
1246,8,train/lr,5.231655776555801e-05
1247,8,train/loss,1.4417245388031006
1247,8,train/lr,5.228592242908592e-05
1248,8,train/loss,1.4339746236801147
1248,8,train/lr,5.225526956660281e-05
1249,8,train/loss,1.7104911804199219
1249,8,train/lr,5.222459920918729e-05
1250,8,train/loss,1.5359665155410767
1250,8,train/lr,5.21939113879357e-05
1251,8,train/loss,1.5186030864715576
1251,8,train/lr,5.21632061339621e-05
1252,8,train/loss,1.6102666854858398
1252,8,train/lr,5.2132483478398215e-05
1253,8,train/loss,1.4542596340179443
1253,8,train/lr,5.210174345239342e-05
1254,8,train/loss,1.4021300077438354
1254,8,train/lr,5.207098608711469e-05
1255,8,train/loss,1.517127275466919
1255,8,train/lr,5.204021141374658e-05
1256,8,train/loss,1.5647461414337158
1256,8,train/lr,5.200941946349121e-05
1257,8,train/loss,1.5117253065109253
1257,8,train/lr,5.19786102675682e-05
1258,8,train/loss,1.4476242065429688
1258,8,train/lr,5.194778385721469e-05
1259,8,train/loss,1.3410707712173462
1259,8,train/lr,5.191694026368521e-05
1260,8,train/loss,1.5818312168121338
1260,8,train/lr,5.188607951825177e-05
1261,8,train/loss,1.4469224214553833
1261,8,train/lr,5.185520165220373e-05
1262,8,train/loss,1.5816633701324463
1262,8,train/lr,5.182430669684785e-05
1263,8,train/loss,1.5378754138946533
1263,8,train/lr,5.1793394683508176e-05
1264,8,train/loss,1.6304137706756592
1264,8,train/lr,5.176246564352607e-05
1265,8,train/loss,1.4958012104034424
1265,8,train/lr,5.1731519608260156e-05
1266,8,train/loss,1.4365618228912354
1266,8,train/lr,5.1700556609086285e-05
1267,8,train/loss,1.6076247692108154
1267,8,train/lr,5.166957667739752e-05
1268,8,train/loss,1.4814774990081787
1268,8,train/lr,5.163857984460406e-05
1269,8,train/loss,1.316664218902588
1269,8,train/lr,5.160756614213328e-05
1270,8,train/loss,1.5179275274276733
1270,8,train/lr,5.157653560142962e-05
1271,8,train/loss,1.5005130767822266
1271,8,train/lr,5.154548825395463e-05
1272,8,train/loss,1.4696210622787476
1272,8,train/lr,5.1514424131186865e-05
1273,8,train/loss,1.4739255905151367
1273,8,train/lr,5.1483343264621936e-05
1274,8,train/loss,1.666045904159546
1274,8,train/lr,5.145224568577237e-05
1275,8,train/loss,1.5603196620941162
1275,8,train/lr,5.1421131426167666e-05
1276,8,train/loss,1.663165807723999
1276,8,train/lr,5.1390000517354254e-05
1277,8,train/loss,1.439202070236206
1277,8,train/lr,5.1358852990895424e-05
1278,8,train/loss,1.4471454620361328
1278,8,train/lr,5.1327688878371324e-05
1279,8,train/loss,1.816716194152832
1279,8,train/lr,5.1296508211378896e-05
1280,8,train/loss,1.3219481706619263
1280,8,train/lr,5.12653110215319e-05
1281,8,train/loss,1.195302963256836
1281,8,train/lr,5.123409734046081e-05
1282,8,train/loss,1.2955098152160645
1282,8,train/lr,5.120286719981287e-05
1283,8,train/loss,1.3037229776382446
1283,8,train/lr,5.117162063125198e-05
1284,8,train/loss,1.5182232856750488
1284,8,train/lr,5.114035766645867e-05
1285,8,train/loss,1.3670568466186523
1285,8,train/lr,5.110907833713015e-05
1286,8,train/loss,1.5332000255584717
1286,8,train/lr,5.107778267498019e-05
1287,8,train/loss,1.7864162921905518
1287,8,train/lr,5.104647071173913e-05
1288,8,train/loss,1.282096266746521
1288,8,train/lr,5.101514247915384e-05
1289,8,train/loss,1.4532787799835205
1289,8,train/lr,5.098379800898765e-05
1290,8,train/loss,1.6166868209838867
1290,8,train/lr,5.09524373330204e-05
1291,8,train/loss,1.5119812488555908
1291,8,train/lr,5.092106048304835e-05
1292,8,train/loss,1.5689289569854736
1292,8,train/lr,5.088966749088413e-05
1293,8,train/loss,1.548872470855713
1293,8,train/lr,5.0858258388356786e-05
1294,8,train/loss,1.4584351778030396
1294,8,train/lr,5.082683320731165e-05
1295,8,train/loss,1.499117374420166
1295,8,train/lr,5.0795391979610375e-05
1296,8,train/loss,1.556422472000122
1296,8,train/lr,5.0763934737130886e-05
1297,8,train/loss,1.5384068489074707
1297,8,train/lr,5.073246151176735e-05
1298,8,train/loss,1.6415331363677979
1298,8,train/lr,5.0700972335430114e-05
1299,8,train/loss,1.5619661808013916
1299,8,train/lr,5.066946724004574e-05
1300,8,train/loss,1.521481990814209
1300,8,train/lr,5.06379462575569e-05
1301,8,train/loss,1.577361822128296
1301,8,train/lr,5.060640941992236e-05
1302,8,train/loss,1.6104573011398315
1302,8,train/lr,5.057485675911701e-05
1303,8,train/loss,1.53879714012146
1303,8,train/lr,5.054328830713173e-05
1304,8,train/loss,1.317113995552063
1304,8,train/lr,5.0511704095973445e-05
1305,8,train/loss,1.6244564056396484
1305,8,train/lr,5.048010415766504e-05
1306,8,train/loss,1.4007636308670044
1306,8,train/lr,5.044848852424536e-05
1307,8,train/loss,1.3130617141723633
1307,8,train/lr,5.041685722776915e-05
1308,8,train/loss,1.398123025894165
1308,8,train/lr,5.0385210300307055e-05
1309,8,train/loss,1.6079144477844238
1309,8,train/lr,5.035354777394555e-05
1310,8,train/loss,1.5553655624389648
1310,8,train/lr,5.032186968078691e-05
1311,8,train/loss,1.578598976135254
1311,8,train/lr,5.029017605294923e-05
1312,8,train/loss,1.5574688911437988
1312,8,train/lr,5.0258466922566345e-05
1313,8,train/loss,1.4332740306854248
1313,8,train/lr,5.0226742321787796e-05
1314,8,train/loss,1.5511728525161743
1314,8,train/lr,5.019500228277882e-05
1315,8,train/loss,1.6551251411437988
1315,8,train/lr,5.016324683772028e-05
1316,8,train/loss,1.6510295867919922
1316,8,train/lr,5.01314760188087e-05
1317,8,train/loss,1.4345080852508545
1317,8,train/lr,5.009968985825616e-05
1318,8,train/loss,1.438448429107666
1318,8,train/lr,5.006788838829033e-05
1319,8,train/loss,1.2676411867141724
1319,8,train/lr,5.003607164115435e-05
1320,8,train/loss,1.520766019821167
1320,8,train/lr,5.000423964910689e-05
1321,8,train/loss,1.4844874143600464
1321,8,train/lr,4.997239244442207e-05
1322,8,train/loss,1.495507001876831
1322,8,train/lr,4.994053005938942e-05
1323,8,train/loss,1.375961422920227
1323,8,train/lr,4.9908652526313884e-05
1324,8,train/loss,1.4629136323928833
1324,8,train/lr,4.987675987751573e-05
1325,8,train/loss,1.5325531959533691
1325,8,train/lr,4.984485214533058e-05
1326,8,train/loss,1.6338473558425903
1326,8,train/lr,4.981292936210935e-05
1327,8,train/loss,1.6558219194412231
1327,8,train/lr,4.978099156021819e-05
1328,8,train/loss,1.4482426643371582
1328,8,train/lr,4.974903877203852e-05
1328,8,train/batches,662.0
1328,8,train/compute_pct,99.92784871055312
1328,8,train/compute_sec,111.20868207398962
1328,8,train/data_wait_pct,0.07215128944688193
1328,8,train/data_wait_sec,0.08029643300505995
1328,8,train/examples,5296.0
1328,8,train/examples_per_sec,47.587821103660666
1328,8,train/input_tokens,763267.0
1328,8,train/peak_vram_gb,6.760782241821289
1328,8,train/target_tokens,424810.0
1328,8,train/tokens_per_sec,10675.603423975426
1328,8,train/total_sec,111.28897850699468
1328,8,train/epoch_loss,1.5057450514905761
1328,8,epoch8/batches,662.0
1328,8,epoch8/compute_pct,99.92784871055312
1328,8,epoch8/compute_sec,111.20868207398962
1328,8,epoch8/data_wait_pct,0.07215128944688193
1328,8,epoch8/data_wait_sec,0.08029643300505995
1328,8,epoch8/examples,5296.0
1328,8,epoch8/examples_per_sec,47.587821103660666
1328,8,epoch8/input_tokens,763267.0
1328,8,epoch8/peak_vram_gb,6.760782241821289
1328,8,epoch8/target_tokens,424810.0
1328,8,epoch8/tokens_per_sec,10675.603423975426
1328,8,epoch8/total_sec,111.28897850699468
1328,8,val/bleu,19.006690056699558
1328,8,val/chrf,41.310411000371126
1328,8,val/combined,28.020959619522774
1328,8,val/eval_peak_vram_gb,6.760782241821289
1328,8,val/eval_samples_per_sec,4.100052161093349
1328,8,val/eval_seconds,145.36400430600042
1328,8,val/eval_tokens_per_sec,954.4040882910183
1329,9,train/loss,1.5263292789459229
1329,9,train/lr,4.97170710299669e-05
1330,9,train/loss,1.5167629718780518
1330,9,train/lr,4.96850883664151e-05
1331,9,train/loss,1.475006103515625
1331,9,train/lr,4.965309081380998e-05
1332,9,train/loss,1.3612380027770996
1332,9,train/lr,4.962107840459353e-05
1333,9,train/loss,1.454577922821045
1333,9,train/lr,4.958905117122279e-05
1334,9,train/loss,1.4443612098693848
1334,9,train/lr,4.955700914616982e-05
1335,9,train/loss,1.649000644683838
1335,9,train/lr,4.952495236192169e-05
1336,9,train/loss,1.3185293674468994
1336,9,train/lr,4.949288085098041e-05
1337,9,train/loss,1.3550925254821777
1337,9,train/lr,4.946079464586298e-05
1338,9,train/loss,1.360794186592102
1338,9,train/lr,4.942869377910123e-05
1339,9,train/loss,1.5206260681152344
1339,9,train/lr,4.939657828324187e-05
1340,9,train/loss,1.4771003723144531
1340,9,train/lr,4.936444819084649e-05
1341,9,train/loss,1.5412657260894775
1341,9,train/lr,4.933230353449143e-05
1342,9,train/loss,1.6987299919128418
1342,9,train/lr,4.93001443467678e-05
1343,9,train/loss,1.6123409271240234
1343,9,train/lr,4.926797066028148e-05
1344,9,train/loss,1.3146777153015137
1344,9,train/lr,4.9235782507653006e-05
1345,9,train/loss,1.3864967823028564
1345,9,train/lr,4.920357992151761e-05
1346,9,train/loss,1.3696686029434204
1346,9,train/lr,4.917136293452513e-05
1347,9,train/loss,1.4571986198425293
1347,9,train/lr,4.913913157934006e-05
1348,9,train/loss,1.4615726470947266
1348,9,train/lr,4.910688588864139e-05
1349,9,train/loss,1.5111215114593506
1349,9,train/lr,4.9074625895122695e-05
1350,9,train/loss,1.3002558946609497
1350,9,train/lr,4.904235163149202e-05
1351,9,train/loss,1.4385366439819336
1351,9,train/lr,4.901006313047192e-05
1352,9,train/loss,1.5304608345031738
1352,9,train/lr,4.897776042479934e-05
1353,9,train/loss,1.609861135482788
1353,9,train/lr,4.8945443547225654e-05
1354,9,train/loss,1.4790568351745605
1354,9,train/lr,4.891311253051659e-05
1355,9,train/loss,1.3609009981155396
1355,9,train/lr,4.888076740745222e-05
1356,9,train/loss,1.6786177158355713
1356,9,train/lr,4.884840821082693e-05
1357,9,train/loss,1.4082224369049072
1357,9,train/lr,4.881603497344934e-05
1358,9,train/loss,1.5516695976257324
1358,9,train/lr,4.878364772814236e-05
1359,9,train/loss,1.1783825159072876
1359,9,train/lr,4.875124650774303e-05
1360,9,train/loss,1.341894507408142
1360,9,train/lr,4.8718831345102625e-05
1361,9,train/loss,1.3656706809997559
1361,9,train/lr,4.868640227308652e-05
1362,9,train/loss,1.456732988357544
1362,9,train/lr,4.865395932457421e-05
1363,9,train/loss,1.5123517513275146
1363,9,train/lr,4.862150253245924e-05
1364,9,train/loss,1.4139270782470703
1364,9,train/lr,4.858903192964922e-05
1365,9,train/loss,1.6117870807647705
1365,9,train/lr,4.855654754906573e-05
1366,9,train/loss,1.691408634185791
1366,9,train/lr,4.852404942364434e-05
1367,9,train/loss,1.6094582080841064
1367,9,train/lr,4.849153758633455e-05
1368,9,train/loss,1.4137787818908691
1368,9,train/lr,4.845901207009978e-05
1369,9,train/loss,1.3495267629623413
1369,9,train/lr,4.842647290791727e-05
1370,9,train/loss,1.5617692470550537
1370,9,train/lr,4.839392013277814e-05
1371,9,train/loss,1.454066514968872
1371,9,train/lr,4.83613537776873e-05
1372,9,train/loss,1.4424238204956055
1372,9,train/lr,4.832877387566343e-05
1373,9,train/loss,1.3028303384780884
1373,9,train/lr,4.829618045973895e-05
1374,9,train/loss,1.5104703903198242
1374,9,train/lr,4.826357356295995e-05
1375,9,train/loss,1.4130961894989014
1375,9,train/lr,4.823095321838623e-05
1376,9,train/loss,1.6237528324127197
1376,9,train/lr,4.819831945909121e-05
1377,9,train/loss,1.346901297569275
1377,9,train/lr,4.81656723181619e-05
1378,9,train/loss,1.5419726371765137
1378,9,train/lr,4.81330118286989e-05
1379,9,train/loss,1.4561026096343994
1379,9,train/lr,4.81003380238163e-05
1380,9,train/loss,1.400207281112671
1380,9,train/lr,4.806765093664173e-05
1381,9,train/loss,1.4040476083755493
1381,9,train/lr,4.80349506003163e-05
1382,9,train/loss,1.3989911079406738
1382,9,train/lr,4.800223704799449e-05
1383,9,train/loss,1.5363247394561768
1383,9,train/lr,4.796951031284427e-05
1384,9,train/loss,1.4790267944335938
1384,9,train/lr,4.793677042804688e-05
1385,9,train/loss,1.2952035665512085
1385,9,train/lr,4.790401742679696e-05
1386,9,train/loss,1.2742499113082886
1386,9,train/lr,4.787125134230241e-05
1387,9,train/loss,1.2498308420181274
1387,9,train/lr,4.7838472207784435e-05
1388,9,train/loss,1.5254631042480469
1388,9,train/lr,4.7805680056477434e-05
1389,9,train/loss,1.431196689605713
1389,9,train/lr,4.7772874921629005e-05
1390,9,train/loss,1.619827389717102
1390,9,train/lr,4.774005683649994e-05
1391,9,train/loss,1.6826159954071045
1391,9,train/lr,4.770722583436413e-05
1392,9,train/loss,1.5631872415542603
1392,9,train/lr,4.767438194850858e-05
1393,9,train/loss,1.3995702266693115
1393,9,train/lr,4.764152521223336e-05
1394,9,train/loss,1.3508164882659912
1394,9,train/lr,4.760865565885157e-05
1395,9,train/loss,1.5538212060928345
1395,9,train/lr,4.7575773321689255e-05
1396,9,train/loss,1.4235169887542725
1396,9,train/lr,4.75428782340855e-05
1397,9,train/loss,1.6564977169036865
1397,9,train/lr,4.750997042939228e-05
1398,9,train/loss,1.4317662715911865
1398,9,train/lr,4.747704994097446e-05
1399,9,train/loss,1.5422370433807373
1399,9,train/lr,4.744411680220976e-05
1400,9,train/loss,1.3470734357833862
1400,9,train/lr,4.741117104648874e-05
1401,9,train/loss,1.31443190574646
1401,9,train/lr,4.7378212707214756e-05
1402,9,train/loss,1.364250659942627
1402,9,train/lr,4.73452418178039e-05
1403,9,train/loss,1.5068384408950806
1403,9,train/lr,4.731225841168502e-05
1404,9,train/loss,1.422242283821106
1404,9,train/lr,4.727926252229963e-05
1405,9,train/loss,1.5992399454116821
1405,9,train/lr,4.7246254183101895e-05
1406,9,train/loss,1.4445991516113281
1406,9,train/lr,4.7213233427558624e-05
1407,9,train/loss,1.3714702129364014
1407,9,train/lr,4.718020028914921e-05
1408,9,train/loss,1.4453513622283936
1408,9,train/lr,4.71471548013656e-05
1409,9,train/loss,1.430148720741272
1409,9,train/lr,4.711409699771225e-05
1410,9,train/loss,1.4161350727081299
1410,9,train/lr,4.708102691170612e-05
1411,9,train/loss,1.5058069229125977
1411,9,train/lr,4.70479445768766e-05
1412,9,train/loss,1.512880563735962
1412,9,train/lr,4.7014850026765536e-05
1413,9,train/loss,1.595696210861206
1413,9,train/lr,4.698174329492712e-05
1414,9,train/loss,1.453393578529358
1414,9,train/lr,4.6948624414927924e-05
1415,9,train/loss,1.5246624946594238
1415,9,train/lr,4.6915493420346804e-05
1416,9,train/loss,1.403217077255249
1416,9,train/lr,4.688235034477495e-05
1417,9,train/loss,1.3713525533676147
1417,9,train/lr,4.6849195221815735e-05
1418,9,train/loss,1.5415563583374023
1418,9,train/lr,4.6816028085084816e-05
1419,9,train/loss,1.44266676902771
1419,9,train/lr,4.6782848968209975e-05
1420,9,train/loss,1.4507403373718262
1420,9,train/lr,4.674965790483117e-05
1421,9,train/loss,1.5172321796417236
1421,9,train/lr,4.671645492860045e-05
1422,9,train/loss,1.5183343887329102
1422,9,train/lr,4.6683240073181976e-05
1423,9,train/loss,1.3841447830200195
1423,9,train/lr,4.665001337225193e-05
1424,9,train/loss,1.5726745128631592
1424,9,train/lr,4.6616774859498493e-05
1425,9,train/loss,1.3819241523742676
1425,9,train/lr,4.658352456862185e-05
1426,9,train/loss,1.7955150604248047
1426,9,train/lr,4.6550262533334095e-05
1427,9,train/loss,1.4634194374084473
1427,9,train/lr,4.6516988787359275e-05
1428,9,train/loss,1.6000105142593384
1428,9,train/lr,4.6483703364433274e-05
1429,9,train/loss,1.6257258653640747
1429,9,train/lr,4.645040629830381e-05
1430,9,train/loss,1.5569536685943604
1430,9,train/lr,4.641709762273043e-05
1431,9,train/loss,1.53761887550354
1431,9,train/lr,4.638377737148444e-05
1432,9,train/loss,1.447054386138916
1432,9,train/lr,4.635044557834889e-05
1433,9,train/loss,1.449160099029541
1433,9,train/lr,4.6317102277118534e-05
1434,9,train/loss,1.316797137260437
1434,9,train/lr,4.6283747501599766e-05
1435,9,train/loss,1.2868995666503906
1435,9,train/lr,4.6250381285610655e-05
1436,9,train/loss,1.5759532451629639
1436,9,train/lr,4.6217003662980836e-05
1437,9,train/loss,1.4382998943328857
1437,9,train/lr,4.6183614667551525e-05
1438,9,train/loss,1.3952856063842773
1438,9,train/lr,4.615021433317547e-05
1439,9,train/loss,1.4846128225326538
1439,9,train/lr,4.611680269371691e-05
1440,9,train/loss,1.56949782371521
1440,9,train/lr,4.6083379783051544e-05
1441,9,train/loss,1.288754940032959
1441,9,train/lr,4.6049945635066494e-05
1442,9,train/loss,1.5667773485183716
1442,9,train/lr,4.60165002836603e-05
1443,9,train/loss,1.4519644975662231
1443,9,train/lr,4.598304376274283e-05
1444,9,train/loss,1.502791166305542
1444,9,train/lr,4.5949576106235305e-05
1445,9,train/loss,1.5482590198516846
1445,9,train/lr,4.591609734807021e-05
1446,9,train/loss,1.3112950325012207
1446,9,train/lr,4.588260752219131e-05
1447,9,train/loss,1.3516658544540405
1447,9,train/lr,4.584910666255357e-05
1448,9,train/loss,1.3738629817962646
1448,9,train/lr,4.581559480312316e-05
1449,9,train/loss,1.305654525756836
1449,9,train/lr,4.578207197787738e-05
1450,9,train/loss,1.3439284563064575
1450,9,train/lr,4.574853822080468e-05
1451,9,train/loss,1.4285000562667847
1451,9,train/lr,4.5714993565904555e-05
1452,9,train/loss,1.450984001159668
1452,9,train/lr,4.568143804718759e-05
1453,9,train/loss,1.61350417137146
1453,9,train/lr,4.564787169867537e-05
1454,9,train/loss,1.5628926753997803
1454,9,train/lr,4.561429455440042e-05
1455,9,train/loss,1.4088139533996582
1455,9,train/lr,4.558070664840628e-05
1456,9,train/loss,1.535090446472168
1456,9,train/lr,4.554710801474736e-05
1457,9,train/loss,1.4086649417877197
1457,9,train/lr,4.551349868748894e-05
1458,9,train/loss,1.5830756425857544
1458,9,train/lr,4.547987870070716e-05
1459,9,train/loss,1.3752822875976562
1459,9,train/lr,4.544624808848898e-05
1460,9,train/loss,1.4125138521194458
1460,9,train/lr,4.5412606884932104e-05
1461,9,train/loss,1.4017244577407837
1461,9,train/lr,4.5378955124144975e-05
1462,9,train/loss,1.3780007362365723
1462,9,train/lr,4.5345292840246776e-05
1463,9,train/loss,1.501500129699707
1463,9,train/lr,4.5311620067367325e-05
1464,9,train/loss,1.5183801651000977
1464,9,train/lr,4.527793683964708e-05
1465,9,train/loss,1.4619646072387695
1465,9,train/lr,4.5244243191237096e-05
1466,9,train/loss,1.467611312866211
1466,9,train/lr,4.5210539156299016e-05
1467,9,train/loss,1.5031871795654297
1467,9,train/lr,4.5176824769004994e-05
1468,9,train/loss,1.4926042556762695
1468,9,train/lr,4.5143100063537695e-05
1469,9,train/loss,1.38740873336792
1469,9,train/lr,4.510936507409022e-05
1470,9,train/loss,1.4147822856903076
1470,9,train/lr,4.507561983486611e-05
1471,9,train/loss,1.3087832927703857
1471,9,train/lr,4.504186438007932e-05
1472,9,train/loss,1.3677536249160767
1472,9,train/lr,4.5008098743954114e-05
1473,9,train/loss,1.3075320720672607
1473,9,train/lr,4.4974322960725146e-05
1474,9,train/loss,1.3869187831878662
1474,9,train/lr,4.49405370646373e-05
1475,9,train/loss,1.4145760536193848
1475,9,train/lr,4.490674108994571e-05
1476,9,train/loss,1.4649574756622314
1476,9,train/lr,4.487293507091579e-05
1477,9,train/loss,1.5716519355773926
1477,9,train/lr,4.483911904182308e-05
1478,9,train/loss,1.5974235534667969
1478,9,train/lr,4.4805293036953286e-05
1479,9,train/loss,1.5258842706680298
1479,9,train/lr,4.477145709060224e-05
1480,9,train/loss,1.4078012704849243
1480,9,train/lr,4.473761123707584e-05
1481,9,train/loss,1.5620627403259277
1481,9,train/lr,4.4703755510690036e-05
1482,9,train/loss,1.445206642150879
1482,9,train/lr,4.4669889945770786e-05
1483,9,train/loss,1.415832757949829
1483,9,train/lr,4.4636014576654016e-05
1484,9,train/loss,1.452427625656128
1484,9,train/lr,4.46021294376856e-05
1485,9,train/loss,1.573567271232605
1485,9,train/lr,4.456823456322133e-05
1486,9,train/loss,1.3365564346313477
1486,9,train/lr,4.453432998762682e-05
1487,9,train/loss,1.4712390899658203
1487,9,train/lr,4.450041574527759e-05
1488,9,train/loss,1.3846361637115479
1488,9,train/lr,4.4466491870558936e-05
1489,9,train/loss,1.393613576889038
1489,9,train/lr,4.443255839786587e-05
1490,9,train/loss,1.5163803100585938
1490,9,train/lr,4.439861536160318e-05
1491,9,train/loss,1.5102283954620361
1491,9,train/lr,4.436466279618538e-05
1492,9,train/loss,1.4839757680892944
1492,9,train/lr,4.433070073603658e-05
1493,9,train/loss,1.4398434162139893
1493,9,train/lr,4.429672921559057e-05
1494,9,train/loss,1.3882901668548584
1494,9,train/lr,4.426274826929068e-05
1494,9,train/batches,662.0
1494,9,train/compute_pct,99.92453625495358
1494,9,train/compute_sec,123.18961007696998
1494,9,train/data_wait_pct,0.07546374504642585
1494,9,train/data_wait_sec,0.0930336999863357
1494,9,train/examples,5296.0
1494,9,train/examples_per_sec,42.95819620466247
1494,9,train/input_tokens,763267.0
1494,9,train/peak_vram_gb,6.760782241821289
1494,9,train/target_tokens,424810.0
1494,9,train/tokens_per_sec,9637.017536300373
1494,9,train/total_sec,123.28264377695632
1494,9,train/epoch_loss,1.4762015418343675
1494,9,epoch9/batches,662.0
1494,9,epoch9/compute_pct,99.92453625495358
1494,9,epoch9/compute_sec,123.18961007696998
1494,9,epoch9/data_wait_pct,0.07546374504642585
1494,9,epoch9/data_wait_sec,0.0930336999863357
1494,9,epoch9/examples,5296.0
1494,9,epoch9/examples_per_sec,42.95819620466247
1494,9,epoch9/input_tokens,763267.0
1494,9,epoch9/peak_vram_gb,6.760782241821289
1494,9,epoch9/target_tokens,424810.0
1494,9,epoch9/tokens_per_sec,9637.017536300373
1494,9,epoch9/total_sec,123.28264377695632
1494,9,val/bleu,22.08756585615872
1494,9,val/chrf,42.944054700977745
1494,9,val/combined,30.79820833000401
1494,9,val/eval_peak_vram_gb,6.760782241821289
1494,9,val/eval_samples_per_sec,4.786939516469851
1494,9,val/eval_seconds,124.50543775400001
1494,9,val/eval_tokens_per_sec,941.6456189780627
1495,10,train/loss,1.9693955183029175
1495,10,train/lr,4.422875793158987e-05
1496,10,train/loss,1.5713975429534912
1496,10,train/lr,4.419475823695054e-05
1497,10,train/loss,1.6052875518798828
1497,10,train/lr,4.416074921984462e-05
1498,10,train/loss,1.5175886154174805
1498,10,train/lr,4.412673091475351e-05
1499,10,train/loss,1.4177513122558594
1499,10,train/lr,4.409270335616799e-05
1500,10,train/loss,1.4920594692230225
1500,10,train/lr,4.405866657858822e-05
1501,10,train/loss,1.5764294862747192
1501,10,train/lr,4.4024620616523746e-05
1502,10,train/loss,1.3143103122711182
1502,10,train/lr,4.399056550449339e-05
1503,10,train/loss,1.5305813550949097
1503,10,train/lr,4.395650127702529e-05
1504,10,train/loss,1.5507280826568604
1504,10,train/lr,4.392242796865676e-05
1505,10,train/loss,1.5970520973205566
1505,10,train/lr,4.388834561393439e-05
1506,10,train/loss,1.4879822731018066
1506,10,train/lr,4.38542542474139e-05
1507,10,train/loss,1.6273314952850342
1507,10,train/lr,4.382015390366016e-05
1508,10,train/loss,1.6038861274719238
1508,10,train/lr,4.378604461724716e-05
1509,10,train/loss,1.4399949312210083
1509,10,train/lr,4.375192642275791e-05
1510,10,train/loss,1.4846749305725098
1510,10,train/lr,4.371779935478451e-05
1511,10,train/loss,1.539441466331482
1511,10,train/lr,4.3683663447928006e-05
1512,10,train/loss,1.7047793865203857
1512,10,train/lr,4.364951873679843e-05
1513,10,train/loss,1.348243236541748
1513,10,train/lr,4.361536525601475e-05
1514,10,train/loss,1.3320057392120361
1514,10,train/lr,4.358120304020481e-05
1515,10,train/loss,1.5208797454833984
1515,10,train/lr,4.35470321240053e-05
1516,10,train/loss,1.4272384643554688
1516,10,train/lr,4.351285254206176e-05
1517,10,train/loss,1.463235855102539
1517,10,train/lr,4.34786643290285e-05
1518,10,train/loss,1.4619100093841553
1518,10,train/lr,4.344446751956858e-05
1519,10,train/loss,1.5187063217163086
1519,10,train/lr,4.341026214835376e-05
1520,10,train/loss,1.285276174545288
1520,10,train/lr,4.337604825006452e-05
1521,10,train/loss,1.4969217777252197
1521,10,train/lr,4.334182585938996e-05
1522,10,train/loss,1.3575711250305176
1522,10,train/lr,4.3307595011027784e-05
1523,10,train/loss,1.5018093585968018
1523,10,train/lr,4.3273355739684296e-05
1524,10,train/loss,1.3309813737869263
1524,10,train/lr,4.323910808007431e-05
1525,10,train/loss,1.5148425102233887
1525,10,train/lr,4.320485206692117e-05
1526,10,train/loss,1.3320934772491455
1526,10,train/lr,4.317058773495669e-05
1527,10,train/loss,1.4960254430770874
1527,10,train/lr,4.3136315118921085e-05
1528,10,train/loss,1.3879199028015137
1528,10,train/lr,4.310203425356301e-05
1529,10,train/loss,1.5161709785461426
1529,10,train/lr,4.3067745173639454e-05
1530,10,train/loss,1.5313067436218262
1530,10,train/lr,4.303344791391574e-05
1531,10,train/loss,1.627049446105957
1531,10,train/lr,4.299914250916552e-05
1532,10,train/loss,1.4508031606674194
1532,10,train/lr,4.296482899417064e-05
1533,10,train/loss,1.4675908088684082
1533,10,train/lr,4.293050740372124e-05
1534,10,train/loss,1.4370818138122559
1534,10,train/lr,4.2896177772615595e-05
1535,10,train/loss,1.3809454441070557
1535,10,train/lr,4.286184013566014e-05
1536,10,train/loss,1.5611664056777954
1536,10,train/lr,4.282749452766945e-05
1537,10,train/loss,1.2597122192382812
1537,10,train/lr,4.279314098346614e-05
1538,10,train/loss,1.4353728294372559
1538,10,train/lr,4.275877953788095e-05
1539,10,train/loss,1.421654462814331
1539,10,train/lr,4.2724410225752544e-05
1540,10,train/loss,1.2681249380111694
1540,10,train/lr,4.26900330819276e-05
1541,10,train/loss,1.4545116424560547
1541,10,train/lr,4.265564814126073e-05
1542,10,train/loss,1.5532135963439941
1542,10,train/lr,4.262125543861449e-05
1543,10,train/loss,1.4564346075057983
1543,10,train/lr,4.258685500885924e-05
1544,10,train/loss,1.597773790359497
1544,10,train/lr,4.255244688687321e-05
1545,10,train/loss,1.4415552616119385
1545,10,train/lr,4.2518031107542434e-05
1546,10,train/loss,1.3903083801269531
1546,10,train/lr,4.248360770576069e-05
1547,10,train/loss,1.6224033832550049
1547,10,train/lr,4.2449176716429514e-05
1548,10,train/loss,1.2943623065948486
1548,10,train/lr,4.24147381744581e-05
1549,10,train/loss,1.3065824508666992
1549,10,train/lr,4.238029211476332e-05
1550,10,train/loss,1.3727126121520996
1550,10,train/lr,4.2345838572269656e-05
1551,10,train/loss,1.4557416439056396
1551,10,train/lr,4.2311377581909195e-05
1552,10,train/loss,1.3467620611190796
1552,10,train/lr,4.227690917862157e-05
1553,10,train/loss,1.318241000175476
1553,10,train/lr,4.224243339735392e-05
1554,10,train/loss,1.4327669143676758
1554,10,train/lr,4.2207950273060853e-05
1555,10,train/loss,1.4940426349639893
1555,10,train/lr,4.217345984070445e-05
1556,10,train/loss,1.2397252321243286
1556,10,train/lr,4.21389621352542e-05
1557,10,train/loss,1.4293055534362793
1557,10,train/lr,4.210445719168694e-05
1558,10,train/loss,1.356247067451477
1558,10,train/lr,4.206994504498688e-05
1559,10,train/loss,1.5455586910247803
1559,10,train/lr,4.203542573014549e-05
1560,10,train/loss,1.4967361688613892
1560,10,train/lr,4.200089928216155e-05
1561,10,train/loss,1.4849395751953125
1561,10,train/lr,4.1966365736041046e-05
1562,10,train/loss,1.3936350345611572
1562,10,train/lr,4.1931825126797186e-05
1563,10,train/loss,1.256052017211914
1563,10,train/lr,4.18972774894503e-05
1564,10,train/loss,1.3377392292022705
1564,10,train/lr,4.1862722859027884e-05
1565,10,train/loss,1.3240094184875488
1565,10,train/lr,4.182816127056449e-05
1566,10,train/loss,1.367695927619934
1566,10,train/lr,4.179359275910175e-05
1567,10,train/loss,1.456794023513794
1567,10,train/lr,4.1759017359688304e-05
1568,10,train/loss,1.4959050416946411
1568,10,train/lr,4.1724435107379795e-05
1569,10,train/loss,1.679023265838623
1569,10,train/lr,4.168984603723877e-05
1570,10,train/loss,1.4521262645721436
1570,10,train/lr,4.165525018433473e-05
1571,10,train/loss,1.4607564210891724
1571,10,train/lr,4.162064758374403e-05
1572,10,train/loss,1.4734511375427246
1572,10,train/lr,4.1586038270549894e-05
1573,10,train/loss,1.420147180557251
1573,10,train/lr,4.155142227984232e-05
1574,10,train/loss,1.3399322032928467
1574,10,train/lr,4.1516799646718084e-05
1575,10,train/loss,1.5790005922317505
1575,10,train/lr,4.148217040628071e-05
1576,10,train/loss,1.278455138206482
1576,10,train/lr,4.14475345936404e-05
1577,10,train/loss,1.3967084884643555
1577,10,train/lr,4.141289224391405e-05
1578,10,train/loss,1.4420664310455322
1578,10,train/lr,4.1378243392225166e-05
1579,10,train/loss,1.4061787128448486
1579,10,train/lr,4.134358807370382e-05
1580,10,train/loss,1.2162790298461914
1580,10,train/lr,4.13089263234867e-05
1581,10,train/loss,1.5410772562026978
1581,10,train/lr,4.127425817671697e-05
1582,10,train/loss,1.554819941520691
1582,10,train/lr,4.123958366854428e-05
1583,10,train/loss,1.4992904663085938
1583,10,train/lr,4.1204902834124756e-05
1584,10,train/loss,1.536690592765808
1584,10,train/lr,4.1170215708620915e-05
1585,10,train/loss,1.727553129196167
1585,10,train/lr,4.1135522327201665e-05
1586,10,train/loss,1.518157958984375
1586,10,train/lr,4.1100822725042244e-05
1587,10,train/loss,1.417461633682251
1587,10,train/lr,4.106611693732422e-05
1588,10,train/loss,1.4308202266693115
1588,10,train/lr,4.1031404999235416e-05
1589,10,train/loss,1.4279568195343018
1589,10,train/lr,4.099668694596989e-05
1590,10,train/loss,1.5840853452682495
1590,10,train/lr,4.0961962812727884e-05
1591,10,train/loss,1.5344231128692627
1591,10,train/lr,4.0927232634715856e-05
1592,10,train/loss,1.4869571924209595
1592,10,train/lr,4.089249644714634e-05
1593,10,train/loss,1.5401802062988281
1593,10,train/lr,4.0857754285238e-05
1594,10,train/loss,1.4722989797592163
1594,10,train/lr,4.082300618421552e-05
1595,10,train/loss,1.411994218826294
1595,10,train/lr,4.0788252179309644e-05
1596,10,train/loss,1.4835355281829834
1596,10,train/lr,4.075349230575706e-05
1597,10,train/loss,1.392183542251587
1597,10,train/lr,4.071872659880046e-05
1598,10,train/loss,1.3109192848205566
1598,10,train/lr,4.0683955093688406e-05
1599,10,train/loss,1.469877004623413
1599,10,train/lr,4.064917782567536e-05
1600,10,train/loss,1.3467546701431274
1600,10,train/lr,4.0614394830021604e-05
1601,10,train/loss,1.4897854328155518
1601,10,train/lr,4.057960614199326e-05
1602,10,train/loss,1.269657015800476
1602,10,train/lr,4.054481179686219e-05
1603,10,train/loss,1.3415980339050293
1603,10,train/lr,4.0510011829906036e-05
1604,10,train/loss,1.4264047145843506
1604,10,train/lr,4.047520627640808e-05
1605,10,train/loss,1.4840549230575562
1605,10,train/lr,4.0440395171657305e-05
1606,10,train/loss,1.4521186351776123
1606,10,train/lr,4.040557855094832e-05
1607,10,train/loss,1.5936517715454102
1607,10,train/lr,4.0370756449581334e-05
1608,10,train/loss,1.6059465408325195
1608,10,train/lr,4.0335928902862086e-05
1609,10,train/loss,1.4956536293029785
1609,10,train/lr,4.030109594610186e-05
1610,10,train/loss,1.3315277099609375
1610,10,train/lr,4.0266257614617407e-05
1611,10,train/loss,1.3878802061080933
1611,10,train/lr,4.023141394373094e-05
1612,10,train/loss,1.2545527219772339
1612,10,train/lr,4.019656496877008e-05
1613,10,train/loss,1.2913696765899658
1613,10,train/lr,4.016171072506786e-05
1614,10,train/loss,1.3920763731002808
1614,10,train/lr,4.012685124796257e-05
1615,10,train/loss,1.4116063117980957
1615,10,train/lr,4.0091986572797896e-05
1616,10,train/loss,1.3620401620864868
1616,10,train/lr,4.005711673492274e-05
1617,10,train/loss,1.3339440822601318
1617,10,train/lr,4.002224176969127e-05
1618,10,train/loss,1.5172350406646729
1618,10,train/lr,3.998736171246284e-05
1619,10,train/loss,1.4394514560699463
1619,10,train/lr,3.995247659860195e-05
1620,10,train/loss,1.4522240161895752
1620,10,train/lr,3.991758646347824e-05
1621,10,train/loss,1.531966209411621
1621,10,train/lr,3.988269134246646e-05
1622,10,train/loss,1.40067720413208
1622,10,train/lr,3.9847791270946396e-05
1623,10,train/loss,1.3433011770248413
1623,10,train/lr,3.981288628430285e-05
1624,10,train/loss,1.5398714542388916
1624,10,train/lr,3.977797641792561e-05
1625,10,train/loss,1.3421363830566406
1625,10,train/lr,3.974306170720941e-05
1626,10,train/loss,1.5266201496124268
1626,10,train/lr,3.970814218755392e-05
1627,10,train/loss,1.411853551864624
1627,10,train/lr,3.9673217894363635e-05
1628,10,train/loss,1.5797157287597656
1628,10,train/lr,3.9638288863047965e-05
1629,10,train/loss,1.6574771404266357
1629,10,train/lr,3.960335512902104e-05
1630,10,train/loss,1.3438777923583984
1630,10,train/lr,3.956841672770181e-05
1631,10,train/loss,1.5373659133911133
1631,10,train/lr,3.953347369451395e-05
1632,10,train/loss,1.4822781085968018
1632,10,train/lr,3.9498526064885806e-05
1633,10,train/loss,1.5138208866119385
1633,10,train/lr,3.946357387425044e-05
1634,10,train/loss,1.5735375881195068
1634,10,train/lr,3.9428617158045476e-05
1635,10,train/loss,1.6977100372314453
1635,10,train/lr,3.939365595171316e-05
1636,10,train/loss,1.3756449222564697
1636,10,train/lr,3.935869029070028e-05
1637,10,train/loss,1.4242910146713257
1637,10,train/lr,3.932372021045815e-05
1638,10,train/loss,1.5198395252227783
1638,10,train/lr,3.9288745746442545e-05
1639,10,train/loss,1.4278037548065186
1639,10,train/lr,3.925376693411372e-05
1640,10,train/loss,1.5445280075073242
1640,10,train/lr,3.92187838089363e-05
1641,10,train/loss,1.3756468296051025
1641,10,train/lr,3.9183796406379315e-05
1642,10,train/loss,1.4659262895584106
1642,10,train/lr,3.9148804761916095e-05
1643,10,train/loss,1.4380491971969604
1643,10,train/lr,3.911380891102432e-05
1644,10,train/loss,1.5188406705856323
1644,10,train/lr,3.907880888918588e-05
1645,10,train/loss,1.5043652057647705
1645,10,train/lr,3.904380473188693e-05
1646,10,train/loss,1.5160231590270996
1646,10,train/lr,3.900879647461781e-05
1647,10,train/loss,1.415360450744629
1647,10,train/lr,3.897378415287303e-05
1648,10,train/loss,1.3045908212661743
1648,10,train/lr,3.893876780215119e-05
1649,10,train/loss,1.2723331451416016
1649,10,train/lr,3.890374745795499e-05
1650,10,train/loss,1.300601601600647
1650,10,train/lr,3.886872315579119e-05
1651,10,train/loss,1.3469669818878174
1651,10,train/lr,3.883369493117056e-05
1652,10,train/loss,1.4092004299163818
1652,10,train/lr,3.879866281960782e-05
1653,10,train/loss,1.382159948348999
1653,10,train/lr,3.8763626856621666e-05
1654,10,train/loss,1.6069618463516235
1654,10,train/lr,3.8728587077734685e-05
1655,10,train/loss,1.4509037733078003
1655,10,train/lr,3.869354351847332e-05
1656,10,train/loss,1.532822847366333
1656,10,train/lr,3.865849621436787e-05
1657,10,train/loss,1.4172964096069336
1657,10,train/lr,3.862344520095242e-05
1658,10,train/loss,1.358986496925354
1658,10,train/lr,3.858839051376481e-05
1659,10,train/loss,1.307795763015747
1659,10,train/lr,3.855333218834662e-05
1660,10,train/loss,1.5391159057617188
1660,10,train/lr,3.851827026024309e-05
1660,10,train/batches,662.0
1660,10,train/compute_pct,99.91827577483397
1660,10,train/compute_sec,117.80267824900511
1660,10,train/data_wait_pct,0.08172422516603346
1660,10,train/data_wait_sec,0.09635206900566118
1660,10,train/examples,5296.0
1660,10,train/examples_per_sec,44.91979268798922
1660,10,train/input_tokens,763267.0
1660,10,train/peak_vram_gb,6.760782241821289
1660,10,train/target_tokens,424810.0
1660,10,train/tokens_per_sec,10077.071853732661
1660,10,train/total_sec,117.89903031801077
1660,10,train/epoch_loss,1.4551628918085935
1660,10,epoch10/batches,662.0
1660,10,epoch10/compute_pct,99.91827577483397
1660,10,epoch10/compute_sec,117.80267824900511
1660,10,epoch10/data_wait_pct,0.08172422516603346
1660,10,epoch10/data_wait_sec,0.09635206900566118
1660,10,epoch10/examples,5296.0
1660,10,epoch10/examples_per_sec,44.91979268798922
1660,10,epoch10/input_tokens,763267.0
1660,10,epoch10/peak_vram_gb,6.760782241821289
1660,10,epoch10/target_tokens,424810.0
1660,10,epoch10/tokens_per_sec,10077.071853732661
1660,10,epoch10/total_sec,117.89903031801077
1660,10,val/bleu,23.632197655787188
1660,10,val/chrf,43.84456859557185
1660,10,val/combined,32.189183139422376
1660,10,val/eval_peak_vram_gb,6.760782241821289
1660,10,val/eval_samples_per_sec,5.0162471005986315
1660,10,val/eval_seconds,118.81392364600106
1660,10,val/eval_tokens_per_sec,952.177964739806
1661,11,train/loss,1.4810062646865845
1661,11,train/lr,3.8483204765003155e-05
1662,11,train/loss,1.4631996154785156
1662,11,train/lr,3.8448135738179345e-05
1663,11,train/loss,1.3487660884857178
1663,11,train/lr,3.841306321532775e-05
1664,11,train/loss,1.3574514389038086
1664,11,train/lr,3.8377987232008025e-05
1665,11,train/loss,1.4215991497039795
1665,11,train/lr,3.834290782378335e-05
1666,11,train/loss,1.4260613918304443
1666,11,train/lr,3.830782502622035e-05
1667,11,train/loss,1.4049526453018188
1667,11,train/lr,3.82727388748891e-05
1668,11,train/loss,1.2790099382400513
1668,11,train/lr,3.823764940536307e-05
1669,11,train/loss,1.1837446689605713
1669,11,train/lr,3.820255665321909e-05
1670,11,train/loss,1.4733458757400513
1670,11,train/lr,3.8167460654037324e-05
1671,11,train/loss,1.5365638732910156
1671,11,train/lr,3.813236144340124e-05
1672,11,train/loss,1.616384744644165
1672,11,train/lr,3.809725905689754e-05
1673,11,train/loss,1.4834216833114624
1673,11,train/lr,3.8062153530116174e-05
1674,11,train/loss,1.6231235265731812
1674,11,train/lr,3.8027044898650234e-05
1675,11,train/loss,1.3801984786987305
1675,11,train/lr,3.7991933198096003e-05
1676,11,train/loss,1.3093724250793457
1676,11,train/lr,3.7956818464052846e-05
1677,11,train/loss,1.541182518005371
1677,11,train/lr,3.792170073212322e-05
1678,11,train/loss,1.4792300462722778
1678,11,train/lr,3.7886580037912615e-05
1679,11,train/loss,1.4799209833145142
1679,11,train/lr,3.7851456417029524e-05
1680,11,train/loss,1.4750416278839111
1680,11,train/lr,3.781632990508541e-05
1681,11,train/loss,1.3174382448196411
1681,11,train/lr,3.778120053769466e-05
1682,11,train/loss,1.2594754695892334
1682,11,train/lr,3.774606835047457e-05
1683,11,train/loss,1.527397632598877
1683,11,train/lr,3.7710933379045294e-05
1684,11,train/loss,1.3006551265716553
1684,11,train/lr,3.7675795659029786e-05
1685,11,train/loss,1.481626033782959
1685,11,train/lr,3.764065522605381e-05
1686,11,train/loss,1.4731125831604004
1686,11,train/lr,3.760551211574587e-05
1687,11,train/loss,1.6070308685302734
1687,11,train/lr,3.7570366363737193e-05
1688,11,train/loss,1.5102734565734863
1688,11,train/lr,3.7535218005661685e-05
1689,11,train/loss,1.51055908203125
1689,11,train/lr,3.750006707715587e-05
1690,11,train/loss,1.5017414093017578
1690,11,train/lr,3.7464913613858915e-05
1691,11,train/loss,1.5033602714538574
1691,11,train/lr,3.7429757651412526e-05
1692,11,train/loss,1.392716884613037
1692,11,train/lr,3.739459922546097e-05
1693,11,train/loss,1.3483271598815918
1693,11,train/lr,3.7359438371650983e-05
1694,11,train/loss,1.4386553764343262
1694,11,train/lr,3.732427512563178e-05
1695,11,train/loss,1.5683937072753906
1695,11,train/lr,3.728910952305501e-05
1696,11,train/loss,1.594997525215149
1696,11,train/lr,3.7253941599574675e-05
1697,11,train/loss,1.382995367050171
1697,11,train/lr,3.721877139084718e-05
1698,11,train/loss,1.4225406646728516
1698,11,train/lr,3.7183598932531215e-05
1699,11,train/loss,1.5968077182769775
1699,11,train/lr,3.714842426028775e-05
1700,11,train/loss,1.5503120422363281
1700,11,train/lr,3.711324740978001e-05
1701,11,train/loss,1.3742098808288574
1701,11,train/lr,3.707806841667343e-05
1702,11,train/loss,1.5460017919540405
1702,11,train/lr,3.704288731663561e-05
1703,11,train/loss,1.386592149734497
1703,11,train/lr,3.700770414533629e-05
1704,11,train/loss,1.4132208824157715
1704,11,train/lr,3.6972518938447306e-05
1705,11,train/loss,1.3324592113494873
1705,11,train/lr,3.693733173164257e-05
1706,11,train/loss,1.4197463989257812
1706,11,train/lr,3.6902142560598004e-05
1707,11,train/loss,1.4088735580444336
1707,11,train/lr,3.686695146099153e-05
1708,11,train/loss,1.529776692390442
1708,11,train/lr,3.683175846850304e-05
1709,11,train/loss,1.5127592086791992
1709,11,train/lr,3.6796563618814304e-05
1710,11,train/loss,1.5274791717529297
1710,11,train/lr,3.676136694760903e-05
1711,11,train/loss,1.4657018184661865
1711,11,train/lr,3.6726168490572725e-05
1712,11,train/loss,1.4713796377182007
1712,11,train/lr,3.6690968283392746e-05
1713,11,train/loss,1.3070259094238281
1713,11,train/lr,3.665576636175819e-05
1714,11,train/loss,1.4853967428207397
1714,11,train/lr,3.662056276135991e-05
1715,11,train/loss,1.452406883239746
1715,11,train/lr,3.658535751789045e-05
1716,11,train/loss,1.367627501487732
1716,11,train/lr,3.655015066704405e-05
1717,11,train/loss,1.256408929824829
1717,11,train/lr,3.651494224451654e-05
1718,11,train/loss,1.4071252346038818
1718,11,train/lr,3.647973228600536e-05
1719,11,train/loss,1.3500725030899048
1719,11,train/lr,3.644452082720952e-05
1720,11,train/loss,1.349616289138794
1720,11,train/lr,3.640930790382953e-05
1721,11,train/loss,1.3032455444335938
1721,11,train/lr,3.63740935515674e-05
1722,11,train/loss,1.4849786758422852
1722,11,train/lr,3.6338877806126584e-05
1723,11,train/loss,1.5222448110580444
1723,11,train/lr,3.630366070321195e-05
1724,11,train/loss,1.5354816913604736
1724,11,train/lr,3.626844227852973e-05
1725,11,train/loss,1.6348199844360352
1725,11,train/lr,3.6233222567787514e-05
1726,11,train/loss,1.746155023574829
1726,11,train/lr,3.619800160669419e-05
1727,11,train/loss,1.4357953071594238
1727,11,train/lr,3.61627794309599e-05
1728,11,train/loss,1.394444227218628
1728,11,train/lr,3.6127556076296055e-05
1729,11,train/loss,1.56862473487854
1729,11,train/lr,3.609233157841521e-05
1730,11,train/loss,1.355900764465332
1730,11,train/lr,3.605710597303111e-05
1731,11,train/loss,1.33643639087677
1731,11,train/lr,3.6021879295858624e-05
1732,11,train/loss,1.3272382020950317
1732,11,train/lr,3.598665158261371e-05
1733,11,train/loss,1.4030139446258545
1733,11,train/lr,3.5951422869013354e-05
1734,11,train/loss,1.363382339477539
1734,11,train/lr,3.5916193190775565e-05
1735,11,train/loss,1.4234843254089355
1735,11,train/lr,3.588096258361935e-05
1736,11,train/loss,1.7107734680175781
1736,11,train/lr,3.5845731083264626e-05
1737,11,train/loss,1.400338888168335
1737,11,train/lr,3.581049872543226e-05
1738,11,train/loss,1.3683671951293945
1738,11,train/lr,3.5775265545843936e-05
1739,11,train/loss,1.2758545875549316
1739,11,train/lr,3.57400315802222e-05
1740,11,train/loss,1.4605414867401123
1740,11,train/lr,3.570479686429041e-05
1741,11,train/loss,1.4828431606292725
1741,11,train/lr,3.566956143377264e-05
1742,11,train/loss,1.510032296180725
1742,11,train/lr,3.563432532439374e-05
1743,11,train/loss,1.5090336799621582
1743,11,train/lr,3.55990885718792e-05
1744,11,train/loss,1.5038840770721436
1744,11,train/lr,3.5563851211955195e-05
1745,11,train/loss,1.4333031177520752
1745,11,train/lr,3.5528613280348505e-05
1746,11,train/loss,1.4759223461151123
1746,11,train/lr,3.549337481278649e-05
1747,11,train/loss,1.524186611175537
1747,11,train/lr,3.545813584499705e-05
1748,11,train/loss,1.6254079341888428
1748,11,train/lr,3.54228964127086e-05
1749,11,train/loss,1.6767170429229736
1749,11,train/lr,3.5387656551650034e-05
1750,11,train/loss,1.2976702451705933
1750,11,train/lr,3.535241629755064e-05
1751,11,train/loss,1.4656304121017456
1751,11,train/lr,3.5317175686140157e-05
1752,11,train/loss,1.4340121746063232
1752,11,train/lr,3.528193475314864e-05
1753,11,train/loss,1.282480239868164
1753,11,train/lr,3.524669353430653e-05
1754,11,train/loss,1.3942208290100098
1754,11,train/lr,3.521145206534448e-05
1755,11,train/loss,1.3652575016021729
1755,11,train/lr,3.517621038199346e-05
1756,11,train/loss,1.4146780967712402
1756,11,train/lr,3.5140968519984616e-05
1757,11,train/loss,1.242171287536621
1757,11,train/lr,3.51057265150493e-05
1758,11,train/loss,1.6391156911849976
1758,11,train/lr,3.5070484402919037e-05
1759,11,train/loss,1.4220677614212036
1759,11,train/lr,3.5035242219325366e-05
1760,11,train/loss,1.5645610094070435
1760,11,train/lr,3.5e-05
1761,11,train/loss,1.4992057085037231
1761,11,train/lr,3.496475778067463e-05
1762,11,train/loss,1.419572114944458
1762,11,train/lr,3.4929515597080964e-05
1763,11,train/loss,1.386908769607544
1763,11,train/lr,3.489427348495069e-05
1764,11,train/loss,1.3589915037155151
1764,11,train/lr,3.485903148001538e-05
1765,11,train/loss,1.5274596214294434
1765,11,train/lr,3.482378961800654e-05
1766,11,train/loss,1.470186471939087
1766,11,train/lr,3.478854793465552e-05
1767,11,train/loss,1.501110315322876
1767,11,train/lr,3.475330646569347e-05
1768,11,train/loss,1.450002670288086
1768,11,train/lr,3.4718065246851354e-05
1769,11,train/loss,1.2261593341827393
1769,11,train/lr,3.4682824313859844e-05
1770,11,train/loss,1.4685423374176025
1770,11,train/lr,3.464758370244936e-05
1771,11,train/loss,1.613940715789795
1771,11,train/lr,3.461234344834997e-05
1772,11,train/loss,1.5786678791046143
1772,11,train/lr,3.457710358729139e-05
1773,11,train/loss,1.5326651334762573
1773,11,train/lr,3.454186415500295e-05
1774,11,train/loss,1.414907455444336
1774,11,train/lr,3.4506625187213507e-05
1775,11,train/loss,1.4385156631469727
1775,11,train/lr,3.4471386719651496e-05
1776,11,train/loss,1.4587475061416626
1776,11,train/lr,3.4436148788044806e-05
1777,11,train/loss,1.3741471767425537
1777,11,train/lr,3.44009114281208e-05
1778,11,train/loss,1.306934118270874
1778,11,train/lr,3.436567467560626e-05
1779,11,train/loss,1.5027109384536743
1779,11,train/lr,3.433043856622735e-05
1780,11,train/loss,1.3314279317855835
1780,11,train/lr,3.429520313570959e-05
1781,11,train/loss,1.4016141891479492
1781,11,train/lr,3.425996841977779e-05
1782,11,train/loss,1.345932960510254
1782,11,train/lr,3.4224734454156065e-05
1783,11,train/loss,1.3853275775909424
1783,11,train/lr,3.418950127456774e-05
1784,11,train/loss,1.5203595161437988
1784,11,train/lr,3.4154268916735375e-05
1785,11,train/loss,1.5171327590942383
1785,11,train/lr,3.411903741638066e-05
1786,11,train/loss,1.5530763864517212
1786,11,train/lr,3.408380680922444e-05
1787,11,train/loss,1.2968337535858154
1787,11,train/lr,3.4048577130986654e-05
1788,11,train/loss,1.5407545566558838
1788,11,train/lr,3.401334841738629e-05
1789,11,train/loss,1.5606458187103271
1789,11,train/lr,3.3978120704141376e-05
1790,11,train/loss,1.4841902256011963
1790,11,train/lr,3.394289402696889e-05
1791,11,train/loss,1.3102672100067139
1791,11,train/lr,3.39076684215848e-05
1792,11,train/loss,1.3693904876708984
1792,11,train/lr,3.387244392370395e-05
1793,11,train/loss,1.3559260368347168
1793,11,train/lr,3.38372205690401e-05
1794,11,train/loss,1.4508724212646484
1794,11,train/lr,3.380199839330582e-05
1795,11,train/loss,1.438180923461914
1795,11,train/lr,3.3766777432212494e-05
1796,11,train/loss,1.4432730674743652
1796,11,train/lr,3.373155772147028e-05
1797,11,train/loss,1.5226101875305176
1797,11,train/lr,3.369633929678806e-05
1798,11,train/loss,1.4022865295410156
1798,11,train/lr,3.3661122193873416e-05
1799,11,train/loss,1.325197696685791
1799,11,train/lr,3.362590644843261e-05
1800,11,train/loss,1.5029120445251465
1800,11,train/lr,3.3590692096170476e-05
1801,11,train/loss,1.4777007102966309
1801,11,train/lr,3.355547917279049e-05
1802,11,train/loss,1.5790588855743408
1802,11,train/lr,3.352026771399464e-05
1803,11,train/loss,1.4684094190597534
1803,11,train/lr,3.348505775548347e-05
1804,11,train/loss,1.4213504791259766
1804,11,train/lr,3.344984933295596e-05
1805,11,train/loss,1.5079885721206665
1805,11,train/lr,3.341464248210955e-05
1806,11,train/loss,1.4663097858428955
1806,11,train/lr,3.33794372386401e-05
1807,11,train/loss,1.1826767921447754
1807,11,train/lr,3.3344233638241815e-05
1808,11,train/loss,1.3891175985336304
1808,11,train/lr,3.3309031716607255e-05
1809,11,train/loss,1.4147025346755981
1809,11,train/lr,3.327383150942726e-05
1810,11,train/loss,1.5297539234161377
1810,11,train/lr,3.323863305239096e-05
1811,11,train/loss,1.5824840068817139
1811,11,train/lr,3.320343638118568e-05
1812,11,train/loss,1.5113484859466553
1812,11,train/lr,3.316824153149696e-05
1813,11,train/loss,1.6577999591827393
1813,11,train/lr,3.313304853900846e-05
1814,11,train/loss,1.3316742181777954
1814,11,train/lr,3.309785743940199e-05
1815,11,train/loss,1.4969667196273804
1815,11,train/lr,3.306266826835742e-05
1816,11,train/loss,1.3849118947982788
1816,11,train/lr,3.302748106155268e-05
1817,11,train/loss,1.2581441402435303
1817,11,train/lr,3.299229585466371e-05
1818,11,train/loss,1.484602928161621
1818,11,train/lr,3.2957112683364385e-05
1819,11,train/loss,1.367157220840454
1819,11,train/lr,3.2921931583326565e-05
1820,11,train/loss,1.466115951538086
1820,11,train/lr,3.288675259021998e-05
1821,11,train/loss,1.3737716674804688
1821,11,train/lr,3.285157573971224e-05
1822,11,train/loss,1.611703872680664
1822,11,train/lr,3.2816401067468786e-05
1823,11,train/loss,1.6329526901245117
1823,11,train/lr,3.278122860915281e-05
1824,11,train/loss,1.4000771045684814
1824,11,train/lr,3.274605840042531e-05
1825,11,train/loss,1.5245881080627441
1825,11,train/lr,3.2710890476944986e-05
1826,11,train/loss,1.4777952432632446
1826,11,train/lr,3.267572487436821e-05
1826,11,train/batches,662.0
1826,11,train/compute_pct,99.92226384069446
1826,11,train/compute_sec,115.22279786098443
1826,11,train/data_wait_pct,0.07773615930554946
1826,11,train/data_wait_sec,0.08963945997493283
1826,11,train/examples,5296.0
1826,11,train/examples_per_sec,45.92739623791987
1826,11,train/input_tokens,763267.0
1826,11,train/peak_vram_gb,6.7626729011535645
1826,11,train/target_tokens,424810.0
1826,11,train/tokens_per_sec,10303.11237540769
1826,11,train/total_sec,115.31243732095936
1826,11,train/epoch_loss,1.436312204941522
1826,11,epoch11/batches,662.0
1826,11,epoch11/compute_pct,99.92226384069446
1826,11,epoch11/compute_sec,115.22279786098443
1826,11,epoch11/data_wait_pct,0.07773615930554946
1826,11,epoch11/data_wait_sec,0.08963945997493283
1826,11,epoch11/examples,5296.0
1826,11,epoch11/examples_per_sec,45.92739623791987
1826,11,epoch11/input_tokens,763267.0
1826,11,epoch11/peak_vram_gb,6.7626729011535645
1826,11,epoch11/target_tokens,424810.0
1826,11,epoch11/tokens_per_sec,10303.11237540769
1826,11,epoch11/total_sec,115.31243732095936
1826,11,val/bleu,24.19297941175441
1826,11,val/chrf,44.907407099530126
1826,11,val/combined,32.96124960304458
1826,11,val/eval_peak_vram_gb,6.7626729011535645
1826,11,val/eval_samples_per_sec,5.827015372687684
1826,11,val/eval_seconds,102.2822082799994
1826,11,val/eval_tokens_per_sec,1080.5398305191993
1827,12,train/loss,1.501922845840454
1827,12,train/lr,3.264056162834901e-05
1828,12,train/loss,1.5690698623657227
1828,12,train/lr,3.260540077453903e-05
1829,12,train/loss,1.4477207660675049
1829,12,train/lr,3.257024234858747e-05
1830,12,train/loss,1.4181329011917114
1830,12,train/lr,3.253508638614108e-05
1831,12,train/loss,1.3026115894317627
1831,12,train/lr,3.249993292284412e-05
1832,12,train/loss,1.3234492540359497
1832,12,train/lr,3.2464781994338315e-05
1833,12,train/loss,1.3196552991867065
1833,12,train/lr,3.24296336362628e-05
1834,12,train/loss,1.269538164138794
1834,12,train/lr,3.2394487884254124e-05
1835,12,train/loss,1.405836582183838
1835,12,train/lr,3.235934477394619e-05
1836,12,train/loss,1.4124069213867188
1836,12,train/lr,3.232420434097021e-05
1837,12,train/loss,1.4316082000732422
1837,12,train/lr,3.22890666209547e-05
1838,12,train/loss,1.485127568244934
1838,12,train/lr,3.225393164952543e-05
1839,12,train/loss,1.7459856271743774
1839,12,train/lr,3.221879946230534e-05
1840,12,train/loss,1.463356375694275
1840,12,train/lr,3.2183670094914595e-05
1841,12,train/loss,1.4256386756896973
1841,12,train/lr,3.214854358297048e-05
1842,12,train/loss,1.4730994701385498
1842,12,train/lr,3.211341996208738e-05
1843,12,train/loss,1.4106143712997437
1843,12,train/lr,3.2078299267876776e-05
1844,12,train/loss,1.329613447189331
1844,12,train/lr,3.2043181535947155e-05
1845,12,train/loss,1.39335036277771
1845,12,train/lr,3.2008066801904e-05
1846,12,train/loss,1.2486525774002075
1846,12,train/lr,3.197295510134976e-05
1847,12,train/loss,1.452158808708191
1847,12,train/lr,3.193784646988382e-05
1848,12,train/loss,1.4280202388763428
1848,12,train/lr,3.190274094310245e-05
1849,12,train/loss,1.4482052326202393
1849,12,train/lr,3.186763855659876e-05
1850,12,train/loss,1.4067399501800537
1850,12,train/lr,3.1832539345962676e-05
1851,12,train/loss,1.4710242748260498
1851,12,train/lr,3.179744334678091e-05
1852,12,train/loss,1.3908425569534302
1852,12,train/lr,3.176235059463693e-05
1853,12,train/loss,1.4379551410675049
1853,12,train/lr,3.1727261125110903e-05
1854,12,train/loss,1.3772727251052856
1854,12,train/lr,3.169217497377965e-05
1855,12,train/loss,1.4373924732208252
1855,12,train/lr,3.165709217621664e-05
1856,12,train/loss,1.3188443183898926
1856,12,train/lr,3.162201276799197e-05
1857,12,train/loss,1.5400034189224243
1857,12,train/lr,3.1586936784672246e-05
1858,12,train/loss,1.5484699010849
1858,12,train/lr,3.155186426182066e-05
1859,12,train/loss,1.4914515018463135
1859,12,train/lr,3.151679523499684e-05
1860,12,train/loss,1.3790762424468994
1860,12,train/lr,3.14817297397569e-05
1861,12,train/loss,1.4121066331863403
1861,12,train/lr,3.144666781165338e-05
1862,12,train/loss,1.4436891078948975
1862,12,train/lr,3.1411609486235185e-05
1863,12,train/loss,1.5086551904678345
1863,12,train/lr,3.137655479904758e-05
1864,12,train/loss,1.448752999305725
1864,12,train/lr,3.134150378563213e-05
1865,12,train/loss,1.4668939113616943
1865,12,train/lr,3.130645648152668e-05
1866,12,train/loss,1.5721068382263184
1866,12,train/lr,3.1271412922265315e-05
1867,12,train/loss,1.432951807975769
1867,12,train/lr,3.123637314337833e-05
1868,12,train/loss,1.4464178085327148
1868,12,train/lr,3.1201337180392183e-05
1869,12,train/loss,1.259006142616272
1869,12,train/lr,3.1166305068829444e-05
1870,12,train/loss,1.3628109693527222
1870,12,train/lr,3.11312768442088e-05
1871,12,train/loss,1.4200232028961182
1871,12,train/lr,3.1096252542045004e-05
1872,12,train/loss,1.2791054248809814
1872,12,train/lr,3.1061232197848805e-05
1873,12,train/loss,1.2879180908203125
1873,12,train/lr,3.1026215847126974e-05
1874,12,train/loss,1.2769609689712524
1874,12,train/lr,3.0991203525382184e-05
1875,12,train/loss,1.398176908493042
1875,12,train/lr,3.0956195268113067e-05
1876,12,train/loss,1.4909847974777222
1876,12,train/lr,3.092119111081412e-05
1877,12,train/loss,1.5352411270141602
1877,12,train/lr,3.0886191088975686e-05
1878,12,train/loss,1.4222767353057861
1878,12,train/lr,3.0851195238083906e-05
1879,12,train/loss,1.3756394386291504
1879,12,train/lr,3.0816203593620686e-05
1880,12,train/loss,1.4538286924362183
1880,12,train/lr,3.07812161910637e-05
1881,12,train/loss,1.3781713247299194
1881,12,train/lr,3.074623306588628e-05
1882,12,train/loss,1.4427976608276367
1882,12,train/lr,3.071125425355745e-05
1883,12,train/loss,1.4984426498413086
1883,12,train/lr,3.067627978954185e-05
1884,12,train/loss,1.3913311958312988
1884,12,train/lr,3.0641309709299724e-05
1885,12,train/loss,1.4407844543457031
1885,12,train/lr,3.060634404828685e-05
1886,12,train/loss,1.4434202909469604
1886,12,train/lr,3.057138284195453e-05
1887,12,train/loss,1.2626736164093018
1887,12,train/lr,3.053642612574956e-05
1888,12,train/loss,1.3866217136383057
1888,12,train/lr,3.050147393511419e-05
1889,12,train/loss,1.419220209121704
1889,12,train/lr,3.0466526305486063e-05
1890,12,train/loss,1.619596004486084
1890,12,train/lr,3.04315832722982e-05
1891,12,train/loss,1.3881187438964844
1891,12,train/lr,3.039664487097897e-05
1892,12,train/loss,1.5728583335876465
1892,12,train/lr,3.0361711136952042e-05
1893,12,train/loss,1.7447535991668701
1893,12,train/lr,3.0326782105636355e-05
1894,12,train/loss,1.3110523223876953
1894,12,train/lr,3.029185781244609e-05
1895,12,train/loss,1.4030580520629883
1895,12,train/lr,3.0256938292790595e-05
1896,12,train/loss,1.4706635475158691
1896,12,train/lr,3.0222023582074396e-05
1897,12,train/loss,1.4169816970825195
1897,12,train/lr,3.0187113715697158e-05
1898,12,train/loss,1.3204381465911865
1898,12,train/lr,3.0152208729053605e-05
1899,12,train/loss,1.4274725914001465
1899,12,train/lr,3.0117308657533543e-05
1900,12,train/loss,1.4398694038391113
1900,12,train/lr,3.0082413536521762e-05
1901,12,train/loss,1.395179271697998
1901,12,train/lr,3.0047523401398058e-05
1902,12,train/loss,1.3936924934387207
1902,12,train/lr,3.0012638287537167e-05
1903,12,train/loss,1.2120221853256226
1903,12,train/lr,2.9977758230308727e-05
1904,12,train/loss,1.38448166847229
1904,12,train/lr,2.994288326507726e-05
1905,12,train/loss,1.2909932136535645
1905,12,train/lr,2.990801342720211e-05
1906,12,train/loss,1.5217084884643555
1906,12,train/lr,2.987314875203743e-05
1907,12,train/loss,1.3814165592193604
1907,12,train/lr,2.9838289274932145e-05
1908,12,train/loss,1.2715637683868408
1908,12,train/lr,2.9803435031229907e-05
1909,12,train/loss,1.3298639059066772
1909,12,train/lr,2.976858605626905e-05
1910,12,train/loss,1.3794679641723633
1910,12,train/lr,2.9733742385382587e-05
1911,12,train/loss,1.3694785833358765
1911,12,train/lr,2.969890405389813e-05
1912,12,train/loss,1.5008386373519897
1912,12,train/lr,2.9664071097137908e-05
1913,12,train/loss,1.4141037464141846
1913,12,train/lr,2.9629243550418657e-05
1914,12,train/loss,1.4046928882598877
1914,12,train/lr,2.9594421449051664e-05
1915,12,train/loss,1.3836712837219238
1915,12,train/lr,2.9559604828342682e-05
1916,12,train/loss,1.362633466720581
1916,12,train/lr,2.9524793723591912e-05
1917,12,train/loss,1.4328621625900269
1917,12,train/lr,2.948998817009396e-05
1918,12,train/loss,1.3972079753875732
1918,12,train/lr,2.9455188203137792e-05
1919,12,train/loss,1.3407970666885376
1919,12,train/lr,2.942039385800673e-05
1920,12,train/loss,1.256081461906433
1920,12,train/lr,2.9385605169978387e-05
1921,12,train/loss,1.4334931373596191
1921,12,train/lr,2.9350822174324633e-05
1922,12,train/loss,1.458752155303955
1922,12,train/lr,2.9316044906311585e-05
1923,12,train/loss,1.2904924154281616
1923,12,train/lr,2.928127340119953e-05
1924,12,train/loss,1.410930871963501
1924,12,train/lr,2.9246507694242926e-05
1925,12,train/loss,1.3371851444244385
1925,12,train/lr,2.9211747820690353e-05
1926,12,train/loss,1.451651930809021
1926,12,train/lr,2.9176993815784468e-05
1927,12,train/loss,1.292295217514038
1927,12,train/lr,2.9142245714761997e-05
1928,12,train/loss,1.4589117765426636
1928,12,train/lr,2.9107503552853648e-05
1929,12,train/loss,1.2368485927581787
1929,12,train/lr,2.9072767365284138e-05
1930,12,train/loss,1.3877537250518799
1930,12,train/lr,2.9038037187272103e-05
1931,12,train/loss,1.2462061643600464
1931,12,train/lr,2.9003313054030107e-05
1932,12,train/loss,1.3113552331924438
1932,12,train/lr,2.8968595000764585e-05
1933,12,train/loss,1.3036837577819824
1933,12,train/lr,2.8933883062675774e-05
1934,12,train/loss,1.332938551902771
1934,12,train/lr,2.889917727495775e-05
1935,12,train/loss,1.499760627746582
1935,12,train/lr,2.8864477672798336e-05
1936,12,train/loss,1.4400455951690674
1936,12,train/lr,2.8829784291379082e-05
1937,12,train/loss,1.524341344833374
1937,12,train/lr,2.8795097165875245e-05
1938,12,train/loss,1.526914119720459
1938,12,train/lr,2.8760416331455726e-05
1939,12,train/loss,1.4592982530593872
1939,12,train/lr,2.8725741823283035e-05
1940,12,train/loss,1.1841456890106201
1940,12,train/lr,2.8691073676513295e-05
1941,12,train/loss,1.4341719150543213
1941,12,train/lr,2.865641192629617e-05
1942,12,train/loss,1.256922721862793
1942,12,train/lr,2.8621756607774834e-05
1943,12,train/loss,1.4172155857086182
1943,12,train/lr,2.8587107756085948e-05
1944,12,train/loss,1.3996778726577759
1944,12,train/lr,2.8552465406359593e-05
1945,12,train/loss,1.3216607570648193
1945,12,train/lr,2.851782959371929e-05
1946,12,train/loss,1.3696900606155396
1946,12,train/lr,2.8483200353281913e-05
1947,12,train/loss,1.315930724143982
1947,12,train/lr,2.8448577720157676e-05
1948,12,train/loss,1.2556142807006836
1948,12,train/lr,2.84139617294501e-05
1949,12,train/loss,1.5489569902420044
1949,12,train/lr,2.837935241625596e-05
1950,12,train/loss,1.3319039344787598
1950,12,train/lr,2.8344749815665268e-05
1951,12,train/loss,1.5047107934951782
1951,12,train/lr,2.8310153962761226e-05
1952,12,train/loss,1.4204909801483154
1952,12,train/lr,2.8275564892620202e-05
1953,12,train/loss,1.498611569404602
1953,12,train/lr,2.824098264031169e-05
1954,12,train/loss,1.4425251483917236
1954,12,train/lr,2.8206407240898248e-05
1955,12,train/loss,1.6225063800811768
1955,12,train/lr,2.8171838729435512e-05
1956,12,train/loss,1.3336663246154785
1956,12,train/lr,2.813727714097212e-05
1957,12,train/loss,1.468726634979248
1957,12,train/lr,2.8102722510549693e-05
1958,12,train/loss,1.5223519802093506
1958,12,train/lr,2.806817487320282e-05
1959,12,train/loss,1.4243061542510986
1959,12,train/lr,2.8033634263958945e-05
1960,12,train/loss,1.3163830041885376
1960,12,train/lr,2.799910071783845e-05
1961,12,train/loss,1.350795865058899
1961,12,train/lr,2.7964574269854504e-05
1962,12,train/loss,1.5750963687896729
1962,12,train/lr,2.7930054955013117e-05
1963,12,train/loss,1.4449771642684937
1963,12,train/lr,2.7895542808313058e-05
1964,12,train/loss,1.520801067352295
1964,12,train/lr,2.7861037864745796e-05
1965,12,train/loss,1.5150127410888672
1965,12,train/lr,2.7826540159295545e-05
1966,12,train/loss,1.4023890495300293
1966,12,train/lr,2.779204972693914e-05
1967,12,train/loss,1.4711066484451294
1967,12,train/lr,2.775756660264608e-05
1968,12,train/loss,1.346304178237915
1968,12,train/lr,2.7723090821378425e-05
1969,12,train/loss,1.244495153427124
1969,12,train/lr,2.7688622418090795e-05
1970,12,train/loss,1.260412335395813
1970,12,train/lr,2.7654161427730337e-05
1971,12,train/loss,1.263571858406067
1971,12,train/lr,2.7619707885236676e-05
1972,12,train/loss,1.4189331531524658
1972,12,train/lr,2.7585261825541897e-05
1973,12,train/loss,1.2550064325332642
1973,12,train/lr,2.7550823283570486e-05
1974,12,train/loss,1.3849468231201172
1974,12,train/lr,2.75163922942393e-05
1975,12,train/loss,1.3467752933502197
1975,12,train/lr,2.7481968892457567e-05
1976,12,train/loss,1.478956937789917
1976,12,train/lr,2.7447553113126786e-05
1977,12,train/loss,1.4459609985351562
1977,12,train/lr,2.741314499114076e-05
1978,12,train/loss,1.4338830709457397
1978,12,train/lr,2.7378744561385505e-05
1979,12,train/loss,1.374091386795044
1979,12,train/lr,2.7344351858739266e-05
1980,12,train/loss,1.2494349479675293
1980,12,train/lr,2.7309966918072406e-05
1981,12,train/loss,1.3834381103515625
1981,12,train/lr,2.7275589774247464e-05
1982,12,train/loss,1.4123239517211914
1982,12,train/lr,2.7241220462119056e-05
1983,12,train/loss,1.2439814805984497
1983,12,train/lr,2.720685901653385e-05
1984,12,train/loss,1.3133645057678223
1984,12,train/lr,2.7172505472330564e-05
1985,12,train/loss,1.3547335863113403
1985,12,train/lr,2.713815986433987e-05
1986,12,train/loss,1.4415905475616455
1986,12,train/lr,2.7103822227384416e-05
1987,12,train/loss,1.4514634609222412
1987,12,train/lr,2.7069492596278757e-05
1988,12,train/loss,1.3843544721603394
1988,12,train/lr,2.703517100582935e-05
1989,12,train/loss,1.4771168231964111
1989,12,train/lr,2.7000857490834488e-05
1990,12,train/loss,1.3763172626495361
1990,12,train/lr,2.696655208608426e-05
1991,12,train/loss,1.2458640336990356
1991,12,train/lr,2.6932254826360556e-05
1992,12,train/loss,1.4469951391220093
1992,12,train/lr,2.6897965746436997e-05
1992,12,train/batches,662.0
1992,12,train/compute_pct,99.92561406522972
1992,12,train/compute_sec,110.65947461398355
1992,12,train/data_wait_pct,0.07438593477027973
1992,12,train/data_wait_sec,0.08237636102967372
1992,12,train/examples,5296.0
1992,12,train/examples_per_sec,47.82293192114823
1992,12,train/input_tokens,763267.0
1992,12,train/peak_vram_gb,6.7626729011535645
1992,12,train/target_tokens,424810.0
1992,12,train/tokens_per_sec,10728.346957719416
1992,12,train/total_sec,110.74185097501322
1992,12,train/epoch_loss,1.418910384358236
1992,12,epoch12/batches,662.0
1992,12,epoch12/compute_pct,99.92561406522972
1992,12,epoch12/compute_sec,110.65947461398355
1992,12,epoch12/data_wait_pct,0.07438593477027973
1992,12,epoch12/data_wait_sec,0.08237636102967372
1992,12,epoch12/examples,5296.0
1992,12,epoch12/examples_per_sec,47.82293192114823
1992,12,epoch12/input_tokens,763267.0
1992,12,epoch12/peak_vram_gb,6.7626729011535645
1992,12,epoch12/target_tokens,424810.0
1992,12,epoch12/tokens_per_sec,10728.346957719416
1992,12,epoch12/total_sec,110.74185097501322
1992,12,val/bleu,24.129220219019416
1992,12,val/chrf,44.7913616681707
1992,12,val/combined,32.875228206067796
1992,12,val/eval_peak_vram_gb,6.7626729011535645
1992,12,val/eval_samples_per_sec,5.052305210124716
1992,12,val/eval_seconds,117.96595320599954
1992,12,val/eval_tokens_per_sec,971.6701885995562
1993,13,train/loss,1.438459873199463
1993,13,train/lr,2.6863684881078916e-05
1994,13,train/loss,1.3910493850708008
1994,13,train/lr,2.6829412265043318e-05
1995,13,train/loss,1.4131641387939453
1995,13,train/lr,2.679514793307883e-05
1996,13,train/loss,1.4283517599105835
1996,13,train/lr,2.676089191992569e-05
1997,13,train/loss,1.3508590459823608
1997,13,train/lr,2.6726644260315708e-05
1998,13,train/loss,1.409565806388855
1998,13,train/lr,2.6692404988972216e-05
1999,13,train/loss,1.4533181190490723
1999,13,train/lr,2.6658174140610048e-05
2000,13,train/loss,1.2733654975891113
2000,13,train/lr,2.6623951749935487e-05
2001,13,train/loss,1.468775987625122
2001,13,train/lr,2.6589737851646243e-05
2002,13,train/loss,1.3226394653320312
2002,13,train/lr,2.655553248043143e-05
2003,13,train/loss,1.4975385665893555
2003,13,train/lr,2.6521335670971503e-05
2004,13,train/loss,1.530491590499878
2004,13,train/lr,2.6487147457938223e-05
2005,13,train/loss,1.2608274221420288
2005,13,train/lr,2.6452967875994686e-05
2006,13,train/loss,1.3849444389343262
2006,13,train/lr,2.641879695979518e-05
2007,13,train/loss,1.4497627019882202
2007,13,train/lr,2.638463474398524e-05
2008,13,train/loss,1.5007286071777344
2008,13,train/lr,2.635048126320156e-05
2009,13,train/loss,1.3938859701156616
2009,13,train/lr,2.6316336552071988e-05
2010,13,train/loss,1.3579325675964355
2010,13,train/lr,2.6282200645215486e-05
2011,13,train/loss,1.4509823322296143
2011,13,train/lr,2.624807357724208e-05
2012,13,train/loss,1.2026981115341187
2012,13,train/lr,2.6213955382752837e-05
2013,13,train/loss,1.2903069257736206
2013,13,train/lr,2.6179846096339832e-05
2014,13,train/loss,1.3238136768341064
2014,13,train/lr,2.6145745752586096e-05
2015,13,train/loss,1.4258167743682861
2015,13,train/lr,2.6111654386065603e-05
2016,13,train/loss,1.4922547340393066
2016,13,train/lr,2.6077572031343227e-05
2017,13,train/loss,1.4827880859375
2017,13,train/lr,2.604349872297471e-05
2018,13,train/loss,1.1773136854171753
2018,13,train/lr,2.6009434495506595e-05
2019,13,train/loss,1.3867511749267578
2019,13,train/lr,2.597537938347624e-05
2020,13,train/loss,1.4261257648468018
2020,13,train/lr,2.5941333421411768e-05
2021,13,train/loss,1.2441376447677612
2021,13,train/lr,2.5907296643832004e-05
2022,13,train/loss,1.522935390472412
2022,13,train/lr,2.5873269085246484e-05
2023,13,train/loss,1.3582086563110352
2023,13,train/lr,2.5839250780155368e-05
2024,13,train/loss,1.278090000152588
2024,13,train/lr,2.5805241763049455e-05
2025,13,train/loss,1.3331739902496338
2025,13,train/lr,2.5771242068410124e-05
2026,13,train/loss,1.354954719543457
2026,13,train/lr,2.57372517307093e-05
2027,13,train/loss,1.3804802894592285
2027,13,train/lr,2.570327078440943e-05
2028,13,train/loss,1.5868024826049805
2028,13,train/lr,2.566929926396341e-05
2029,13,train/loss,1.5296032428741455
2029,13,train/lr,2.5635337203814616e-05
2030,13,train/loss,1.5484269857406616
2030,13,train/lr,2.5601384638396808e-05
2031,13,train/loss,1.5311616659164429
2031,13,train/lr,2.5567441602134137e-05
2032,13,train/loss,1.4258235692977905
2032,13,train/lr,2.553350812944107e-05
2033,13,train/loss,1.5422450304031372
2033,13,train/lr,2.54995842547224e-05
2034,13,train/loss,1.481628179550171
2034,13,train/lr,2.5465670012373173e-05
2035,13,train/loss,1.4361987113952637
2035,13,train/lr,2.5431765436778675e-05
2036,13,train/loss,1.4240102767944336
2036,13,train/lr,2.5397870562314397e-05
2037,13,train/loss,1.3584685325622559
2037,13,train/lr,2.536398542334598e-05
2038,13,train/loss,1.5259113311767578
2038,13,train/lr,2.533011005422922e-05
2039,13,train/loss,1.323754072189331
2039,13,train/lr,2.529624448930996e-05
2040,13,train/loss,1.4175339937210083
2040,13,train/lr,2.5262388762924156e-05
2041,13,train/loss,1.4318925142288208
2041,13,train/lr,2.5228542909397756e-05
2042,13,train/loss,1.5240283012390137
2042,13,train/lr,2.5194706963046707e-05
2043,13,train/loss,1.3121395111083984
2043,13,train/lr,2.5160880958176925e-05
2044,13,train/loss,1.3080464601516724
2044,13,train/lr,2.5127064929084213e-05
2045,13,train/loss,1.344935417175293
2045,13,train/lr,2.5093258910054287e-05
2046,13,train/loss,1.3436063528060913
2046,13,train/lr,2.5059462935362704e-05
2047,13,train/loss,1.2902107238769531
2047,13,train/lr,2.5025677039274848e-05
2048,13,train/loss,1.2433078289031982
2048,13,train/lr,2.499190125604588e-05
2049,13,train/loss,1.2543904781341553
2049,13,train/lr,2.4958135619920686e-05
2050,13,train/loss,1.3223451375961304
2050,13,train/lr,2.4924380165133884e-05
2051,13,train/loss,1.33211088180542
2051,13,train/lr,2.4890634925909782e-05
2052,13,train/loss,1.3602144718170166
2052,13,train/lr,2.4856899936462306e-05
2053,13,train/loss,1.3792163133621216
2053,13,train/lr,2.4823175230995e-05
2054,13,train/loss,1.3128933906555176
2054,13,train/lr,2.478946084370098e-05
2055,13,train/loss,1.4205431938171387
2055,13,train/lr,2.4755756808762905e-05
2056,13,train/loss,1.2666666507720947
2056,13,train/lr,2.4722063160352926e-05
2057,13,train/loss,1.344645380973816
2057,13,train/lr,2.4688379932632675e-05
2058,13,train/loss,1.4493993520736694
2058,13,train/lr,2.4654707159753225e-05
2059,13,train/loss,1.3412117958068848
2059,13,train/lr,2.4621044875855016e-05
2060,13,train/loss,1.5404455661773682
2060,13,train/lr,2.45873931150679e-05
2061,13,train/loss,1.252210021018982
2061,13,train/lr,2.4553751911511014e-05
2062,13,train/loss,1.3349921703338623
2062,13,train/lr,2.4520121299292827e-05
2063,13,train/loss,1.1896514892578125
2063,13,train/lr,2.4486501312511064e-05
2064,13,train/loss,1.2982717752456665
2064,13,train/lr,2.4452891985252647e-05
2065,13,train/loss,1.4073200225830078
2065,13,train/lr,2.4419293351593716e-05
2066,13,train/loss,1.3333604335784912
2066,13,train/lr,2.4385705445599578e-05
2067,13,train/loss,1.4638769626617432
2067,13,train/lr,2.4352128301324632e-05
2068,13,train/loss,1.4097082614898682
2068,13,train/lr,2.431856195281241e-05
2069,13,train/loss,1.4130728244781494
2069,13,train/lr,2.4285006434095443e-05
2070,13,train/loss,1.3364629745483398
2070,13,train/lr,2.4251461779195325e-05
2071,13,train/loss,1.4210230112075806
2071,13,train/lr,2.4217928022122617e-05
2072,13,train/loss,1.3486157655715942
2072,13,train/lr,2.4184405196876842e-05
2073,13,train/loss,1.4304801225662231
2073,13,train/lr,2.415089333744643e-05
2074,13,train/loss,1.4355974197387695
2074,13,train/lr,2.4117392477808692e-05
2075,13,train/loss,1.5318745374679565
2075,13,train/lr,2.4083902651929788e-05
2076,13,train/loss,1.4175264835357666
2076,13,train/lr,2.4050423893764696e-05
2077,13,train/loss,1.367350697517395
2077,13,train/lr,2.401695623725717e-05
2078,13,train/loss,1.4815661907196045
2078,13,train/lr,2.3983499716339703e-05
2079,13,train/loss,1.2548290491104126
2079,13,train/lr,2.395005436493351e-05
2080,13,train/loss,1.3796110153198242
2080,13,train/lr,2.3916620216948467e-05
2081,13,train/loss,1.7442257404327393
2081,13,train/lr,2.38831973062831e-05
2082,13,train/loss,1.3985557556152344
2082,13,train/lr,2.3849785666824532e-05
2083,13,train/loss,1.333619475364685
2083,13,train/lr,2.3816385332448472e-05
2084,13,train/loss,1.2504405975341797
2084,13,train/lr,2.3782996337019168e-05
2085,13,train/loss,1.3723431825637817
2085,13,train/lr,2.374961871438935e-05
2086,13,train/loss,1.3245831727981567
2086,13,train/lr,2.371625249840023e-05
2087,13,train/loss,1.2912428379058838
2087,13,train/lr,2.368289772288147e-05
2088,13,train/loss,1.444284200668335
2088,13,train/lr,2.3649554421651106e-05
2089,13,train/loss,1.356629490852356
2089,13,train/lr,2.3616222628515563e-05
2090,13,train/loss,1.325819969177246
2090,13,train/lr,2.358290237726958e-05
2091,13,train/loss,1.4195725917816162
2091,13,train/lr,2.35495937016962e-05
2092,13,train/loss,1.5970516204833984
2092,13,train/lr,2.351629663556674e-05
2093,13,train/loss,1.7458163499832153
2093,13,train/lr,2.3483011212640725e-05
2094,13,train/loss,1.2975082397460938
2094,13,train/lr,2.3449737466665905e-05
2095,13,train/loss,1.4944441318511963
2095,13,train/lr,2.341647543137816e-05
2096,13,train/loss,1.5646650791168213
2096,13,train/lr,2.338322514050151e-05
2097,13,train/loss,1.5364665985107422
2097,13,train/lr,2.3349986627748074e-05
2098,13,train/loss,1.429902195930481
2098,13,train/lr,2.3316759926818018e-05
2099,13,train/loss,1.2250535488128662
2099,13,train/lr,2.3283545071399553e-05
2100,13,train/loss,1.3206290006637573
2100,13,train/lr,2.325034209516884e-05
2101,13,train/loss,1.2165248394012451
2101,13,train/lr,2.321715103179003e-05
2102,13,train/loss,1.386555552482605
2102,13,train/lr,2.3183971914915178e-05
2103,13,train/loss,1.3856195211410522
2103,13,train/lr,2.3150804778184252e-05
2104,13,train/loss,1.557413935661316
2104,13,train/lr,2.3117649655225048e-05
2105,13,train/loss,1.4257161617279053
2105,13,train/lr,2.308450657965318e-05
2106,13,train/loss,1.4727692604064941
2106,13,train/lr,2.3051375585072066e-05
2107,13,train/loss,1.5848782062530518
2107,13,train/lr,2.3018256705072874e-05
2108,13,train/loss,1.4047448635101318
2108,13,train/lr,2.2985149973234455e-05
2109,13,train/loss,1.455902338027954
2109,13,train/lr,2.295205542312339e-05
2110,13,train/loss,1.5210856199264526
2110,13,train/lr,2.2918973088293872e-05
2111,13,train/loss,1.4864221811294556
2111,13,train/lr,2.2885903002287736e-05
2112,13,train/loss,1.371915340423584
2112,13,train/lr,2.2852845198634395e-05
2113,13,train/loss,1.2466366291046143
2113,13,train/lr,2.281979971085078e-05
2114,13,train/loss,1.3455487489700317
2114,13,train/lr,2.278676657244137e-05
2115,13,train/loss,1.4409632682800293
2115,13,train/lr,2.27537458168981e-05
2116,13,train/loss,1.4284228086471558
2116,13,train/lr,2.2720737477700367e-05
2117,13,train/loss,1.5833251476287842
2117,13,train/lr,2.2687741588314975e-05
2118,13,train/loss,1.3685181140899658
2118,13,train/lr,2.265475818219609e-05
2119,13,train/loss,1.69539475440979
2119,13,train/lr,2.2621787292785238e-05
2120,13,train/loss,1.4096968173980713
2120,13,train/lr,2.258882895351125e-05
2121,13,train/loss,1.4667599201202393
2121,13,train/lr,2.2555883197790232e-05
2122,13,train/loss,1.380141019821167
2122,13,train/lr,2.2522950059025536e-05
2123,13,train/loss,1.4087443351745605
2123,13,train/lr,2.249002957060771e-05
2124,13,train/loss,1.4877148866653442
2124,13,train/lr,2.245712176591449e-05
2125,13,train/loss,1.4362499713897705
2125,13,train/lr,2.242422667831074e-05
2126,13,train/loss,1.4412363767623901
2126,13,train/lr,2.2391344341148436e-05
2127,13,train/loss,1.5059282779693604
2127,13,train/lr,2.2358474787766636e-05
2128,13,train/loss,1.4727792739868164
2128,13,train/lr,2.2325618051491415e-05
2129,13,train/loss,1.4423496723175049
2129,13,train/lr,2.229277416563587e-05
2130,13,train/loss,1.4389691352844238
2130,13,train/lr,2.2259943163500064e-05
2131,13,train/loss,1.613287091255188
2131,13,train/lr,2.2227125078370993e-05
2132,13,train/loss,1.4821772575378418
2132,13,train/lr,2.219431994352257e-05
2133,13,train/loss,1.525559425354004
2133,13,train/lr,2.2161527792215565e-05
2134,13,train/loss,1.4519076347351074
2134,13,train/lr,2.2128748657697585e-05
2135,13,train/loss,1.4244383573532104
2135,13,train/lr,2.2095982573203042e-05
2136,13,train/loss,1.3481756448745728
2136,13,train/lr,2.2063229571953114e-05
2137,13,train/loss,1.1875650882720947
2137,13,train/lr,2.2030489687155728e-05
2138,13,train/loss,1.4200034141540527
2138,13,train/lr,2.1997762952005497e-05
2139,13,train/loss,1.3083316087722778
2139,13,train/lr,2.1965049399683705e-05
2140,13,train/loss,1.3582792282104492
2140,13,train/lr,2.1932349063358262e-05
2141,13,train/loss,1.4466886520385742
2141,13,train/lr,2.1899661976183706e-05
2142,13,train/loss,1.5927109718322754
2142,13,train/lr,2.1866988171301104e-05
2143,13,train/loss,1.4724349975585938
2143,13,train/lr,2.18343276818381e-05
2144,13,train/loss,1.395627737045288
2144,13,train/lr,2.1801680540908783e-05
2145,13,train/loss,1.30879807472229
2145,13,train/lr,2.176904678161376e-05
2146,13,train/loss,1.5116856098175049
2146,13,train/lr,2.1736426437040048e-05
2147,13,train/loss,1.3506801128387451
2147,13,train/lr,2.170381954026105e-05
2148,13,train/loss,1.4410452842712402
2148,13,train/lr,2.1671226124336567e-05
2149,13,train/loss,1.1928719282150269
2149,13,train/lr,2.1638646222312697e-05
2150,13,train/loss,1.3530380725860596
2150,13,train/lr,2.1606079867221858e-05
2151,13,train/loss,1.3530786037445068
2151,13,train/lr,2.157352709208273e-05
2152,13,train/loss,1.4670615196228027
2152,13,train/lr,2.154098792990022e-05
2153,13,train/loss,1.351073145866394
2153,13,train/lr,2.150846241366544e-05
2154,13,train/loss,1.3847203254699707
2154,13,train/lr,2.1475950576355653e-05
2155,13,train/loss,1.3491261005401611
2155,13,train/lr,2.1443452450934267e-05
2156,13,train/loss,1.3426433801651
2156,13,train/lr,2.1410968070350773e-05
2157,13,train/loss,1.29201078414917
2157,13,train/lr,2.137849746754075e-05
2158,13,train/loss,1.4151183366775513
2158,13,train/lr,2.1346040675425795e-05
2158,13,train/batches,662.0
2158,13,train/compute_pct,99.91633062263207
2158,13,train/compute_sec,125.98863798997263
2158,13,train/data_wait_pct,0.08366937736793092
2158,13,train/data_wait_sec,0.10550218197931827
2158,13,train/examples,5296.0
2158,13,train/examples_per_sec,42.00036570119718
2158,13,train/input_tokens,763267.0
2158,13,train/peak_vram_gb,6.766403675079346
2158,13,train/target_tokens,424810.0
2158,13,train/tokens_per_sec,9422.142840102199
2158,13,train/total_sec,126.09414017195195
2158,13,train/epoch_loss,1.4050895966071737
2158,13,epoch13/batches,662.0
2158,13,epoch13/compute_pct,99.91633062263207
2158,13,epoch13/compute_sec,125.98863798997263
2158,13,epoch13/data_wait_pct,0.08366937736793092
2158,13,epoch13/data_wait_sec,0.10550218197931827
2158,13,epoch13/examples,5296.0
2158,13,epoch13/examples_per_sec,42.00036570119718
2158,13,epoch13/input_tokens,763267.0
2158,13,epoch13/peak_vram_gb,6.766403675079346
2158,13,epoch13/target_tokens,424810.0
2158,13,epoch13/tokens_per_sec,9422.142840102199
2158,13,epoch13/total_sec,126.09414017195195
2158,13,val/bleu,24.944291932615112
2158,13,val/chrf,45.38550316526134
2158,13,val/combined,33.64683106122932
2158,13,val/eval_peak_vram_gb,6.766403675079346
2158,13,val/eval_samples_per_sec,5.937217305549358
2158,13,val/eval_seconds,100.38372680800057
2158,13,val/eval_tokens_per_sec,1090.7744061886451
2159,14,train/loss,1.6542487144470215
2159,14,train/lr,2.1313597726913478e-05
2160,14,train/loss,1.5923991203308105
2160,14,train/lr,2.1281168654897375e-05
2161,14,train/loss,1.3150336742401123
2161,14,train/lr,2.124875349225697e-05
2162,14,train/loss,1.5553522109985352
2162,14,train/lr,2.121635227185764e-05
2163,14,train/loss,1.4177517890930176
2163,14,train/lr,2.1183965026550648e-05
2164,14,train/loss,1.4238909482955933
2164,14,train/lr,2.1151591789173066e-05
2165,14,train/loss,1.2381155490875244
2165,14,train/lr,2.111923259254777e-05
2166,14,train/loss,1.3782581090927124
2166,14,train/lr,2.1086887469483407e-05
2167,14,train/loss,1.316889762878418
2167,14,train/lr,2.1054556452774343e-05
2168,14,train/loss,1.4854614734649658
2168,14,train/lr,2.102223957520066e-05
2169,14,train/loss,1.4055120944976807
2169,14,train/lr,2.0989936869528085e-05
2170,14,train/loss,1.4004573822021484
2170,14,train/lr,2.0957648368507974e-05
2171,14,train/loss,1.6089699268341064
2171,14,train/lr,2.0925374104877306e-05
2172,14,train/loss,1.5831843614578247
2172,14,train/lr,2.0893114111358608e-05
2173,14,train/loss,1.4842946529388428
2173,14,train/lr,2.0860868420659938e-05
2174,14,train/loss,1.4570555686950684
2174,14,train/lr,2.082863706547486e-05
2175,14,train/loss,1.3693974018096924
2175,14,train/lr,2.0796420078482394e-05
2176,14,train/loss,1.2263808250427246
2176,14,train/lr,2.0764217492346998e-05
2177,14,train/loss,1.5669468641281128
2177,14,train/lr,2.073202933971852e-05
2178,14,train/loss,1.2967649698257446
2178,14,train/lr,2.0699855653232197e-05
2179,14,train/loss,1.4818267822265625
2179,14,train/lr,2.0667696465508584e-05
2180,14,train/loss,1.3872419595718384
2180,14,train/lr,2.0635551809153517e-05
2181,14,train/loss,1.3249294757843018
2181,14,train/lr,2.0603421716758132e-05
2182,14,train/loss,1.4165436029434204
2182,14,train/lr,2.0571306220898783e-05
2183,14,train/loss,1.4390432834625244
2183,14,train/lr,2.0539205354137027e-05
2184,14,train/loss,1.4659180641174316
2184,14,train/lr,2.0507119149019585e-05
2185,14,train/loss,1.4559518098831177
2185,14,train/lr,2.0475047638078317e-05
2186,14,train/loss,1.3724331855773926
2186,14,train/lr,2.044299085383018e-05
2187,14,train/loss,1.4326856136322021
2187,14,train/lr,2.0410948828777218e-05
2188,14,train/loss,1.3774912357330322
2188,14,train/lr,2.0378921595406475e-05
2189,14,train/loss,1.2999242544174194
2189,14,train/lr,2.0346909186190027e-05
2190,14,train/loss,1.2929081916809082
2190,14,train/lr,2.031491163358491e-05
2191,14,train/loss,1.248697280883789
2191,14,train/lr,2.0282928970033104e-05
2192,14,train/loss,1.3403013944625854
2192,14,train/lr,2.0250961227961486e-05
2193,14,train/loss,1.244035005569458
2193,14,train/lr,2.0219008439781803e-05
2194,14,train/loss,1.3031225204467773
2194,14,train/lr,2.0187070637890646e-05
2195,14,train/loss,1.4639472961425781
2195,14,train/lr,2.0155147854669415e-05
2196,14,train/loss,1.4188876152038574
2196,14,train/lr,2.0123240122484268e-05
2197,14,train/loss,1.3470757007598877
2197,14,train/lr,2.0091347473686127e-05
2198,14,train/loss,1.4044075012207031
2198,14,train/lr,2.0059469940610584e-05
2199,14,train/loss,1.2921053171157837
2199,14,train/lr,2.002760755557792e-05
2200,14,train/loss,1.4363248348236084
2200,14,train/lr,1.9995760350893095e-05
2201,14,train/loss,1.4321320056915283
2201,14,train/lr,1.996392835884564e-05
2202,14,train/loss,1.4308037757873535
2202,14,train/lr,1.993211161170966e-05
2203,14,train/loss,1.368419885635376
2203,14,train/lr,1.9900310141743822e-05
2204,14,train/loss,1.3794276714324951
2204,14,train/lr,1.9868523981191285e-05
2205,14,train/loss,1.3991453647613525
2205,14,train/lr,1.983675316227972e-05
2206,14,train/loss,1.3014329671859741
2206,14,train/lr,1.9804997717221183e-05
2207,14,train/loss,1.4422335624694824
2207,14,train/lr,1.9773257678212195e-05
2208,14,train/loss,1.520219326019287
2208,14,train/lr,1.9741533077433642e-05
2209,14,train/loss,1.4986155033111572
2209,14,train/lr,1.9709823947050752e-05
2210,14,train/loss,1.4300663471221924
2210,14,train/lr,1.9678130319213076e-05
2211,14,train/loss,1.3111534118652344
2211,14,train/lr,1.9646452226054446e-05
2212,14,train/loss,1.2622642517089844
2212,14,train/lr,1.961478969969293e-05
2213,14,train/loss,1.4653913974761963
2213,14,train/lr,1.958314277223083e-05
2214,14,train/loss,1.4217088222503662
2214,14,train/lr,1.9551511475754623e-05
2215,14,train/loss,1.4042603969573975
2215,14,train/lr,1.951989584233496e-05
2216,14,train/loss,1.2789124250411987
2216,14,train/lr,1.9488295904026556e-05
2217,14,train/loss,1.428764820098877
2217,14,train/lr,1.9456711692868265e-05
2218,14,train/loss,1.6428991556167603
2218,14,train/lr,1.9425143240882986e-05
2219,14,train/loss,1.3532787561416626
2219,14,train/lr,1.9393590580077628e-05
2220,14,train/loss,1.3864357471466064
2220,14,train/lr,1.9362053742443095e-05
2221,14,train/loss,1.370528221130371
2221,14,train/lr,1.9330532759954245e-05
2222,14,train/loss,1.5530710220336914
2222,14,train/lr,1.929902766456987e-05
2223,14,train/loss,1.4220868349075317
2223,14,train/lr,1.9267538488232646e-05
2224,14,train/loss,1.3958863019943237
2224,14,train/lr,1.9236065262869107e-05
2225,14,train/loss,1.3333542346954346
2225,14,train/lr,1.9204608020389632e-05
2226,14,train/loss,1.3365404605865479
2226,14,train/lr,1.917316679268836e-05
2227,14,train/loss,1.4646966457366943
2227,14,train/lr,1.9141741611643215e-05
2228,14,train/loss,1.3841521739959717
2228,14,train/lr,1.911033250911586e-05
2229,14,train/loss,1.478085994720459
2229,14,train/lr,1.907893951695165e-05
2230,14,train/loss,1.3733134269714355
2230,14,train/lr,1.9047562666979594e-05
2231,14,train/loss,1.3687610626220703
2231,14,train/lr,1.9016201991012352e-05
2232,14,train/loss,1.4909918308258057
2232,14,train/lr,1.8984857520846164e-05
2233,14,train/loss,1.3720924854278564
2233,14,train/lr,1.8953529288260864e-05
2234,14,train/loss,1.4831315279006958
2234,14,train/lr,1.89222173250198e-05
2235,14,train/loss,1.3792040348052979
2235,14,train/lr,1.8890921662869854e-05
2236,14,train/loss,1.2744545936584473
2236,14,train/lr,1.8859642333541334e-05
2237,14,train/loss,1.2406834363937378
2237,14,train/lr,1.882837936874803e-05
2238,14,train/loss,1.3393869400024414
2238,14,train/lr,1.8797132800187124e-05
2239,14,train/loss,1.328228235244751
2239,14,train/lr,1.8765902659539184e-05
2240,14,train/loss,1.233685851097107
2240,14,train/lr,1.87346889784681e-05
2241,14,train/loss,1.4259103536605835
2241,14,train/lr,1.8703491788621098e-05
2242,14,train/loss,1.3085001707077026
2242,14,train/lr,1.867231112162867e-05
2243,14,train/loss,1.4000030755996704
2243,14,train/lr,1.864114700910457e-05
2244,14,train/loss,1.4196817874908447
2244,14,train/lr,1.8609999482645737e-05
2245,14,train/loss,1.382127285003662
2245,14,train/lr,1.8578868573832335e-05
2246,14,train/loss,1.3432776927947998
2246,14,train/lr,1.854775431422764e-05
2247,14,train/loss,1.5290863513946533
2247,14,train/lr,1.8516656735378072e-05
2248,14,train/loss,1.356238603591919
2248,14,train/lr,1.848557586881313e-05
2249,14,train/loss,1.3648278713226318
2249,14,train/lr,1.845451174604537e-05
2250,14,train/loss,1.3087563514709473
2250,14,train/lr,1.8423464398570373e-05
2251,14,train/loss,1.5200915336608887
2251,14,train/lr,1.8392433857866723e-05
2252,14,train/loss,1.3254436254501343
2252,14,train/lr,1.8361420155395934e-05
2253,14,train/loss,1.4085578918457031
2253,14,train/lr,1.8330423322602475e-05
2254,14,train/loss,1.4129250049591064
2254,14,train/lr,1.8299443390913702e-05
2255,14,train/loss,1.332918405532837
2255,14,train/lr,1.826848039173983e-05
2256,14,train/loss,1.4798998832702637
2256,14,train/lr,1.823753435647393e-05
2257,14,train/loss,1.4451243877410889
2257,14,train/lr,1.8206605316491828e-05
2258,14,train/loss,1.5448259115219116
2258,14,train/lr,1.8175693303152154e-05
2259,14,train/loss,1.4902303218841553
2259,14,train/lr,1.814479834779627e-05
2260,14,train/loss,1.3476979732513428
2260,14,train/lr,1.8113920481748235e-05
2261,14,train/loss,1.6457445621490479
2261,14,train/lr,1.808305973631479e-05
2262,14,train/loss,1.472714900970459
2262,14,train/lr,1.8052216142785313e-05
2263,14,train/loss,1.2747008800506592
2263,14,train/lr,1.8021389732431788e-05
2264,14,train/loss,1.4014136791229248
2264,14,train/lr,1.7990580536508787e-05
2265,14,train/loss,1.3847601413726807
2265,14,train/lr,1.7959788586253415e-05
2266,14,train/loss,1.5301768779754639
2266,14,train/lr,1.792901391288532e-05
2267,14,train/loss,1.2444484233856201
2267,14,train/lr,1.7898256547606588e-05
2268,14,train/loss,1.2939746379852295
2268,14,train/lr,1.7867516521601786e-05
2269,14,train/loss,1.3728094100952148
2269,14,train/lr,1.7836793866037896e-05
2270,14,train/loss,1.4069101810455322
2270,14,train/lr,1.78060886120643e-05
2271,14,train/loss,1.5608739852905273
2271,14,train/lr,1.777540079081271e-05
2272,14,train/loss,1.3581291437149048
2272,14,train/lr,1.774473043339719e-05
2273,14,train/loss,1.487776279449463
2273,14,train/lr,1.771407757091408e-05
2274,14,train/loss,1.3349242210388184
2274,14,train/lr,1.7683442234441995e-05
2275,14,train/loss,1.1706736087799072
2275,14,train/lr,1.7652824455041756e-05
2276,14,train/loss,1.4669514894485474
2276,14,train/lr,1.7622224263756435e-05
2277,14,train/loss,1.2330025434494019
2277,14,train/lr,1.7591641691611202e-05
2278,14,train/loss,1.3338439464569092
2278,14,train/lr,1.7561076769613405e-05
2279,14,train/loss,1.3729019165039062
2279,14,train/lr,1.7530529528752505e-05
2280,14,train/loss,1.2886900901794434
2280,14,train/lr,1.7500000000000005e-05
2281,14,train/loss,1.4259347915649414
2281,14,train/lr,1.7469488214309476e-05
2282,14,train/loss,1.457507610321045
2282,14,train/lr,1.743899420261649e-05
2283,14,train/loss,1.5078699588775635
2283,14,train/lr,1.740851799583859e-05
2284,14,train/loss,1.345788836479187
2284,14,train/lr,1.737805962487528e-05
2285,14,train/loss,1.3531200885772705
2285,14,train/lr,1.7347619120607976e-05
2286,14,train/loss,1.432203769683838
2286,14,train/lr,1.731719651389999e-05
2287,14,train/loss,1.366817593574524
2287,14,train/lr,1.728679183559645e-05
2288,14,train/loss,1.3293455839157104
2288,14,train/lr,1.7256405116524344e-05
2289,14,train/loss,1.2769904136657715
2289,14,train/lr,1.7226036387492446e-05
2290,14,train/loss,1.3711824417114258
2290,14,train/lr,1.7195685679291273e-05
2291,14,train/loss,1.1590648889541626
2291,14,train/lr,1.7165353022693095e-05
2292,14,train/loss,1.4387426376342773
2292,14,train/lr,1.7135038448451855e-05
2293,14,train/loss,1.3274662494659424
2293,14,train/lr,1.710474198730318e-05
2294,14,train/loss,1.4348646402359009
2294,14,train/lr,1.7074463669964328e-05
2295,14,train/loss,1.5284384489059448
2295,14,train/lr,1.7044203527134156e-05
2296,14,train/loss,1.4430952072143555
2296,14,train/lr,1.7013961589493098e-05
2297,14,train/loss,1.4830492734909058
2297,14,train/lr,1.6983737887703132e-05
2298,14,train/loss,1.2601522207260132
2298,14,train/lr,1.695353245240774e-05
2299,14,train/loss,1.3177863359451294
2299,14,train/lr,1.6923345314231894e-05
2300,14,train/loss,1.3815624713897705
2300,14,train/lr,1.6893176503782007e-05
2301,14,train/loss,1.3632258176803589
2301,14,train/lr,1.686302605164591e-05
2302,14,train/loss,1.3030145168304443
2302,14,train/lr,1.6832893988392826e-05
2303,14,train/loss,1.3159949779510498
2303,14,train/lr,1.6802780344573325e-05
2304,14,train/loss,1.2307422161102295
2304,14,train/lr,1.6772685150719313e-05
2305,14,train/loss,1.320058822631836
2305,14,train/lr,1.6742608437343988e-05
2306,14,train/loss,1.2951023578643799
2306,14,train/lr,1.671255023494179e-05
2307,14,train/loss,1.3685648441314697
2307,14,train/lr,1.6682510573988413e-05
2308,14,train/loss,1.6159443855285645
2308,14,train/lr,1.6652489484940755e-05
2309,14,train/loss,1.470334768295288
2309,14,train/lr,1.662248699823687e-05
2310,14,train/loss,1.301817536354065
2310,14,train/lr,1.6592503144295955e-05
2311,14,train/loss,1.352602481842041
2311,14,train/lr,1.6562537953518318e-05
2312,14,train/loss,1.3663697242736816
2312,14,train/lr,1.653259145628535e-05
2313,14,train/loss,1.522465467453003
2313,14,train/lr,1.6502663682959476e-05
2314,14,train/loss,1.2243359088897705
2314,14,train/lr,1.6472754663884146e-05
2315,14,train/loss,1.3098218441009521
2315,14,train/lr,1.6442864429383806e-05
2316,14,train/loss,1.2980400323867798
2316,14,train/lr,1.6412993009763818e-05
2317,14,train/loss,1.2784669399261475
2317,14,train/lr,1.6383140435310508e-05
2318,14,train/loss,1.5794708728790283
2318,14,train/lr,1.6353306736291078e-05
2319,14,train/loss,1.3921490907669067
2319,14,train/lr,1.6323491942953597e-05
2320,14,train/loss,1.471343755722046
2320,14,train/lr,1.6293696085526958e-05
2321,14,train/loss,1.5566720962524414
2321,14,train/lr,1.626391919422087e-05
2322,14,train/loss,1.3181438446044922
2322,14,train/lr,1.6234161299225794e-05
2323,14,train/loss,1.3381999731063843
2323,14,train/lr,1.6204422430712947e-05
2324,14,train/loss,1.3849778175354004
2324,14,train/lr,1.6174702618834246e-05
2324,14,train/batches,662.0
2324,14,train/compute_pct,99.91865919295888
2324,14,train/compute_sec,115.98017615099161
2324,14,train/data_wait_pct,0.08134080704111077
2324,14,train/data_wait_sec,0.09441601003345568
2324,14,train/examples,5296.0
2324,14,train/examples_per_sec,45.62583336629861
2324,14,train/input_tokens,763267.0
2324,14,train/peak_vram_gb,6.766403675079346
2324,14,train/target_tokens,424810.0
2324,14,train/tokens_per_sec,10235.461334654825
2324,14,train/total_sec,116.07459216102507
2324,14,train/epoch_loss,1.396165405695532
2324,14,epoch14/batches,662.0
2324,14,epoch14/compute_pct,99.91865919295888
2324,14,epoch14/compute_sec,115.98017615099161
2324,14,epoch14/data_wait_pct,0.08134080704111077
2324,14,epoch14/data_wait_sec,0.09441601003345568
2324,14,epoch14/examples,5296.0
2324,14,epoch14/examples_per_sec,45.62583336629861
2324,14,epoch14/input_tokens,763267.0
2324,14,epoch14/peak_vram_gb,6.766403675079346
2324,14,epoch14/target_tokens,424810.0
2324,14,epoch14/tokens_per_sec,10235.461334654825
2324,14,epoch14/total_sec,116.07459216102507
2324,14,val/bleu,24.7267538259939
2324,14,val/chrf,45.62914636694195
2324,14,val/combined,33.589591684115746
2324,14,val/eval_peak_vram_gb,6.766403675079346
2324,14,val/eval_samples_per_sec,5.480117842155754
2324,14,val/eval_seconds,108.75678537699969
2324,14,val/eval_tokens_per_sec,1065.0921650401913
2325,15,train/loss,1.5087201595306396
2325,15,train/lr,1.6145001893722303e-05
2326,15,train/loss,1.6186596155166626
2326,15,train/lr,1.6115320285490333e-05
2327,15,train/loss,1.4394097328186035
2327,15,train/lr,1.6085657824232213e-05
2328,15,train/loss,1.303213119506836
2328,15,train/lr,1.6056014540022405e-05
2329,15,train/loss,1.3469996452331543
2329,15,train/lr,1.6026390462915902e-05
2330,15,train/loss,1.3145360946655273
2330,15,train/lr,1.5996785622948245e-05
2331,15,train/loss,1.2693934440612793
2331,15,train/lr,1.5967200050135465e-05
2332,15,train/loss,1.4157025814056396
2332,15,train/lr,1.593763377447405e-05
2333,15,train/loss,1.3273698091506958
2333,15,train/lr,1.5908086825940932e-05
2334,15,train/loss,1.3289744853973389
2334,15,train/lr,1.5878559234493443e-05
2335,15,train/loss,1.3989028930664062
2335,15,train/lr,1.5849051030069314e-05
2336,15,train/loss,1.4688525199890137
2336,15,train/lr,1.5819562242586556e-05
2337,15,train/loss,1.3916118144989014
2337,15,train/lr,1.5790092901943553e-05
2338,15,train/loss,1.435058355331421
2338,15,train/lr,1.5760643038018952e-05
2339,15,train/loss,1.491220474243164
2339,15,train/lr,1.573121268067166e-05
2340,15,train/loss,1.4378498792648315
2340,15,train/lr,1.570180185974079e-05
2341,15,train/loss,1.5184235572814941
2341,15,train/lr,1.5672410605045663e-05
2342,15,train/loss,1.3157737255096436
2342,15,train/lr,1.5643038946385754e-05
2343,15,train/loss,1.4085595607757568
2343,15,train/lr,1.5613686913540678e-05
2344,15,train/loss,1.423593282699585
2344,15,train/lr,1.5584354536270135e-05
2345,15,train/loss,1.2328460216522217
2345,15,train/lr,1.555504184431393e-05
2346,15,train/loss,1.3248335123062134
2346,15,train/lr,1.5525748867391856e-05
2347,15,train/loss,1.5080223083496094
2347,15,train/lr,1.549647563520376e-05
2348,15,train/loss,1.367632508277893
2348,15,train/lr,1.5467222177429462e-05
2349,15,train/loss,1.4695569276809692
2349,15,train/lr,1.543798852372872e-05
2350,15,train/loss,1.5532830953598022
2350,15,train/lr,1.5408774703741227e-05
2351,15,train/loss,1.3661584854125977
2351,15,train/lr,1.5379580747086566e-05
2352,15,train/loss,1.5834460258483887
2352,15,train/lr,1.535040668336417e-05
2353,15,train/loss,1.4100700616836548
2353,15,train/lr,1.5321252542153305e-05
2354,15,train/loss,1.4850165843963623
2354,15,train/lr,1.529211835301305e-05
2355,15,train/loss,1.3758635520935059
2355,15,train/lr,1.526300414548224e-05
2356,15,train/loss,1.3702160120010376
2356,15,train/lr,1.5233909949079473e-05
2357,15,train/loss,1.4279532432556152
2357,15,train/lr,1.5204835793303014e-05
2358,15,train/loss,1.4541469812393188
2358,15,train/lr,1.5175781707630858e-05
2359,15,train/loss,1.413360595703125
2359,15,train/lr,1.5146747721520619e-05
2360,15,train/loss,1.4890096187591553
2360,15,train/lr,1.511773386440955e-05
2361,15,train/loss,1.3956578969955444
2361,15,train/lr,1.508874016571449e-05
2362,15,train/loss,1.4412131309509277
2362,15,train/lr,1.505976665483183e-05
2363,15,train/loss,1.497732162475586
2363,15,train/lr,1.5030813361137516e-05
2364,15,train/loss,1.3975286483764648
2364,15,train/lr,1.5001880313986965e-05
2365,15,train/loss,1.3243026733398438
2365,15,train/lr,1.4972967542715099e-05
2366,15,train/loss,1.2466490268707275
2366,15,train/lr,1.4944075076636264e-05
2367,15,train/loss,1.3813199996948242
2367,15,train/lr,1.4915202945044203e-05
2368,15,train/loss,1.2358053922653198
2368,15,train/lr,1.4886351177212074e-05
2369,15,train/loss,1.3159544467926025
2369,15,train/lr,1.485751980239237e-05
2370,15,train/loss,1.2621843814849854
2370,15,train/lr,1.4828708849816917e-05
2371,15,train/loss,1.3126752376556396
2371,15,train/lr,1.4799918348696825e-05
2372,15,train/loss,1.5240466594696045
2372,15,train/lr,1.4771148328222476e-05
2373,15,train/loss,1.502556562423706
2373,15,train/lr,1.4742398817563486e-05
2374,15,train/loss,1.3985404968261719
2374,15,train/lr,1.4713669845868676e-05
2375,15,train/loss,1.3706085681915283
2375,15,train/lr,1.4684961442266037e-05
2376,15,train/loss,1.5313740968704224
2376,15,train/lr,1.4656273635862728e-05
2377,15,train/loss,1.3942787647247314
2377,15,train/lr,1.4627606455744978e-05
2378,15,train/loss,1.4485138654708862
2378,15,train/lr,1.4598959930978149e-05
2379,15,train/loss,1.679959774017334
2379,15,train/lr,1.4570334090606647e-05
2380,15,train/loss,1.2339372634887695
2380,15,train/lr,1.4541728963653897e-05
2381,15,train/loss,1.2404966354370117
2381,15,train/lr,1.4513144579122334e-05
2382,15,train/loss,1.45389723777771
2382,15,train/lr,1.4484580965993358e-05
2383,15,train/loss,1.3426841497421265
2383,15,train/lr,1.445603815322731e-05
2384,15,train/loss,1.4140245914459229
2384,15,train/lr,1.4427516169763444e-05
2385,15,train/loss,1.416216254234314
2385,15,train/lr,1.4399015044519884e-05
2386,15,train/loss,1.4369585514068604
2386,15,train/lr,1.4370534806393633e-05
2387,15,train/loss,1.6661611795425415
2387,15,train/lr,1.4342075484260477e-05
2388,15,train/loss,1.5291695594787598
2388,15,train/lr,1.431363710697502e-05
2389,15,train/loss,1.4402776956558228
2389,15,train/lr,1.4285219703370634e-05
2390,15,train/loss,1.3772577047348022
2390,15,train/lr,1.4256823302259416e-05
2391,15,train/loss,1.4415059089660645
2391,15,train/lr,1.4228447932432179e-05
2392,15,train/loss,1.5796267986297607
2392,15,train/lr,1.4200093622658394e-05
2393,15,train/loss,1.5313200950622559
2393,15,train/lr,1.4171760401686198e-05
2394,15,train/loss,1.3718509674072266
2394,15,train/lr,1.414344829824234e-05
2395,15,train/loss,1.3318647146224976
2395,15,train/lr,1.4115157341032157e-05
2396,15,train/loss,1.2089157104492188
2396,15,train/lr,1.4086887558739544e-05
2397,15,train/loss,1.3328077793121338
2397,15,train/lr,1.4058638980026932e-05
2398,15,train/loss,1.4140896797180176
2398,15,train/lr,1.4030411633535253e-05
2399,15,train/loss,1.5333638191223145
2399,15,train/lr,1.40022055478839e-05
2400,15,train/loss,1.3376879692077637
2400,15,train/lr,1.3974020751670732e-05
2401,15,train/loss,1.2708160877227783
2401,15,train/lr,1.394585727347201e-05
2402,15,train/loss,1.3846979141235352
2402,15,train/lr,1.3917715141842377e-05
2403,15,train/loss,1.1886416673660278
2403,15,train/lr,1.3889594385314836e-05
2404,15,train/loss,1.5083448886871338
2404,15,train/lr,1.3861495032400729e-05
2405,15,train/loss,1.3891692161560059
2405,15,train/lr,1.383341711158969e-05
2406,15,train/loss,1.379242181777954
2406,15,train/lr,1.3805360651349604e-05
2407,15,train/loss,1.356903314590454
2407,15,train/lr,1.3777325680126624e-05
2408,15,train/loss,1.2935645580291748
2408,15,train/lr,1.3749312226345108e-05
2409,15,train/loss,1.5207724571228027
2409,15,train/lr,1.3721320318407591e-05
2410,15,train/loss,1.4719102382659912
2410,15,train/lr,1.3693349984694775e-05
2411,15,train/loss,1.4235093593597412
2411,15,train/lr,1.3665401253565476e-05
2412,15,train/loss,1.2829174995422363
2412,15,train/lr,1.3637474153356611e-05
2413,15,train/loss,1.348069667816162
2413,15,train/lr,1.3609568712383169e-05
2414,15,train/loss,1.4041590690612793
2414,15,train/lr,1.3581684958938177e-05
2415,15,train/loss,1.4650845527648926
2415,15,train/lr,1.3553822921292686e-05
2416,15,train/loss,1.2995411157608032
2416,15,train/lr,1.3525982627695691e-05
2417,15,train/loss,1.3057373762130737
2417,15,train/lr,1.3498164106374181e-05
2418,15,train/loss,1.3873528242111206
2418,15,train/lr,1.347036738553305e-05
2419,15,train/loss,1.357578992843628
2419,15,train/lr,1.34425924933551e-05
2420,15,train/loss,1.4274760484695435
2420,15,train/lr,1.3414839458000992e-05
2421,15,train/loss,1.2543094158172607
2421,15,train/lr,1.3387108307609233e-05
2422,15,train/loss,1.4873815774917603
2422,15,train/lr,1.335939907029614e-05
2423,15,train/loss,1.381224513053894
2423,15,train/lr,1.3331711774155806e-05
2424,15,train/loss,1.4838080406188965
2424,15,train/lr,1.3304046447260085e-05
2425,15,train/loss,1.2779613733291626
2425,15,train/lr,1.3276403117658572e-05
2426,15,train/loss,1.625603199005127
2426,15,train/lr,1.3248781813378511e-05
2427,15,train/loss,1.4954649209976196
2427,15,train/lr,1.322118256242486e-05
2428,15,train/loss,1.3230533599853516
2428,15,train/lr,1.3193605392780203e-05
2429,15,train/loss,1.3811931610107422
2429,15,train/lr,1.3166050332404733e-05
2430,15,train/loss,1.2779120206832886
2430,15,train/lr,1.313851740923624e-05
2431,15,train/loss,1.2692146301269531
2431,15,train/lr,1.3111006651190046e-05
2432,15,train/loss,1.4679359197616577
2432,15,train/lr,1.308351808615902e-05
2433,15,train/loss,1.3391597270965576
2433,15,train/lr,1.305605174201352e-05
2434,15,train/loss,1.3627029657363892
2434,15,train/lr,1.302860764660138e-05
2435,15,train/loss,1.2702451944351196
2435,15,train/lr,1.3001185827747881e-05
2436,15,train/loss,1.4720815420150757
2436,15,train/lr,1.2973786313255694e-05
2437,15,train/loss,1.486403465270996
2437,15,train/lr,1.29464091309049e-05
2438,15,train/loss,1.4274969100952148
2438,15,train/lr,1.2919054308452927e-05
2439,15,train/loss,1.317855715751648
2439,15,train/lr,1.2891721873634538e-05
2440,15,train/loss,1.488296627998352
2440,15,train/lr,1.2864411854161799e-05
2441,15,train/loss,1.4972338676452637
2441,15,train/lr,1.2837124277724038e-05
2442,15,train/loss,1.6261590719223022
2442,15,train/lr,1.2809859171987841e-05
2443,15,train/loss,1.2216212749481201
2443,15,train/lr,1.2782616564597003e-05
2444,15,train/loss,1.403214693069458
2444,15,train/lr,1.2755396483172515e-05
2445,15,train/loss,1.2922155857086182
2445,15,train/lr,1.2728198955312517e-05
2446,15,train/loss,1.3821802139282227
2446,15,train/lr,1.2701024008592312e-05
2447,15,train/loss,1.631032943725586
2447,15,train/lr,1.2673871670564258e-05
2448,15,train/loss,1.269697666168213
2448,15,train/lr,1.2646741968757827e-05
2449,15,train/loss,1.4894760847091675
2449,15,train/lr,1.2619634930679534e-05
2450,15,train/loss,1.3428329229354858
2450,15,train/lr,1.259255058381292e-05
2451,15,train/loss,1.2535593509674072
2451,15,train/lr,1.2565488955618508e-05
2452,15,train/loss,1.4429341554641724
2452,15,train/lr,1.2538450073533793e-05
2453,15,train/loss,1.447112798690796
2453,15,train/lr,1.2511433964973207e-05
2454,15,train/loss,1.272477388381958
2454,15,train/lr,1.248444065732809e-05
2455,15,train/loss,1.3017412424087524
2455,15,train/lr,1.2457470177966669e-05
2456,15,train/loss,1.2029355764389038
2456,15,train/lr,1.2430522554234036e-05
2457,15,train/loss,1.2090262174606323
2457,15,train/lr,1.240359781345207e-05
2458,15,train/loss,1.4947502613067627
2458,15,train/lr,1.2376695982919495e-05
2459,15,train/loss,1.4394185543060303
2459,15,train/lr,1.2349817089911778e-05
2460,15,train/loss,1.3703117370605469
2460,15,train/lr,1.2322961161681146e-05
2461,15,train/loss,1.4839144945144653
2461,15,train/lr,1.2296128225456537e-05
2462,15,train/loss,1.4348225593566895
2462,15,train/lr,1.2269318308443575e-05
2463,15,train/loss,1.2082725763320923
2463,15,train/lr,1.2242531437824542e-05
2464,15,train/loss,1.4073846340179443
2464,15,train/lr,1.2215767640758367e-05
2465,15,train/loss,1.4271680116653442
2465,15,train/lr,1.2189026944380571e-05
2466,15,train/loss,1.5371646881103516
2466,15,train/lr,1.2162309375803275e-05
2467,15,train/loss,1.5642260313034058
2467,15,train/lr,1.2135614962115103e-05
2468,15,train/loss,1.3487216234207153
2468,15,train/lr,1.2108943730381253e-05
2469,15,train/loss,1.2821640968322754
2469,15,train/lr,1.20822957076434e-05
2470,15,train/loss,1.2059881687164307
2470,15,train/lr,1.2055670920919686e-05
2471,15,train/loss,1.4536149501800537
2471,15,train/lr,1.2029069397204694e-05
2472,15,train/loss,1.3009289503097534
2472,15,train/lr,1.2002491163469428e-05
2473,15,train/loss,1.4417489767074585
2473,15,train/lr,1.1975936246661266e-05
2474,15,train/loss,1.476733684539795
2474,15,train/lr,1.1949404673703964e-05
2475,15,train/loss,1.3790388107299805
2475,15,train/lr,1.192289647149759e-05
2476,15,train/loss,1.231663703918457
2476,15,train/lr,1.1896411666918537e-05
2477,15,train/loss,1.392913579940796
2477,15,train/lr,1.1869950286819447e-05
2478,15,train/loss,1.5237817764282227
2478,15,train/lr,1.1843512358029233e-05
2479,15,train/loss,1.3596622943878174
2479,15,train/lr,1.1817097907353036e-05
2480,15,train/loss,1.2559244632720947
2480,15,train/lr,1.1790706961572175e-05
2481,15,train/loss,1.3536442518234253
2481,15,train/lr,1.1764339547444148e-05
2482,15,train/loss,1.2218319177627563
2482,15,train/lr,1.1737995691702595e-05
2483,15,train/loss,1.3863557577133179
2483,15,train/lr,1.1711675421057271e-05
2484,15,train/loss,1.3227994441986084
2484,15,train/lr,1.168537876219401e-05
2485,15,train/loss,1.4959526062011719
2485,15,train/lr,1.1659105741774718e-05
2486,15,train/loss,1.4988553524017334
2486,15,train/lr,1.1632856386437332e-05
2487,15,train/loss,1.4773890972137451
2487,15,train/lr,1.1606630722795774e-05
2488,15,train/loss,1.4928752183914185
2488,15,train/lr,1.1580428777439972e-05
2489,15,train/loss,1.2794575691223145
2489,15,train/lr,1.1554250576935796e-05
2490,15,train/loss,1.4531399011611938
2490,15,train/lr,1.1528096147825047e-05
2490,15,train/batches,662.0
2490,15,train/compute_pct,99.9218173408935
2490,15,train/compute_sec,116.77348412701213
2490,15,train/data_wait_pct,0.07818265910650019
2490,15,train/data_wait_sec,0.09136804899208073
2490,15,train/examples,5296.0
2490,15,train/examples_per_sec,45.31730371783608
2490,15,train/input_tokens,763267.0
2490,15,train/peak_vram_gb,6.766403675079346
2490,15,train/target_tokens,424810.0
2490,15,train/tokens_per_sec,10166.24740354523
2490,15,train/total_sec,116.8648521760042
2490,15,train/epoch_loss,1.389282411498966
2490,15,epoch15/batches,662.0
2490,15,epoch15/compute_pct,99.9218173408935
2490,15,epoch15/compute_sec,116.77348412701213
2490,15,epoch15/data_wait_pct,0.07818265910650019
2490,15,epoch15/data_wait_sec,0.09136804899208073
2490,15,epoch15/examples,5296.0
2490,15,epoch15/examples_per_sec,45.31730371783608
2490,15,epoch15/input_tokens,763267.0
2490,15,epoch15/peak_vram_gb,6.766403675079346
2490,15,epoch15/target_tokens,424810.0
2490,15,epoch15/tokens_per_sec,10166.24740354523
2490,15,epoch15/total_sec,116.8648521760042
2490,15,val/bleu,25.50855045432664
2490,15,val/chrf,46.15515217172073
2490,15,val/combined,34.31254913146883
2490,15,val/eval_peak_vram_gb,6.766403675079346
2490,15,val/eval_samples_per_sec,5.0454915675893925
2490,15,val/eval_seconds,118.12525935599842
2490,15,val/eval_tokens_per_sec,946.1820495408241
2491,16,train/loss,1.4282000064849854
2491,16,train/lr,1.1501965516625414e-05
2492,16,train/loss,1.2436695098876953
2492,16,train/lr,1.147585870983045e-05
2493,16,train/loss,1.4049570560455322
2493,16,train/lr,1.14497757539096e-05
2494,16,train/loss,1.2240355014801025
2494,16,train/lr,1.142371667530808e-05
2495,16,train/loss,1.5204379558563232
2495,16,train/lr,1.1397681500446895e-05
2496,16,train/loss,1.4459658861160278
2496,16,train/lr,1.1371670255722838e-05
2497,16,train/loss,1.2744600772857666
2497,16,train/lr,1.134568296750843e-05
2498,16,train/loss,1.3507837057113647
2498,16,train/lr,1.13197196621519e-05
2499,16,train/loss,1.3134828805923462
2499,16,train/lr,1.1293780365977174e-05
2500,16,train/loss,1.4094778299331665
2500,16,train/lr,1.1267865105283817e-05
2501,16,train/loss,1.395752191543579
2501,16,train/lr,1.1241973906347037e-05
2502,16,train/loss,1.4858741760253906
2502,16,train/lr,1.1216106795417637e-05
2503,16,train/loss,1.5270004272460938
2503,16,train/lr,1.119026379872201e-05
2504,16,train/loss,1.5294227600097656
2504,16,train/lr,1.1164444942462095e-05
2505,16,train/loss,1.3949824571609497
2505,16,train/lr,1.1138650252815352e-05
2506,16,train/loss,1.4039881229400635
2506,16,train/lr,1.1112879755934729e-05
2507,16,train/loss,1.3967175483703613
2507,16,train/lr,1.108713347794866e-05
2508,16,train/loss,1.3673665523529053
2508,16,train/lr,1.1061411444961023e-05
2509,16,train/loss,1.250821590423584
2509,16,train/lr,1.1035713683051111e-05
2510,16,train/loss,1.3258061408996582
2510,16,train/lr,1.1010040218273605e-05
2511,16,train/loss,1.364635705947876
2511,16,train/lr,1.0984391076658558e-05
2512,16,train/loss,1.3131451606750488
2512,16,train/lr,1.0958766284211363e-05
2513,16,train/loss,1.4395066499710083
2513,16,train/lr,1.0933165866912714e-05
2514,16,train/loss,1.4538356065750122
2514,16,train/lr,1.0907589850718605e-05
2515,16,train/loss,1.4771881103515625
2515,16,train/lr,1.088203826156029e-05
2516,16,train/loss,1.3546327352523804
2516,16,train/lr,1.0856511125344232e-05
2517,16,train/loss,1.3776116371154785
2517,16,train/lr,1.0831008467952132e-05
2518,16,train/loss,1.3556709289550781
2518,16,train/lr,1.0805530315240859e-05
2519,16,train/loss,1.4210261106491089
2519,16,train/lr,1.0780076693042435e-05
2520,16,train/loss,1.4125490188598633
2520,16,train/lr,1.0754647627164022e-05
2521,16,train/loss,1.3651994466781616
2521,16,train/lr,1.0729243143387867e-05
2522,16,train/loss,1.388038992881775
2522,16,train/lr,1.0703863267471309e-05
2523,16,train/loss,1.43174409866333
2523,16,train/lr,1.0678508025146732e-05
2524,16,train/loss,1.356772541999817
2524,16,train/lr,1.0653177442121539e-05
2525,16,train/loss,1.3994660377502441
2525,16,train/lr,1.0627871544078154e-05
2526,16,train/loss,1.633209228515625
2526,16,train/lr,1.060259035667393e-05
2527,16,train/loss,1.4268345832824707
2527,16,train/lr,1.05773339055412e-05
2528,16,train/loss,1.320771336555481
2528,16,train/lr,1.0552102216287209e-05
2529,16,train/loss,1.653508186340332
2529,16,train/lr,1.0526895314494094e-05
2530,16,train/loss,1.3166110515594482
2530,16,train/lr,1.0501713225718872e-05
2531,16,train/loss,1.4548639059066772
2531,16,train/lr,1.0476555975493375e-05
2532,16,train/loss,1.3030037879943848
2532,16,train/lr,1.0451423589324285e-05
2533,16,train/loss,1.33254873752594
2533,16,train/lr,1.042631609269305e-05
2534,16,train/loss,1.433774471282959
2534,16,train/lr,1.0401233511055895e-05
2535,16,train/loss,1.2697210311889648
2535,16,train/lr,1.0376175869843786e-05
2536,16,train/loss,1.372912049293518
2536,16,train/lr,1.0351143194462377e-05
2537,16,train/loss,1.2960021495819092
2537,16,train/lr,1.0326135510292043e-05
2538,16,train/loss,1.3057345151901245
2538,16,train/lr,1.03011528426878e-05
2539,16,train/loss,1.4111710786819458
2539,16,train/lr,1.0276195216979307e-05
2540,16,train/loss,1.4562734365463257
2540,16,train/lr,1.0251262658470837e-05
2541,16,train/loss,1.3981174230575562
2541,16,train/lr,1.022635519244124e-05
2542,16,train/loss,1.4428026676177979
2542,16,train/lr,1.0201472844143932e-05
2543,16,train/loss,1.2938404083251953
2543,16,train/lr,1.0176615638806854e-05
2544,16,train/loss,1.2226728200912476
2544,16,train/lr,1.0151783601632461e-05
2545,16,train/loss,1.252196192741394
2545,16,train/lr,1.0126976757797687e-05
2546,16,train/loss,1.3929158449172974
2546,16,train/lr,1.0102195132453941e-05
2547,16,train/loss,1.4095011949539185
2547,16,train/lr,1.0077438750727016e-05
2548,16,train/loss,1.5979477167129517
2548,16,train/lr,1.0052707637717159e-05
2549,16,train/loss,1.3049168586730957
2549,16,train/lr,1.002800181849898e-05
2550,16,train/loss,1.436629295349121
2550,16,train/lr,1.0003321318121438e-05
2551,16,train/loss,1.3854433298110962
2551,16,train/lr,9.978666161607834e-06
2552,16,train/loss,1.389749526977539
2552,16,train/lr,9.954036373955764e-06
2553,16,train/loss,1.5797343254089355
2553,16,train/lr,9.9294319801371e-06
2554,16,train/loss,1.4948220252990723
2554,16,train/lr,9.90485300509798e-06
2555,16,train/loss,1.5622282028198242
2555,16,train/lr,9.880299473758756e-06
2556,16,train/loss,1.7169631719589233
2556,16,train/lr,9.85577141101401e-06
2557,16,train/loss,1.495490550994873
2557,16,train/lr,9.831268841732446e-06
2558,16,train/loss,1.299637794494629
2558,16,train/lr,9.806791790756979e-06
2559,16,train/loss,1.3881995677947998
2559,16,train/lr,9.78234028290462e-06
2560,16,train/loss,1.3581290245056152
2560,16,train/lr,9.757914342966493e-06
2561,16,train/loss,1.4453125
2561,16,train/lr,9.733513995707799e-06
2562,16,train/loss,1.3444384336471558
2562,16,train/lr,9.709139265867784e-06
2563,16,train/loss,1.420440912246704
2563,16,train/lr,9.684790178159725e-06
2564,16,train/loss,1.3421485424041748
2564,16,train/lr,9.660466757270903e-06
2565,16,train/loss,1.5671766996383667
2565,16,train/lr,9.636169027862566e-06
2566,16,train/loss,1.4466559886932373
2566,16,train/lr,9.61189701456994e-06
2567,16,train/loss,1.6081578731536865
2567,16,train/lr,9.587650742002134e-06
2568,16,train/loss,1.4534730911254883
2568,16,train/lr,9.563430234742194e-06
2569,16,train/loss,1.175610065460205
2569,16,train/lr,9.539235517347032e-06
2570,16,train/loss,1.3070533275604248
2570,16,train/lr,9.51506661434741e-06
2571,16,train/loss,1.2800877094268799
2571,16,train/lr,9.49092355024792e-06
2572,16,train/loss,1.3094983100891113
2572,16,train/lr,9.46680634952696e-06
2573,16,train/loss,1.4465067386627197
2573,16,train/lr,9.442715036636692e-06
2574,16,train/loss,1.34085214138031
2574,16,train/lr,9.41864963600305e-06
2575,16,train/loss,1.3010995388031006
2575,16,train/lr,9.394610172025675e-06
2576,16,train/loss,1.477020263671875
2576,16,train/lr,9.370596669077936e-06
2577,16,train/loss,1.3700218200683594
2577,16,train/lr,9.346609151506844e-06
2578,16,train/loss,1.2249377965927124
2578,16,train/lr,9.322647643633099e-06
2579,16,train/loss,1.383912444114685
2579,16,train/lr,9.298712169751012e-06
2580,16,train/loss,1.3952574729919434
2580,16,train/lr,9.274802754128507e-06
2581,16,train/loss,1.3323993682861328
2581,16,train/lr,9.250919421007078e-06
2582,16,train/loss,1.491086483001709
2582,16,train/lr,9.227062194601786e-06
2583,16,train/loss,1.4889466762542725
2583,16,train/lr,9.20323109910121e-06
2584,16,train/loss,1.371172308921814
2584,16,train/lr,9.179426158667445e-06
2585,16,train/loss,1.2780183553695679
2585,16,train/lr,9.15564739743607e-06
2586,16,train/loss,1.1840909719467163
2586,16,train/lr,9.131894839516102e-06
2587,16,train/loss,1.2662372589111328
2587,16,train/lr,9.108168508990027e-06
2588,16,train/loss,1.4679381847381592
2588,16,train/lr,9.084468429913693e-06
2589,16,train/loss,1.349143385887146
2589,16,train/lr,9.060794626316354e-06
2590,16,train/loss,1.466149091720581
2590,16,train/lr,9.03714712220064e-06
2591,16,train/loss,1.3384732007980347
2591,16,train/lr,9.013525941542504e-06
2592,16,train/loss,1.5099767446517944
2592,16,train/lr,8.989931108291197e-06
2593,16,train/loss,1.5799723863601685
2593,16,train/lr,8.966362646369269e-06
2594,16,train/loss,1.3701393604278564
2594,16,train/lr,8.942820579672534e-06
2595,16,train/loss,1.34107506275177
2595,16,train/lr,8.919304932070045e-06
2596,16,train/loss,1.5048863887786865
2596,16,train/lr,8.895815727404048e-06
2597,16,train/loss,1.3471046686172485
2597,16,train/lr,8.872352989490006e-06
2598,16,train/loss,1.3590399026870728
2598,16,train/lr,8.848916742116534e-06
2599,16,train/loss,1.297011375427246
2599,16,train/lr,8.825507009045393e-06
2600,16,train/loss,1.2569003105163574
2600,16,train/lr,8.802123814011457e-06
2601,16,train/loss,1.560708999633789
2601,16,train/lr,8.778767180722705e-06
2602,16,train/loss,1.4332280158996582
2602,16,train/lr,8.755437132860162e-06
2603,16,train/loss,1.432386875152588
2603,16,train/lr,8.732133694077926e-06
2604,16,train/loss,1.4607856273651123
2604,16,train/lr,8.7088568880031e-06
2605,16,train/loss,1.2988107204437256
2605,16,train/lr,8.685606738235795e-06
2606,16,train/loss,1.4284758567810059
2606,16,train/lr,8.662383268349066e-06
2607,16,train/loss,1.4731075763702393
2607,16,train/lr,8.639186501888956e-06
2608,16,train/loss,1.2775490283966064
2608,16,train/lr,8.616016462374414e-06
2609,16,train/loss,1.2209622859954834
2609,16,train/lr,8.592873173297288e-06
2610,16,train/loss,1.313333511352539
2610,16,train/lr,8.569756658122322e-06
2611,16,train/loss,1.2265862226486206
2611,16,train/lr,8.546666940287097e-06
2612,16,train/loss,1.1993521451950073
2612,16,train/lr,8.523604043202021e-06
2613,16,train/loss,1.5233972072601318
2613,16,train/lr,8.500567990250336e-06
2614,16,train/loss,1.4017062187194824
2614,16,train/lr,8.477558804788031e-06
2615,16,train/loss,1.4421616792678833
2615,16,train/lr,8.454576510143891e-06
2616,16,train/loss,1.3555116653442383
2616,16,train/lr,8.431621129619399e-06
2617,16,train/loss,1.4807605743408203
2617,16,train/lr,8.408692686488773e-06
2618,16,train/loss,1.2848188877105713
2618,16,train/lr,8.385791203998916e-06
2619,16,train/loss,1.3584765195846558
2619,16,train/lr,8.362916705369402e-06
2620,16,train/loss,1.3077986240386963
2620,16,train/lr,8.340069213792429e-06
2621,16,train/loss,1.3579638004302979
2621,16,train/lr,8.31724875243283e-06
2622,16,train/loss,1.450260877609253
2622,16,train/lr,8.294455344428023e-06
2623,16,train/loss,1.2816416025161743
2623,16,train/lr,8.271689012888005e-06
2624,16,train/loss,1.4432895183563232
2624,16,train/lr,8.248949780895306e-06
2625,16,train/loss,1.363755226135254
2625,16,train/lr,8.226237671505004e-06
2626,16,train/loss,1.5434162616729736
2626,16,train/lr,8.20355270774464e-06
2627,16,train/loss,1.4614763259887695
2627,16,train/lr,8.18089491261427e-06
2628,16,train/loss,1.3340481519699097
2628,16,train/lr,8.158264309086382e-06
2629,16,train/loss,1.5228948593139648
2629,16,train/lr,8.135660920105912e-06
2630,16,train/loss,1.4012978076934814
2630,16,train/lr,8.113084768590185e-06
2631,16,train/loss,1.4161486625671387
2631,16,train/lr,8.090535877428918e-06
2632,16,train/loss,1.2444713115692139
2632,16,train/lr,8.068014269484189e-06
2633,16,train/loss,1.369545578956604
2633,16,train/lr,8.045519967590423e-06
2634,16,train/loss,1.4619090557098389
2634,16,train/lr,8.023052994554341e-06
2635,16,train/loss,1.2840970754623413
2635,16,train/lr,8.000613373154986e-06
2636,16,train/loss,1.4074738025665283
2636,16,train/lr,7.978201126143618e-06
2637,16,train/loss,1.2344919443130493
2637,16,train/lr,7.955816276243788e-06
2638,16,train/loss,1.4120912551879883
2638,16,train/lr,7.933458846151257e-06
2639,16,train/loss,1.433456301689148
2639,16,train/lr,7.911128858533979e-06
2640,16,train/loss,1.4969027042388916
2640,16,train/lr,7.888826336032093e-06
2641,16,train/loss,1.558422327041626
2641,16,train/lr,7.866551301257882e-06
2642,16,train/loss,1.3395600318908691
2642,16,train/lr,7.844303776795768e-06
2643,16,train/loss,1.2929234504699707
2643,16,train/lr,7.822083785202277e-06
2644,16,train/loss,1.5560466051101685
2644,16,train/lr,7.799891349006018e-06
2645,16,train/loss,1.349001169204712
2645,16,train/lr,7.777726490707665e-06
2646,16,train/loss,1.3239288330078125
2646,16,train/lr,7.755589232779938e-06
2647,16,train/loss,1.3888514041900635
2647,16,train/lr,7.733479597667546e-06
2648,16,train/loss,1.3079663515090942
2648,16,train/lr,7.71139760778722e-06
2649,16,train/loss,1.3694403171539307
2649,16,train/lr,7.689343285527656e-06
2650,16,train/loss,1.4066407680511475
2650,16,train/lr,7.667316653249489e-06
2651,16,train/loss,1.5091133117675781
2651,16,train/lr,7.645317733285285e-06
2652,16,train/loss,1.4228253364562988
2652,16,train/lr,7.623346547939515e-06
2653,16,train/loss,1.4725909233093262
2653,16,train/lr,7.601403119488531e-06
2654,16,train/loss,1.2975995540618896
2654,16,train/lr,7.579487470180531e-06
2655,16,train/loss,1.4192683696746826
2655,16,train/lr,7.557599622235566e-06
2656,16,train/loss,1.3684062957763672
2656,16,train/lr,7.535739597845489e-06
2656,16,train/batches,662.0
2656,16,train/compute_pct,99.91591500368402
2656,16,train/compute_sec,129.42187525700137
2656,16,train/data_wait_pct,0.08408499631598315
2656,16,train/data_wait_sec,0.10891596102374024
2656,16,train/examples,5296.0
2656,16,train/examples_per_sec,40.886031423106324
2656,16,train/input_tokens,763267.0
2656,16,train/peak_vram_gb,6.766403675079346
2656,16,train/target_tokens,424810.0
2656,16,train/tokens_per_sec,9172.158903902926
2656,16,train/total_sec,129.53079121802512
2656,16,train/epoch_loss,1.3827412434575062
2656,16,epoch16/batches,662.0
2656,16,epoch16/compute_pct,99.91591500368402
2656,16,epoch16/compute_sec,129.42187525700137
2656,16,epoch16/data_wait_pct,0.08408499631598315
2656,16,epoch16/data_wait_sec,0.10891596102374024
2656,16,epoch16/examples,5296.0
2656,16,epoch16/examples_per_sec,40.886031423106324
2656,16,epoch16/input_tokens,763267.0
2656,16,epoch16/peak_vram_gb,6.766403675079346
2656,16,epoch16/target_tokens,424810.0
2656,16,epoch16/tokens_per_sec,9172.158903902926
2656,16,epoch16/total_sec,129.53079121802512
2656,16,val/bleu,25.593873602796194
2656,16,val/chrf,46.03187860618796
2656,16,val/combined,34.323957853750386
2656,16,val/eval_peak_vram_gb,6.766403675079346
2656,16,val/eval_samples_per_sec,6.019085822322669
2656,16,val/eval_seconds,99.0183588660002
2656,16,val/eval_tokens_per_sec,1129.9722726309376
2657,17,train/loss,1.6014819145202637
2657,17,train/lr,7.513907419173934e-06
2658,17,train/loss,1.2913671731948853
2658,17,train/lr,7.492103108356315e-06
2659,17,train/loss,1.3431193828582764
2659,17,train/lr,7.470326687499795e-06
2660,17,train/loss,1.2192871570587158
2660,17,train/lr,7.448578178683247e-06
2661,17,train/loss,1.3644825220108032
2661,17,train/lr,7.426857603957254e-06
2662,17,train/loss,1.3745408058166504
2662,17,train/lr,7.405164985344072e-06
2663,17,train/loss,1.2850987911224365
2663,17,train/lr,7.383500344837613e-06
2664,17,train/loss,1.130558967590332
2664,17,train/lr,7.361863704403427e-06
2665,17,train/loss,1.2662944793701172
2665,17,train/lr,7.340255085978668e-06
2666,17,train/loss,1.4134089946746826
2666,17,train/lr,7.318674511472094e-06
2667,17,train/loss,1.2551709413528442
2667,17,train/lr,7.2971220027639915e-06
2668,17,train/loss,1.3682713508605957
2668,17,train/lr,7.275597581706238e-06
2669,17,train/loss,1.366170883178711
2669,17,train/lr,7.254101270122204e-06
2670,17,train/loss,1.3594950437545776
2670,17,train/lr,7.232633089806773e-06
2671,17,train/loss,1.5012879371643066
2671,17,train/lr,7.211193062526301e-06
2672,17,train/loss,1.4438172578811646
2672,17,train/lr,7.189781210018604e-06
2673,17,train/loss,1.5193588733673096
2673,17,train/lr,7.168397553992925e-06
2674,17,train/loss,1.4609737396240234
2674,17,train/lr,7.147042116129924e-06
2675,17,train/loss,1.3294103145599365
2675,17,train/lr,7.125714918081654e-06
2676,17,train/loss,1.4248366355895996
2676,17,train/lr,7.104415981471536e-06
2677,17,train/loss,1.2156496047973633
2677,17,train/lr,7.083145327894316e-06
2678,17,train/loss,1.382247805595398
2678,17,train/lr,7.0619029789160895e-06
2679,17,train/loss,1.432518482208252
2679,17,train/lr,7.04068895607425e-06
2680,17,train/loss,1.3509585857391357
2680,17,train/lr,7.019503280877466e-06
2681,17,train/loss,1.5210545063018799
2681,17,train/lr,6.998345974805661e-06
2682,17,train/loss,1.452303409576416
2682,17,train/lr,6.977217059310008e-06
2683,17,train/loss,1.4991559982299805
2683,17,train/lr,6.95611655581288e-06
2684,17,train/loss,1.342854380607605
2684,17,train/lr,6.935044485707854e-06
2685,17,train/loss,1.7841943502426147
2685,17,train/lr,6.91400087035968e-06
2686,17,train/loss,1.4375592470169067
2686,17,train/lr,6.892985731104244e-06
2687,17,train/loss,1.3786449432373047
2687,17,train/lr,6.871999089248578e-06
2688,17,train/loss,1.2325949668884277
2688,17,train/lr,6.851040966070809e-06
2689,17,train/loss,1.3477418422698975
2689,17,train/lr,6.830111382820152e-06
2690,17,train/loss,1.358890414237976
2690,17,train/lr,6.809210360716888e-06
2691,17,train/loss,1.4685111045837402
2691,17,train/lr,6.7883379209523405e-06
2692,17,train/loss,1.327703833580017
2692,17,train/lr,6.7674940846888505e-06
2693,17,train/loss,1.4633485078811646
2693,17,train/lr,6.746678873059761e-06
2694,17,train/loss,1.330817699432373
2694,17,train/lr,6.725892307169387e-06
2695,17,train/loss,1.4883501529693604
2695,17,train/lr,6.705134408093017e-06
2696,17,train/loss,1.5532505512237549
2696,17,train/lr,6.684405196876842e-06
2697,17,train/loss,1.2310506105422974
2697,17,train/lr,6.663704694537995e-06
2698,17,train/loss,1.388610601425171
2698,17,train/lr,6.6430329220645e-06
2699,17,train/loss,1.4360828399658203
2699,17,train/lr,6.6223899004152356e-06
2700,17,train/loss,1.2021030187606812
2700,17,train/lr,6.6017756505199415e-06
2701,17,train/loss,1.3034244775772095
2701,17,train/lr,6.58119019327919e-06
2702,17,train/loss,1.4368270635604858
2702,17,train/lr,6.56063354956435e-06
2703,17,train/loss,1.373595952987671
2703,17,train/lr,6.540105740217582e-06
2704,17,train/loss,1.4398341178894043
2704,17,train/lr,6.519606786051812e-06
2705,17,train/loss,1.3069334030151367
2705,17,train/lr,6.499136707850721e-06
2706,17,train/loss,1.3839998245239258
2706,17,train/lr,6.478695526368677e-06
2707,17,train/loss,1.519200086593628
2707,17,train/lr,6.458283262330791e-06
2708,17,train/loss,1.2700846195220947
2708,17,train/lr,6.437899936432833e-06
2709,17,train/loss,1.459884524345398
2709,17,train/lr,6.417545569341238e-06
2710,17,train/loss,1.3204047679901123
2710,17,train/lr,6.397220181693082e-06
2711,17,train/loss,1.2582128047943115
2711,17,train/lr,6.376923794096059e-06
2712,17,train/loss,1.3827764987945557
2712,17,train/lr,6.356656427128452e-06
2713,17,train/loss,1.4021193981170654
2713,17,train/lr,6.336418101339134e-06
2714,17,train/loss,1.2415611743927002
2714,17,train/lr,6.316208837247522e-06
2715,17,train/loss,1.2813830375671387
2715,17,train/lr,6.296028655343581e-06
2716,17,train/loss,1.275734782218933
2716,17,train/lr,6.2758775760877605e-06
2717,17,train/loss,1.3585025072097778
2717,17,train/lr,6.255755619911037e-06
2718,17,train/loss,1.3455333709716797
2718,17,train/lr,6.235662807214846e-06
2719,17,train/loss,1.4989761114120483
2719,17,train/lr,6.215599158371069e-06
2720,17,train/loss,1.4642834663391113
2720,17,train/lr,6.195564693722027e-06
2721,17,train/loss,1.2687727212905884
2721,17,train/lr,6.175559433580448e-06
2722,17,train/loss,1.3943222761154175
2722,17,train/lr,6.15558339822945e-06
2723,17,train/loss,1.3558013439178467
2723,17,train/lr,6.135636607922522e-06
2724,17,train/loss,1.6405363082885742
2724,17,train/lr,6.1157190828834995e-06
2725,17,train/loss,1.4430875778198242
2725,17,train/lr,6.095830843306556e-06
2726,17,train/loss,1.2442759275436401
2726,17,train/lr,6.075971909356146e-06
2727,17,train/loss,1.3493059873580933
2727,17,train/lr,6.056142301167038e-06
2728,17,train/loss,1.282349705696106
2728,17,train/lr,6.0363420388442584e-06
2729,17,train/loss,1.3450865745544434
2729,17,train/lr,6.016571142463082e-06
2730,17,train/loss,1.3841980695724487
2730,17,train/lr,5.9968296320690084e-06
2731,17,train/loss,1.5130805969238281
2731,17,train/lr,5.977117527677743e-06
2732,17,train/loss,1.4546968936920166
2732,17,train/lr,5.957434849275173e-06
2733,17,train/loss,1.285609483718872
2733,17,train/lr,5.937781616817357e-06
2734,17,train/loss,1.5460227727890015
2734,17,train/lr,5.918157850230493e-06
2735,17,train/loss,1.4515056610107422
2735,17,train/lr,5.898563569410913e-06
2736,17,train/loss,1.4891560077667236
2736,17,train/lr,5.878998794225053e-06
2737,17,train/loss,1.3454651832580566
2737,17,train/lr,5.8594635445094135e-06
2738,17,train/loss,1.4885092973709106
2738,17,train/lr,5.839957840070582e-06
2739,17,train/loss,1.298231840133667
2739,17,train/lr,5.820481700685177e-06
2740,17,train/loss,1.400010108947754
2740,17,train/lr,5.8010351460998536e-06
2741,17,train/loss,1.3830406665802002
2741,17,train/lr,5.781618196031265e-06
2742,17,train/loss,1.5620735883712769
2742,17,train/lr,5.762230870166045e-06
2743,17,train/loss,1.4545562267303467
2743,17,train/lr,5.742873188160796e-06
2744,17,train/loss,1.2731683254241943
2744,17,train/lr,5.723545169642064e-06
2745,17,train/loss,1.527285099029541
2745,17,train/lr,5.7042468342063175e-06
2746,17,train/loss,1.4332520961761475
2746,17,train/lr,5.684978201419943e-06
2747,17,train/loss,1.7242882251739502
2747,17,train/lr,5.66573929081918e-06
2748,17,train/loss,1.447204828262329
2748,17,train/lr,5.646530121910162e-06
2749,17,train/loss,1.408674716949463
2749,17,train/lr,5.627350714168863e-06
2750,17,train/loss,1.5042510032653809
2750,17,train/lr,5.6082010870410745e-06
2751,17,train/loss,1.1249487400054932
2751,17,train/lr,5.5890812599424015e-06
2752,17,train/loss,1.283042073249817
2752,17,train/lr,5.569991252258227e-06
2753,17,train/loss,1.2479192018508911
2753,17,train/lr,5.550931083343706e-06
2754,17,train/loss,1.4196059703826904
2754,17,train/lr,5.531900772523741e-06
2755,17,train/loss,1.316479206085205
2755,17,train/lr,5.512900339092956e-06
2756,17,train/loss,1.5174577236175537
2756,17,train/lr,5.4939298023157005e-06
2757,17,train/loss,1.2439637184143066
2757,17,train/lr,5.474989181425972e-06
2758,17,train/loss,1.3303254842758179
2758,17,train/lr,5.45607849562748e-06
2759,17,train/loss,1.463820457458496
2759,17,train/lr,5.43719776409356e-06
2760,17,train/loss,1.3490314483642578
2760,17,train/lr,5.418347005967188e-06
2761,17,train/loss,1.4627623558044434
2761,17,train/lr,5.399526240360938e-06
2762,17,train/loss,1.2680468559265137
2762,17,train/lr,5.38073548635699e-06
2763,17,train/loss,1.2556389570236206
2763,17,train/lr,5.361974763007078e-06
2764,17,train/loss,1.3538708686828613
2764,17,train/lr,5.343244089332509e-06
2765,17,train/loss,1.3525032997131348
2765,17,train/lr,5.324543484324103e-06
2766,17,train/loss,1.4124897718429565
2766,17,train/lr,5.305872966942214e-06
2767,17,train/loss,1.3195281028747559
2767,17,train/lr,5.287232556116663e-06
2768,17,train/loss,1.5011529922485352
2768,17,train/lr,5.268622270746769e-06
2769,17,train/loss,1.323548674583435
2769,17,train/lr,5.250042129701304e-06
2770,17,train/loss,1.6319270133972168
2770,17,train/lr,5.231492151818466e-06
2771,17,train/loss,1.4996331930160522
2771,17,train/lr,5.212972355905886e-06
2772,17,train/loss,1.4312947988510132
2772,17,train/lr,5.194482760740584e-06
2773,17,train/loss,1.3419314622879028
2773,17,train/lr,5.176023385068957e-06
2774,17,train/loss,1.5023366212844849
2774,17,train/lr,5.157594247606773e-06
2775,17,train/loss,1.2833425998687744
2775,17,train/lr,5.139195367039136e-06
2776,17,train/loss,1.2386075258255005
2776,17,train/lr,5.120826762020479e-06
2777,17,train/loss,1.3911106586456299
2777,17,train/lr,5.10248845117452e-06
2778,17,train/loss,1.2662760019302368
2778,17,train/lr,5.084180453094282e-06
2779,17,train/loss,1.3895339965820312
2779,17,train/lr,5.065902786342046e-06
2780,17,train/loss,1.4645116329193115
2780,17,train/lr,5.04765546944934e-06
2781,17,train/loss,1.5169811248779297
2781,17,train/lr,5.029438520916931e-06
2782,17,train/loss,1.2071149349212646
2782,17,train/lr,5.011251959214782e-06
2783,17,train/loss,1.2867974042892456
2783,17,train/lr,4.99309580278205e-06
2784,17,train/loss,1.334906816482544
2784,17,train/lr,4.974970070027069e-06
2785,17,train/loss,1.439561367034912
2785,17,train/lr,4.956874779327328e-06
2786,17,train/loss,1.4106851816177368
2786,17,train/lr,4.938809949029447e-06
2787,17,train/loss,1.347546935081482
2787,17,train/lr,4.920775597449155e-06
2788,17,train/loss,1.3297709226608276
2788,17,train/lr,4.902771742871299e-06
2789,17,train/loss,1.3060749769210815
2789,17,train/lr,4.884798403549786e-06
2790,17,train/loss,1.340970516204834
2790,17,train/lr,4.866855597707594e-06
2791,17,train/loss,1.5972453355789185
2791,17,train/lr,4.848943343536744e-06
2792,17,train/loss,1.4952881336212158
2792,17,train/lr,4.8310616591982745e-06
2793,17,train/loss,1.4442325830459595
2793,17,train/lr,4.813210562822232e-06
2794,17,train/loss,1.5154924392700195
2794,17,train/lr,4.7953900725076525e-06
2795,17,train/loss,1.431359052658081
2795,17,train/lr,4.777600206322549e-06
2796,17,train/loss,1.5295497179031372
2796,17,train/lr,4.759840982303862e-06
2797,17,train/loss,1.3449699878692627
2797,17,train/lr,4.742112418457481e-06
2798,17,train/loss,1.4320731163024902
2798,17,train/lr,4.7244145327582036e-06
2799,17,train/loss,1.3033568859100342
2799,17,train/lr,4.706747343149737e-06
2800,17,train/loss,1.3345837593078613
2800,17,train/lr,4.689110867544645e-06
2801,17,train/loss,1.3395508527755737
2801,17,train/lr,4.6715051238243665e-06
2802,17,train/loss,1.4189000129699707
2802,17,train/lr,4.653930129839173e-06
2803,17,train/loss,1.2126264572143555
2803,17,train/lr,4.636385903408161e-06
2804,17,train/loss,1.3626468181610107
2804,17,train/lr,4.6188724623192385e-06
2805,17,train/loss,1.4426791667938232
2805,17,train/lr,4.601389824329097e-06
2806,17,train/loss,1.5761395692825317
2806,17,train/lr,4.583938007163179e-06
2807,17,train/loss,1.52339506149292
2807,17,train/lr,4.56651702851571e-06
2808,17,train/loss,1.611716389656067
2808,17,train/lr,4.549126906049629e-06
2809,17,train/loss,1.392669916152954
2809,17,train/lr,4.531767657396591e-06
2810,17,train/loss,1.1846354007720947
2810,17,train/lr,4.514439300156954e-06
2811,17,train/loss,1.1994872093200684
2811,17,train/lr,4.497141851899756e-06
2812,17,train/loss,1.3039824962615967
2812,17,train/lr,4.4798753301626915e-06
2813,17,train/loss,1.3838779926300049
2813,17,train/lr,4.462639752452098e-06
2814,17,train/loss,1.2591261863708496
2814,17,train/lr,4.445435136242947e-06
2815,17,train/loss,1.2758536338806152
2815,17,train/lr,4.428261498978826e-06
2816,17,train/loss,1.4245483875274658
2816,17,train/lr,4.411118858071873e-06
2817,17,train/loss,1.436751365661621
2817,17,train/lr,4.394007230902848e-06
2818,17,train/loss,1.4814294576644897
2818,17,train/lr,4.3769266348210394e-06
2819,17,train/loss,1.4061834812164307
2819,17,train/lr,4.359877087144281e-06
2820,17,train/loss,1.421861171722412
2820,17,train/lr,4.342858605158925e-06
2821,17,train/loss,1.2418513298034668
2821,17,train/lr,4.325871206119832e-06
2822,17,train/loss,1.3820009231567383
2822,17,train/lr,4.308914907250337e-06
2822,17,train/batches,662.0
2822,17,train/compute_pct,99.91508257696894
2822,17,train/compute_sec,115.45976909903402
2822,17,train/data_wait_pct,0.08491742303106314
2822,17,train/data_wait_sec,0.09812878899538191
2822,17,train/examples,5296.0
2822,17,train/examples_per_sec,45.82984025143478
2822,17,train/input_tokens,763267.0
2822,17,train/peak_vram_gb,6.766403675079346
2822,17,train/target_tokens,424810.0
2822,17,train/tokens_per_sec,10281.227174547561
2822,17,train/total_sec,115.5578978880294
2822,17,train/epoch_loss,1.3793494802227193
2822,17,epoch17/batches,662.0
2822,17,epoch17/compute_pct,99.91508257696894
2822,17,epoch17/compute_sec,115.45976909903402
2822,17,epoch17/data_wait_pct,0.08491742303106314
2822,17,epoch17/data_wait_sec,0.09812878899538191
2822,17,epoch17/examples,5296.0
2822,17,epoch17/examples_per_sec,45.82984025143478
2822,17,epoch17/input_tokens,763267.0
2822,17,epoch17/peak_vram_gb,6.766403675079346
2822,17,epoch17/target_tokens,424810.0
2822,17,epoch17/tokens_per_sec,10281.227174547561
2822,17,epoch17/total_sec,115.5578978880294
2822,17,val/bleu,25.795577407206707
2822,17,val/chrf,46.01736798083042
2822,17,val/combined,34.45351328711524
2822,17,val/eval_peak_vram_gb,6.766403675079346
2822,17,val/eval_samples_per_sec,4.996015582095669
2822,17,val/eval_seconds,119.29506427800152
2822,17,val/eval_tokens_per_sec,952.2271578250665
2823,18,train/loss,1.5584893226623535
2823,18,train/lr,4.291989725742252e-06
2824,18,train/loss,1.3278355598449707
2824,18,train/lr,4.275095678755838e-06
2825,18,train/loss,1.2655928134918213
2825,18,train/lr,4.258232783419797e-06
2826,18,train/loss,1.4359090328216553
2826,18,train/lr,4.241401056831215e-06
2827,18,train/loss,1.4571778774261475
2827,18,train/lr,4.224600516055613e-06
2828,18,train/loss,1.3444572687149048
2828,18,train/lr,4.20783117812688e-06
2829,18,train/loss,1.569197654724121
2829,18,train/lr,4.191093060047256e-06
2830,18,train/loss,1.4186513423919678
2830,18,train/lr,4.174386178787354e-06
2831,18,train/loss,1.4910738468170166
2831,18,train/lr,4.157710551286091e-06
2832,18,train/loss,1.401679515838623
2832,18,train/lr,4.141066194450712e-06
2833,18,train/loss,1.5691249370574951
2833,18,train/lr,4.12445312515675e-06
2834,18,train/loss,1.4462594985961914
2834,18,train/lr,4.107871360248019e-06
2835,18,train/loss,1.478663682937622
2835,18,train/lr,4.091320916536589e-06
2836,18,train/loss,1.4104697704315186
2836,18,train/lr,4.074801810802784e-06
2837,18,train/loss,1.3326139450073242
2837,18,train/lr,4.0583140597951344e-06
2838,18,train/loss,1.3375166654586792
2838,18,train/lr,4.041857680230405e-06
2839,18,train/loss,1.2916723489761353
2839,18,train/lr,4.025432688793538e-06
2840,18,train/loss,1.2889480590820312
2840,18,train/lr,4.009039102137657e-06
2841,18,train/loss,1.2434067726135254
2841,18,train/lr,3.99267693688404e-06
2842,18,train/loss,1.2803432941436768
2842,18,train/lr,3.976346209622115e-06
2843,18,train/loss,1.3833916187286377
2843,18,train/lr,3.960046936909433e-06
2844,18,train/loss,1.3526041507720947
2844,18,train/lr,3.943779135271646e-06
2845,18,train/loss,1.2981127500534058
2845,18,train/lr,3.927542821202501e-06
2846,18,train/loss,1.4190409183502197
2846,18,train/lr,3.91133801116384e-06
2847,18,train/loss,1.5176184177398682
2847,18,train/lr,3.895164721585522e-06
2848,18,train/loss,1.402019739151001
2848,18,train/lr,3.879022968865484e-06
2849,18,train/loss,1.2476189136505127
2849,18,train/lr,3.862912769369672e-06
2850,18,train/loss,1.3712995052337646
2850,18,train/lr,3.846834139432045e-06
2851,18,train/loss,1.349550485610962
2851,18,train/lr,3.8307870953545546e-06
2852,18,train/loss,1.3764963150024414
2852,18,train/lr,3.814771653407127e-06
2853,18,train/loss,1.4364426136016846
2853,18,train/lr,3.7987878298276437e-06
2854,18,train/loss,1.228865385055542
2854,18,train/lr,3.7828356408219346e-06
2855,18,train/loss,1.1632978916168213
2855,18,train/lr,3.7669151025637494e-06
2856,18,train/loss,1.3166693449020386
2856,18,train/lr,3.751026231194761e-06
2857,18,train/loss,1.36845862865448
2857,18,train/lr,3.7351690428245133e-06
2858,18,train/loss,1.4668611288070679
2858,18,train/lr,3.71934355353044e-06
2859,18,train/loss,1.4106333255767822
2859,18,train/lr,3.703549779357838e-06
2860,18,train/loss,1.4068801403045654
2860,18,train/lr,3.6877877363198456e-06
2861,18,train/loss,1.4289062023162842
2861,18,train/lr,3.672057440397427e-06
2862,18,train/loss,1.5400837659835815
2862,18,train/lr,3.6563589075393617e-06
2863,18,train/loss,1.38265061378479
2863,18,train/lr,3.640692153662226e-06
2864,18,train/loss,1.245621919631958
2864,18,train/lr,3.6250571946503677e-06
2865,18,train/loss,1.3101505041122437
2865,18,train/lr,3.609454046355911e-06
2866,18,train/loss,1.2633357048034668
2866,18,train/lr,3.593882724598719e-06
2867,18,train/loss,1.1857309341430664
2867,18,train/lr,3.578343245166377e-06
2868,18,train/loss,1.389453411102295
2868,18,train/lr,3.562835623814205e-06
2869,18,train/loss,1.3949795961380005
2869,18,train/lr,3.547359876265215e-06
2870,18,train/loss,1.4748425483703613
2870,18,train/lr,3.5319160182100946e-06
2871,18,train/loss,1.3004170656204224
2871,18,train/lr,3.516504065307211e-06
2872,18,train/loss,1.4629027843475342
2872,18,train/lr,3.5011240331825784e-06
2873,18,train/loss,1.284070611000061
2873,18,train/lr,3.4857759374298417e-06
2874,18,train/loss,1.3300178050994873
2874,18,train/lr,3.4704597936102735e-06
2875,18,train/loss,1.4379030466079712
2875,18,train/lr,3.4551756172527435e-06
2876,18,train/loss,1.3066208362579346
2876,18,train/lr,3.4399234238537248e-06
2877,18,train/loss,1.415161371231079
2877,18,train/lr,3.4247032288772414e-06
2878,18,train/loss,1.47560715675354
2878,18,train/lr,3.4095150477548857e-06
2879,18,train/loss,1.3592262268066406
2879,18,train/lr,3.394358895885792e-06
2880,18,train/loss,1.3617759943008423
2880,18,train/lr,3.379234788636626e-06
2881,18,train/loss,1.30851149559021
2881,18,train/lr,3.364142741341552e-06
2882,18,train/loss,1.3800034523010254
2882,18,train/lr,3.3490827693022263e-06
2883,18,train/loss,1.369565486907959
2883,18,train/lr,3.334054887787812e-06
2884,18,train/loss,1.439083456993103
2884,18,train/lr,3.319059112034913e-06
2885,18,train/loss,1.4191880226135254
2885,18,train/lr,3.304095457247575e-06
2886,18,train/loss,1.333497405052185
2886,18,train/lr,3.2891639385972913e-06
2887,18,train/loss,1.424084186553955
2887,18,train/lr,3.2742645712229667e-06
2888,18,train/loss,1.5232206583023071
2888,18,train/lr,3.2593973702309106e-06
2889,18,train/loss,1.3314769268035889
2889,18,train/lr,3.2445623506948167e-06
2890,18,train/loss,1.4543263912200928
2890,18,train/lr,3.2297595276557596e-06
2891,18,train/loss,1.3674973249435425
2891,18,train/lr,3.214988916122152e-06
2892,18,train/loss,1.3135749101638794
2892,18,train/lr,3.2002505310697645e-06
2893,18,train/loss,1.389601230621338
2893,18,train/lr,3.185544387441689e-06
2894,18,train/loss,1.4498436450958252
2894,18,train/lr,3.1708705001483224e-06
2895,18,train/loss,1.3353698253631592
2895,18,train/lr,3.1562288840673668e-06
2896,18,train/loss,1.4685757160186768
2896,18,train/lr,3.1416195540437896e-06
2897,18,train/loss,1.4523060321807861
2897,18,train/lr,3.1270425248898407e-06
2898,18,train/loss,1.50260329246521
2898,18,train/lr,3.112497811385009e-06
2899,18,train/loss,1.3879337310791016
2899,18,train/lr,3.09798542827603e-06
2900,18,train/loss,1.2072029113769531
2900,18,train/lr,3.0835053902768477e-06
2901,18,train/loss,1.3629475831985474
2901,18,train/lr,3.069057712068616e-06
2902,18,train/loss,1.3897569179534912
2902,18,train/lr,3.0546424082996833e-06
2903,18,train/loss,1.2624953985214233
2903,18,train/lr,3.040259493585574e-06
2904,18,train/loss,1.4171618223190308
2904,18,train/lr,3.0259089825089655e-06
2905,18,train/loss,1.4510753154754639
2905,18,train/lr,3.0115908896196973e-06
2906,18,train/loss,1.4034123420715332
2906,18,train/lr,2.997305229434711e-06
2907,18,train/loss,1.4438835382461548
2907,18,train/lr,2.983052016438099e-06
2908,18,train/loss,1.4416821002960205
2908,18,train/lr,2.968831265081032e-06
2909,18,train/loss,1.4652154445648193
2909,18,train/lr,2.9546429897817848e-06
2910,18,train/loss,1.4629697799682617
2910,18,train/lr,2.9404872049256916e-06
2911,18,train/loss,1.5786323547363281
2911,18,train/lr,2.9263639248651553e-06
2912,18,train/loss,1.4129374027252197
2912,18,train/lr,2.9122731639196154e-06
2913,18,train/loss,1.350773811340332
2913,18,train/lr,2.898214936375541e-06
2914,18,train/loss,1.4400768280029297
2914,18,train/lr,2.884189256486421e-06
2915,18,train/loss,1.5745348930358887
2915,18,train/lr,2.8701961384727446e-06
2916,18,train/loss,1.3247524499893188
2916,18,train/lr,2.856235596521978e-06
2917,18,train/loss,1.2274999618530273
2917,18,train/lr,2.8423076447885628e-06
2918,18,train/loss,1.1870441436767578
2918,18,train/lr,2.8284122973939037e-06
2919,18,train/loss,1.2213761806488037
2919,18,train/lr,2.8145495684263415e-06
2920,18,train/loss,1.4591665267944336
2920,18,train/lr,2.800719471941152e-06
2921,18,train/loss,1.4850640296936035
2921,18,train/lr,2.7869220219605202e-06
2922,18,train/loss,1.3854670524597168
2922,18,train/lr,2.7731572324735328e-06
2923,18,train/loss,1.3509995937347412
2923,18,train/lr,2.7594251174361607e-06
2924,18,train/loss,1.284389615058899
2924,18,train/lr,2.7457256907712456e-06
2925,18,train/loss,1.5972156524658203
2925,18,train/lr,2.732058966368498e-06
2926,18,train/loss,1.4147510528564453
2926,18,train/lr,2.718424958084452e-06
2927,18,train/loss,1.1851472854614258
2927,18,train/lr,2.704823679742485e-06
2928,18,train/loss,1.379798412322998
2928,18,train/lr,2.691255145132793e-06
2929,18,train/loss,1.2129337787628174
2929,18,train/lr,2.6777193680123567e-06
2930,18,train/loss,1.4581677913665771
2930,18,train/lr,2.664216362104964e-06
2931,18,train/loss,1.271059513092041
2931,18,train/lr,2.6507461411011644e-06
2932,18,train/loss,1.4424246549606323
2932,18,train/lr,2.637308718658272e-06
2933,18,train/loss,1.385685682296753
2933,18,train/lr,2.6239041084003426e-06
2934,18,train/loss,1.398879051208496
2934,18,train/lr,2.6105323239181696e-06
2935,18,train/loss,1.2939754724502563
2935,18,train/lr,2.5971933787692573e-06
2936,18,train/loss,1.326147198677063
2936,18,train/lr,2.5838872864778276e-06
2937,18,train/loss,1.478515386581421
2937,18,train/lr,2.5706140605347706e-06
2938,18,train/loss,1.3593758344650269
2938,18,train/lr,2.5573737143976756e-06
2939,18,train/loss,1.49367356300354
2939,18,train/lr,2.5441662614907874e-06
2940,18,train/loss,1.3580248355865479
2940,18,train/lr,2.5309917152049995e-06
2941,18,train/loss,1.132810354232788
2941,18,train/lr,2.517850088897846e-06
2942,18,train/loss,1.3156087398529053
2942,18,train/lr,2.5047413958934735e-06
2943,18,train/loss,1.2264944314956665
2943,18,train/lr,2.4916656494826517e-06
2944,18,train/loss,1.2424726486206055
2944,18,train/lr,2.478622862922738e-06
2945,18,train/loss,1.3771700859069824
2945,18,train/lr,2.4656130494376695e-06
2946,18,train/loss,1.504723072052002
2946,18,train/lr,2.4526362222179665e-06
2947,18,train/loss,1.4691413640975952
2947,18,train/lr,2.4396923944206826e-06
2948,18,train/loss,1.512373447418213
2948,18,train/lr,2.4267815791694286e-06
2949,18,train/loss,1.4711756706237793
2949,18,train/lr,2.4139037895543458e-06
2950,18,train/loss,1.4428545236587524
2950,18,train/lr,2.4010590386320806e-06
2951,18,train/loss,1.3106380701065063
2951,18,train/lr,2.3882473394257956e-06
2952,18,train/loss,1.2769925594329834
2952,18,train/lr,2.375468704925131e-06
2953,18,train/loss,1.3173179626464844
2953,18,train/lr,2.3627231480862033e-06
2954,18,train/loss,1.3288884162902832
2954,18,train/lr,2.3500106818316005e-06
2955,18,train/loss,1.3314075469970703
2955,18,train/lr,2.337331319050355e-06
2956,18,train/loss,1.287630319595337
2956,18,train/lr,2.3246850725979426e-06
2957,18,train/loss,1.3744196891784668
2957,18,train/lr,2.3120719552962463e-06
2958,18,train/loss,1.2845261096954346
2958,18,train/lr,2.2994919799335684e-06
2959,18,train/loss,1.4376356601715088
2959,18,train/lr,2.2869451592646217e-06
2960,18,train/loss,1.4161322116851807
2960,18,train/lr,2.2744315060104845e-06
2961,18,train/loss,1.4165490865707397
2961,18,train/lr,2.2619510328586194e-06
2962,18,train/loss,1.4395246505737305
2962,18,train/lr,2.249503752462841e-06
2963,18,train/loss,1.2996771335601807
2963,18,train/lr,2.2370896774433183e-06
2964,18,train/loss,1.4406063556671143
2964,18,train/lr,2.224708820386541e-06
2965,18,train/loss,1.301349401473999
2965,18,train/lr,2.212361193845333e-06
2966,18,train/loss,1.3132288455963135
2966,18,train/lr,2.200046810338828e-06
2967,18,train/loss,1.399054765701294
2967,18,train/lr,2.1877656823524282e-06
2968,18,train/loss,1.2457579374313354
2968,18,train/lr,2.175517822337849e-06
2969,18,train/loss,1.2426553964614868
2969,18,train/lr,2.163303242713058e-06
2970,18,train/loss,1.4685245752334595
2970,18,train/lr,2.151121955862295e-06
2971,18,train/loss,1.2928950786590576
2971,18,train/lr,2.138973974136027e-06
2972,18,train/loss,1.5118129253387451
2972,18,train/lr,2.1268593098509674e-06
2973,18,train/loss,1.480072021484375
2973,18,train/lr,2.114777975290044e-06
2974,18,train/loss,1.4051880836486816
2974,18,train/lr,2.102729982702392e-06
2975,18,train/loss,1.511697769165039
2975,18,train/lr,2.0907153443033394e-06
2976,18,train/loss,1.3450806140899658
2976,18,train/lr,2.0787340722744e-06
2977,18,train/loss,1.3923091888427734
2977,18,train/lr,2.0667861787632587e-06
2978,18,train/loss,1.3607896566390991
2978,18,train/lr,2.054871675883755e-06
2979,18,train/loss,1.3370152711868286
2979,18,train/lr,2.0429905757158678e-06
2980,18,train/loss,1.387387752532959
2980,18,train/lr,2.0311428903057296e-06
2981,18,train/loss,1.3825281858444214
2981,18,train/lr,2.0193286316655753e-06
2982,18,train/loss,1.2924268245697021
2982,18,train/lr,2.0075478117737546e-06
2983,18,train/loss,1.4134234189987183
2983,18,train/lr,1.995800442574714e-06
2984,18,train/loss,1.4592337608337402
2984,18,train/lr,1.9840865359789894e-06
2985,18,train/loss,1.3615684509277344
2985,18,train/lr,1.9724061038631843e-06
2986,18,train/loss,1.3373558521270752
2986,18,train/lr,1.9607591580699546e-06
2987,18,train/loss,1.2327781915664673
2987,18,train/lr,1.9491457104080193e-06
2988,18,train/loss,1.4996206760406494
2988,18,train/lr,1.93756577265213e-06
2988,18,train/batches,662.0
2988,18,train/compute_pct,99.92644919825625
2988,18,train/compute_sec,124.80216350800401
2988,18,train/data_wait_pct,0.07355080174375331
2988,18,train/data_wait_sec,0.09186055602913257
2988,18,train/examples,5296.0
2988,18,train/examples_per_sec,42.40395038664734
2988,18,train/input_tokens,763267.0
2988,18,train/peak_vram_gb,6.766403675079346
2988,18,train/target_tokens,424810.0
2988,18,train/tokens_per_sec,9512.680922114201
2988,18,train/total_sec,124.89402406403315
2988,18,train/epoch_loss,1.3768878258607178
2988,18,epoch18/batches,662.0
2988,18,epoch18/compute_pct,99.92644919825625
2988,18,epoch18/compute_sec,124.80216350800401
2988,18,epoch18/data_wait_pct,0.07355080174375331
2988,18,epoch18/data_wait_sec,0.09186055602913257
2988,18,epoch18/examples,5296.0
2988,18,epoch18/examples_per_sec,42.40395038664734
2988,18,epoch18/input_tokens,763267.0
2988,18,epoch18/peak_vram_gb,6.766403675079346
2988,18,epoch18/target_tokens,424810.0
2988,18,epoch18/tokens_per_sec,9512.680922114201
2988,18,epoch18/total_sec,124.89402406403315
2988,18,val/bleu,25.75335720353314
2988,18,val/chrf,46.115980622264345
2988,18,val/combined,34.46217233078011
2988,18,val/eval_peak_vram_gb,6.766403675079346
2988,18,val/eval_samples_per_sec,5.8767899325008015
2988,18,val/eval_seconds,101.41591019000043
2988,18,val/eval_tokens_per_sec,1101.9178331154858
2989,19,train/loss,1.4399527311325073
2989,19,train/lr,1.9260193565430555e-06
2990,19,train/loss,1.4091029167175293
2990,19,train/lr,1.9145064737875883e-06
2991,19,train/loss,1.4407525062561035
2991,19,train/lr,1.9030271360585158e-06
2992,19,train/loss,1.4420740604400635
2992,19,train/lr,1.891581354994618e-06
2993,19,train/loss,1.4686808586120605
2993,19,train/lr,1.880169142200642e-06
2994,19,train/loss,1.472200632095337
2994,19,train/lr,1.8687905092473082e-06
2995,19,train/loss,1.477992057800293
2995,19,train/lr,1.8574454676713046e-06
2996,19,train/loss,1.4328863620758057
2996,19,train/lr,1.8461340289752259e-06
2997,19,train/loss,1.4022679328918457
2997,19,train/lr,1.8348562046276304e-06
2998,19,train/loss,1.4364399909973145
2998,19,train/lr,1.8236120060629838e-06
2999,19,train/loss,1.2767072916030884
2999,19,train/lr,1.812401444681653e-06
3000,19,train/loss,1.401684045791626
3000,19,train/lr,1.801224531849908e-06
3001,19,train/loss,1.336564302444458
3001,19,train/lr,1.790081278899897e-06
3002,19,train/loss,1.3370097875595093
3002,19,train/lr,1.7789716971296513e-06
3003,19,train/loss,1.2827489376068115
3003,19,train/lr,1.7678957978030545e-06
3004,19,train/loss,1.5032477378845215
3004,19,train/lr,1.756853592149841e-06
3005,19,train/loss,1.4848754405975342
3005,19,train/lr,1.7458450913655865e-06
3006,19,train/loss,1.4152573347091675
3006,19,train/lr,1.7348703066116859e-06
3007,19,train/loss,1.198453664779663
3007,19,train/lr,1.72392924901536e-06
3008,19,train/loss,1.2408313751220703
3008,19,train/lr,1.7130219296696263e-06
3009,19,train/loss,1.219952940940857
3009,19,train/lr,1.7021483596332996e-06
3010,19,train/loss,1.4612960815429688
3010,19,train/lr,1.691308549930981e-06
3011,19,train/loss,1.4219486713409424
3011,19,train/lr,1.680502511553033e-06
3012,19,train/loss,1.3620201349258423
3012,19,train/lr,1.6697302554555776e-06
3013,19,train/loss,1.5788156986236572
3013,19,train/lr,1.6589917925604984e-06
3014,19,train/loss,1.6524603366851807
3014,19,train/lr,1.6482871337553994e-06
3015,19,train/loss,1.421889305114746
3015,19,train/lr,1.6376162898936307e-06
3016,19,train/loss,1.3861900568008423
3016,19,train/lr,1.6269792717942316e-06
3017,19,train/loss,1.2148820161819458
3017,19,train/lr,1.616376090241968e-06
3018,19,train/loss,1.2456514835357666
3018,19,train/lr,1.6058067559872916e-06
3019,19,train/loss,1.308509111404419
3019,19,train/lr,1.595271279746334e-06
3020,19,train/loss,1.462416648864746
3020,19,train/lr,1.584769672200904e-06
3021,19,train/loss,1.287940263748169
3021,19,train/lr,1.5743019439984677e-06
3022,19,train/loss,1.3067187070846558
3022,19,train/lr,1.5638681057521451e-06
3023,19,train/loss,1.4015371799468994
3023,19,train/lr,1.5534681680406864e-06
3024,19,train/loss,1.3688209056854248
3024,19,train/lr,1.5431021414084833e-06
3025,19,train/loss,1.5285807847976685
3025,19,train/lr,1.5327700363655427e-06
3026,19,train/loss,1.586477279663086
3026,19,train/lr,1.5224718633874588e-06
3027,19,train/loss,1.414917230606079
3027,19,train/lr,1.5122076329154525e-06
3028,19,train/loss,1.3041037321090698
3028,19,train/lr,1.5019773553563085e-06
3029,19,train/loss,1.4294390678405762
3029,19,train/lr,1.4917810410823994e-06
3030,19,train/loss,1.34829843044281
3030,19,train/lr,1.4816187004316615e-06
3031,19,train/loss,1.398970603942871
3031,19,train/lr,1.4714903437075764e-06
3032,19,train/loss,1.2286813259124756
3032,19,train/lr,1.461395981179182e-06
3033,19,train/loss,1.1724343299865723
3033,19,train/lr,1.4513356230810413e-06
3034,19,train/loss,1.304489016532898
3034,19,train/lr,1.4413092796132431e-06
3035,19,train/loss,1.2583675384521484
3035,19,train/lr,1.4313169609413893e-06
3036,19,train/loss,1.5770409107208252
3036,19,train/lr,1.4213586771965885e-06
3037,19,train/loss,1.4058082103729248
3037,19,train/lr,1.411434438475431e-06
3038,19,train/loss,1.4531389474868774
3038,19,train/lr,1.4015442548399986e-06
3039,19,train/loss,1.772747278213501
3039,19,train/lr,1.3916881363178388e-06
3040,19,train/loss,1.3057942390441895
3040,19,train/lr,1.3818660929019714e-06
3041,19,train/loss,1.4770796298980713
3041,19,train/lr,1.3720781345508552e-06
3042,19,train/loss,1.373551845550537
3042,19,train/lr,1.3623242711884008e-06
3043,19,train/loss,1.3839876651763916
3043,19,train/lr,1.3526045127039393e-06
3044,19,train/loss,1.4080986976623535
3044,19,train/lr,1.3429188689522335e-06
3045,19,train/loss,1.2565670013427734
3045,19,train/lr,1.333267349753452e-06
3046,19,train/loss,1.2940658330917358
3046,19,train/lr,1.323649964893171e-06
3047,19,train/loss,1.405775785446167
3047,19,train/lr,1.314066724122349e-06
3048,19,train/loss,1.373258352279663
3048,19,train/lr,1.3045176371573263e-06
3049,19,train/loss,1.3816992044448853
3049,19,train/lr,1.295002713679828e-06
3050,19,train/loss,1.4595835208892822
3050,19,train/lr,1.2855219633369302e-06
3051,19,train/loss,1.386436104774475
3051,19,train/lr,1.276075395741063e-06
3052,19,train/loss,1.5281896591186523
3052,19,train/lr,1.2666630204699995e-06
3053,19,train/loss,1.5087254047393799
3053,19,train/lr,1.2572848470668478e-06
3054,19,train/loss,1.3558523654937744
3054,19,train/lr,1.2479408850400313e-06
3055,19,train/loss,1.44306218624115
3055,19,train/lr,1.2386311438633007e-06
3056,19,train/loss,1.3191444873809814
3056,19,train/lr,1.2293556329757026e-06
3057,19,train/loss,1.3519138097763062
3057,19,train/lr,1.2201143617815684e-06
3058,19,train/loss,1.3479440212249756
3058,19,train/lr,1.2109073396505331e-06
3059,19,train/loss,1.2105213403701782
3059,19,train/lr,1.201734575917493e-06
3060,19,train/loss,1.4503533840179443
3060,19,train/lr,1.1925960798826129e-06
3061,19,train/loss,1.2829054594039917
3061,19,train/lr,1.1834918608113192e-06
3062,19,train/loss,1.359767198562622
3062,19,train/lr,1.1744219279342798e-06
3063,19,train/loss,1.4515035152435303
3063,19,train/lr,1.1653862904474082e-06
3064,19,train/loss,1.3701571226119995
3064,19,train/lr,1.1563849575118322e-06
3065,19,train/loss,1.6545180082321167
3065,19,train/lr,1.14741793825391e-06
3066,19,train/loss,1.2601855993270874
3066,19,train/lr,1.1384852417652063e-06
3067,19,train/loss,1.3679953813552856
3067,19,train/lr,1.1295868771024847e-06
3068,19,train/loss,1.3966245651245117
3068,19,train/lr,1.1207228532877038e-06
3069,19,train/loss,1.2429120540618896
3069,19,train/lr,1.1118931793079984e-06
3070,19,train/loss,1.4465304613113403
3070,19,train/lr,1.1030978641156856e-06
3071,19,train/loss,1.2125096321105957
3071,19,train/lr,1.0943369166282362e-06
3072,19,train/loss,1.332876443862915
3072,19,train/lr,1.08561034572828e-06
3073,19,train/loss,1.368239164352417
3073,19,train/lr,1.0769181602635997e-06
3074,19,train/loss,1.4918811321258545
3074,19,train/lr,1.0682603690470988e-06
3075,19,train/loss,1.3782682418823242
3075,19,train/lr,1.0596369808568294e-06
3076,19,train/loss,1.548996090888977
3076,19,train/lr,1.0510480044359459e-06
3077,19,train/loss,1.4511277675628662
3077,19,train/lr,1.0424934484927232e-06
3078,19,train/loss,1.2830119132995605
3078,19,train/lr,1.0339733217005308e-06
3079,19,train/loss,1.5105315446853638
3079,19,train/lr,1.0254876326978317e-06
3080,19,train/loss,1.3848752975463867
3080,19,train/lr,1.0170363900881796e-06
3081,19,train/loss,1.343092918395996
3081,19,train/lr,1.0086196024401943e-06
3082,19,train/loss,1.202999234199524
3082,19,train/lr,1.0002372782875674e-06
3083,19,train/loss,1.239452600479126
3083,19,train/lr,9.918894261290522e-07
3084,19,train/loss,1.2413578033447266
3084,19,train/lr,9.835760544284387e-07
3085,19,train/loss,1.2795124053955078
3085,19,train/lr,9.752971716145758e-07
3086,19,train/loss,1.1740576028823853
3086,19,train/lr,9.670527860813203e-07
3087,19,train/loss,1.521482229232788
3087,19,train/lr,9.588429061875736e-07
3088,19,train/loss,1.4145954847335815
3088,19,train/lr,9.506675402572445e-07
3089,19,train/loss,1.2500838041305542
3089,19,train/lr,9.425266965792472e-07
3090,19,train/loss,1.4318764209747314
3090,19,train/lr,9.344203834074926e-07
3091,19,train/loss,1.4307376146316528
3091,19,train/lr,9.263486089608923e-07
3092,19,train/loss,1.4513217210769653
3092,19,train/lr,9.183113814233279e-07
3093,19,train/loss,1.2771658897399902
3093,19,train/lr,9.103087089436578e-07
3094,19,train/loss,1.2222915887832642
3094,19,train/lr,9.02340599635703e-07
3095,19,train/loss,1.3321892023086548
3095,19,train/lr,8.944070615782539e-07
3096,19,train/loss,1.3226091861724854
3096,19,train/lr,8.865081028150279e-07
3097,19,train/loss,1.2034308910369873
3097,19,train/lr,8.786437313546963e-07
3098,19,train/loss,1.3654091358184814
3098,19,train/lr,8.708139551708654e-07
3099,19,train/loss,1.4812495708465576
3099,19,train/lr,8.630187822020567e-07
3100,19,train/loss,1.4288485050201416
3100,19,train/lr,8.55258220351715e-07
3101,19,train/loss,1.3472939729690552
3101,19,train/lr,8.475322774881921e-07
3102,19,train/loss,1.3048157691955566
3102,19,train/lr,8.398409614447321e-07
3103,19,train/loss,1.2758641242980957
3103,19,train/lr,8.321842800194866e-07
3104,19,train/loss,1.360965371131897
3104,19,train/lr,8.24562240975476e-07
3105,19,train/loss,1.4441335201263428
3105,19,train/lr,8.169748520406083e-07
3106,19,train/loss,1.485281229019165
3106,19,train/lr,8.094221209076529e-07
3107,19,train/loss,1.449310541152954
3107,19,train/lr,8.019040552342399e-07
3108,19,train/loss,1.2972444295883179
3108,19,train/lr,7.944206626428601e-07
3109,19,train/loss,1.3413684368133545
3109,19,train/lr,7.86971950720846e-07
3110,19,train/loss,1.4265143871307373
3110,19,train/lr,7.7955792702036e-07
3111,19,train/loss,1.3036391735076904
3111,19,train/lr,7.721785990584056e-07
3112,19,train/loss,1.4121522903442383
3112,19,train/lr,7.648339743168009e-07
3113,19,train/loss,1.3972740173339844
3113,19,train/lr,7.575240602421895e-07
3114,19,train/loss,1.3760818243026733
3114,19,train/lr,7.502488642460064e-07
3115,19,train/loss,1.3765430450439453
3115,19,train/lr,7.430083937045006e-07
3116,19,train/loss,1.348606824874878
3116,19,train/lr,7.358026559587044e-07
3117,19,train/loss,1.3798526525497437
3117,19,train/lr,7.286316583144369e-07
3118,19,train/loss,1.3084032535552979
3118,19,train/lr,7.214954080422969e-07
3119,19,train/loss,1.3104408979415894
3119,19,train/lr,7.143939123776504e-07
3120,19,train/loss,1.3658840656280518
3120,19,train/lr,7.073271785206313e-07
3121,19,train/loss,1.330802321434021
3121,19,train/lr,7.002952136361217e-07
3122,19,train/loss,1.359100341796875
3122,19,train/lr,6.932980248537557e-07
3123,19,train/loss,1.4543496370315552
3123,19,train/lr,6.863356192679115e-07
3124,19,train/loss,1.3151017427444458
3124,19,train/lr,6.794080039376926e-07
3125,19,train/loss,1.4544219970703125
3125,19,train/lr,6.725151858869349e-07
3126,19,train/loss,1.5095294713974
3126,19,train/lr,6.656571721041953e-07
3127,19,train/loss,1.5055172443389893
3127,19,train/lr,6.588339695427364e-07
3128,19,train/loss,1.3666276931762695
3128,19,train/lr,6.520455851205298e-07
3129,19,train/loss,1.3779525756835938
3129,19,train/lr,6.452920257202487e-07
3130,19,train/loss,1.5389246940612793
3130,19,train/lr,6.385732981892566e-07
3131,19,train/loss,1.3331451416015625
3131,19,train/lr,6.31889409339591e-07
3132,19,train/loss,1.2550151348114014
3132,19,train/lr,6.252403659479793e-07
3133,19,train/loss,1.5742151737213135
3133,19,train/lr,6.186261747558196e-07
3134,19,train/loss,1.5716716051101685
3134,19,train/lr,6.120468424691611e-07
3135,19,train/loss,1.3818321228027344
3135,19,train/lr,6.055023757587268e-07
3136,19,train/loss,1.32294762134552
3136,19,train/lr,5.98992781259876e-07
3137,19,train/loss,1.2383100986480713
3137,19,train/lr,5.925180655726147e-07
3138,19,train/loss,1.5131449699401855
3138,19,train/lr,5.860782352615923e-07
3139,19,train/loss,1.4982070922851562
3139,19,train/lr,5.79673296856078e-07
3140,19,train/loss,1.4084036350250244
3140,19,train/lr,5.733032568499768e-07
3141,19,train/loss,1.4297430515289307
3141,19,train/lr,5.669681217017979e-07
3142,19,train/loss,1.229323148727417
3142,19,train/lr,5.606678978346707e-07
3143,19,train/loss,1.2930362224578857
3143,19,train/lr,5.544025916363209e-07
3144,19,train/loss,1.4105576276779175
3144,19,train/lr,5.48172209459079e-07
3145,19,train/loss,1.2053102254867554
3145,19,train/lr,5.419767576198602e-07
3146,19,train/loss,1.1980525255203247
3146,19,train/lr,5.358162424001688e-07
3147,19,train/loss,1.3619027137756348
3147,19,train/lr,5.296906700460823e-07
3148,19,train/loss,1.4336128234863281
3148,19,train/lr,5.236000467682555e-07
3149,19,train/loss,1.4394878149032593
3149,19,train/lr,5.175443787419009e-07
3150,19,train/loss,1.5435047149658203
3150,19,train/lr,5.115236721068006e-07
3151,19,train/loss,1.6243022680282593
3151,19,train/lr,5.055379329672787e-07
3152,19,train/loss,1.4061589241027832
3152,19,train/lr,4.995871673922213e-07
3153,19,train/loss,1.3847776651382446
3153,19,train/lr,4.936713814150334e-07
3154,19,train/loss,1.5506260395050049
3154,19,train/lr,4.877905810336774e-07
3154,19,train/batches,662.0
3154,19,train/compute_pct,99.91605574688819
3154,19,train/compute_sec,115.50393696398714
3154,19,train/data_wait_pct,0.08394425311180707
3154,19,train/data_wait_sec,0.09704037701885682
3154,19,train/examples,5296.0
3154,19,train/examples_per_sec,45.81276146461611
3154,19,train/input_tokens,763267.0
3154,19,train/peak_vram_gb,6.766403675079346
3154,19,train/target_tokens,424810.0
3154,19,train/tokens_per_sec,10277.395808647416
3154,19,train/total_sec,115.600977341006
3154,19,train/epoch_loss,1.3743069258341256
3154,19,epoch19/batches,662.0
3154,19,epoch19/compute_pct,99.91605574688819
3154,19,epoch19/compute_sec,115.50393696398714
3154,19,epoch19/data_wait_pct,0.08394425311180707
3154,19,epoch19/data_wait_sec,0.09704037701885682
3154,19,epoch19/examples,5296.0
3154,19,epoch19/examples_per_sec,45.81276146461611
3154,19,epoch19/input_tokens,763267.0
3154,19,epoch19/peak_vram_gb,6.766403675079346
3154,19,epoch19/target_tokens,424810.0
3154,19,epoch19/tokens_per_sec,10277.395808647416
3154,19,epoch19/total_sec,115.600977341006
3154,19,val/bleu,25.857460354556263
3154,19,val/chrf,46.271564927202725
3154,19,val/combined,34.5899574392398
3154,19,val/eval_peak_vram_gb,6.766403675079346
3154,19,val/eval_samples_per_sec,5.154402518353538
3154,19,val/eval_seconds,115.62930870800119
3154,19,val/eval_tokens_per_sec,965.4299696792654
3155,20,train/loss,1.3528368473052979
3155,20,train/lr,4.819447722106273e-07
3156,20,train/loss,1.3944578170776367
3156,20,train/lr,4.7613396087289147e-07
3157,20,train/loss,1.420962929725647
3157,20,train/lr,4.703581529119854e-07
3158,20,train/loss,1.4103827476501465
3158,20,train/lr,4.64617354183936e-07
3159,20,train/loss,1.3338630199432373
3159,20,train/lr,4.5891157050928105e-07
3160,20,train/loss,1.3492251634597778
3160,20,train/lr,4.532408076730504e-07
3161,20,train/loss,1.3282780647277832
3161,20,train/lr,4.476050714247731e-07
3162,20,train/loss,1.3612473011016846
3162,20,train/lr,4.4200436747846236e-07
3163,20,train/loss,1.4175928831100464
3163,20,train/lr,4.364387015126075e-07
3164,20,train/loss,1.3849893808364868
3164,20,train/lr,4.309080791701819e-07
3165,20,train/loss,1.421985387802124
3165,20,train/lr,4.254125060586194e-07
3166,20,train/loss,1.370854377746582
3166,20,train/lr,4.199519877498264e-07
3167,20,train/loss,1.460289478302002
3167,20,train/lr,4.14526529780162e-07
3168,20,train/loss,1.4066126346588135
3168,20,train/lr,4.091361376504382e-07
3169,20,train/loss,1.445206642150879
3169,20,train/lr,4.037808168259199e-07
3170,20,train/loss,1.388547658920288
3170,20,train/lr,3.984605727363055e-07
3171,20,train/loss,1.3328174352645874
3171,20,train/lr,3.9317541077573453e-07
3172,20,train/loss,1.3230422735214233
3172,20,train/lr,3.879253363027723e-07
3173,20,train/loss,1.3219802379608154
3173,20,train/lr,3.827103546404214e-07
3174,20,train/loss,1.417393445968628
3174,20,train/lr,3.775304710760907e-07
3175,20,train/loss,1.3236316442489624
3175,20,train/lr,3.7238569086160683e-07
3176,20,train/loss,1.4940539598464966
3176,20,train/lr,3.672760192132107e-07
3177,20,train/loss,1.5276484489440918
3177,20,train/lr,3.622014613115415e-07
3178,20,train/loss,1.4099987745285034
3178,20,train/lr,3.571620223016408e-07
3179,20,train/loss,1.5388050079345703
3179,20,train/lr,3.521577072929371e-07
3180,20,train/loss,1.177234172821045
3180,20,train/lr,3.4718852135925733e-07
3181,20,train/loss,1.3353313207626343
3181,20,train/lr,3.4225446953880353e-07
3182,20,train/loss,1.282409429550171
3182,20,train/lr,3.373555568341568e-07
3183,20,train/loss,1.1575679779052734
3183,20,train/lr,3.3249178821226964e-07
3184,20,train/loss,1.5729495286941528
3184,20,train/lr,3.276631686044734e-07
3185,20,train/loss,1.305989146232605
3185,20,train/lr,3.2286970290644755e-07
3186,20,train/loss,1.4020843505859375
3186,20,train/lr,3.181113959782311e-07
3187,20,train/loss,1.3528977632522583
3187,20,train/lr,3.133882526442266e-07
3188,20,train/loss,1.2424311637878418
3188,20,train/lr,3.0870027769318075e-07
3189,20,train/loss,1.322624683380127
3189,20,train/lr,3.0404747587817244e-07
3190,20,train/loss,1.3703396320343018
3190,20,train/lr,2.9942985191663657e-07
3191,20,train/loss,1.262818455696106
3191,20,train/lr,2.9484741049032477e-07
3192,20,train/loss,1.3199224472045898
3192,20,train/lr,2.903001562453289e-07
3193,20,train/loss,1.7581628561019897
3193,20,train/lr,2.8578809379206145e-07
3194,20,train/loss,1.221979022026062
3194,20,train/lr,2.8131122770525205e-07
3195,20,train/loss,1.3309732675552368
3195,20,train/lr,2.7686956252395475e-07
3196,20,train/loss,1.246611475944519
3196,20,train/lr,2.724631027515134e-07
3197,20,train/loss,1.3708698749542236
3197,20,train/lr,2.680918528555964e-07
3198,20,train/loss,1.3136534690856934
3198,20,train/lr,2.637558172681697e-07
3199,20,train/loss,1.3337494134902954
3199,20,train/lr,2.594550003854889e-07
3200,20,train/loss,1.2831830978393555
3200,20,train/lr,2.5518940656811094e-07
3201,20,train/loss,1.286482572555542
3201,20,train/lr,2.5095904014087066e-07
3202,20,train/loss,1.5672725439071655
3202,20,train/lr,2.467639053928927e-07
3203,20,train/loss,1.3258260488510132
3203,20,train/lr,2.4260400657757974e-07
3204,20,train/loss,1.4517109394073486
3204,20,train/lr,2.3847934791260845e-07
3205,20,train/loss,1.4115076065063477
3205,20,train/lr,2.3438993357992597e-07
3206,20,train/loss,1.499502420425415
3206,20,train/lr,2.303357677257456e-07
3207,20,train/loss,1.575584053993225
3207,20,train/lr,2.2631685446053925e-07
3208,20,train/loss,1.4980254173278809
3208,20,train/lr,2.2233319785904537e-07
3209,20,train/loss,1.4038076400756836
3209,20,train/lr,2.183848019602491e-07
3210,20,train/loss,1.518410563468933
3210,20,train/lr,2.144716707673827e-07
3211,20,train/loss,1.3822486400604248
3211,20,train/lr,2.1059380824793303e-07
3212,20,train/loss,1.2250057458877563
3212,20,train/lr,2.067512183336184e-07
3213,20,train/loss,1.1899042129516602
3213,20,train/lr,2.0294390492040402e-07
3214,20,train/loss,1.4677746295928955
3214,20,train/lr,1.9917187186847872e-07
3215,20,train/loss,1.5924901962280273
3215,20,train/lr,1.9543512300227436e-07
3216,20,train/loss,1.373747706413269
3216,20,train/lr,1.9173366211043484e-07
3217,20,train/loss,1.371264934539795
3217,20,train/lr,1.8806749294583145e-07
3218,20,train/loss,1.3003464937210083
3218,20,train/lr,1.8443661922555142e-07
3219,20,train/loss,1.4422754049301147
3219,20,train/lr,1.8084104463090553e-07
3220,20,train/loss,1.4350072145462036
3220,20,train/lr,1.7728077280740494e-07
3221,20,train/loss,1.2191458940505981
3221,20,train/lr,1.737558073647688e-07
3222,20,train/loss,1.440576434135437
3222,20,train/lr,1.7026615187692439e-07
3223,20,train/loss,1.2569609880447388
3223,20,train/lr,1.668118098819915e-07
3224,20,train/loss,1.2881114482879639
3224,20,train/lr,1.6339278488229802e-07
3225,20,train/loss,1.348066806793213
3225,20,train/lr,1.6000908034435268e-07
3226,20,train/loss,1.4260083436965942
3226,20,train/lr,1.5666069969885676e-07
3227,20,train/loss,1.4086766242980957
3227,20,train/lr,1.5334764634069628e-07
3228,20,train/loss,1.5407297611236572
3228,20,train/lr,1.500699236289421e-07
3229,20,train/loss,1.4405746459960938
3229,20,train/lr,1.4682753488684196e-07
3230,20,train/loss,1.232414722442627
3230,20,train/lr,1.4362048340181675e-07
3231,20,train/loss,1.4378409385681152
3231,20,train/lr,1.4044877242546437e-07
3232,20,train/loss,1.2191812992095947
3232,20,train/lr,1.3731240517354802e-07
3233,20,train/loss,1.4980480670928955
3233,20,train/lr,1.3421138482599625e-07
3234,20,train/loss,1.4769299030303955
3234,20,train/lr,1.3114571452690293e-07
3235,20,train/loss,1.3141013383865356
3235,20,train/lr,1.281153973845117e-07
3236,20,train/loss,1.260833978652954
3236,20,train/lr,1.2512043647123936e-07
3237,20,train/loss,1.3065004348754883
3237,20,train/lr,1.2216083482363304e-07
3238,20,train/loss,1.2453830242156982
3238,20,train/lr,1.1923659544240516e-07
3239,20,train/loss,1.4128532409667969
3239,20,train/lr,1.1634772129241021e-07
3240,20,train/loss,1.434999942779541
3240,20,train/lr,1.1349421530265245e-07
3241,20,train/loss,1.4008562564849854
3241,20,train/lr,1.1067608036626264e-07
3242,20,train/loss,1.4035649299621582
3242,20,train/lr,1.0789331934052125e-07
3243,20,train/loss,1.476942777633667
3243,20,train/lr,1.0514593504683921e-07
3244,20,train/loss,1.2534534931182861
3244,20,train/lr,1.0243393027076164e-07
3245,20,train/loss,1.27647066116333
3245,20,train/lr,9.975730776196012e-08
3246,20,train/loss,1.2637810707092285
3246,20,train/lr,9.711607023423273e-08
3247,20,train/loss,1.2943816184997559
3247,20,train/lr,9.451022036550404e-08
3248,20,train/loss,1.308141827583313
3248,20,train/lr,9.19397607978134e-08
3249,20,train/loss,1.2581514120101929
3249,20,train/lr,8.940469413732277e-08
3250,20,train/loss,1.44565749168396
3250,20,train/lr,8.69050229543089e-08
3251,20,train/loss,1.4375911951065063
3251,20,train/lr,8.444074978316728e-08
3252,20,train/loss,1.45462965965271
3252,20,train/lr,8.201187712239266e-08
3253,20,train/loss,1.5285638570785522
3253,20,train/lr,7.961840743459458e-08
3254,20,train/loss,1.4127910137176514
3254,20,train/lr,7.726034314648189e-08
3255,20,train/loss,1.4275298118591309
3255,20,train/lr,7.493768664887822e-08
3256,20,train/loss,1.3246017694473267
3256,20,train/lr,7.265044029669486e-08
3257,20,train/loss,1.5190210342407227
3257,20,train/lr,7.039860640894623e-08
3258,20,train/loss,1.3764665126800537
3258,20,train/lr,6.818218726874603e-08
3259,20,train/loss,1.401754379272461
3259,20,train/lr,6.600118512329555e-08
3260,20,train/loss,1.2436153888702393
3260,20,train/lr,6.385560218388764e-08
3261,20,train/loss,1.4132874011993408
3261,20,train/lr,6.174544062591047e-08
3262,20,train/loss,1.2881736755371094
3262,20,train/lr,5.967070258883212e-08
3263,20,train/loss,1.3617780208587646
3263,20,train/lr,5.763139017620433e-08
3264,20,train/loss,1.3239752054214478
3264,20,train/lr,5.562750545566652e-08
3265,20,train/loss,1.4118869304656982
3265,20,train/lr,5.365905045893404e-08
3266,20,train/loss,1.452709436416626
3266,20,train/lr,5.172602718180596e-08
3267,20,train/loss,1.3321603536605835
3267,20,train/lr,4.982843758414956e-08
3268,20,train/loss,1.517545223236084
3268,20,train/lr,4.796628358991583e-08
3269,20,train/loss,1.4272613525390625
3269,20,train/lr,4.613956708711619e-08
3270,20,train/loss,1.3856099843978882
3270,20,train/lr,4.4348289927845784e-08
3271,20,train/loss,1.2115732431411743
3271,20,train/lr,4.259245392825628e-08
3272,20,train/loss,1.3716049194335938
3272,20,train/lr,4.087206086856754e-08
3273,20,train/loss,1.2759740352630615
3273,20,train/lr,3.918711249307927e-08
3274,20,train/loss,1.3121215105056763
3274,20,train/lr,3.7537610510132153e-08
3275,20,train/loss,1.3918638229370117
3275,20,train/lr,3.5923556592142855e-08
3276,20,train/loss,1.372056245803833
3276,20,train/lr,3.4344952375584545e-08
3277,20,train/loss,1.357486605644226
3277,20,train/lr,3.280179946098305e-08
3278,20,train/loss,1.2925812005996704
3278,20,train/lr,3.12940994129246e-08
3279,20,train/loss,1.506200909614563
3279,20,train/lr,2.982185376005197e-08
3280,20,train/loss,1.3777663707733154
3280,20,train/lr,2.838506399506446e-08
3281,20,train/loss,1.4061472415924072
3281,20,train/lr,2.6983731574698463e-08
3282,20,train/loss,1.5544044971466064
3282,20,train/lr,2.5617857919754682e-08
3283,20,train/loss,1.3247252702713013
3283,20,train/lr,2.4287444415074798e-08
3284,20,train/loss,1.4198813438415527
3284,20,train/lr,2.299249240955703e-08
3285,20,train/loss,1.1596150398254395
3285,20,train/lr,2.1733003216132806e-08
3286,20,train/loss,1.227212905883789
3286,20,train/lr,2.0508978111786202e-08
3287,20,train/loss,1.3693255186080933
3287,20,train/lr,1.932041833754616e-08
3288,20,train/loss,1.2708871364593506
3288,20,train/lr,1.8167325098478735e-08
3289,20,train/loss,1.390819787979126
3289,20,train/lr,1.7049699563690954e-08
3290,20,train/loss,1.4458048343658447
3290,20,train/lr,1.596754286633084e-08
3291,20,train/loss,1.4794416427612305
3291,20,train/lr,1.4920856103591285e-08
3292,20,train/loss,1.6241044998168945
3292,20,train/lr,1.390964033669062e-08
3293,20,train/loss,1.413851022720337
3293,20,train/lr,1.2933896590895943e-08
3294,20,train/loss,1.2650511264801025
3294,20,train/lr,1.1993625855495903e-08
3295,20,train/loss,1.3562507629394531
3295,20,train/lr,1.1088829083824024e-08
3296,20,train/loss,1.460731029510498
3296,20,train/lr,1.0219507193247045e-08
3297,20,train/loss,1.4731419086456299
3297,20,train/lr,9.385661065157146e-09
3298,20,train/loss,1.2256138324737549
3298,20,train/lr,8.58729154498361e-09
3299,20,train/loss,1.2443195581436157
3299,20,train/lr,7.824399442181162e-09
3300,20,train/loss,1.275986671447754
3300,20,train/lr,7.0969855302455135e-09
3301,20,train/loss,1.3157933950424194
3301,20,train/lr,6.405050546690049e-09
3302,20,train/loss,1.4472875595092773
3302,20,train/lr,5.748595193057481e-09
3303,20,train/loss,1.4161865711212158
3303,20,train/lr,5.127620134919852e-09
3304,20,train/loss,1.42336106300354
3304,20,train/lr,4.542126001886303e-09
3305,20,train/loss,1.5426208972930908
3305,20,train/lr,3.9921133875719935e-09
3306,20,train/loss,1.351322889328003
3306,20,train/lr,3.477582849636951e-09
3307,20,train/loss,1.3907594680786133
3307,20,train/lr,2.9985349097549905e-09
3308,20,train/loss,1.3138110637664795
3308,20,train/lr,2.5549700536253713e-09
3309,20,train/loss,1.293691635131836
3309,20,train/lr,2.1468887309766813e-09
3310,20,train/loss,1.376573085784912
3310,20,train/lr,1.7742913555590653e-09
3311,20,train/loss,1.2675187587738037
3311,20,train/lr,1.4371783051442266e-09
3312,20,train/loss,1.3752758502960205
3312,20,train/lr,1.1355499215215391e-09
3313,20,train/loss,1.4128690958023071
3313,20,train/lr,8.694065105174786e-10
3314,20,train/loss,1.4523069858551025
3314,20,train/lr,6.387483419684202e-10
3315,20,train/loss,1.3840028047561646
3315,20,train/lr,4.435756497361831e-10
3316,20,train/loss,1.4762964248657227
3316,20,train/lr,2.838886317041433e-10
3317,20,train/loss,1.35615873336792
3317,20,train/lr,1.596874497811207e-10
3318,20,train/loss,1.3310965299606323
3318,20,train/lr,7.097222988583506e-11
3319,20,train/loss,1.303367257118225
3319,20,train/lr,1.774306197022124e-11
3320,20,train/loss,1.5033700466156006
3320,20,train/lr,0.0
3320,20,train/batches,662.0
3320,20,train/compute_pct,99.91681270422485
3320,20,train/compute_sec,110.26646895697377
3320,20,train/data_wait_pct,0.08318729577515295
3320,20,train/data_wait_sec,0.09180406298946764
3320,20,train/examples,5296.0
3320,20,train/examples_per_sec,47.98915255806858
3320,20,train/input_tokens,763267.0
3320,20,train/peak_vram_gb,6.766403675079346
3320,20,train/target_tokens,424810.0
3320,20,train/tokens_per_sec,10765.6360278951
3320,20,train/total_sec,110.35827301996324
3320,20,train/epoch_loss,1.375008827069735
3320,20,epoch20/batches,662.0
3320,20,epoch20/compute_pct,99.91681270422485
3320,20,epoch20/compute_sec,110.26646895697377
3320,20,epoch20/data_wait_pct,0.08318729577515295
3320,20,epoch20/data_wait_sec,0.09180406298946764
3320,20,epoch20/examples,5296.0
3320,20,epoch20/examples_per_sec,47.98915255806858
3320,20,epoch20/input_tokens,763267.0
3320,20,epoch20/peak_vram_gb,6.766403675079346
3320,20,epoch20/target_tokens,424810.0
3320,20,epoch20/tokens_per_sec,10765.6360278951
3320,20,epoch20/total_sec,110.35827301996324
3320,20,val/bleu,25.827352512824625
3320,20,val/chrf,46.246471505625465
3320,20,val/combined,34.56043868428305
3320,20,val/eval_peak_vram_gb,6.766403675079346
3320,20,val/eval_samples_per_sec,4.647755919595517
3320,20,val/eval_seconds,128.23392844000045
3320,20,val/eval_tokens_per_sec,870.9083575510525
