step,epoch,metric,value
1,1,train/loss,4.763283729553223
1,1,train/lr,1.75e-07
2,1,train/loss,4.56717586517334
2,1,train/lr,3.5e-07
3,1,train/loss,4.5748515129089355
3,1,train/lr,5.25e-07
4,1,train/loss,4.489408493041992
4,1,train/lr,7e-07
5,1,train/loss,4.293580532073975
5,1,train/lr,8.75e-07
6,1,train/loss,4.2415266036987305
6,1,train/lr,1.05e-06
7,1,train/loss,4.3406267166137695
7,1,train/lr,1.225e-06
8,1,train/loss,4.2656779289245605
8,1,train/lr,1.4e-06
9,1,train/loss,4.293247699737549
9,1,train/lr,1.5749999999999997e-06
10,1,train/loss,4.2839741706848145
10,1,train/lr,1.75e-06
11,1,train/loss,4.413922309875488
11,1,train/lr,1.9249999999999998e-06
12,1,train/loss,4.906680107116699
12,1,train/lr,2.1e-06
13,1,train/loss,4.63384485244751
13,1,train/lr,2.275e-06
14,1,train/loss,4.621593475341797
14,1,train/lr,2.45e-06
15,1,train/loss,4.638417720794678
15,1,train/lr,2.625e-06
16,1,train/loss,4.524770259857178
16,1,train/lr,2.8e-06
17,1,train/loss,4.64070463180542
17,1,train/lr,2.975e-06
18,1,train/loss,4.282026290893555
18,1,train/lr,3.1499999999999995e-06
19,1,train/loss,4.257429122924805
19,1,train/lr,3.325e-06
20,1,train/loss,4.340309143066406
20,1,train/lr,3.5e-06
21,1,train/loss,4.200336933135986
21,1,train/lr,3.6749999999999995e-06
22,1,train/loss,4.28146505355835
22,1,train/lr,3.8499999999999996e-06
23,1,train/loss,4.586667537689209
23,1,train/lr,4.025e-06
24,1,train/loss,4.4097490310668945
24,1,train/lr,4.2e-06
25,1,train/loss,5.41517972946167
25,1,train/lr,4.375e-06
26,1,train/loss,4.75775146484375
26,1,train/lr,4.55e-06
27,1,train/loss,4.420310020446777
27,1,train/lr,4.725e-06
28,1,train/loss,4.590726375579834
28,1,train/lr,4.9e-06
29,1,train/loss,4.4910173416137695
29,1,train/lr,5.074999999999999e-06
30,1,train/loss,4.450231075286865
30,1,train/lr,5.25e-06
31,1,train/loss,4.186561107635498
31,1,train/lr,5.425e-06
32,1,train/loss,4.000356674194336
32,1,train/lr,5.6e-06
33,1,train/loss,4.382271766662598
33,1,train/lr,5.775e-06
34,1,train/loss,4.244204998016357
34,1,train/lr,5.95e-06
35,1,train/loss,4.08148193359375
35,1,train/lr,6.124999999999999e-06
36,1,train/loss,4.029362678527832
36,1,train/lr,6.299999999999999e-06
37,1,train/loss,4.402349472045898
37,1,train/lr,6.474999999999999e-06
38,1,train/loss,4.629823684692383
38,1,train/lr,6.65e-06
39,1,train/loss,4.281957149505615
39,1,train/lr,6.825e-06
40,1,train/loss,4.558936595916748
40,1,train/lr,7e-06
41,1,train/loss,4.442107677459717
41,1,train/lr,7.174999999999999e-06
42,1,train/loss,4.552036285400391
42,1,train/lr,7.349999999999999e-06
43,1,train/loss,4.119350433349609
43,1,train/lr,7.524999999999999e-06
44,1,train/loss,4.157693386077881
44,1,train/lr,7.699999999999999e-06
45,1,train/loss,4.283598899841309
45,1,train/lr,7.875e-06
46,1,train/loss,4.748013019561768
46,1,train/lr,8.05e-06
47,1,train/loss,4.0989203453063965
47,1,train/lr,8.224999999999998e-06
48,1,train/loss,4.478300094604492
48,1,train/lr,8.4e-06
49,1,train/loss,4.2841362953186035
49,1,train/lr,8.574999999999998e-06
50,1,train/loss,4.561216354370117
50,1,train/lr,8.75e-06
51,1,train/loss,4.535252571105957
51,1,train/lr,8.925e-06
52,1,train/loss,4.339919567108154
52,1,train/lr,9.1e-06
53,1,train/loss,4.143067836761475
53,1,train/lr,9.275e-06
54,1,train/loss,4.494102954864502
54,1,train/lr,9.45e-06
55,1,train/loss,4.197962284088135
55,1,train/lr,9.625e-06
56,1,train/loss,4.2131500244140625
56,1,train/lr,9.8e-06
57,1,train/loss,4.063285827636719
57,1,train/lr,9.974999999999999e-06
58,1,train/loss,3.9677035808563232
58,1,train/lr,1.0149999999999998e-05
59,1,train/loss,4.0798139572143555
59,1,train/lr,1.0324999999999999e-05
60,1,train/loss,4.2064690589904785
60,1,train/lr,1.05e-05
61,1,train/loss,3.8208370208740234
61,1,train/lr,1.0674999999999999e-05
62,1,train/loss,4.421887397766113
62,1,train/lr,1.085e-05
63,1,train/loss,4.15594482421875
63,1,train/lr,1.1024999999999999e-05
64,1,train/loss,4.280369281768799
64,1,train/lr,1.12e-05
65,1,train/loss,4.115070343017578
65,1,train/lr,1.1374999999999999e-05
66,1,train/loss,3.969442367553711
66,1,train/lr,1.155e-05
67,1,train/loss,4.218024253845215
67,1,train/lr,1.1725e-05
68,1,train/loss,4.026540279388428
68,1,train/lr,1.19e-05
69,1,train/loss,4.0791802406311035
69,1,train/lr,1.2074999999999999e-05
70,1,train/loss,3.8352465629577637
70,1,train/lr,1.2249999999999998e-05
71,1,train/loss,3.932138681411743
71,1,train/lr,1.2424999999999999e-05
72,1,train/loss,3.8410513401031494
72,1,train/lr,1.2599999999999998e-05
73,1,train/loss,3.938431739807129
73,1,train/lr,1.2774999999999999e-05
74,1,train/loss,3.8245298862457275
74,1,train/lr,1.2949999999999998e-05
75,1,train/loss,4.157326698303223
75,1,train/lr,1.3124999999999999e-05
76,1,train/loss,4.036731719970703
76,1,train/lr,1.33e-05
77,1,train/loss,4.020726203918457
77,1,train/lr,1.3474999999999999e-05
78,1,train/loss,3.8817241191864014
78,1,train/lr,1.365e-05
79,1,train/loss,3.9301252365112305
79,1,train/lr,1.3824999999999999e-05
80,1,train/loss,3.9999003410339355
80,1,train/lr,1.4e-05
81,1,train/loss,3.710341215133667
81,1,train/lr,1.4174999999999999e-05
82,1,train/loss,3.78206467628479
82,1,train/lr,1.4349999999999998e-05
83,1,train/loss,3.669400930404663
83,1,train/lr,1.4524999999999997e-05
84,1,train/loss,3.556931972503662
84,1,train/lr,1.4699999999999998e-05
85,1,train/loss,3.5957326889038086
85,1,train/lr,1.4874999999999999e-05
86,1,train/loss,3.4926204681396484
86,1,train/lr,1.5049999999999998e-05
87,1,train/loss,3.8144960403442383
87,1,train/lr,1.5224999999999999e-05
88,1,train/loss,4.052374839782715
88,1,train/lr,1.5399999999999998e-05
89,1,train/loss,3.851168155670166
89,1,train/lr,1.5575e-05
90,1,train/loss,3.7831850051879883
90,1,train/lr,1.575e-05
91,1,train/loss,3.8606977462768555
91,1,train/lr,1.5925e-05
92,1,train/loss,3.7173328399658203
92,1,train/lr,1.61e-05
93,1,train/loss,3.518341541290283
93,1,train/lr,1.6275e-05
94,1,train/loss,3.5801615715026855
94,1,train/lr,1.6449999999999997e-05
95,1,train/loss,3.6299939155578613
95,1,train/lr,1.6624999999999998e-05
96,1,train/loss,3.3901758193969727
96,1,train/lr,1.68e-05
97,1,train/loss,3.5450282096862793
97,1,train/lr,1.6975e-05
98,1,train/loss,3.3585727214813232
98,1,train/lr,1.7149999999999997e-05
99,1,train/loss,3.398171901702881
99,1,train/lr,1.7324999999999998e-05
100,1,train/loss,3.9341793060302734
100,1,train/lr,1.75e-05
101,1,train/loss,4.200982093811035
101,1,train/lr,1.7675e-05
102,1,train/loss,3.6914381980895996
102,1,train/lr,1.785e-05
103,1,train/loss,3.39840030670166
103,1,train/lr,1.8024999999999998e-05
104,1,train/loss,3.5028553009033203
104,1,train/lr,1.82e-05
105,1,train/loss,3.6472644805908203
105,1,train/lr,1.8375e-05
106,1,train/loss,3.400418996810913
106,1,train/lr,1.855e-05
107,1,train/loss,3.359372615814209
107,1,train/lr,1.8725e-05
108,1,train/loss,3.3698437213897705
108,1,train/lr,1.89e-05
109,1,train/loss,3.403533458709717
109,1,train/lr,1.9075e-05
110,1,train/loss,3.2762598991394043
110,1,train/lr,1.925e-05
111,1,train/loss,3.2182531356811523
111,1,train/lr,1.9425e-05
112,1,train/loss,3.2797646522521973
112,1,train/lr,1.96e-05
113,1,train/loss,3.8725552558898926
113,1,train/lr,1.9774999999999996e-05
114,1,train/loss,3.6324846744537354
114,1,train/lr,1.9949999999999997e-05
115,1,train/loss,3.39127254486084
115,1,train/lr,2.0124999999999998e-05
116,1,train/loss,3.380005359649658
116,1,train/lr,2.0299999999999995e-05
117,1,train/loss,3.3034229278564453
117,1,train/lr,2.0474999999999996e-05
118,1,train/loss,3.357696056365967
118,1,train/lr,2.0649999999999997e-05
119,1,train/loss,3.278076171875
119,1,train/lr,2.0824999999999998e-05
120,1,train/loss,3.20558500289917
120,1,train/lr,2.1e-05
121,1,train/loss,3.0295732021331787
121,1,train/lr,2.1174999999999996e-05
122,1,train/loss,3.0359296798706055
122,1,train/lr,2.1349999999999997e-05
123,1,train/loss,3.1704535484313965
123,1,train/lr,2.1524999999999998e-05
124,1,train/loss,2.964474678039551
124,1,train/lr,2.17e-05
125,1,train/loss,3.202925443649292
125,1,train/lr,2.1874999999999996e-05
126,1,train/loss,3.4449801445007324
126,1,train/lr,2.2049999999999997e-05
127,1,train/loss,3.364140510559082
127,1,train/lr,2.2224999999999998e-05
128,1,train/loss,3.22145938873291
128,1,train/lr,2.24e-05
129,1,train/loss,3.04988956451416
129,1,train/lr,2.2575e-05
130,1,train/loss,3.009215831756592
130,1,train/lr,2.2749999999999997e-05
131,1,train/loss,3.1986889839172363
131,1,train/lr,2.2924999999999998e-05
132,1,train/loss,3.3828186988830566
132,1,train/lr,2.31e-05
133,1,train/loss,3.1544723510742188
133,1,train/lr,2.3275e-05
134,1,train/loss,3.095212936401367
134,1,train/lr,2.345e-05
135,1,train/loss,2.8750216960906982
135,1,train/lr,2.3624999999999998e-05
136,1,train/loss,2.8656044006347656
136,1,train/lr,2.38e-05
137,1,train/loss,3.122955560684204
137,1,train/lr,2.3975e-05
138,1,train/loss,3.254767417907715
138,1,train/lr,2.4149999999999997e-05
139,1,train/loss,3.1985368728637695
139,1,train/lr,2.4324999999999995e-05
140,1,train/loss,3.1221089363098145
140,1,train/lr,2.4499999999999996e-05
141,1,train/loss,2.9790892601013184
141,1,train/lr,2.4674999999999997e-05
142,1,train/loss,2.9823503494262695
142,1,train/lr,2.4849999999999998e-05
143,1,train/loss,3.073235511779785
143,1,train/lr,2.5024999999999995e-05
144,1,train/loss,2.858680248260498
144,1,train/lr,2.5199999999999996e-05
145,1,train/loss,3.100174903869629
145,1,train/lr,2.5374999999999997e-05
146,1,train/loss,2.9392290115356445
146,1,train/lr,2.5549999999999998e-05
147,1,train/loss,2.8730170726776123
147,1,train/lr,2.5725e-05
148,1,train/loss,2.801020622253418
148,1,train/lr,2.5899999999999996e-05
149,1,train/loss,2.850135564804077
149,1,train/lr,2.6074999999999997e-05
150,1,train/loss,2.8219194412231445
150,1,train/lr,2.6249999999999998e-05
151,1,train/loss,3.082991123199463
151,1,train/lr,2.6425e-05
152,1,train/loss,3.3159050941467285
152,1,train/lr,2.66e-05
153,1,train/loss,3.066392421722412
153,1,train/lr,2.6774999999999997e-05
154,1,train/loss,2.968571186065674
154,1,train/lr,2.6949999999999998e-05
155,1,train/loss,2.7760329246520996
155,1,train/lr,2.7125e-05
156,1,train/loss,3.0696864128112793
156,1,train/lr,2.73e-05
157,1,train/loss,2.861712694168091
157,1,train/lr,2.7475e-05
158,1,train/loss,2.800318717956543
158,1,train/lr,2.7649999999999998e-05
159,1,train/loss,2.810015916824341
159,1,train/lr,2.7825e-05
160,1,train/loss,2.7170660495758057
160,1,train/lr,2.8e-05
161,1,train/loss,2.5913939476013184
161,1,train/lr,2.8175e-05
162,1,train/loss,2.7339820861816406
162,1,train/lr,2.8349999999999998e-05
163,1,train/loss,2.973389148712158
163,1,train/lr,2.8524999999999995e-05
164,1,train/loss,2.8889079093933105
164,1,train/lr,2.8699999999999996e-05
165,1,train/loss,2.870079755783081
165,1,train/lr,2.8874999999999997e-05
166,1,train/loss,2.978956460952759
166,1,train/lr,2.9049999999999995e-05
167,1,train/loss,2.8421998023986816
167,1,train/lr,2.9224999999999995e-05
168,1,train/loss,2.868865489959717
168,1,train/lr,2.9399999999999996e-05
169,1,train/loss,2.7197213172912598
169,1,train/lr,2.9574999999999997e-05
170,1,train/loss,2.7113430500030518
170,1,train/lr,2.9749999999999998e-05
171,1,train/loss,2.5587329864501953
171,1,train/lr,2.9924999999999996e-05
172,1,train/loss,2.5626511573791504
172,1,train/lr,3.0099999999999996e-05
173,1,train/loss,2.5605626106262207
173,1,train/lr,3.0274999999999997e-05
174,1,train/loss,2.5536670684814453
174,1,train/lr,3.0449999999999998e-05
175,1,train/loss,2.687656879425049
175,1,train/lr,3.0625e-05
176,1,train/loss,2.9442172050476074
176,1,train/lr,3.0799999999999996e-05
177,1,train/loss,2.8156228065490723
177,1,train/lr,3.0975e-05
178,1,train/loss,2.7087082862854004
178,1,train/lr,3.115e-05
179,1,train/loss,2.962583065032959
179,1,train/lr,3.1324999999999996e-05
180,1,train/loss,2.6218442916870117
180,1,train/lr,3.15e-05
181,1,train/loss,2.6655681133270264
181,1,train/lr,3.1675e-05
182,1,train/loss,2.5737855434417725
182,1,train/lr,3.185e-05
183,1,train/loss,2.580641984939575
183,1,train/lr,3.2025e-05
184,1,train/loss,2.5995841026306152
184,1,train/lr,3.22e-05
185,1,train/loss,2.4650726318359375
185,1,train/lr,3.2375e-05
186,1,train/loss,2.519244432449341
186,1,train/lr,3.255e-05
187,1,train/loss,2.5534279346466064
187,1,train/lr,3.2724999999999996e-05
188,1,train/loss,2.89809250831604
188,1,train/lr,3.289999999999999e-05
189,1,train/loss,2.986327648162842
189,1,train/lr,3.3075e-05
190,1,train/loss,2.7597153186798096
190,1,train/lr,3.3249999999999995e-05
191,1,train/loss,2.638960838317871
191,1,train/lr,3.342499999999999e-05
192,1,train/loss,2.6508913040161133
192,1,train/lr,3.36e-05
193,1,train/loss,2.6109838485717773
193,1,train/lr,3.3774999999999994e-05
194,1,train/loss,2.5321497917175293
194,1,train/lr,3.395e-05
195,1,train/loss,2.5307610034942627
195,1,train/lr,3.4124999999999996e-05
196,1,train/loss,2.4947829246520996
196,1,train/lr,3.4299999999999993e-05
197,1,train/loss,2.434006690979004
197,1,train/lr,3.4475e-05
198,1,train/loss,2.3884477615356445
198,1,train/lr,3.4649999999999995e-05
199,1,train/loss,2.3816511631011963
199,1,train/lr,3.4825e-05
200,1,train/loss,2.750077247619629
200,1,train/lr,3.5e-05
201,1,train/loss,2.9392471313476562
201,1,train/lr,3.5174999999999994e-05
202,1,train/loss,2.784142017364502
202,1,train/lr,3.535e-05
203,1,train/loss,2.732851982116699
203,1,train/lr,3.5524999999999996e-05
204,1,train/loss,2.4998586177825928
204,1,train/lr,3.57e-05
205,1,train/loss,2.55983304977417
205,1,train/lr,3.587499999999999e-05
206,1,train/loss,2.508502721786499
206,1,train/lr,3.6049999999999995e-05
207,1,train/loss,2.4945836067199707
207,1,train/lr,3.622499999999999e-05
208,1,train/loss,2.415680170059204
208,1,train/lr,3.64e-05
209,1,train/loss,2.4338793754577637
209,1,train/lr,3.6574999999999995e-05
210,1,train/loss,2.386850595474243
210,1,train/lr,3.675e-05
211,1,train/loss,2.413343906402588
211,1,train/lr,3.6924999999999996e-05
212,1,train/loss,2.383267402648926
212,1,train/lr,3.71e-05
213,1,train/loss,2.5786075592041016
213,1,train/lr,3.7275e-05
214,1,train/loss,2.553966522216797
214,1,train/lr,3.745e-05
215,1,train/loss,2.6211330890655518
215,1,train/lr,3.762499999999999e-05
216,1,train/loss,2.600064754486084
216,1,train/lr,3.78e-05
217,1,train/loss,2.6544289588928223
217,1,train/lr,3.7974999999999995e-05
218,1,train/loss,2.6861438751220703
218,1,train/lr,3.815e-05
219,1,train/loss,2.4348433017730713
219,1,train/lr,3.8324999999999996e-05
220,1,train/loss,2.4897336959838867
220,1,train/lr,3.85e-05
221,1,train/loss,2.4464199542999268
221,1,train/lr,3.8675e-05
222,1,train/loss,2.3558430671691895
222,1,train/lr,3.885e-05
223,1,train/loss,2.4399356842041016
223,1,train/lr,3.902499999999999e-05
224,1,train/loss,2.545245885848999
224,1,train/lr,3.92e-05
225,1,train/loss,2.599428653717041
225,1,train/lr,3.9374999999999995e-05
226,1,train/loss,2.6999783515930176
226,1,train/lr,3.954999999999999e-05
227,1,train/loss,2.438533306121826
227,1,train/lr,3.9724999999999997e-05
228,1,train/loss,2.6111326217651367
228,1,train/lr,3.9899999999999994e-05
229,1,train/loss,2.451995849609375
229,1,train/lr,4.0075e-05
230,1,train/loss,2.4263460636138916
230,1,train/lr,4.0249999999999996e-05
231,1,train/loss,2.3772714138031006
231,1,train/lr,4.0425e-05
232,1,train/loss,2.4067492485046387
232,1,train/lr,4.059999999999999e-05
233,1,train/loss,2.4140613079071045
233,1,train/lr,4.0774999999999995e-05
234,1,train/loss,2.3591556549072266
234,1,train/lr,4.094999999999999e-05
235,1,train/loss,2.2323853969573975
235,1,train/lr,4.1125e-05
236,1,train/loss,2.2988438606262207
236,1,train/lr,4.1299999999999994e-05
237,1,train/loss,2.401890516281128
237,1,train/lr,4.1475e-05
238,1,train/loss,2.825230121612549
238,1,train/lr,4.1649999999999996e-05
239,1,train/loss,2.4995312690734863
239,1,train/lr,4.1825e-05
240,1,train/loss,2.467345714569092
240,1,train/lr,4.2e-05
241,1,train/loss,2.562260150909424
241,1,train/lr,4.2175e-05
242,1,train/loss,2.2892370223999023
242,1,train/lr,4.234999999999999e-05
243,1,train/loss,2.407559871673584
243,1,train/lr,4.2525e-05
244,1,train/loss,2.2627241611480713
244,1,train/lr,4.2699999999999994e-05
245,1,train/loss,2.4449644088745117
245,1,train/lr,4.2875e-05
246,1,train/loss,2.3787944316864014
246,1,train/lr,4.3049999999999996e-05
247,1,train/loss,2.31156587600708
247,1,train/lr,4.3225e-05
248,1,train/loss,2.302194118499756
248,1,train/lr,4.34e-05
249,1,train/loss,2.3735010623931885
249,1,train/lr,4.3575e-05
250,1,train/loss,2.251582384109497
250,1,train/lr,4.374999999999999e-05
251,1,train/loss,2.7815866470336914
251,1,train/lr,4.392499999999999e-05
252,1,train/loss,2.4447078704833984
252,1,train/lr,4.4099999999999995e-05
253,1,train/loss,2.540832996368408
253,1,train/lr,4.427499999999999e-05
254,1,train/loss,2.3923323154449463
254,1,train/lr,4.4449999999999996e-05
255,1,train/loss,2.3128998279571533
255,1,train/lr,4.4624999999999994e-05
256,1,train/loss,2.1948652267456055
256,1,train/lr,4.48e-05
257,1,train/loss,2.400022029876709
257,1,train/lr,4.4974999999999995e-05
258,1,train/loss,2.300487518310547
258,1,train/lr,4.515e-05
259,1,train/loss,2.374743938446045
259,1,train/lr,4.532499999999999e-05
260,1,train/loss,2.129892349243164
260,1,train/lr,4.5499999999999995e-05
261,1,train/loss,2.311497449874878
261,1,train/lr,4.567499999999999e-05
262,1,train/loss,2.227280378341675
262,1,train/lr,4.5849999999999996e-05
263,1,train/loss,2.7879414558410645
263,1,train/lr,4.6024999999999994e-05
264,1,train/loss,2.4039409160614014
264,1,train/lr,4.62e-05
265,1,train/loss,2.474301338195801
265,1,train/lr,4.6374999999999996e-05
266,1,train/loss,2.6170382499694824
266,1,train/lr,4.655e-05
267,1,train/loss,2.459092855453491
267,1,train/lr,4.6725e-05
268,1,train/loss,2.558274507522583
268,1,train/lr,4.69e-05
269,1,train/loss,2.423306941986084
269,1,train/lr,4.707499999999999e-05
270,1,train/loss,2.2700204849243164
270,1,train/lr,4.7249999999999997e-05
271,1,train/loss,2.263456344604492
271,1,train/lr,4.7424999999999994e-05
272,1,train/loss,2.2684149742126465
272,1,train/lr,4.76e-05
273,1,train/loss,2.19863224029541
273,1,train/lr,4.7774999999999996e-05
274,1,train/loss,2.280829906463623
274,1,train/lr,4.795e-05
275,1,train/loss,2.309034824371338
275,1,train/lr,4.8125e-05
276,1,train/loss,2.5241611003875732
276,1,train/lr,4.8299999999999995e-05
277,1,train/loss,2.3949105739593506
277,1,train/lr,4.8475e-05
278,1,train/loss,2.2724854946136475
278,1,train/lr,4.864999999999999e-05
279,1,train/loss,2.3254003524780273
279,1,train/lr,4.8824999999999994e-05
280,1,train/loss,2.317842483520508
280,1,train/lr,4.899999999999999e-05
281,1,train/loss,2.3286609649658203
281,1,train/lr,4.9174999999999996e-05
282,1,train/loss,2.514437437057495
282,1,train/lr,4.934999999999999e-05
283,1,train/loss,2.1382737159729004
283,1,train/lr,4.9525e-05
284,1,train/loss,2.2398452758789062
284,1,train/lr,4.9699999999999995e-05
285,1,train/loss,2.2997500896453857
285,1,train/lr,4.9875e-05
286,1,train/loss,2.1330344676971436
286,1,train/lr,5.004999999999999e-05
287,1,train/loss,2.2645041942596436
287,1,train/lr,5.0224999999999994e-05
288,1,train/loss,2.3578193187713623
288,1,train/lr,5.039999999999999e-05
289,1,train/loss,2.5530319213867188
289,1,train/lr,5.0574999999999996e-05
290,1,train/loss,2.3275086879730225
290,1,train/lr,5.0749999999999994e-05
291,1,train/loss,2.3782782554626465
291,1,train/lr,5.0925e-05
292,1,train/loss,2.301400899887085
292,1,train/lr,5.1099999999999995e-05
293,1,train/loss,2.24171781539917
293,1,train/lr,5.1275e-05
294,1,train/loss,2.4206137657165527
294,1,train/lr,5.145e-05
295,1,train/loss,2.2961599826812744
295,1,train/lr,5.1625e-05
296,1,train/loss,2.268099784851074
296,1,train/lr,5.179999999999999e-05
297,1,train/loss,2.2815864086151123
297,1,train/lr,5.1974999999999996e-05
298,1,train/loss,2.1105775833129883
298,1,train/lr,5.2149999999999994e-05
299,1,train/loss,2.191049098968506
299,1,train/lr,5.2325e-05
300,1,train/loss,2.1783320903778076
300,1,train/lr,5.2499999999999995e-05
301,1,train/loss,2.4443860054016113
301,1,train/lr,5.267499999999999e-05
302,1,train/loss,2.5534110069274902
302,1,train/lr,5.285e-05
303,1,train/loss,2.044276714324951
303,1,train/lr,5.3024999999999995e-05
304,1,train/loss,2.216676712036133
304,1,train/lr,5.32e-05
305,1,train/loss,2.2007689476013184
305,1,train/lr,5.337499999999999e-05
306,1,train/loss,2.1624937057495117
306,1,train/lr,5.3549999999999994e-05
307,1,train/loss,2.312727212905884
307,1,train/lr,5.372499999999999e-05
308,1,train/loss,2.1667816638946533
308,1,train/lr,5.3899999999999996e-05
309,1,train/loss,2.280860424041748
309,1,train/lr,5.407499999999999e-05
310,1,train/loss,2.2615604400634766
310,1,train/lr,5.425e-05
311,1,train/loss,2.2163338661193848
311,1,train/lr,5.4424999999999995e-05
312,1,train/loss,2.1039040088653564
312,1,train/lr,5.46e-05
313,1,train/loss,2.4356069564819336
313,1,train/lr,5.4774999999999996e-05
314,1,train/loss,2.253735065460205
314,1,train/lr,5.495e-05
315,1,train/loss,2.449747085571289
315,1,train/lr,5.512499999999999e-05
316,1,train/loss,2.2698402404785156
316,1,train/lr,5.5299999999999996e-05
317,1,train/loss,2.1761186122894287
317,1,train/lr,5.547499999999999e-05
318,1,train/loss,2.039353847503662
318,1,train/lr,5.565e-05
319,1,train/loss,2.127479076385498
319,1,train/lr,5.5824999999999995e-05
320,1,train/loss,2.1184139251708984
320,1,train/lr,5.6e-05
321,1,train/loss,2.1196084022521973
321,1,train/lr,5.6175e-05
322,1,train/loss,2.074892282485962
322,1,train/lr,5.635e-05
323,1,train/loss,2.1507511138916016
323,1,train/lr,5.652499999999999e-05
324,1,train/loss,2.0939083099365234
324,1,train/lr,5.6699999999999996e-05
325,1,train/loss,2.2271878719329834
325,1,train/lr,5.687499999999999e-05
326,1,train/loss,2.2989015579223633
326,1,train/lr,5.704999999999999e-05
327,1,train/loss,2.2958085536956787
327,1,train/lr,5.7224999999999995e-05
328,1,train/loss,2.4716796875
328,1,train/lr,5.739999999999999e-05
329,1,train/loss,2.259178638458252
329,1,train/lr,5.7575e-05
330,1,train/loss,2.098236560821533
330,1,train/lr,5.7749999999999994e-05
331,1,train/loss,2.2167043685913086
331,1,train/lr,5.7925e-05
332,1,train/loss,2.1093616485595703
332,1,train/lr,5.809999999999999e-05
333,1,train/loss,2.0570058822631836
333,1,train/lr,5.8274999999999993e-05
334,1,train/loss,2.1000313758850098
334,1,train/lr,5.844999999999999e-05
335,1,train/loss,2.1793930530548096
335,1,train/lr,5.8624999999999995e-05
336,1,train/loss,2.0940022468566895
336,1,train/lr,5.879999999999999e-05
337,1,train/loss,2.0379371643066406
337,1,train/lr,5.8975e-05
338,1,train/loss,2.631263494491577
338,1,train/lr,5.9149999999999994e-05
339,1,train/loss,2.2012619972229004
339,1,train/lr,5.9325e-05
340,1,train/loss,2.1993093490600586
340,1,train/lr,5.9499999999999996e-05
341,1,train/loss,2.194195032119751
341,1,train/lr,5.9675e-05
342,1,train/loss,2.09342098236084
342,1,train/lr,5.984999999999999e-05
343,1,train/loss,2.209670305252075
343,1,train/lr,6.0024999999999995e-05
344,1,train/loss,2.1315057277679443
344,1,train/lr,6.019999999999999e-05
345,1,train/loss,2.117799997329712
345,1,train/lr,6.0375e-05
346,1,train/loss,2.08449125289917
346,1,train/lr,6.0549999999999995e-05
347,1,train/loss,2.1997807025909424
347,1,train/lr,6.0725e-05
348,1,train/loss,2.036320686340332
348,1,train/lr,6.0899999999999996e-05
349,1,train/loss,2.091463565826416
349,1,train/lr,6.1075e-05
350,1,train/loss,2.148252010345459
350,1,train/lr,6.125e-05
351,1,train/loss,2.293316125869751
351,1,train/lr,6.142499999999999e-05
352,1,train/loss,2.262418031692505
352,1,train/lr,6.159999999999999e-05
353,1,train/loss,2.1714046001434326
353,1,train/lr,6.1775e-05
354,1,train/loss,2.1817331314086914
354,1,train/lr,6.195e-05
355,1,train/loss,2.2551627159118652
355,1,train/lr,6.212499999999999e-05
356,1,train/loss,2.0682952404022217
356,1,train/lr,6.23e-05
357,1,train/loss,2.006401777267456
357,1,train/lr,6.247499999999999e-05
358,1,train/loss,2.087660551071167
358,1,train/lr,6.264999999999999e-05
359,1,train/loss,2.154083728790283
359,1,train/lr,6.2825e-05
360,1,train/loss,1.9960603713989258
360,1,train/lr,6.3e-05
361,1,train/loss,2.0920305252075195
361,1,train/lr,6.317499999999999e-05
362,1,train/loss,2.175854206085205
362,1,train/lr,6.335e-05
363,1,train/loss,2.4630422592163086
363,1,train/lr,6.3525e-05
364,1,train/loss,2.349307060241699
364,1,train/lr,6.37e-05
365,1,train/loss,2.1902382373809814
365,1,train/lr,6.3875e-05
366,1,train/loss,2.264113187789917
366,1,train/lr,6.405e-05
367,1,train/loss,2.11741042137146
367,1,train/lr,6.422499999999999e-05
368,1,train/loss,1.9857487678527832
368,1,train/lr,6.44e-05
369,1,train/loss,2.022470712661743
369,1,train/lr,6.4575e-05
370,1,train/loss,1.973771095275879
370,1,train/lr,6.475e-05
371,1,train/loss,2.0666117668151855
371,1,train/lr,6.492499999999999e-05
372,1,train/loss,1.9758164882659912
372,1,train/lr,6.51e-05
373,1,train/loss,2.0076560974121094
373,1,train/lr,6.527499999999999e-05
374,1,train/loss,1.9710733890533447
374,1,train/lr,6.544999999999999e-05
375,1,train/loss,2.009282112121582
375,1,train/lr,6.5625e-05
376,1,train/loss,2.299084424972534
376,1,train/lr,6.579999999999999e-05
377,1,train/loss,2.165881633758545
377,1,train/lr,6.597499999999999e-05
378,1,train/loss,2.023190498352051
378,1,train/lr,6.615e-05
379,1,train/loss,2.205465793609619
379,1,train/lr,6.6325e-05
380,1,train/loss,2.0430827140808105
380,1,train/lr,6.649999999999999e-05
381,1,train/loss,2.085524559020996
381,1,train/lr,6.6675e-05
382,1,train/loss,2.0653088092803955
382,1,train/lr,6.684999999999999e-05
383,1,train/loss,1.9532747268676758
383,1,train/lr,6.702499999999999e-05
384,1,train/loss,1.9949941635131836
384,1,train/lr,6.72e-05
385,1,train/loss,2.135068655014038
385,1,train/lr,6.7375e-05
386,1,train/loss,2.1305923461914062
386,1,train/lr,6.754999999999999e-05
387,1,train/loss,1.96946382522583
387,1,train/lr,6.772499999999999e-05
388,1,train/loss,2.2239978313446045
388,1,train/lr,6.79e-05
389,1,train/loss,2.1843297481536865
389,1,train/lr,6.8075e-05
390,1,train/loss,2.1084907054901123
390,1,train/lr,6.824999999999999e-05
391,1,train/loss,2.2376909255981445
391,1,train/lr,6.8425e-05
392,1,train/loss,2.0132455825805664
392,1,train/lr,6.859999999999999e-05
393,1,train/loss,2.13862943649292
393,1,train/lr,6.877499999999999e-05
394,1,train/loss,2.1779541969299316
394,1,train/lr,6.895e-05
395,1,train/loss,2.094313621520996
395,1,train/lr,6.9125e-05
396,1,train/loss,1.9059274196624756
396,1,train/lr,6.929999999999999e-05
397,1,train/loss,1.990924596786499
397,1,train/lr,6.9475e-05
398,1,train/loss,2.0818123817443848
398,1,train/lr,6.965e-05
399,1,train/loss,2.0469329357147217
399,1,train/lr,6.9825e-05
400,1,train/loss,2.1031765937805176
400,1,train/lr,7e-05
401,1,train/loss,2.114715576171875
401,1,train/lr,6.999999689644009e-05
402,1,train/loss,2.0150306224823
402,1,train/lr,6.999998758576091e-05
403,1,train/loss,2.0763306617736816
403,1,train/lr,6.999997206796415e-05
404,1,train/loss,2.128957509994507
404,1,train/lr,6.999995034305251e-05
405,1,train/loss,2.2455077171325684
405,1,train/lr,6.999992241102986e-05
406,1,train/loss,2.0682497024536133
406,1,train/lr,6.999988827190118e-05
407,1,train/loss,2.099757194519043
407,1,train/lr,6.999984792567247e-05
408,1,train/loss,1.957395315170288
408,1,train/lr,6.999980137235094e-05
409,1,train/loss,1.9990501403808594
409,1,train/lr,6.999974861194482e-05
410,1,train/loss,1.991309642791748
410,1,train/lr,6.999968964446348e-05
411,1,train/loss,1.8315014839172363
411,1,train/lr,6.999962446991735e-05
412,1,train/loss,2.0363590717315674
412,1,train/lr,6.999955308831802e-05
413,1,train/loss,2.102656364440918
413,1,train/lr,6.999947549967813e-05
414,1,train/loss,2.413093090057373
414,1,train/lr,6.999939170401145e-05
415,1,train/loss,1.9944045543670654
415,1,train/lr,6.999930170133283e-05
416,1,train/loss,1.958392858505249
416,1,train/lr,6.999920549165824e-05
417,1,train/loss,2.1393566131591797
417,1,train/lr,6.999910307500475e-05
418,1,train/loss,2.0671491622924805
418,1,train/lr,6.999899445139051e-05
419,1,train/loss,2.0733656883239746
419,1,train/lr,6.999887962083479e-05
420,1,train/loss,2.031237840652466
420,1,train/lr,6.999875858335794e-05
421,1,train/loss,1.9335603713989258
421,1,train/lr,6.999863133898145e-05
422,1,train/loss,1.925215482711792
422,1,train/lr,6.999849788772789e-05
423,1,train/loss,1.9474433660507202
423,1,train/lr,6.999835822962088e-05
424,1,train/loss,2.04451584815979
424,1,train/lr,6.999821236468523e-05
425,1,train/loss,2.1279618740081787
425,1,train/lr,6.999806029294681e-05
426,1,train/loss,2.2195773124694824
426,1,train/lr,6.999790201443258e-05
427,1,train/loss,2.0645313262939453
427,1,train/lr,6.99977375291706e-05
428,1,train/loss,2.0138306617736816
428,1,train/lr,6.999756683719005e-05
429,1,train/loss,2.152297019958496
429,1,train/lr,6.99973899385212e-05
430,1,train/loss,2.0367438793182373
430,1,train/lr,6.999720683319541e-05
431,1,train/loss,1.8650379180908203
431,1,train/lr,6.999701752124518e-05
432,1,train/loss,2.0558598041534424
432,1,train/lr,6.999682200270408e-05
433,1,train/loss,1.898883581161499
433,1,train/lr,6.999662027760674e-05
434,1,train/loss,1.9821264743804932
434,1,train/lr,6.999641234598899e-05
435,1,train/loss,1.9888453483581543
435,1,train/lr,6.999619820788768e-05
436,1,train/loss,1.9828951358795166
436,1,train/lr,6.999597786334081e-05
437,1,train/loss,1.9271423816680908
437,1,train/lr,6.999575131238742e-05
438,1,train/loss,2.2793848514556885
438,1,train/lr,6.999551855506771e-05
439,1,train/loss,2.015315294265747
439,1,train/lr,6.999527959142295e-05
440,1,train/loss,2.2906947135925293
440,1,train/lr,6.999503442149554e-05
441,1,train/loss,2.031367778778076
441,1,train/lr,6.999478304532893e-05
442,1,train/loss,1.9877681732177734
442,1,train/lr,6.999452546296773e-05
443,1,train/loss,1.9262962341308594
443,1,train/lr,6.99942616744576e-05
444,1,train/loss,2.0051112174987793
444,1,train/lr,6.999399167984533e-05
445,1,train/loss,2.128753185272217
445,1,train/lr,6.99937154791788e-05
446,1,train/loss,1.9509080648422241
446,1,train/lr,6.999343307250699e-05
447,1,train/loss,2.002662420272827
447,1,train/lr,6.999314445987999e-05
448,1,train/loss,1.839363932609558
448,1,train/lr,6.999284964134898e-05
449,1,train/loss,1.9221292734146118
449,1,train/lr,6.999254861696626e-05
450,1,train/loss,1.9496419429779053
450,1,train/lr,6.999224138678518e-05
451,1,train/loss,2.0617687702178955
451,1,train/lr,6.999192795086028e-05
452,1,train/loss,2.042670488357544
452,1,train/lr,6.999160830924709e-05
453,1,train/loss,2.002743721008301
453,1,train/lr,6.999128246200233e-05
454,1,train/loss,2.0882019996643066
454,1,train/lr,6.999095040918379e-05
455,1,train/loss,1.928351640701294
455,1,train/lr,6.999061215085034e-05
456,1,train/loss,1.963071584701538
456,1,train/lr,6.999026768706198e-05
457,1,train/loss,1.9163532257080078
457,1,train/lr,6.99899170178798e-05
458,1,train/loss,2.0331549644470215
458,1,train/lr,6.998956014336599e-05
459,1,train/loss,1.9517803192138672
459,1,train/lr,6.998919706358383e-05
460,1,train/loss,1.9121181964874268
460,1,train/lr,6.998882777859772e-05
461,1,train/loss,1.9265806674957275
461,1,train/lr,6.998845228847315e-05
462,1,train/loss,1.7977324724197388
462,1,train/lr,6.998807059327672e-05
463,1,train/loss,2.18886661529541
463,1,train/lr,6.99876826930761e-05
464,1,train/loss,2.2166781425476074
464,1,train/lr,6.99872885879401e-05
465,1,train/loss,2.0156211853027344
465,1,train/lr,6.998688827793861e-05
466,1,train/loss,1.9333834648132324
466,1,train/lr,6.998648176314262e-05
467,1,train/loss,2.081254482269287
467,1,train/lr,6.998606904362424e-05
468,1,train/loss,1.8896228075027466
468,1,train/lr,6.998565011945664e-05
469,1,train/loss,1.8474332094192505
469,1,train/lr,6.998522499071413e-05
470,1,train/loss,1.765028715133667
470,1,train/lr,6.99847936574721e-05
471,1,train/loss,1.8807295560836792
471,1,train/lr,6.998435611980705e-05
472,1,train/loss,2.1824023723602295
472,1,train/lr,6.998391237779657e-05
473,1,train/loss,1.9497355222702026
473,1,train/lr,6.998346243151936e-05
474,1,train/loss,1.7932374477386475
474,1,train/lr,6.998300628105521e-05
475,1,train/loss,1.8723530769348145
475,1,train/lr,6.998254392648502e-05
476,1,train/loss,2.196476697921753
476,1,train/lr,6.998207536789078e-05
477,1,train/loss,1.8957653045654297
477,1,train/lr,6.998160060535562e-05
478,1,train/loss,1.8312785625457764
478,1,train/lr,6.998111963896369e-05
479,1,train/loss,2.0361194610595703
479,1,train/lr,6.998063246880032e-05
480,1,train/loss,1.9473693370819092
480,1,train/lr,6.998013909495188e-05
481,1,train/loss,2.070369243621826
481,1,train/lr,6.99796395175059e-05
482,1,train/loss,1.9053807258605957
482,1,train/lr,6.997913373655097e-05
483,1,train/loss,1.757596731185913
483,1,train/lr,6.997862175217679e-05
484,1,train/loss,1.9712355136871338
484,1,train/lr,6.997810356447414e-05
485,1,train/loss,1.89176607131958
485,1,train/lr,6.997757917353491e-05
486,1,train/loss,1.9107592105865479
486,1,train/lr,6.997704857945213e-05
487,1,train/loss,1.9856526851654053
487,1,train/lr,6.997651178231989e-05
488,1,train/loss,2.221083879470825
488,1,train/lr,6.99759687822334e-05
489,1,train/loss,2.1613121032714844
489,1,train/lr,6.997541957928891e-05
490,1,train/loss,2.024587869644165
490,1,train/lr,6.997486417358388e-05
491,1,train/loss,1.8783913850784302
491,1,train/lr,6.997430256521678e-05
492,1,train/loss,1.8564906120300293
492,1,train/lr,6.997373475428721e-05
493,1,train/loss,1.9893805980682373
493,1,train/lr,6.997316074089588e-05
494,1,train/loss,1.9284985065460205
494,1,train/lr,6.997258052514457e-05
495,1,train/loss,2.158463716506958
495,1,train/lr,6.99719941071362e-05
496,1,train/loss,1.8015220165252686
496,1,train/lr,6.997140148697474e-05
497,1,train/loss,1.818305492401123
497,1,train/lr,6.997080266476532e-05
498,1,train/loss,1.8494856357574463
498,1,train/lr,6.997019764061413e-05
499,1,train/loss,1.972496509552002
499,1,train/lr,6.996958641462847e-05
500,1,train/loss,1.899364948272705
500,1,train/lr,6.996896898691671e-05
501,1,train/loss,2.0539042949676514
501,1,train/lr,6.99683453575884e-05
502,1,train/loss,1.9581619501113892
502,1,train/lr,6.99677155267541e-05
503,1,train/loss,1.7636997699737549
503,1,train/lr,6.996707949452551e-05
504,1,train/loss,1.8280431032180786
504,1,train/lr,6.996643726101546e-05
505,1,train/loss,1.919370174407959
505,1,train/lr,6.996578882633781e-05
506,1,train/loss,1.9456181526184082
506,1,train/lr,6.996513419060757e-05
507,1,train/loss,1.9398270845413208
507,1,train/lr,6.996447335394084e-05
508,1,train/loss,1.8250236511230469
508,1,train/lr,6.996380631645481e-05
509,1,train/loss,1.7790067195892334
509,1,train/lr,6.99631330782678e-05
510,1,train/loss,1.8777234554290771
510,1,train/lr,6.996245363949918e-05
511,1,train/loss,1.7753198146820068
511,1,train/lr,6.996176800026946e-05
512,1,train/loss,1.7870526313781738
512,1,train/lr,6.996107616070023e-05
513,1,train/loss,1.998406171798706
513,1,train/lr,6.996037812091418e-05
514,1,train/loss,2.2657995223999023
514,1,train/lr,6.995967388103512e-05
515,1,train/loss,2.1524436473846436
515,1,train/lr,6.995896344118794e-05
516,1,train/loss,2.0879080295562744
516,1,train/lr,6.99582468014986e-05
517,1,train/loss,1.9848315715789795
517,1,train/lr,6.995752396209425e-05
518,1,train/loss,1.9540410041809082
518,1,train/lr,6.995679492310304e-05
519,1,train/loss,1.8460168838500977
519,1,train/lr,6.995605968465429e-05
520,1,train/loss,1.8828461170196533
520,1,train/lr,6.995531824687837e-05
521,1,train/loss,1.8767893314361572
521,1,train/lr,6.995457060990679e-05
522,1,train/loss,1.906834363937378
522,1,train/lr,6.995381677387213e-05
523,1,train/loss,1.8327600955963135
523,1,train/lr,6.995305673890807e-05
524,1,train/loss,1.7141034603118896
524,1,train/lr,6.995229050514942e-05
525,1,train/loss,1.9035050868988037
525,1,train/lr,6.995151807273206e-05
526,1,train/loss,1.87809419631958
526,1,train/lr,6.995073944179297e-05
527,1,train/loss,1.9480798244476318
527,1,train/lr,6.994995461247024e-05
528,1,train/loss,1.9499095678329468
528,1,train/lr,6.994916358490307e-05
529,1,train/loss,1.9418182373046875
529,1,train/lr,6.994836635923174e-05
530,1,train/loss,1.9223964214324951
530,1,train/lr,6.994756293559763e-05
531,1,train/loss,1.7723311185836792
531,1,train/lr,6.994675331414323e-05
532,1,train/loss,1.9481592178344727
532,1,train/lr,6.994593749501212e-05
533,1,train/loss,1.7213956117630005
533,1,train/lr,6.994511547834898e-05
534,1,train/loss,1.7006652355194092
534,1,train/lr,6.994428726429958e-05
535,1,train/loss,1.804640293121338
535,1,train/lr,6.994345285301083e-05
536,1,train/loss,1.8943185806274414
536,1,train/lr,6.994261224463069e-05
537,1,train/loss,1.8822922706604004
537,1,train/lr,6.994176543930825e-05
538,1,train/loss,2.1002357006073
538,1,train/lr,6.994091243719367e-05
539,1,train/loss,1.9788050651550293
539,1,train/lr,6.994005323843825e-05
540,1,train/loss,1.9716100692749023
540,1,train/lr,6.993918784319432e-05
541,1,train/loss,2.0007050037384033
541,1,train/lr,6.993831625161542e-05
542,1,train/loss,2.1959590911865234
542,1,train/lr,6.993743846385609e-05
543,1,train/loss,1.8955588340759277
543,1,train/lr,6.9936554480072e-05
544,1,train/loss,1.8621724843978882
544,1,train/lr,6.993566430041992e-05
545,1,train/loss,1.9033445119857788
545,1,train/lr,6.993476792505773e-05
546,1,train/loss,1.9849790334701538
546,1,train/lr,6.993386535414438e-05
547,1,train/loss,1.8182395696640015
547,1,train/lr,6.993295658783997e-05
548,1,train/loss,1.9383785724639893
548,1,train/lr,6.993204162630563e-05
549,1,train/loss,1.8899636268615723
549,1,train/lr,6.993112046970365e-05
550,1,train/loss,1.878108024597168
550,1,train/lr,6.99301931181974e-05
551,1,train/loss,1.9377937316894531
551,1,train/lr,6.992925957195131e-05
552,1,train/loss,1.7947478294372559
552,1,train/lr,6.992831983113097e-05
553,1,train/loss,2.0396151542663574
553,1,train/lr,6.992737389590302e-05
554,1,train/loss,1.9047298431396484
554,1,train/lr,6.992642176643523e-05
555,1,train/loss,1.8174309730529785
555,1,train/lr,6.992546344289646e-05
556,1,train/loss,1.8026869297027588
556,1,train/lr,6.992449892545666e-05
557,1,train/loss,1.7981722354888916
557,1,train/lr,6.992352821428687e-05
558,1,train/loss,1.7975306510925293
558,1,train/lr,6.992255130955928e-05
559,1,train/loss,1.743983268737793
559,1,train/lr,6.992156821144709e-05
560,1,train/loss,1.8390476703643799
560,1,train/lr,6.992057892012468e-05
561,1,train/loss,1.8718150854110718
561,1,train/lr,6.991958343576749e-05
562,1,train/loss,1.8860609531402588
562,1,train/lr,6.991858175855208e-05
563,1,train/loss,2.0459070205688477
563,1,train/lr,6.991757388865607e-05
564,1,train/loss,1.9094582796096802
564,1,train/lr,6.991655982625821e-05
565,1,train/loss,1.9133741855621338
565,1,train/lr,6.991553957153835e-05
566,1,train/loss,2.000267505645752
566,1,train/lr,6.991451312467741e-05
567,1,train/loss,1.9475575685501099
567,1,train/lr,6.991348048585745e-05
568,1,train/loss,1.8773448467254639
568,1,train/lr,6.991244165526159e-05
569,1,train/loss,1.8179244995117188
569,1,train/lr,6.991139663307406e-05
570,1,train/loss,1.8416731357574463
570,1,train/lr,6.99103454194802e-05
571,1,train/loss,1.9097504615783691
571,1,train/lr,6.990928801466642e-05
572,1,train/loss,1.7476816177368164
572,1,train/lr,6.990822441882027e-05
573,1,train/loss,1.7138433456420898
573,1,train/lr,6.990715463213036e-05
574,1,train/loss,1.9747929573059082
574,1,train/lr,6.990607865478644e-05
575,1,train/loss,1.9736741781234741
575,1,train/lr,6.990499648697929e-05
576,1,train/loss,2.2393581867218018
576,1,train/lr,6.990390812890085e-05
577,1,train/loss,1.9107089042663574
577,1,train/lr,6.990281358074414e-05
578,1,train/loss,1.8296210765838623
578,1,train/lr,6.990171284270326e-05
579,1,train/loss,1.856149673461914
579,1,train/lr,6.990060591497343e-05
580,1,train/loss,1.8813254833221436
580,1,train/lr,6.989949279775096e-05
581,1,train/loss,1.7226176261901855
581,1,train/lr,6.989837349123326e-05
582,1,train/loss,1.8309869766235352
582,1,train/lr,6.989724799561883e-05
583,1,train/loss,1.6072282791137695
583,1,train/lr,6.989611631110728e-05
584,1,train/loss,1.8444554805755615
584,1,train/lr,6.98949784378993e-05
585,1,train/loss,2.0255932807922363
585,1,train/lr,6.989383437619669e-05
586,1,train/loss,1.735657811164856
586,1,train/lr,6.989268412620234e-05
587,1,train/loss,1.779483437538147
587,1,train/lr,6.989152768812025e-05
588,1,train/loss,1.9027683734893799
588,1,train/lr,6.989036506215551e-05
589,1,train/loss,1.9595239162445068
589,1,train/lr,6.988919624851431e-05
590,1,train/loss,1.8277620077133179
590,1,train/lr,6.988802124740393e-05
591,1,train/loss,1.6878294944763184
591,1,train/lr,6.988684005903275e-05
592,1,train/loss,1.967178463935852
592,1,train/lr,6.988565268361027e-05
593,1,train/loss,1.7510268688201904
593,1,train/lr,6.988445912134703e-05
594,1,train/loss,1.9674569368362427
594,1,train/lr,6.988325937245473e-05
595,1,train/loss,1.8655409812927246
595,1,train/lr,6.988205343714614e-05
596,1,train/loss,1.7749629020690918
596,1,train/lr,6.988084131563511e-05
597,1,train/loss,1.6994138956069946
597,1,train/lr,6.987962300813663e-05
598,1,train/loss,2.001168727874756
598,1,train/lr,6.987839851486673e-05
599,1,train/loss,1.7901766300201416
599,1,train/lr,6.987716783604261e-05
600,1,train/loss,1.8563799858093262
600,1,train/lr,6.987593097188249e-05
601,1,train/loss,1.7960087060928345
601,1,train/lr,6.987468792260575e-05
602,1,train/loss,1.8953428268432617
602,1,train/lr,6.987343868843283e-05
603,1,train/loss,2.1382529735565186
603,1,train/lr,6.987218326958527e-05
604,1,train/loss,1.8756588697433472
604,1,train/lr,6.987092166628571e-05
605,1,train/loss,1.727274775505066
605,1,train/lr,6.98696538787579e-05
606,1,train/loss,1.8166179656982422
606,1,train/lr,6.986837990722669e-05
607,1,train/loss,1.7097933292388916
607,1,train/lr,6.9867099751918e-05
608,1,train/loss,1.7685577869415283
608,1,train/lr,6.986581341305887e-05
609,1,train/loss,1.735804796218872
609,1,train/lr,6.986452089087741e-05
610,1,train/loss,1.848588228225708
610,1,train/lr,6.986322218560286e-05
611,1,train/loss,1.8416768312454224
611,1,train/lr,6.986191729746553e-05
612,1,train/loss,1.832669734954834
612,1,train/lr,6.986060622669684e-05
613,1,train/loss,1.9229234457015991
613,1,train/lr,6.98592889735293e-05
614,1,train/loss,1.8744856119155884
614,1,train/lr,6.985796553819655e-05
615,1,train/loss,1.9632160663604736
615,1,train/lr,6.985663592093324e-05
616,1,train/loss,2.1055867671966553
616,1,train/lr,6.985530012197522e-05
617,1,train/loss,1.7485921382904053
617,1,train/lr,6.985395814155936e-05
618,1,train/loss,1.9429352283477783
618,1,train/lr,6.985260997992369e-05
619,1,train/loss,1.7710707187652588
619,1,train/lr,6.985125563730727e-05
620,1,train/loss,1.9032518863677979
620,1,train/lr,6.984989511395029e-05
621,1,train/loss,1.7161723375320435
621,1,train/lr,6.984852841009404e-05
622,1,train/loss,1.8115369081497192
622,1,train/lr,6.984715552598091e-05
623,1,train/loss,1.7431859970092773
623,1,train/lr,6.984577646185437e-05
624,1,train/loss,1.7167311906814575
624,1,train/lr,6.984439121795898e-05
625,1,train/loss,1.9205334186553955
625,1,train/lr,6.984299979454042e-05
626,1,train/loss,1.9417402744293213
626,1,train/lr,6.984160219184546e-05
627,1,train/loss,1.8407502174377441
627,1,train/lr,6.984019841012193e-05
628,1,train/loss,1.8956552743911743
628,1,train/lr,6.983878844961882e-05
629,1,train/loss,1.8100807666778564
629,1,train/lr,6.983737231058617e-05
630,1,train/loss,1.706613302230835
630,1,train/lr,6.983594999327511e-05
631,1,train/loss,1.9588563442230225
631,1,train/lr,6.983452149793791e-05
632,1,train/loss,2.2325172424316406
632,1,train/lr,6.983308682482788e-05
633,1,train/loss,1.713600754737854
633,1,train/lr,6.983164597419948e-05
634,1,train/loss,1.7020294666290283
634,1,train/lr,6.983019894630823e-05
635,1,train/loss,1.7282345294952393
635,1,train/lr,6.982874574141074e-05
636,1,train/loss,1.7756288051605225
636,1,train/lr,6.982728635976475e-05
637,1,train/loss,1.7750494480133057
637,1,train/lr,6.982582080162907e-05
638,1,train/loss,2.1370532512664795
638,1,train/lr,6.982434906726362e-05
639,1,train/loss,1.836449384689331
639,1,train/lr,6.982287115692939e-05
640,1,train/loss,1.7289974689483643
640,1,train/lr,6.982138707088849e-05
641,1,train/loss,1.715853214263916
641,1,train/lr,6.981989680940411e-05
642,1,train/loss,1.6956253051757812
642,1,train/lr,6.981840037274055e-05
643,1,train/loss,1.7372817993164062
643,1,train/lr,6.98168977611632e-05
644,1,train/loss,1.6766759157180786
644,1,train/lr,6.981538897493854e-05
645,1,train/loss,1.754410982131958
645,1,train/lr,6.981387401433415e-05
646,1,train/loss,2.009929656982422
646,1,train/lr,6.98123528796187e-05
647,1,train/loss,1.6272389888763428
647,1,train/lr,6.981082557106195e-05
648,1,train/loss,1.671615481376648
648,1,train/lr,6.980929208893478e-05
649,1,train/loss,1.672347903251648
649,1,train/lr,6.980775243350913e-05
650,1,train/loss,1.7609457969665527
650,1,train/lr,6.980620660505806e-05
651,1,train/loss,1.9566878080368042
651,1,train/lr,6.98046546038557e-05
652,1,train/loss,2.080599069595337
652,1,train/lr,6.980309643017733e-05
653,1,train/loss,1.8966597318649292
653,1,train/lr,6.980153208429925e-05
654,1,train/loss,1.7097383737564087
654,1,train/lr,6.979996156649891e-05
655,1,train/loss,1.8119831085205078
655,1,train/lr,6.979838487705483e-05
656,1,train/loss,2.0635781288146973
656,1,train/lr,6.979680201624662e-05
657,1,train/loss,1.6833281517028809
657,1,train/lr,6.979521298435501e-05
658,1,train/loss,1.7263550758361816
658,1,train/lr,6.97936177816618e-05
659,1,train/loss,1.8024070262908936
659,1,train/lr,6.97920164084499e-05
660,1,train/loss,1.8377246856689453
660,1,train/lr,6.979040886500332e-05
661,1,train/loss,1.7793934345245361
661,1,train/lr,6.978879515160712e-05
662,1,train/loss,1.922952651977539
662,1,train/lr,6.97871752685475e-05
663,1,train/loss,1.9010324478149414
663,1,train/lr,6.978554921611175e-05
664,1,train/loss,1.849515438079834
664,1,train/lr,6.978391699458823e-05
665,1,train/loss,1.5793190002441406
665,1,train/lr,6.978227860426644e-05
666,1,train/loss,1.638509750366211
666,1,train/lr,6.97806340454369e-05
667,1,train/loss,1.729214072227478
667,1,train/lr,6.977898331839127e-05
668,1,train/loss,1.6954655647277832
668,1,train/lr,6.977732642342233e-05
669,1,train/loss,1.757734775543213
669,1,train/lr,6.97756633608239e-05
670,1,train/loss,1.6335704326629639
670,1,train/lr,6.977399413089093e-05
671,1,train/loss,1.7431282997131348
671,1,train/lr,6.977231873391945e-05
672,1,train/loss,1.8542169332504272
672,1,train/lr,6.977063717020659e-05
673,1,train/loss,1.7462376356124878
673,1,train/lr,6.976894944005055e-05
674,1,train/loss,1.6514430046081543
674,1,train/lr,6.976725554375065e-05
675,1,train/loss,1.8816947937011719
675,1,train/lr,6.976555548160732e-05
676,1,train/loss,1.8770880699157715
676,1,train/lr,6.976384925392203e-05
677,1,train/loss,1.668722152709961
677,1,train/lr,6.976213686099739e-05
678,1,train/loss,1.763814091682434
678,1,train/lr,6.976041830313708e-05
679,1,train/loss,1.880704641342163
679,1,train/lr,6.975869358064588e-05
680,1,train/loss,1.8570266962051392
680,1,train/lr,6.975696269382966e-05
681,1,train/loss,1.611912488937378
681,1,train/lr,6.975522564299539e-05
682,1,train/loss,1.8198350667953491
682,1,train/lr,6.975348242845113e-05
683,1,train/loss,1.7735843658447266
683,1,train/lr,6.975173305050604e-05
684,1,train/loss,1.8727500438690186
684,1,train/lr,6.974997750947035e-05
685,1,train/loss,1.761492133140564
685,1,train/lr,6.97482158056554e-05
686,1,train/loss,1.715017318725586
686,1,train/lr,6.974644793937364e-05
687,1,train/loss,1.7323695421218872
687,1,train/lr,6.97446739109386e-05
688,1,train/loss,1.7232840061187744
688,1,train/lr,6.974289372066485e-05
689,1,train/loss,1.9397037029266357
689,1,train/lr,6.974110736886815e-05
690,1,train/loss,1.8379886150360107
690,1,train/lr,6.973931485586527e-05
691,1,train/loss,1.8946499824523926
691,1,train/lr,6.973751618197412e-05
692,1,train/loss,1.6856937408447266
692,1,train/lr,6.973571134751369e-05
693,1,train/loss,1.7709381580352783
693,1,train/lr,6.973390035280405e-05
694,1,train/loss,1.6355969905853271
694,1,train/lr,6.973208319816639e-05
695,1,train/loss,1.8003480434417725
695,1,train/lr,6.973025988392297e-05
696,1,train/loss,1.69649338722229
696,1,train/lr,6.972843041039714e-05
697,1,train/loss,1.7234318256378174
697,1,train/lr,6.972659477791334e-05
698,1,train/loss,1.7064194679260254
698,1,train/lr,6.972475298679714e-05
699,1,train/loss,1.8497002124786377
699,1,train/lr,6.972290503737517e-05
700,1,train/loss,1.6753571033477783
700,1,train/lr,6.972105092997513e-05
701,1,train/loss,1.8764328956604004
701,1,train/lr,6.971919066492587e-05
702,1,train/loss,1.7422499656677246
702,1,train/lr,6.971732424255729e-05
703,1,train/loss,1.7858206033706665
703,1,train/lr,6.971545166320039e-05
704,1,train/loss,1.7546939849853516
704,1,train/lr,6.971357292718726e-05
705,1,train/loss,1.8938267230987549
705,1,train/lr,6.97116880348511e-05
706,1,train/loss,1.6471107006072998
706,1,train/lr,6.970979698652619e-05
707,1,train/loss,1.733878254890442
707,1,train/lr,6.970789978254788e-05
708,1,train/loss,1.6365430355072021
708,1,train/lr,6.970599642325266e-05
709,1,train/loss,1.7014198303222656
709,1,train/lr,6.970408690897806e-05
710,1,train/loss,1.654801607131958
710,1,train/lr,6.970217124006273e-05
711,1,train/loss,1.8124030828475952
711,1,train/lr,6.970024941684642e-05
712,1,train/loss,1.7591439485549927
712,1,train/lr,6.969832143966993e-05
713,1,train/loss,1.7770757675170898
713,1,train/lr,6.96963873088752e-05
714,1,train/loss,1.9986991882324219
714,1,train/lr,6.969444702480526e-05
715,1,train/loss,1.709106206893921
715,1,train/lr,6.969250058780418e-05
716,1,train/loss,1.993368148803711
716,1,train/lr,6.969054799821718e-05
717,1,train/loss,1.569707989692688
717,1,train/lr,6.968858925639051e-05
718,1,train/loss,2.035067081451416
718,1,train/lr,6.968662436267157e-05
719,1,train/loss,1.9208471775054932
719,1,train/lr,6.968465331740882e-05
720,1,train/loss,1.6264193058013916
720,1,train/lr,6.968267612095183e-05
721,1,train/loss,1.741931676864624
721,1,train/lr,6.968069277365123e-05
722,1,train/loss,1.653537631034851
722,1,train/lr,6.967870327585877e-05
723,1,train/loss,1.8061641454696655
723,1,train/lr,6.967670762792726e-05
724,1,train/loss,1.7538585662841797
724,1,train/lr,6.967470583021066e-05
725,1,train/loss,1.741745948791504
725,1,train/lr,6.967269788306394e-05
726,1,train/loss,1.812822937965393
726,1,train/lr,6.967068378684323e-05
727,1,train/loss,1.834357738494873
727,1,train/lr,6.966866354190572e-05
728,1,train/loss,1.7243412733078003
728,1,train/lr,6.966663714860968e-05
729,1,train/loss,1.7662756443023682
729,1,train/lr,6.966460460731448e-05
730,1,train/loss,1.8436305522918701
730,1,train/lr,6.966256591838062e-05
731,1,train/loss,1.7321534156799316
731,1,train/lr,6.966052108216961e-05
732,1,train/loss,1.8783278465270996
732,1,train/lr,6.96584700990441e-05
733,1,train/loss,1.738765001296997
733,1,train/lr,6.965641296936785e-05
734,1,train/loss,1.7367444038391113
734,1,train/lr,6.965434969350566e-05
735,1,train/loss,1.748131275177002
735,1,train/lr,6.965228027182347e-05
736,1,train/loss,1.7568581104278564
736,1,train/lr,6.965020470468826e-05
737,1,train/loss,1.6494425535202026
737,1,train/lr,6.964812299246813e-05
738,1,train/loss,1.685575246810913
738,1,train/lr,6.964603513553228e-05
739,1,train/loss,1.8869514465332031
739,1,train/lr,6.964394113425095e-05
740,1,train/loss,1.8827344179153442
740,1,train/lr,6.964184098899553e-05
741,1,train/loss,1.7953646183013916
741,1,train/lr,6.963973470013847e-05
742,1,train/loss,1.8878848552703857
742,1,train/lr,6.96376222680533e-05
743,1,train/loss,1.6924253702163696
743,1,train/lr,6.963550369311468e-05
744,1,train/loss,1.5584533214569092
744,1,train/lr,6.963337897569829e-05
745,1,train/loss,1.8992931842803955
745,1,train/lr,6.963124811618097e-05
746,1,train/loss,1.6885452270507812
746,1,train/lr,6.962911111494062e-05
747,1,train/loss,1.744958758354187
747,1,train/lr,6.962696797235621e-05
748,1,train/loss,1.5779224634170532
748,1,train/lr,6.962481868880784e-05
749,1,train/loss,1.7728241682052612
749,1,train/lr,6.962266326467667e-05
750,1,train/loss,1.8055849075317383
750,1,train/lr,6.962050170034495e-05
751,1,train/loss,1.7382920980453491
751,1,train/lr,6.961833399619603e-05
752,1,train/loss,1.8066301345825195
752,1,train/lr,6.961616015261435e-05
753,1,train/loss,1.7361180782318115
753,1,train/lr,6.961398016998542e-05
754,1,train/loss,1.8579492568969727
754,1,train/lr,6.961179404869585e-05
755,1,train/loss,1.8930354118347168
755,1,train/lr,6.960960178913337e-05
756,1,train/loss,1.7448241710662842
756,1,train/lr,6.960740339168673e-05
757,1,train/loss,2.1311140060424805
757,1,train/lr,6.960519885674584e-05
758,1,train/loss,1.730396032333374
758,1,train/lr,6.960298818470164e-05
759,1,train/loss,1.5223549604415894
759,1,train/lr,6.96007713759462e-05
760,1,train/loss,1.6463301181793213
760,1,train/lr,6.959854843087268e-05
761,1,train/loss,1.7532702684402466
761,1,train/lr,6.959631934987527e-05
762,1,train/loss,1.7737939357757568
762,1,train/lr,6.95940841333493e-05
763,1,train/loss,1.516765832901001
763,1,train/lr,6.95918427816912e-05
764,1,train/loss,1.6899572610855103
764,1,train/lr,6.958959529529846e-05
765,1,train/loss,1.7090421915054321
765,1,train/lr,6.958734167456966e-05
766,1,train/loss,1.6327027082443237
766,1,train/lr,6.958508191990445e-05
767,1,train/loss,1.5983405113220215
767,1,train/lr,6.958281603170361e-05
768,1,train/loss,1.825718641281128
768,1,train/lr,6.958054401036897e-05
769,1,train/loss,1.6961255073547363
769,1,train/lr,6.95782658563035e-05
770,1,train/loss,1.6974977254867554
770,1,train/lr,6.957598156991119e-05
771,1,train/loss,1.561322808265686
771,1,train/lr,6.957369115159716e-05
772,1,train/loss,1.6311798095703125
772,1,train/lr,6.95713946017676e-05
773,1,train/loss,1.7259092330932617
773,1,train/lr,6.956909192082982e-05
774,1,train/loss,1.8386600017547607
774,1,train/lr,6.956678310919215e-05
775,1,train/loss,1.6571996212005615
775,1,train/lr,6.956446816726408e-05
776,1,train/loss,1.7898355722427368
776,1,train/lr,6.956214709545616e-05
777,1,train/loss,1.6560559272766113
777,1,train/lr,6.955981989418e-05
778,1,train/loss,1.7100257873535156
778,1,train/lr,6.955748656384833e-05
779,1,train/loss,1.6228959560394287
779,1,train/lr,6.955514710487497e-05
780,1,train/loss,1.712741494178772
780,1,train/lr,6.955280151767481e-05
781,1,train/loss,1.8204395771026611
781,1,train/lr,6.955044980266381e-05
782,1,train/loss,1.6628302335739136
782,1,train/lr,6.954809196025905e-05
783,1,train/loss,1.6741535663604736
783,1,train/lr,6.95457279908787e-05
784,1,train/loss,1.7212376594543457
784,1,train/lr,6.954335789494199e-05
785,1,train/loss,1.676772117614746
785,1,train/lr,6.954098167286923e-05
786,1,train/loss,1.7536191940307617
786,1,train/lr,6.953859932508187e-05
786,1,train/batches,3141.0
786,1,train/compute_pct,99.90951348572703
786,1,train/compute_sec,283.1764018011163
786,1,train/data_wait_pct,0.09048651427296649
786,1,train/data_wait_sec,0.25646852466161363
786,1,train/examples,25128.0
786,1,train/examples_per_sec,88.65591337771748
786,1,train/input_tokens,2630749.0
786,1,train/peak_vram_gb,6.694185256958008
786,1,train/target_tokens,1953724.0
786,1,train/tokens_per_sec,16174.810616463094
786,1,train/total_sec,283.4328703257779
786,1,train/epoch_loss,2.4090191542589903
786,1,epoch1/batches,3141.0
786,1,epoch1/compute_pct,99.90951348572703
786,1,epoch1/compute_sec,283.1764018011163
786,1,epoch1/data_wait_pct,0.09048651427296649
786,1,epoch1/data_wait_sec,0.25646852466161363
786,1,epoch1/examples,25128.0
786,1,epoch1/examples_per_sec,88.65591337771748
786,1,epoch1/input_tokens,2630749.0
786,1,epoch1/peak_vram_gb,6.694185256958008
786,1,epoch1/target_tokens,1953724.0
786,1,epoch1/tokens_per_sec,16174.810616463094
786,1,epoch1/total_sec,283.4328703257779
786,1,val/bleu,11.469980072847488
786,1,val/chrf,31.970637645050985
786,1,val/combined,19.14947980246363
786,1,val/eval_peak_vram_gb,6.694185256958008
786,1,val/eval_samples_per_sec,8.092201124017194
786,1,val/eval_seconds,357.50470801000483
786,1,val/eval_tokens_per_sec,1569.5038063227335
787,2,train/loss,1.6664161682128906
787,2,train/lr,6.953621085200238e-05
788,2,train/loss,1.546248435974121
788,2,train/lr,6.953381625405436e-05
789,2,train/loss,1.77260422706604
789,2,train/lr,6.953141553166249e-05
790,2,train/loss,1.6553468704223633
790,2,train/lr,6.952900868525251e-05
791,2,train/loss,1.784092664718628
791,2,train/lr,6.95265957152513e-05
792,2,train/loss,1.6156513690948486
792,2,train/lr,6.952417662208673e-05
793,2,train/loss,1.506630778312683
793,2,train/lr,6.952175140618787e-05
794,2,train/loss,1.8316843509674072
794,2,train/lr,6.951932006798481e-05
795,2,train/loss,1.666351556777954
795,2,train/lr,6.951688260790873e-05
796,2,train/loss,1.6435387134552002
796,2,train/lr,6.951443902639191e-05
797,2,train/loss,1.588671326637268
797,2,train/lr,6.951198932386772e-05
798,2,train/loss,1.704288363456726
798,2,train/lr,6.95095335007706e-05
799,2,train/loss,1.9571750164031982
799,2,train/lr,6.950707155753606e-05
800,2,train/loss,1.7805876731872559
800,2,train/lr,6.950460349460075e-05
801,2,train/loss,1.8350410461425781
801,2,train/lr,6.950212931240234e-05
802,2,train/loss,1.7821743488311768
802,2,train/lr,6.949964901137964e-05
803,2,train/loss,1.497626781463623
803,2,train/lr,6.949716259197251e-05
804,2,train/loss,1.7937724590301514
804,2,train/lr,6.949467005462192e-05
805,2,train/loss,1.7583208084106445
805,2,train/lr,6.949217139976991e-05
806,2,train/loss,1.678403377532959
806,2,train/lr,6.948966662785957e-05
807,2,train/loss,1.716996669769287
807,2,train/lr,6.948715573933519e-05
808,2,train/loss,1.7438576221466064
808,2,train/lr,6.948463873464197e-05
809,2,train/loss,1.6473435163497925
809,2,train/lr,6.948211561422637e-05
810,2,train/loss,1.724740982055664
810,2,train/lr,6.947958637853583e-05
811,2,train/loss,1.8226828575134277
811,2,train/lr,6.94770510280189e-05
812,2,train/loss,1.8552815914154053
812,2,train/lr,6.94745095631252e-05
813,2,train/loss,1.730153203010559
813,2,train/lr,6.947196198430546e-05
814,2,train/loss,1.73855721950531
814,2,train/lr,6.94694082920115e-05
815,2,train/loss,1.7832908630371094
815,2,train/lr,6.946684848669619e-05
816,2,train/loss,1.7491254806518555
816,2,train/lr,6.946428256881349e-05
817,2,train/loss,1.6431180238723755
817,2,train/lr,6.946171053881849e-05
818,2,train/loss,1.6163551807403564
818,2,train/lr,6.94591323971673e-05
819,2,train/loss,1.6401573419570923
819,2,train/lr,6.945654814431716e-05
820,2,train/loss,1.6026513576507568
820,2,train/lr,6.945395778072638e-05
821,2,train/loss,1.6622190475463867
821,2,train/lr,6.945136130685433e-05
822,2,train/loss,1.7036182880401611
822,2,train/lr,6.94487587231615e-05
823,2,train/loss,1.6674180030822754
823,2,train/lr,6.944615003010947e-05
824,2,train/loss,1.7274463176727295
824,2,train/lr,6.944353522816084e-05
825,2,train/loss,1.6126518249511719
825,2,train/lr,6.944091431777936e-05
826,2,train/loss,1.5058916807174683
826,2,train/lr,6.943828729942983e-05
827,2,train/loss,1.577547311782837
827,2,train/lr,6.943565417357816e-05
828,2,train/loss,1.6177377700805664
828,2,train/lr,6.94330149406913e-05
829,2,train/loss,1.7523572444915771
829,2,train/lr,6.943036960123732e-05
830,2,train/loss,1.575402021408081
830,2,train/lr,6.942771815568536e-05
831,2,train/loss,1.6868617534637451
831,2,train/lr,6.942506060450565e-05
832,2,train/loss,1.654334306716919
832,2,train/lr,6.942239694816948e-05
833,2,train/loss,1.6368566751480103
833,2,train/lr,6.941972718714926e-05
834,2,train/loss,1.749098539352417
834,2,train/lr,6.941705132191845e-05
835,2,train/loss,1.7216739654541016
835,2,train/lr,6.941436935295161e-05
836,2,train/loss,1.6768001317977905
836,2,train/lr,6.941168128072437e-05
837,2,train/loss,1.902817726135254
837,2,train/lr,6.940898710571346e-05
838,2,train/loss,1.743731141090393
838,2,train/lr,6.940628682839668e-05
839,2,train/loss,2.1649301052093506
839,2,train/lr,6.94035804492529e-05
840,2,train/loss,1.5149784088134766
840,2,train/lr,6.94008679687621e-05
841,2,train/loss,1.6774502992630005
841,2,train/lr,6.939814938740532e-05
842,2,train/loss,1.6283931732177734
842,2,train/lr,6.93954247056647e-05
843,2,train/loss,1.955280065536499
843,2,train/lr,6.939269392402346e-05
844,2,train/loss,1.685326337814331
844,2,train/lr,6.938995704296587e-05
845,2,train/loss,1.790543794631958
845,2,train/lr,6.938721406297731e-05
846,2,train/loss,1.6935513019561768
846,2,train/lr,6.938446498454426e-05
847,2,train/loss,1.7616183757781982
847,2,train/lr,6.938170980815423e-05
848,2,train/loss,1.697901725769043
848,2,train/lr,6.937894853429587e-05
849,2,train/loss,1.6639785766601562
849,2,train/lr,6.937618116345885e-05
850,2,train/loss,1.8333654403686523
850,2,train/lr,6.937340769613397e-05
851,2,train/loss,1.4909307956695557
851,2,train/lr,6.93706281328131e-05
852,2,train/loss,1.6724406480789185
852,2,train/lr,6.936784247398916e-05
853,2,train/loss,1.7845898866653442
853,2,train/lr,6.936505072015622e-05
854,2,train/loss,1.6225354671478271
854,2,train/lr,6.936225287180934e-05
855,2,train/loss,1.7579736709594727
855,2,train/lr,6.935944892944475e-05
856,2,train/loss,1.5810387134552002
856,2,train/lr,6.935663889355967e-05
857,2,train/loss,1.5791244506835938
857,2,train/lr,6.93538227646525e-05
858,2,train/loss,1.7307069301605225
858,2,train/lr,6.935100054322263e-05
859,2,train/loss,1.6626050472259521
859,2,train/lr,6.934817222977061e-05
860,2,train/loss,1.6904217004776
860,2,train/lr,6.9345337824798e-05
861,2,train/loss,1.7280868291854858
861,2,train/lr,6.934249732880746e-05
862,2,train/loss,1.6948444843292236
862,2,train/lr,6.933965074230277e-05
863,2,train/loss,1.7390227317810059
863,2,train/lr,6.933679806578876e-05
864,2,train/loss,1.6709249019622803
864,2,train/lr,6.933393929977134e-05
865,2,train/loss,1.733236312866211
865,2,train/lr,6.933107444475748e-05
866,2,train/loss,1.6278996467590332
866,2,train/lr,6.932820350125527e-05
867,2,train/loss,1.700297474861145
867,2,train/lr,6.932532646977387e-05
868,2,train/loss,1.8545866012573242
868,2,train/lr,6.932244335082349e-05
869,2,train/loss,1.6187304258346558
869,2,train/lr,6.931955414491545e-05
870,2,train/loss,1.694972038269043
870,2,train/lr,6.931665885256213e-05
871,2,train/loss,1.6571722030639648
871,2,train/lr,6.931375747427702e-05
872,2,train/loss,1.6471527814865112
872,2,train/lr,6.931085001057466e-05
873,2,train/loss,1.5839204788208008
873,2,train/lr,6.930793646197068e-05
874,2,train/loss,1.7562086582183838
874,2,train/lr,6.930501682898176e-05
875,2,train/loss,1.9472647905349731
875,2,train/lr,6.930209111212573e-05
876,2,train/loss,1.8210935592651367
876,2,train/lr,6.929915931192142e-05
877,2,train/loss,1.5912134647369385
877,2,train/lr,6.929622142888878e-05
878,2,train/loss,1.6122782230377197
878,2,train/lr,6.929327746354886e-05
879,2,train/loss,1.7781298160552979
879,2,train/lr,6.929032741642373e-05
880,2,train/loss,1.735819697380066
880,2,train/lr,6.928737128803659e-05
881,2,train/loss,1.6183054447174072
881,2,train/lr,6.928440907891169e-05
882,2,train/loss,1.6717712879180908
882,2,train/lr,6.928144078957435e-05
883,2,train/loss,1.5305638313293457
883,2,train/lr,6.927846642055101e-05
884,2,train/loss,1.6026897430419922
884,2,train/lr,6.927548597236916e-05
885,2,train/loss,1.6451327800750732
885,2,train/lr,6.927249944555735e-05
886,2,train/loss,1.682769536972046
886,2,train/lr,6.926950684064526e-05
887,2,train/loss,1.741824984550476
887,2,train/lr,6.92665081581636e-05
888,2,train/loss,1.7187496423721313
888,2,train/lr,6.926350339864417e-05
889,2,train/loss,1.7115347385406494
889,2,train/lr,6.926049256261987e-05
890,2,train/loss,1.7943707704544067
890,2,train/lr,6.925747565062465e-05
891,2,train/loss,1.8028916120529175
891,2,train/lr,6.925445266319353e-05
892,2,train/loss,1.5760579109191895
892,2,train/lr,6.925142360086267e-05
893,2,train/loss,1.5094845294952393
893,2,train/lr,6.924838846416924e-05
894,2,train/loss,1.569850206375122
894,2,train/lr,6.924534725365148e-05
895,2,train/loss,1.7546402215957642
895,2,train/lr,6.924229996984879e-05
896,2,train/loss,1.589595079421997
896,2,train/lr,6.923924661330158e-05
897,2,train/loss,1.539320468902588
897,2,train/lr,6.92361871845513e-05
898,2,train/loss,1.6922452449798584
898,2,train/lr,6.923312168414061e-05
899,2,train/loss,1.8857365846633911
899,2,train/lr,6.92300501126131e-05
900,2,train/loss,1.7508807182312012
900,2,train/lr,6.922697247051354e-05
901,2,train/loss,1.692309856414795
901,2,train/lr,6.922388875838772e-05
902,2,train/loss,1.660989761352539
902,2,train/lr,6.922079897678253e-05
903,2,train/loss,1.7385609149932861
903,2,train/lr,6.921770312624593e-05
904,2,train/loss,1.6165103912353516
904,2,train/lr,6.921460120732696e-05
905,2,train/loss,1.57509183883667
905,2,train/lr,6.921149322057574e-05
906,2,train/loss,1.6865017414093018
906,2,train/lr,6.920837916654344e-05
907,2,train/loss,1.6225512027740479
907,2,train/lr,6.920525904578234e-05
908,2,train/loss,1.5412235260009766
908,2,train/lr,6.920213285884578e-05
909,2,train/loss,1.62649667263031
909,2,train/lr,6.919900060628817e-05
910,2,train/loss,1.6466028690338135
910,2,train/lr,6.919586228866504e-05
911,2,train/loss,1.7530217170715332
911,2,train/lr,6.91927179065329e-05
912,2,train/loss,1.7893474102020264
912,2,train/lr,6.918956746044944e-05
913,2,train/loss,1.8021130561828613
913,2,train/lr,6.918641095097336e-05
914,2,train/loss,1.5583252906799316
914,2,train/lr,6.918324837866446e-05
915,2,train/loss,1.5258643627166748
915,2,train/lr,6.918007974408361e-05
916,2,train/loss,1.7137354612350464
916,2,train/lr,6.917690504779275e-05
917,2,train/loss,1.859445571899414
917,2,train/lr,6.917372429035492e-05
918,2,train/loss,1.4661343097686768
918,2,train/lr,6.917053747233418e-05
919,2,train/loss,1.6016790866851807
919,2,train/lr,6.916734459429574e-05
920,2,train/loss,1.6174700260162354
920,2,train/lr,6.916414565680582e-05
921,2,train/loss,1.558304786682129
921,2,train/lr,6.916094066043174e-05
922,2,train/loss,1.7059825658798218
922,2,train/lr,6.915772960574191e-05
923,2,train/loss,1.6966235637664795
923,2,train/lr,6.915451249330579e-05
924,2,train/loss,1.8228148221969604
924,2,train/lr,6.915128932369393e-05
925,2,train/loss,1.588585376739502
925,2,train/lr,6.914806009747793e-05
926,2,train/loss,1.7995762825012207
926,2,train/lr,6.914482481523048e-05
927,2,train/loss,1.6670215129852295
927,2,train/lr,6.914158347752538e-05
928,2,train/loss,1.6651947498321533
928,2,train/lr,6.913833608493743e-05
929,2,train/loss,1.566867470741272
929,2,train/lr,6.913508263804255e-05
930,2,train/loss,1.8888487815856934
930,2,train/lr,6.913182313741774e-05
931,2,train/loss,1.7781685590744019
931,2,train/lr,6.912855758364108e-05
932,2,train/loss,1.7392561435699463
932,2,train/lr,6.912528597729165e-05
933,2,train/loss,1.6826465129852295
933,2,train/lr,6.912200831894969e-05
934,2,train/loss,1.5603922605514526
934,2,train/lr,6.911872460919648e-05
935,2,train/loss,1.5487315654754639
935,2,train/lr,6.911543484861437e-05
936,2,train/loss,1.64581298828125
936,2,train/lr,6.91121390377868e-05
937,2,train/loss,1.695000171661377
937,2,train/lr,6.910883717729825e-05
938,2,train/loss,1.8122681379318237
938,2,train/lr,6.910552926773429e-05
939,2,train/loss,1.640345811843872
939,2,train/lr,6.910221530968159e-05
940,2,train/loss,1.9001176357269287
940,2,train/lr,6.909889530372784e-05
941,2,train/loss,1.5403988361358643
941,2,train/lr,6.909556925046185e-05
942,2,train/loss,1.4672400951385498
942,2,train/lr,6.909223715047348e-05
943,2,train/loss,1.664060354232788
943,2,train/lr,6.908889900435365e-05
944,2,train/loss,1.4981749057769775
944,2,train/lr,6.908555481269438e-05
945,2,train/loss,1.5135447978973389
945,2,train/lr,6.908220457608876e-05
946,2,train/loss,1.6439367532730103
946,2,train/lr,6.907884829513094e-05
947,2,train/loss,1.6400606632232666
947,2,train/lr,6.907548597041613e-05
948,2,train/loss,1.6838974952697754
948,2,train/lr,6.907211760254063e-05
949,2,train/loss,1.665440320968628
949,2,train/lr,6.906874319210181e-05
950,2,train/loss,1.5737981796264648
950,2,train/lr,6.90653627396981e-05
951,2,train/loss,1.5882751941680908
951,2,train/lr,6.906197624592903e-05
952,2,train/loss,1.6950809955596924
952,2,train/lr,6.905858371139518e-05
953,2,train/loss,1.6302467584609985
953,2,train/lr,6.905518513669819e-05
954,2,train/loss,1.588623285293579
954,2,train/lr,6.905178052244077e-05
955,2,train/loss,1.4645192623138428
955,2,train/lr,6.904836986922675e-05
956,2,train/loss,1.4543266296386719
956,2,train/lr,6.9044953177661e-05
957,2,train/loss,1.663235068321228
957,2,train/lr,6.904153044834942e-05
958,2,train/loss,1.5003995895385742
958,2,train/lr,6.903810168189904e-05
959,2,train/loss,1.5566606521606445
959,2,train/lr,6.903466687891794e-05
960,2,train/loss,1.5652329921722412
960,2,train/lr,6.903122604001525e-05
961,2,train/loss,1.649057149887085
961,2,train/lr,6.902777916580123e-05
962,2,train/loss,1.67457914352417
962,2,train/lr,6.902432625688713e-05
963,2,train/loss,1.596259355545044
963,2,train/lr,6.902086731388533e-05
964,2,train/loss,1.6933144330978394
964,2,train/lr,6.901740233740926e-05
965,2,train/loss,1.6424715518951416
965,2,train/lr,6.901393132807342e-05
966,2,train/loss,1.577213168144226
966,2,train/lr,6.901045428649338e-05
967,2,train/loss,1.9138153791427612
967,2,train/lr,6.900697121328578e-05
968,2,train/loss,1.7918568849563599
968,2,train/lr,6.900348210906831e-05
969,2,train/loss,1.5329909324645996
969,2,train/lr,6.89999869744598e-05
970,2,train/loss,1.5555392503738403
970,2,train/lr,6.899648581008005e-05
971,2,train/loss,1.7462100982666016
971,2,train/lr,6.899297861655e-05
972,2,train/loss,1.5689579248428345
972,2,train/lr,6.898946539449163e-05
973,2,train/loss,1.5435665845870972
973,2,train/lr,6.898594614452802e-05
974,2,train/loss,1.7518415451049805
974,2,train/lr,6.898242086728326e-05
975,2,train/loss,1.5716805458068848
975,2,train/lr,6.897888956338257e-05
976,2,train/loss,1.7238638401031494
976,2,train/lr,6.89753522334522e-05
977,2,train/loss,1.7811981439590454
977,2,train/lr,6.897180887811949e-05
978,2,train/loss,1.8082220554351807
978,2,train/lr,6.896825949801283e-05
979,2,train/loss,1.469115972518921
979,2,train/lr,6.896470409376171e-05
980,2,train/loss,1.4602649211883545
980,2,train/lr,6.896114266599666e-05
981,2,train/loss,1.6326172351837158
981,2,train/lr,6.895757521534927e-05
982,2,train/loss,1.4657514095306396
982,2,train/lr,6.895400174245223e-05
983,2,train/loss,1.52577805519104
983,2,train/lr,6.895042224793929e-05
984,2,train/loss,1.513149380683899
984,2,train/lr,6.894683673244523e-05
985,2,train/loss,1.5213298797607422
985,2,train/lr,6.894324519660596e-05
986,2,train/loss,1.679102897644043
986,2,train/lr,6.893964764105839e-05
987,2,train/loss,1.788649082183838
987,2,train/lr,6.893604406644058e-05
988,2,train/loss,1.5235364437103271
988,2,train/lr,6.893243447339157e-05
989,2,train/loss,1.5776219367980957
989,2,train/lr,6.892881886255152e-05
990,2,train/loss,1.725243330001831
990,2,train/lr,6.892519723456167e-05
991,2,train/loss,1.6027226448059082
991,2,train/lr,6.892156959006426e-05
992,2,train/loss,1.4882524013519287
992,2,train/lr,6.891793592970267e-05
993,2,train/loss,1.6297646760940552
993,2,train/lr,6.89142962541213e-05
994,2,train/loss,1.6562762260437012
994,2,train/lr,6.891065056396564e-05
995,2,train/loss,1.633076786994934
995,2,train/lr,6.890699885988225e-05
996,2,train/loss,1.6644760370254517
996,2,train/lr,6.890334114251871e-05
997,2,train/loss,1.6752949953079224
997,2,train/lr,6.889967741252375e-05
998,2,train/loss,1.758683681488037
998,2,train/lr,6.889600767054708e-05
999,2,train/loss,1.6278232336044312
999,2,train/lr,6.889233191723955e-05
1000,2,train/loss,1.7287533283233643
1000,2,train/lr,6.888865015325301e-05
1001,2,train/loss,1.6411876678466797
1001,2,train/lr,6.888496237924041e-05
1002,2,train/loss,1.769561529159546
1002,2,train/lr,6.888126859585578e-05
1003,2,train/loss,1.6747862100601196
1003,2,train/lr,6.88775688037542e-05
1004,2,train/loss,1.5873067378997803
1004,2,train/lr,6.88738630035918e-05
1005,2,train/loss,1.8050806522369385
1005,2,train/lr,6.88701511960258e-05
1006,2,train/loss,1.5906269550323486
1006,2,train/lr,6.886643338171445e-05
1007,2,train/loss,1.6159554719924927
1007,2,train/lr,6.886270956131714e-05
1008,2,train/loss,1.6329753398895264
1008,2,train/lr,6.885897973549423e-05
1009,2,train/loss,1.5632147789001465
1009,2,train/lr,6.885524390490721e-05
1010,2,train/loss,1.7974412441253662
1010,2,train/lr,6.885150207021862e-05
1011,2,train/loss,1.842288851737976
1011,2,train/lr,6.884775423209204e-05
1012,2,train/loss,1.6536755561828613
1012,2,train/lr,6.884400039119216e-05
1013,2,train/loss,1.504514455795288
1013,2,train/lr,6.88402405481847e-05
1014,2,train/loss,1.6925015449523926
1014,2,train/lr,6.883647470373645e-05
1015,2,train/loss,1.708147406578064
1015,2,train/lr,6.883270285851525e-05
1016,2,train/loss,1.666900396347046
1016,2,train/lr,6.882892501319008e-05
1017,2,train/loss,1.6116867065429688
1017,2,train/lr,6.882514116843086e-05
1018,2,train/loss,1.4598233699798584
1018,2,train/lr,6.88213513249087e-05
1019,2,train/loss,1.5588724613189697
1019,2,train/lr,6.881755548329566e-05
1020,2,train/loss,1.653634786605835
1020,2,train/lr,6.881375364426496e-05
1021,2,train/loss,1.624396800994873
1021,2,train/lr,6.880994580849082e-05
1022,2,train/loss,1.6011301279067993
1022,2,train/lr,6.880613197664857e-05
1023,2,train/loss,1.584691047668457
1023,2,train/lr,6.880231214941455e-05
1024,2,train/loss,1.6804430484771729
1024,2,train/lr,6.87984863274662e-05
1025,2,train/loss,1.6752989292144775
1025,2,train/lr,6.879465451148202e-05
1026,2,train/loss,1.4848363399505615
1026,2,train/lr,6.879081670214157e-05
1027,2,train/loss,1.7525763511657715
1027,2,train/lr,6.878697290012545e-05
1028,2,train/loss,1.789367437362671
1028,2,train/lr,6.878312310611538e-05
1029,2,train/loss,1.6378196477890015
1029,2,train/lr,6.877926732079408e-05
1030,2,train/loss,1.6331429481506348
1030,2,train/lr,6.877540554484538e-05
1031,2,train/loss,1.6089153289794922
1031,2,train/lr,6.877153777895414e-05
1032,2,train/loss,1.7048041820526123
1032,2,train/lr,6.876766402380628e-05
1033,2,train/loss,1.5594087839126587
1033,2,train/lr,6.876378428008881e-05
1034,2,train/loss,1.5685054063796997
1034,2,train/lr,6.875989854848979e-05
1035,2,train/loss,1.53842031955719
1035,2,train/lr,6.875600682969835e-05
1036,2,train/loss,1.5874829292297363
1036,2,train/lr,6.875210912440464e-05
1037,2,train/loss,1.7714464664459229
1037,2,train/lr,6.874820543329993e-05
1038,2,train/loss,1.5745658874511719
1038,2,train/lr,6.874429575707652e-05
1039,2,train/loss,1.6872551441192627
1039,2,train/lr,6.874038009642778e-05
1040,2,train/loss,1.625251293182373
1040,2,train/lr,6.873645845204812e-05
1041,2,train/loss,1.544623613357544
1041,2,train/lr,6.873253082463306e-05
1042,2,train/loss,1.5843132734298706
1042,2,train/lr,6.872859721487911e-05
1043,2,train/loss,1.582319736480713
1043,2,train/lr,6.872465762348392e-05
1044,2,train/loss,1.6077516078948975
1044,2,train/lr,6.872071205114615e-05
1045,2,train/loss,1.542459487915039
1045,2,train/lr,6.87167604985655e-05
1046,2,train/loss,1.6021394729614258
1046,2,train/lr,6.871280296644281e-05
1047,2,train/loss,1.6723393201828003
1047,2,train/lr,6.870883945547991e-05
1048,2,train/loss,1.61642324924469
1048,2,train/lr,6.870486996637972e-05
1049,2,train/loss,1.511430025100708
1049,2,train/lr,6.870089449984621e-05
1050,2,train/loss,1.7243845462799072
1050,2,train/lr,6.869691305658441e-05
1051,2,train/loss,1.6857736110687256
1051,2,train/lr,6.869292563730042e-05
1052,2,train/loss,1.7690259218215942
1052,2,train/lr,6.868893224270141e-05
1053,2,train/loss,1.6530802249908447
1053,2,train/lr,6.868493287349557e-05
1054,2,train/loss,1.521470546722412
1054,2,train/lr,6.868092753039217e-05
1055,2,train/loss,1.4789223670959473
1055,2,train/lr,6.867691621410157e-05
1056,2,train/loss,1.5887689590454102
1056,2,train/lr,6.867289892533514e-05
1057,2,train/loss,1.5499616861343384
1057,2,train/lr,6.866887566480534e-05
1058,2,train/loss,1.6530572175979614
1058,2,train/lr,6.866484643322567e-05
1059,2,train/loss,1.6141865253448486
1059,2,train/lr,6.866081123131072e-05
1060,2,train/loss,1.6271514892578125
1060,2,train/lr,6.865677005977608e-05
1061,2,train/loss,1.7890127897262573
1061,2,train/lr,6.865272291933849e-05
1062,2,train/loss,1.596125841140747
1062,2,train/lr,6.864866981071564e-05
1063,2,train/loss,1.5319633483886719
1063,2,train/lr,6.864461073462638e-05
1064,2,train/loss,1.6882343292236328
1064,2,train/lr,6.864054569179055e-05
1065,2,train/loss,1.6614623069763184
1065,2,train/lr,6.863647468292907e-05
1066,2,train/loss,1.5062012672424316
1066,2,train/lr,6.863239770876393e-05
1067,2,train/loss,1.5849769115447998
1067,2,train/lr,6.862831477001814e-05
1068,2,train/loss,1.775347352027893
1068,2,train/lr,6.862422586741582e-05
1069,2,train/loss,1.5811580419540405
1069,2,train/lr,6.862013100168211e-05
1070,2,train/loss,1.6168198585510254
1070,2,train/lr,6.861603017354322e-05
1071,2,train/loss,1.694828987121582
1071,2,train/lr,6.861192338372643e-05
1072,2,train/loss,1.597594976425171
1072,2,train/lr,6.860781063296004e-05
1073,2,train/loss,1.6587237119674683
1073,2,train/lr,6.860369192197346e-05
1074,2,train/loss,1.9828965663909912
1074,2,train/lr,6.859956725149709e-05
1075,2,train/loss,1.5693281888961792
1075,2,train/lr,6.859543662226246e-05
1076,2,train/loss,1.582029938697815
1076,2,train/lr,6.85913000350021e-05
1077,2,train/loss,1.5382521152496338
1077,2,train/lr,6.858715749044964e-05
1078,2,train/loss,1.6637710332870483
1078,2,train/lr,6.858300898933973e-05
1079,2,train/loss,1.717376470565796
1079,2,train/lr,6.857885453240808e-05
1080,2,train/loss,1.5570166110992432
1080,2,train/lr,6.857469412039149e-05
1081,2,train/loss,1.584325909614563
1081,2,train/lr,6.857052775402778e-05
1082,2,train/loss,1.5150494575500488
1082,2,train/lr,6.856635543405585e-05
1083,2,train/loss,1.57011079788208
1083,2,train/lr,6.856217716121564e-05
1084,2,train/loss,1.595184087753296
1084,2,train/lr,6.855799293624813e-05
1085,2,train/loss,1.5947972536087036
1085,2,train/lr,6.855380275989543e-05
1086,2,train/loss,1.6924645900726318
1086,2,train/lr,6.85496066329006e-05
1087,2,train/loss,1.6644694805145264
1087,2,train/lr,6.854540455600782e-05
1088,2,train/loss,1.719327449798584
1088,2,train/lr,6.854119652996233e-05
1089,2,train/loss,1.5731538534164429
1089,2,train/lr,6.853698255551039e-05
1090,2,train/loss,1.6103163957595825
1090,2,train/lr,6.853276263339934e-05
1091,2,train/loss,1.6298415660858154
1091,2,train/lr,6.852853676437758e-05
1092,2,train/loss,1.5886727571487427
1092,2,train/lr,6.852430494919453e-05
1093,2,train/loss,1.483074426651001
1093,2,train/lr,6.85200671886007e-05
1094,2,train/loss,1.4697500467300415
1094,2,train/lr,6.851582348334764e-05
1095,2,train/loss,1.5462934970855713
1095,2,train/lr,6.851157383418794e-05
1096,2,train/loss,1.536137580871582
1096,2,train/lr,6.850731824187528e-05
1097,2,train/loss,1.7113420963287354
1097,2,train/lr,6.850305670716436e-05
1098,2,train/loss,1.5251796245574951
1098,2,train/lr,6.849878923081096e-05
1099,2,train/loss,1.7835578918457031
1099,2,train/lr,6.84945158135719e-05
1100,2,train/loss,1.6623361110687256
1100,2,train/lr,6.849023645620503e-05
1101,2,train/loss,1.6610002517700195
1101,2,train/lr,6.848595115946931e-05
1102,2,train/loss,1.5036351680755615
1102,2,train/lr,6.84816599241247e-05
1103,2,train/loss,1.4701628684997559
1103,2,train/lr,6.847736275093225e-05
1104,2,train/loss,1.7265232801437378
1104,2,train/lr,6.847305964065403e-05
1105,2,train/loss,1.523129940032959
1105,2,train/lr,6.84687505940532e-05
1106,2,train/loss,1.6856396198272705
1106,2,train/lr,6.846443561189394e-05
1107,2,train/loss,1.4926196336746216
1107,2,train/lr,6.846011469494151e-05
1108,2,train/loss,1.6832573413848877
1108,2,train/lr,6.84557878439622e-05
1109,2,train/loss,1.6146626472473145
1109,2,train/lr,6.845145505972334e-05
1110,2,train/loss,1.674299716949463
1110,2,train/lr,6.844711634299338e-05
1111,2,train/loss,1.6588635444641113
1111,2,train/lr,6.844277169454173e-05
1112,2,train/loss,1.8031823635101318
1112,2,train/lr,6.84384211151389e-05
1113,2,train/loss,1.6741151809692383
1113,2,train/lr,6.843406460555649e-05
1114,2,train/loss,1.494091510772705
1114,2,train/lr,6.842970216656708e-05
1115,2,train/loss,1.7025046348571777
1115,2,train/lr,6.842533379894435e-05
1116,2,train/loss,1.6513937711715698
1116,2,train/lr,6.842095950346298e-05
1117,2,train/loss,1.5665147304534912
1117,2,train/lr,6.841657928089877e-05
1118,2,train/loss,1.4197924137115479
1118,2,train/lr,6.84121931320285e-05
1119,2,train/loss,1.643834114074707
1119,2,train/lr,6.840780105763008e-05
1120,2,train/loss,1.574780821800232
1120,2,train/lr,6.840340305848241e-05
1121,2,train/loss,1.607299566268921
1121,2,train/lr,6.839899913536546e-05
1122,2,train/loss,1.5854222774505615
1122,2,train/lr,6.839458928906024e-05
1123,2,train/loss,1.579835057258606
1123,2,train/lr,6.83901735203488e-05
1124,2,train/loss,1.6602129936218262
1124,2,train/lr,6.838575183001432e-05
1125,2,train/loss,1.6488876342773438
1125,2,train/lr,6.838132421884092e-05
1126,2,train/loss,1.776796817779541
1126,2,train/lr,6.837689068761386e-05
1127,2,train/loss,1.4871774911880493
1127,2,train/lr,6.837245123711935e-05
1128,2,train/loss,1.5872565507888794
1128,2,train/lr,6.836800586814479e-05
1129,2,train/loss,1.458162784576416
1129,2,train/lr,6.836355458147847e-05
1130,2,train/loss,1.6914145946502686
1130,2,train/lr,6.835909737790987e-05
1131,2,train/loss,1.518118143081665
1131,2,train/lr,6.835463425822942e-05
1132,2,train/loss,1.597930669784546
1132,2,train/lr,6.835016522322865e-05
1133,2,train/loss,1.515359878540039
1133,2,train/lr,6.834569027370013e-05
1134,2,train/loss,1.63887619972229
1134,2,train/lr,6.834120941043749e-05
1135,2,train/loss,1.8466792106628418
1135,2,train/lr,6.833672263423537e-05
1136,2,train/loss,1.764570951461792
1136,2,train/lr,6.833222994588949e-05
1137,2,train/loss,1.7100560665130615
1137,2,train/lr,6.832773134619661e-05
1138,2,train/loss,1.511929988861084
1138,2,train/lr,6.832322683595455e-05
1139,2,train/loss,1.4241983890533447
1139,2,train/lr,6.831871641596216e-05
1140,2,train/loss,1.5851688385009766
1140,2,train/lr,6.831420008701935e-05
1141,2,train/loss,1.533447504043579
1141,2,train/lr,6.830967784992707e-05
1142,2,train/loss,1.6056625843048096
1142,2,train/lr,6.830514970548732e-05
1143,2,train/loss,1.6553208827972412
1143,2,train/lr,6.830061565450316e-05
1144,2,train/loss,1.5042381286621094
1144,2,train/lr,6.829607569777866e-05
1145,2,train/loss,1.5265132188796997
1145,2,train/lr,6.829152983611902e-05
1146,2,train/loss,1.411912441253662
1146,2,train/lr,6.828697807033038e-05
1147,2,train/loss,1.6446199417114258
1147,2,train/lr,6.828242040121999e-05
1148,2,train/loss,1.5517902374267578
1148,2,train/lr,6.827785682959614e-05
1149,2,train/loss,1.7275454998016357
1149,2,train/lr,6.827328735626816e-05
1150,2,train/loss,1.6762182712554932
1150,2,train/lr,6.826871198204644e-05
1151,2,train/loss,1.5376534461975098
1151,2,train/lr,6.826413070774241e-05
1152,2,train/loss,1.5539076328277588
1152,2,train/lr,6.82595435341685e-05
1153,2,train/loss,1.4411592483520508
1153,2,train/lr,6.825495046213829e-05
1154,2,train/loss,1.5736348628997803
1154,2,train/lr,6.82503514924663e-05
1155,2,train/loss,1.6957612037658691
1155,2,train/lr,6.824574662596816e-05
1156,2,train/loss,1.5073153972625732
1156,2,train/lr,6.82411358634605e-05
1157,2,train/loss,1.7571465969085693
1157,2,train/lr,6.823651920576106e-05
1158,2,train/loss,1.571089506149292
1158,2,train/lr,6.823189665368854e-05
1159,2,train/loss,1.6194465160369873
1159,2,train/lr,6.822726820806278e-05
1160,2,train/loss,1.6343308687210083
1160,2,train/lr,6.82226338697046e-05
1161,2,train/loss,1.6280643939971924
1161,2,train/lr,6.821799363943587e-05
1162,2,train/loss,1.5746190547943115
1162,2,train/lr,6.821334751807953e-05
1163,2,train/loss,1.7392020225524902
1163,2,train/lr,6.820869550645956e-05
1164,2,train/loss,1.625078797340393
1164,2,train/lr,6.820403760540096e-05
1165,2,train/loss,1.5730929374694824
1165,2,train/lr,6.81993738157298e-05
1166,2,train/loss,1.6434223651885986
1166,2,train/lr,6.819470413827318e-05
1167,2,train/loss,1.6673578023910522
1167,2,train/lr,6.819002857385924e-05
1168,2,train/loss,1.490985631942749
1168,2,train/lr,6.818534712331722e-05
1169,2,train/loss,1.5919651985168457
1169,2,train/lr,6.81806597874773e-05
1170,2,train/loss,1.5896567106246948
1170,2,train/lr,6.81759665671708e-05
1171,2,train/loss,1.535984992980957
1171,2,train/lr,6.817126746323003e-05
1172,2,train/loss,1.554389476776123
1172,2,train/lr,6.816656247648836e-05
1173,2,train/loss,1.8018567562103271
1173,2,train/lr,6.81618516077802e-05
1174,2,train/loss,1.6841039657592773
1174,2,train/lr,6.815713485794101e-05
1175,2,train/loss,1.5506643056869507
1175,2,train/lr,6.815241222780729e-05
1176,2,train/loss,1.4833736419677734
1176,2,train/lr,6.814768371821657e-05
1177,2,train/loss,1.6116783618927002
1177,2,train/lr,6.814294933000744e-05
1178,2,train/loss,1.6514283418655396
1178,2,train/lr,6.813820906401953e-05
1179,2,train/loss,1.423170804977417
1179,2,train/lr,6.813346292109351e-05
1180,2,train/loss,1.618819236755371
1180,2,train/lr,6.812871090207108e-05
1181,2,train/loss,1.5095170736312866
1181,2,train/lr,6.8123953007795e-05
1182,2,train/loss,1.5582292079925537
1182,2,train/lr,6.811918923910907e-05
1183,2,train/loss,1.4705498218536377
1183,2,train/lr,6.811441959685812e-05
1184,2,train/loss,1.5695111751556396
1184,2,train/lr,6.810964408188801e-05
1185,2,train/loss,1.6153793334960938
1185,2,train/lr,6.81048626950457e-05
1186,2,train/loss,1.6887447834014893
1186,2,train/lr,6.810007543717913e-05
1187,2,train/loss,1.7436659336090088
1187,2,train/lr,6.80952823091373e-05
1188,2,train/loss,1.4609065055847168
1188,2,train/lr,6.809048331177024e-05
1189,2,train/loss,1.556021809577942
1189,2,train/lr,6.808567844592904e-05
1190,2,train/loss,1.6275088787078857
1190,2,train/lr,6.808086771246587e-05
1191,2,train/loss,1.6501562595367432
1191,2,train/lr,6.807605111223385e-05
1192,2,train/loss,1.6621122360229492
1192,2,train/lr,6.807122864608718e-05
1193,2,train/loss,1.545270562171936
1193,2,train/lr,6.806640031488115e-05
1194,2,train/loss,1.5553855895996094
1194,2,train/lr,6.806156611947199e-05
1195,2,train/loss,1.5338728427886963
1195,2,train/lr,6.805672606071708e-05
1196,2,train/loss,1.6926417350769043
1196,2,train/lr,6.805188013947475e-05
1197,2,train/loss,1.6362868547439575
1197,2,train/lr,6.804702835660443e-05
1198,2,train/loss,1.6326756477355957
1198,2,train/lr,6.804217071296655e-05
1199,2,train/loss,1.5227384567260742
1199,2,train/lr,6.80373072094226e-05
1200,2,train/loss,1.742875099182129
1200,2,train/lr,6.803243784683508e-05
1201,2,train/loss,1.5163171291351318
1201,2,train/lr,6.80275626260676e-05
1202,2,train/loss,1.5852588415145874
1202,2,train/lr,6.802268154798475e-05
1203,2,train/loss,1.592811107635498
1203,2,train/lr,6.801779461345214e-05
1204,2,train/loss,1.4183789491653442
1204,2,train/lr,6.801290182333648e-05
1205,2,train/loss,1.3967958688735962
1205,2,train/lr,6.800800317850548e-05
1206,2,train/loss,1.5488364696502686
1206,2,train/lr,6.800309867982789e-05
1207,2,train/loss,1.639975666999817
1207,2,train/lr,6.799818832817351e-05
1208,2,train/loss,1.4829092025756836
1208,2,train/lr,6.799327212441317e-05
1209,2,train/loss,1.5800631046295166
1209,2,train/lr,6.798835006941875e-05
1210,2,train/loss,1.6473050117492676
1210,2,train/lr,6.798342216406314e-05
1211,2,train/loss,1.6175167560577393
1211,2,train/lr,6.79784884092203e-05
1212,2,train/loss,1.515629768371582
1212,2,train/lr,6.79735488057652e-05
1213,2,train/loss,1.5642814636230469
1213,2,train/lr,6.796860335457389e-05
1214,2,train/loss,1.631575584411621
1214,2,train/lr,6.79636520565234e-05
1215,2,train/loss,1.430451512336731
1215,2,train/lr,6.795869491249182e-05
1216,2,train/loss,1.5772335529327393
1216,2,train/lr,6.795373192335831e-05
1217,2,train/loss,1.523303747177124
1217,2,train/lr,6.7948763090003e-05
1218,2,train/loss,1.648102045059204
1218,2,train/lr,6.794378841330713e-05
1219,2,train/loss,1.5254918336868286
1219,2,train/lr,6.793880789415292e-05
1220,2,train/loss,1.7177879810333252
1220,2,train/lr,6.793382153342365e-05
1221,2,train/loss,1.533644676208496
1221,2,train/lr,6.792882933200363e-05
1222,2,train/loss,1.440139889717102
1222,2,train/lr,6.792383129077822e-05
1223,2,train/loss,1.5523638725280762
1223,2,train/lr,6.791882741063379e-05
1224,2,train/loss,1.5841147899627686
1224,2,train/lr,6.791381769245776e-05
1225,2,train/loss,1.597644329071045
1225,2,train/lr,6.790880213713859e-05
1226,2,train/loss,1.4526705741882324
1226,2,train/lr,6.790378074556579e-05
1227,2,train/loss,1.4768633842468262
1227,2,train/lr,6.789875351862985e-05
1228,2,train/loss,1.7301416397094727
1228,2,train/lr,6.789372045722235e-05
1229,2,train/loss,1.5010970830917358
1229,2,train/lr,6.788868156223587e-05
1230,2,train/loss,1.5292178392410278
1230,2,train/lr,6.788363683456406e-05
1231,2,train/loss,1.493858814239502
1231,2,train/lr,6.787858627510158e-05
1232,2,train/loss,1.591854453086853
1232,2,train/lr,6.787352988474411e-05
1233,2,train/loss,1.562483787536621
1233,2,train/lr,6.786846766438838e-05
1234,2,train/loss,1.6947152614593506
1234,2,train/lr,6.786339961493219e-05
1235,2,train/loss,1.8784104585647583
1235,2,train/lr,6.785832573727431e-05
1236,2,train/loss,1.636910319328308
1236,2,train/lr,6.785324603231459e-05
1237,2,train/loss,1.602170705795288
1237,2,train/lr,6.784816050095388e-05
1238,2,train/loss,1.7192580699920654
1238,2,train/lr,6.78430691440941e-05
1239,2,train/loss,1.832639217376709
1239,2,train/lr,6.783797196263816e-05
1240,2,train/loss,1.55443274974823
1240,2,train/lr,6.783286895749005e-05
1241,2,train/loss,1.547363042831421
1241,2,train/lr,6.782776012955474e-05
1242,2,train/loss,1.3130533695220947
1242,2,train/lr,6.782264547973829e-05
1243,2,train/loss,1.5920805931091309
1243,2,train/lr,6.781752500894775e-05
1244,2,train/loss,1.6484055519104004
1244,2,train/lr,6.781239871809123e-05
1245,2,train/loss,1.6557316780090332
1245,2,train/lr,6.780726660807784e-05
1246,2,train/loss,1.5239155292510986
1246,2,train/lr,6.780212867981775e-05
1247,2,train/loss,1.4505999088287354
1247,2,train/lr,6.779698493422215e-05
1248,2,train/loss,1.609540343284607
1248,2,train/lr,6.779183537220327e-05
1249,2,train/loss,1.8958358764648438
1249,2,train/lr,6.778667999467436e-05
1250,2,train/loss,1.5865609645843506
1250,2,train/lr,6.77815188025497e-05
1251,2,train/loss,1.551518201828003
1251,2,train/lr,6.777635179674462e-05
1252,2,train/loss,1.327976942062378
1252,2,train/lr,6.777117897817546e-05
1253,2,train/loss,1.5339540243148804
1253,2,train/lr,6.776600034775962e-05
1254,2,train/loss,1.580708384513855
1254,2,train/lr,6.776081590641548e-05
1255,2,train/loss,1.5995497703552246
1255,2,train/lr,6.775562565506251e-05
1256,2,train/loss,1.4629766941070557
1256,2,train/lr,6.775042959462117e-05
1257,2,train/loss,1.4510548114776611
1257,2,train/lr,6.774522772601296e-05
1258,2,train/loss,1.5515804290771484
1258,2,train/lr,6.774002005016041e-05
1259,2,train/loss,1.4975306987762451
1259,2,train/lr,6.77348065679871e-05
1260,2,train/loss,1.5673866271972656
1260,2,train/lr,6.772958728041759e-05
1261,2,train/loss,1.5920789241790771
1261,2,train/lr,6.772436218837752e-05
1262,2,train/loss,1.5112056732177734
1262,2,train/lr,6.771913129279354e-05
1263,2,train/loss,1.625680923461914
1263,2,train/lr,6.771389459459334e-05
1264,2,train/loss,1.3958702087402344
1264,2,train/lr,6.770865209470561e-05
1265,2,train/loss,1.4872204065322876
1265,2,train/lr,6.770340379406009e-05
1266,2,train/loss,1.6494020223617554
1266,2,train/lr,6.769814969358756e-05
1267,2,train/loss,1.6176660060882568
1267,2,train/lr,6.76928897942198e-05
1268,2,train/loss,1.7074220180511475
1268,2,train/lr,6.768762409688966e-05
1269,2,train/loss,1.7976001501083374
1269,2,train/lr,6.768235260253096e-05
1270,2,train/loss,1.5530799627304077
1270,2,train/lr,6.767707531207859e-05
1271,2,train/loss,1.4673349857330322
1271,2,train/lr,6.767179222646846e-05
1272,2,train/loss,1.5450167655944824
1272,2,train/lr,6.766650334663752e-05
1273,2,train/loss,1.5188671350479126
1273,2,train/lr,6.766120867352371e-05
1274,2,train/loss,1.533071756362915
1274,2,train/lr,6.765590820806603e-05
1275,2,train/loss,1.5394752025604248
1275,2,train/lr,6.76506019512045e-05
1276,2,train/loss,1.6245124340057373
1276,2,train/lr,6.764528990388017e-05
1277,2,train/loss,1.6940321922302246
1277,2,train/lr,6.76399720670351e-05
1278,2,train/loss,1.5526611804962158
1278,2,train/lr,6.763464844161239e-05
1279,2,train/loss,1.427687644958496
1279,2,train/lr,6.762931902855616e-05
1280,2,train/loss,1.5191502571105957
1280,2,train/lr,6.762398382881158e-05
1281,2,train/loss,1.5642365217208862
1281,2,train/lr,6.761864284332481e-05
1282,2,train/loss,1.528958797454834
1282,2,train/lr,6.761329607304308e-05
1283,2,train/loss,1.7408831119537354
1283,2,train/lr,6.760794351891459e-05
1284,2,train/loss,1.45210599899292
1284,2,train/lr,6.76025851818886e-05
1285,2,train/loss,1.6159121990203857
1285,2,train/lr,6.75972210629154e-05
1286,2,train/loss,1.566556453704834
1286,2,train/lr,6.759185116294631e-05
1287,2,train/loss,1.737135410308838
1287,2,train/lr,6.758647548293364e-05
1288,2,train/loss,1.7096803188323975
1288,2,train/lr,6.758109402383074e-05
1289,2,train/loss,1.660475730895996
1289,2,train/lr,6.757570678659202e-05
1290,2,train/loss,1.3820855617523193
1290,2,train/lr,6.757031377217288e-05
1291,2,train/loss,1.4110889434814453
1291,2,train/lr,6.756491498152973e-05
1292,2,train/loss,1.4676005840301514
1292,2,train/lr,6.755951041562003e-05
1293,2,train/loss,1.4776865243911743
1293,2,train/lr,6.755410007540228e-05
1294,2,train/loss,1.552163004875183
1294,2,train/lr,6.754868396183596e-05
1295,2,train/loss,1.3761550188064575
1295,2,train/lr,6.754326207588163e-05
1296,2,train/loss,1.5703508853912354
1296,2,train/lr,6.753783441850081e-05
1297,2,train/loss,1.5397928953170776
1297,2,train/lr,6.753240099065607e-05
1298,2,train/loss,1.5403815507888794
1298,2,train/lr,6.752696179331104e-05
1299,2,train/loss,1.8076574802398682
1299,2,train/lr,6.752151682743033e-05
1300,2,train/loss,1.535839557647705
1300,2,train/lr,6.751606609397957e-05
1301,2,train/loss,1.4326812028884888
1301,2,train/lr,6.751060959392544e-05
1302,2,train/loss,1.5317637920379639
1302,2,train/lr,6.750514732823563e-05
1303,2,train/loss,1.4996134042739868
1303,2,train/lr,6.749967929787884e-05
1304,2,train/loss,1.4629703760147095
1304,2,train/lr,6.749420550382483e-05
1305,2,train/loss,1.522749423980713
1305,2,train/lr,6.748872594704431e-05
1306,2,train/loss,1.4529774188995361
1306,2,train/lr,6.748324062850912e-05
1307,2,train/loss,1.4226210117340088
1307,2,train/lr,6.747774954919203e-05
1308,2,train/loss,1.461807131767273
1308,2,train/lr,6.747225271006686e-05
1309,2,train/loss,1.560314416885376
1309,2,train/lr,6.746675011210843e-05
1310,2,train/loss,1.426688313484192
1310,2,train/lr,6.746124175629266e-05
1311,2,train/loss,1.5328173637390137
1311,2,train/lr,6.745572764359642e-05
1312,2,train/loss,1.6011857986450195
1312,2,train/lr,6.745020777499758e-05
1313,2,train/loss,1.5613627433776855
1313,2,train/lr,6.74446821514751e-05
1314,2,train/loss,1.5749083757400513
1314,2,train/lr,6.743915077400895e-05
1315,2,train/loss,1.4526921510696411
1315,2,train/lr,6.743361364358004e-05
1316,2,train/loss,1.4938480854034424
1316,2,train/lr,6.742807076117041e-05
1317,2,train/loss,1.5188660621643066
1317,2,train/lr,6.742252212776304e-05
1318,2,train/loss,1.4458630084991455
1318,2,train/lr,6.741696774434198e-05
1319,2,train/loss,1.5557365417480469
1319,2,train/lr,6.741140761189226e-05
1320,2,train/loss,1.5771949291229248
1320,2,train/lr,6.740584173139996e-05
1321,2,train/loss,1.663116455078125
1321,2,train/lr,6.740027010385219e-05
1322,2,train/loss,1.5416207313537598
1322,2,train/lr,6.739469273023702e-05
1323,2,train/loss,1.5372334718704224
1323,2,train/lr,6.738910961154358e-05
1324,2,train/loss,1.5777130126953125
1324,2,train/lr,6.738352074876204e-05
1325,2,train/loss,1.5185377597808838
1325,2,train/lr,6.737792614288355e-05
1326,2,train/loss,1.49415123462677
1326,2,train/lr,6.737232579490029e-05
1327,2,train/loss,1.6501655578613281
1327,2,train/lr,6.736671970580547e-05
1328,2,train/loss,1.611585259437561
1328,2,train/lr,6.736110787659329e-05
1329,2,train/loss,1.5109846591949463
1329,2,train/lr,6.735549030825902e-05
1330,2,train/loss,1.7650516033172607
1330,2,train/lr,6.734986700179888e-05
1331,2,train/loss,1.5459210872650146
1331,2,train/lr,6.734423795821017e-05
1332,2,train/loss,1.5679067373275757
1332,2,train/lr,6.733860317849115e-05
1333,2,train/loss,1.5736370086669922
1333,2,train/lr,6.733296266364116e-05
1334,2,train/loss,1.5472691059112549
1334,2,train/lr,6.732731641466049e-05
1335,2,train/loss,1.5791465044021606
1335,2,train/lr,6.732166443255052e-05
1336,2,train/loss,1.7262091636657715
1336,2,train/lr,6.731600671831359e-05
1337,2,train/loss,1.7325323820114136
1337,2,train/lr,6.731034327295305e-05
1338,2,train/loss,1.6173720359802246
1338,2,train/lr,6.730467409747333e-05
1339,2,train/loss,1.5461903810501099
1339,2,train/lr,6.729899919287982e-05
1340,2,train/loss,1.6738399267196655
1340,2,train/lr,6.729331856017895e-05
1341,2,train/loss,1.6058192253112793
1341,2,train/lr,6.728763220037816e-05
1342,2,train/loss,1.563352108001709
1342,2,train/lr,6.728194011448587e-05
1343,2,train/loss,1.650735855102539
1343,2,train/lr,6.72762423035116e-05
1344,2,train/loss,1.476058006286621
1344,2,train/lr,6.72705387684658e-05
1345,2,train/loss,1.3397691249847412
1345,2,train/lr,6.726482951036e-05
1346,2,train/loss,1.512094497680664
1346,2,train/lr,6.725911453020669e-05
1347,2,train/loss,1.5378315448760986
1347,2,train/lr,6.72533938290194e-05
1348,2,train/loss,1.5172247886657715
1348,2,train/lr,6.724766740781272e-05
1349,2,train/loss,1.5368939638137817
1349,2,train/lr,6.724193526760215e-05
1350,2,train/loss,1.7609609365463257
1350,2,train/lr,6.723619740940428e-05
1351,2,train/loss,1.4428138732910156
1351,2,train/lr,6.723045383423674e-05
1352,2,train/loss,1.6417903900146484
1352,2,train/lr,6.722470454311808e-05
1353,2,train/loss,1.5850024223327637
1353,2,train/lr,6.721894953706793e-05
1354,2,train/loss,1.5998715162277222
1354,2,train/lr,6.721318881710692e-05
1355,2,train/loss,1.5788536071777344
1355,2,train/lr,6.72074223842567e-05
1356,2,train/loss,1.6141846179962158
1356,2,train/lr,6.720165023953993e-05
1357,2,train/loss,1.506356954574585
1357,2,train/lr,6.719587238398026e-05
1358,2,train/loss,1.431291937828064
1358,2,train/lr,6.719008881860239e-05
1359,2,train/loss,1.398403525352478
1359,2,train/lr,6.718429954443198e-05
1360,2,train/loss,1.622117280960083
1360,2,train/lr,6.717850456249579e-05
1361,2,train/loss,1.5625323057174683
1361,2,train/lr,6.717270387382149e-05
1362,2,train/loss,1.6414203643798828
1362,2,train/lr,6.716689747943784e-05
1363,2,train/loss,1.677799940109253
1363,2,train/lr,6.716108538037457e-05
1364,2,train/loss,1.4873502254486084
1364,2,train/lr,6.715526757766242e-05
1365,2,train/loss,1.527097463607788
1365,2,train/lr,6.714944407233319e-05
1366,2,train/loss,1.493606686592102
1366,2,train/lr,6.714361486541964e-05
1367,2,train/loss,1.4728153944015503
1367,2,train/lr,6.713777995795554e-05
1368,2,train/loss,1.5571271181106567
1368,2,train/lr,6.713193935097571e-05
1369,2,train/loss,1.51017427444458
1369,2,train/lr,6.712609304551597e-05
1370,2,train/loss,1.4735925197601318
1370,2,train/lr,6.712024104261311e-05
1371,2,train/loss,1.4649224281311035
1371,2,train/lr,6.711438334330498e-05
1372,2,train/loss,1.4235187768936157
1372,2,train/lr,6.710851994863044e-05
1373,2,train/loss,1.5115593671798706
1373,2,train/lr,6.710265085962929e-05
1374,2,train/loss,1.583085536956787
1374,2,train/lr,6.709677607734244e-05
1375,2,train/loss,1.531191349029541
1375,2,train/lr,6.709089560281174e-05
1376,2,train/loss,1.4567883014678955
1376,2,train/lr,6.708500943708006e-05
1377,2,train/loss,1.6069703102111816
1377,2,train/lr,6.707911758119131e-05
1378,2,train/loss,1.5728398561477661
1378,2,train/lr,6.707322003619039e-05
1379,2,train/loss,1.3879445791244507
1379,2,train/lr,6.706731680312318e-05
1380,2,train/loss,1.480973482131958
1380,2,train/lr,6.706140788303662e-05
1381,2,train/loss,1.6702508926391602
1381,2,train/lr,6.705549327697863e-05
1382,2,train/loss,1.612240195274353
1382,2,train/lr,6.704957298599815e-05
1383,2,train/loss,1.49118173122406
1383,2,train/lr,6.70436470111451e-05
1384,2,train/loss,1.5508918762207031
1384,2,train/lr,6.703771535347046e-05
1385,2,train/loss,1.540389895439148
1385,2,train/lr,6.703177801402616e-05
1386,2,train/loss,1.5995361804962158
1386,2,train/lr,6.702583499386518e-05
1387,2,train/loss,1.6399195194244385
1387,2,train/lr,6.70198862940415e-05
1388,2,train/loss,1.5031384229660034
1388,2,train/lr,6.701393191561007e-05
1389,2,train/loss,1.5923302173614502
1389,2,train/lr,6.700797185962689e-05
1390,2,train/loss,1.5407485961914062
1390,2,train/lr,6.700200612714898e-05
1391,2,train/loss,1.3253443241119385
1391,2,train/lr,6.69960347192343e-05
1392,2,train/loss,1.43984854221344
1392,2,train/lr,6.69900576369419e-05
1393,2,train/loss,1.5570895671844482
1393,2,train/lr,6.698407488133176e-05
1394,2,train/loss,1.5945154428482056
1394,2,train/lr,6.69780864534649e-05
1395,2,train/loss,1.5435621738433838
1395,2,train/lr,6.697209235440338e-05
1396,2,train/loss,1.5476632118225098
1396,2,train/lr,6.696609258521018e-05
1397,2,train/loss,1.5780227184295654
1397,2,train/lr,6.696008714694937e-05
1398,2,train/loss,1.4995505809783936
1398,2,train/lr,6.695407604068599e-05
1399,2,train/loss,1.4641680717468262
1399,2,train/lr,6.694805926748608e-05
1400,2,train/loss,1.5525435209274292
1400,2,train/lr,6.694203682841668e-05
1401,2,train/loss,1.5086480379104614
1401,2,train/lr,6.693600872454589e-05
1402,2,train/loss,1.4392445087432861
1402,2,train/lr,6.692997495694273e-05
1403,2,train/loss,1.652205467224121
1403,2,train/lr,6.692393552667728e-05
1404,2,train/loss,1.6005775928497314
1404,2,train/lr,6.69178904348206e-05
1405,2,train/loss,1.4949780702590942
1405,2,train/lr,6.691183968244479e-05
1406,2,train/loss,1.3147099018096924
1406,2,train/lr,6.69057832706229e-05
1407,2,train/loss,1.5104002952575684
1407,2,train/lr,6.689972120042905e-05
1408,2,train/loss,1.4302607774734497
1408,2,train/lr,6.689365347293828e-05
1409,2,train/loss,1.599314570426941
1409,2,train/lr,6.688758008922669e-05
1410,2,train/loss,1.423836588859558
1410,2,train/lr,6.688150105037141e-05
1411,2,train/loss,1.6700032949447632
1411,2,train/lr,6.687541635745048e-05
1412,2,train/loss,1.6240322589874268
1412,2,train/lr,6.686932601154305e-05
1413,2,train/loss,1.4752670526504517
1413,2,train/lr,6.686323001372919e-05
1414,2,train/loss,1.4849369525909424
1414,2,train/lr,6.685712836508999e-05
1415,2,train/loss,1.4397259950637817
1415,2,train/lr,6.685102106670758e-05
1416,2,train/loss,1.6103637218475342
1416,2,train/lr,6.684490811966506e-05
1417,2,train/loss,1.5098638534545898
1417,2,train/lr,6.683878952504654e-05
1418,2,train/loss,1.7305488586425781
1418,2,train/lr,6.683266528393713e-05
1419,2,train/loss,1.4962632656097412
1419,2,train/lr,6.682653539742293e-05
1420,2,train/loss,1.509628176689148
1420,2,train/lr,6.682039986659107e-05
1421,2,train/loss,1.365596055984497
1421,2,train/lr,6.681425869252965e-05
1422,2,train/loss,1.5040459632873535
1422,2,train/lr,6.680811187632778e-05
1423,2,train/loss,1.556501865386963
1423,2,train/lr,6.68019594190756e-05
1424,2,train/loss,1.6511231660842896
1424,2,train/lr,6.67958013218642e-05
1425,2,train/loss,1.77329421043396
1425,2,train/lr,6.678963758578571e-05
1426,2,train/loss,1.8724539279937744
1426,2,train/lr,6.678346821193323e-05
1427,2,train/loss,1.6653258800506592
1427,2,train/lr,6.677729320140089e-05
1428,2,train/loss,1.618478775024414
1428,2,train/lr,6.677111255528381e-05
1429,2,train/loss,1.6807026863098145
1429,2,train/lr,6.67649262746781e-05
1430,2,train/loss,1.4266114234924316
1430,2,train/lr,6.675873436068084e-05
1431,2,train/loss,1.4110057353973389
1431,2,train/lr,6.675253681439021e-05
1432,2,train/loss,1.461366891860962
1432,2,train/lr,6.674633363690525e-05
1433,2,train/loss,1.4288454055786133
1433,2,train/lr,6.674012482932612e-05
1434,2,train/loss,1.4325933456420898
1434,2,train/lr,6.673391039275393e-05
1435,2,train/loss,1.525578260421753
1435,2,train/lr,6.672769032829075e-05
1436,2,train/loss,1.7254101037979126
1436,2,train/lr,6.672146463703971e-05
1437,2,train/loss,1.3470964431762695
1437,2,train/lr,6.671523332010492e-05
1438,2,train/loss,1.4730019569396973
1438,2,train/lr,6.670899637859146e-05
1439,2,train/loss,1.6916158199310303
1439,2,train/lr,6.670275381360545e-05
1440,2,train/loss,1.92158842086792
1440,2,train/lr,6.669650562625396e-05
1441,2,train/loss,1.6521286964416504
1441,2,train/lr,6.66902518176451e-05
1442,2,train/loss,1.5078901052474976
1442,2,train/lr,6.668399238888797e-05
1443,2,train/loss,1.7555629014968872
1443,2,train/lr,6.667772734109263e-05
1444,2,train/loss,1.4110829830169678
1444,2,train/lr,6.667145667537018e-05
1445,2,train/loss,1.6100969314575195
1445,2,train/lr,6.666518039283268e-05
1446,2,train/loss,1.4647142887115479
1446,2,train/lr,6.665889849459325e-05
1447,2,train/loss,1.5616953372955322
1447,2,train/lr,6.665261098176592e-05
1448,2,train/loss,1.498466968536377
1448,2,train/lr,6.664631785546577e-05
1449,2,train/loss,1.855628490447998
1449,2,train/lr,6.664001911680886e-05
1450,2,train/loss,1.685654640197754
1450,2,train/lr,6.663371476691224e-05
1451,2,train/loss,1.5775973796844482
1451,2,train/lr,6.662740480689399e-05
1452,2,train/loss,1.540216326713562
1452,2,train/lr,6.662108923787312e-05
1453,2,train/loss,1.5249900817871094
1453,2,train/lr,6.661476806096972e-05
1454,2,train/loss,1.483266830444336
1454,2,train/lr,6.660844127730477e-05
1455,2,train/loss,1.584883451461792
1455,2,train/lr,6.660210888800037e-05
1456,2,train/loss,1.4161072969436646
1456,2,train/lr,6.659577089417949e-05
1457,2,train/loss,1.5022034645080566
1457,2,train/lr,6.658942729696616e-05
1458,2,train/loss,1.6235949993133545
1458,2,train/lr,6.65830780974854e-05
1459,2,train/loss,1.6662702560424805
1459,2,train/lr,6.657672329686322e-05
1460,2,train/loss,1.5187045335769653
1460,2,train/lr,6.657036289622661e-05
1461,2,train/loss,1.6054370403289795
1461,2,train/lr,6.65639968967036e-05
1462,2,train/loss,1.626744270324707
1462,2,train/lr,6.655762529942311e-05
1463,2,train/loss,1.504577398300171
1463,2,train/lr,6.655124810551517e-05
1464,2,train/loss,1.7906782627105713
1464,2,train/lr,6.654486531611075e-05
1465,2,train/loss,1.550326943397522
1465,2,train/lr,6.65384769323418e-05
1466,2,train/loss,1.5069431066513062
1466,2,train/lr,6.653208295534128e-05
1467,2,train/loss,1.5014241933822632
1467,2,train/lr,6.652568338624312e-05
1468,2,train/loss,1.5106627941131592
1468,2,train/lr,6.651927822618228e-05
1469,2,train/loss,1.440187931060791
1469,2,train/lr,6.65128674762947e-05
1470,2,train/loss,1.3521993160247803
1470,2,train/lr,6.650645113771727e-05
1471,2,train/loss,1.4369792938232422
1471,2,train/lr,6.650002921158795e-05
1472,2,train/loss,1.4907872676849365
1472,2,train/lr,6.649360169904561e-05
1473,2,train/loss,1.5018088817596436
1473,2,train/lr,6.648716860123015e-05
1474,2,train/loss,1.4729862213134766
1474,2,train/lr,6.648072991928245e-05
1475,2,train/loss,1.4616435766220093
1475,2,train/lr,6.647428565434442e-05
1476,2,train/loss,1.8908294439315796
1476,2,train/lr,6.646783580755888e-05
1477,2,train/loss,1.4838340282440186
1477,2,train/lr,6.646138038006971e-05
1478,2,train/loss,1.5522940158843994
1478,2,train/lr,6.645491937302178e-05
1479,2,train/loss,1.6497275829315186
1479,2,train/lr,6.644845278756087e-05
1480,2,train/loss,1.5913259983062744
1480,2,train/lr,6.644198062483385e-05
1481,2,train/loss,1.4811934232711792
1481,2,train/lr,6.643550288598853e-05
1482,2,train/loss,1.410423755645752
1482,2,train/lr,6.642901957217369e-05
1483,2,train/loss,1.4887229204177856
1483,2,train/lr,6.642253068453913e-05
1484,2,train/loss,1.4639692306518555
1484,2,train/lr,6.641603622423564e-05
1485,2,train/loss,1.3888227939605713
1485,2,train/lr,6.640953619241498e-05
1486,2,train/loss,1.4931282997131348
1486,2,train/lr,6.640303059022991e-05
1487,2,train/loss,1.396835446357727
1487,2,train/lr,6.639651941883418e-05
1488,2,train/loss,1.6863322257995605
1488,2,train/lr,6.63900026793825e-05
1489,2,train/loss,1.4786123037338257
1489,2,train/lr,6.638348037303062e-05
1490,2,train/loss,1.4011974334716797
1490,2,train/lr,6.637695250093522e-05
1491,2,train/loss,1.5916671752929688
1491,2,train/lr,6.6370419064254e-05
1492,2,train/loss,1.6041970252990723
1492,2,train/lr,6.636388006414568e-05
1493,2,train/loss,1.5337717533111572
1493,2,train/lr,6.635733550176987e-05
1494,2,train/loss,1.625859260559082
1494,2,train/lr,6.635078537828724e-05
1495,2,train/loss,1.589515209197998
1495,2,train/lr,6.634422969485945e-05
1496,2,train/loss,1.6171844005584717
1496,2,train/lr,6.633766845264911e-05
1497,2,train/loss,1.578486442565918
1497,2,train/lr,6.633110165281983e-05
1498,2,train/loss,1.53782320022583
1498,2,train/lr,6.632452929653622e-05
1499,2,train/loss,1.5690832138061523
1499,2,train/lr,6.631795138496385e-05
1500,2,train/loss,1.3629717826843262
1500,2,train/lr,6.631136791926929e-05
1501,2,train/loss,1.5002371072769165
1501,2,train/lr,6.63047789006201e-05
1502,2,train/loss,1.7881717681884766
1502,2,train/lr,6.629818433018482e-05
1503,2,train/loss,1.4089365005493164
1503,2,train/lr,6.629158420913297e-05
1504,2,train/loss,1.6620573997497559
1504,2,train/lr,6.628497853863504e-05
1505,2,train/loss,1.4305206537246704
1505,2,train/lr,6.627836731986256e-05
1506,2,train/loss,1.5818066596984863
1506,2,train/lr,6.627175055398795e-05
1507,2,train/loss,1.4853053092956543
1507,2,train/lr,6.626512824218472e-05
1508,2,train/loss,1.5031239986419678
1508,2,train/lr,6.625850038562729e-05
1509,2,train/loss,1.437788486480713
1509,2,train/lr,6.625186698549108e-05
1510,2,train/loss,1.548090934753418
1510,2,train/lr,6.624522804295252e-05
1511,2,train/loss,1.579977035522461
1511,2,train/lr,6.623858355918898e-05
1512,2,train/loss,1.6784436702728271
1512,2,train/lr,6.623193353537884e-05
1513,2,train/loss,1.7315911054611206
1513,2,train/lr,6.622527797270145e-05
1514,2,train/loss,1.4121922254562378
1514,2,train/lr,6.621861687233718e-05
1515,2,train/loss,1.6923484802246094
1515,2,train/lr,6.621195023546732e-05
1516,2,train/loss,1.5397136211395264
1516,2,train/lr,6.620527806327418e-05
1517,2,train/loss,1.5021828413009644
1517,2,train/lr,6.619860035694105e-05
1518,2,train/loss,1.4950889348983765
1518,2,train/lr,6.61919171176522e-05
1519,2,train/loss,1.4684017896652222
1519,2,train/lr,6.618522834659287e-05
1520,2,train/loss,1.5762121677398682
1520,2,train/lr,6.617853404494928e-05
1521,2,train/loss,1.544713020324707
1521,2,train/lr,6.617183421390867e-05
1522,2,train/loss,1.6388441324234009
1522,2,train/lr,6.61651288546592e-05
1523,2,train/loss,1.6309083700180054
1523,2,train/lr,6.615841796839005e-05
1524,2,train/loss,1.6399664878845215
1524,2,train/lr,6.615170155629137e-05
1525,2,train/loss,1.6658663749694824
1525,2,train/lr,6.614497961955431e-05
1526,2,train/loss,1.4015226364135742
1526,2,train/lr,6.613825215937095e-05
1527,2,train/loss,1.5866366624832153
1527,2,train/lr,6.613151917693439e-05
1528,2,train/loss,1.7057123184204102
1528,2,train/lr,6.61247806734387e-05
1529,2,train/loss,1.7425776720046997
1529,2,train/lr,6.611803665007895e-05
1530,2,train/loss,1.618994951248169
1530,2,train/lr,6.611128710805112e-05
1531,2,train/loss,1.3630801439285278
1531,2,train/lr,6.610453204855226e-05
1532,2,train/loss,1.6081498861312866
1532,2,train/lr,6.609777147278034e-05
1533,2,train/loss,1.6294958591461182
1533,2,train/lr,6.609100538193432e-05
1534,2,train/loss,1.7018190622329712
1534,2,train/lr,6.608423377721415e-05
1535,2,train/loss,1.6136131286621094
1535,2,train/lr,6.607745665982074e-05
1536,2,train/loss,1.7771828174591064
1536,2,train/lr,6.607067403095598e-05
1537,2,train/loss,1.550523042678833
1537,2,train/lr,6.606388589182276e-05
1538,2,train/loss,1.6577949523925781
1538,2,train/lr,6.605709224362492e-05
1539,2,train/loss,1.3569790124893188
1539,2,train/lr,6.60502930875673e-05
1540,2,train/loss,1.5014934539794922
1540,2,train/lr,6.604348842485569e-05
1541,2,train/loss,1.379547357559204
1541,2,train/lr,6.603667825669688e-05
1542,2,train/loss,1.5328277349472046
1542,2,train/lr,6.602986258429863e-05
1543,2,train/loss,1.5116069316864014
1543,2,train/lr,6.602304140886966e-05
1544,2,train/loss,1.5915483236312866
1544,2,train/lr,6.60162147316197e-05
1545,2,train/loss,1.6462538242340088
1545,2,train/lr,6.600938255375943e-05
1546,2,train/loss,1.4586384296417236
1546,2,train/lr,6.600254487650051e-05
1547,2,train/loss,1.4523863792419434
1547,2,train/lr,6.599570170105557e-05
1548,2,train/loss,1.51845383644104
1548,2,train/lr,6.598885302863822e-05
1549,2,train/loss,1.640038251876831
1549,2,train/lr,6.598199886046307e-05
1550,2,train/loss,1.6014399528503418
1550,2,train/lr,6.597513919774565e-05
1551,2,train/loss,1.6370772123336792
1551,2,train/lr,6.596827404170251e-05
1552,2,train/loss,1.6514558792114258
1552,2,train/lr,6.596140339355116e-05
1553,2,train/loss,1.5293222665786743
1553,2,train/lr,6.59545272545101e-05
1554,2,train/loss,1.4662353992462158
1554,2,train/lr,6.594764562579876e-05
1555,2,train/loss,1.5281972885131836
1555,2,train/lr,6.594075850863758e-05
1556,2,train/loss,1.415297269821167
1556,2,train/lr,6.593386590424797e-05
1557,2,train/loss,1.387413740158081
1557,2,train/lr,6.592696781385231e-05
1558,2,train/loss,1.5146996974945068
1558,2,train/lr,6.592006423867394e-05
1559,2,train/loss,1.5069632530212402
1559,2,train/lr,6.59131551799372e-05
1560,2,train/loss,1.6354024410247803
1560,2,train/lr,6.590624063886736e-05
1561,2,train/loss,1.5028003454208374
1561,2,train/lr,6.589932061669071e-05
1562,2,train/loss,1.6573834419250488
1562,2,train/lr,6.589239511463448e-05
1563,2,train/loss,1.4152662754058838
1563,2,train/lr,6.588546413392689e-05
1564,2,train/loss,1.4622474908828735
1564,2,train/lr,6.587852767579711e-05
1565,2,train/loss,1.5544822216033936
1565,2,train/lr,6.587158574147531e-05
1566,2,train/loss,1.5069458484649658
1566,2,train/lr,6.586463833219262e-05
1567,2,train/loss,1.599106788635254
1567,2,train/lr,6.585768544918111e-05
1568,2,train/loss,1.2849799394607544
1568,2,train/lr,6.585072709367387e-05
1569,2,train/loss,1.4089243412017822
1569,2,train/lr,6.584376326690495e-05
1570,2,train/loss,1.5428788661956787
1570,2,train/lr,6.583679397010933e-05
1571,2,train/loss,1.447445034980774
1571,2,train/lr,6.5829819204523e-05
1572,2,train/loss,1.6491117477416992
1572,2,train/lr,6.582283897138292e-05
1572,2,train/batches,3141.0
1572,2,train/compute_pct,99.90403311768328
1572,2,train/compute_sec,298.92850603640545
1572,2,train/data_wait_pct,0.09596688231671043
1572,2,train/data_wait_sec,0.287147934519453
1572,2,train/examples,25128.0
1572,2,train/examples_per_sec,83.97956345707004
1572,2,train/input_tokens,2630749.0
1572,2,train/peak_vram_gb,6.698136329650879
1572,2,train/target_tokens,1953724.0
1572,2,train/tokens_per_sec,15321.634878252318
1572,2,train/total_sec,299.2156539709249
1572,2,train/epoch_loss,1.6036454630824115
1572,2,epoch2/batches,3141.0
1572,2,epoch2/compute_pct,99.90403311768328
1572,2,epoch2/compute_sec,298.92850603640545
1572,2,epoch2/data_wait_pct,0.09596688231671043
1572,2,epoch2/data_wait_sec,0.287147934519453
1572,2,epoch2/examples,25128.0
1572,2,epoch2/examples_per_sec,83.97956345707004
1572,2,epoch2/input_tokens,2630749.0
1572,2,epoch2/peak_vram_gb,6.698136329650879
1572,2,epoch2/target_tokens,1953724.0
1572,2,epoch2/tokens_per_sec,15321.634878252318
1572,2,epoch2/total_sec,299.2156539709249
1572,2,val/bleu,23.00655257333021
1572,2,val/chrf,42.6536431760246
1572,2,val/combined,31.325920324441825
1572,2,val/eval_peak_vram_gb,6.698136329650879
1572,2,val/eval_samples_per_sec,10.834620122559373
1572,2,val/eval_seconds,267.0144377260003
1572,2,val/eval_tokens_per_sec,1441.4613804327687
1573,3,train/loss,1.5605027675628662
1573,3,train/lr,6.581585327192698e-05
1574,3,train/loss,1.4044945240020752
1574,3,train/lr,6.580886210739412e-05
1575,3,train/loss,1.5168395042419434
1575,3,train/lr,6.580186547902413e-05
1576,3,train/loss,1.692476749420166
1576,3,train/lr,6.57948633880579e-05
1577,3,train/loss,1.461972713470459
1577,3,train/lr,6.578785583573716e-05
1578,3,train/loss,1.3821797370910645
1578,3,train/lr,6.578084282330473e-05
1579,3,train/loss,1.455536127090454
1579,3,train/lr,6.577382435200431e-05
1580,3,train/loss,1.4071369171142578
1580,3,train/lr,6.576680042308062e-05
1581,3,train/loss,1.4332187175750732
1581,3,train/lr,6.57597710377793e-05
1582,3,train/loss,1.4695847034454346
1582,3,train/lr,6.575273619734701e-05
1583,3,train/loss,1.5598770380020142
1583,3,train/lr,6.574569590303136e-05
1584,3,train/loss,1.5696439743041992
1584,3,train/lr,6.573865015608088e-05
1585,3,train/loss,1.5369281768798828
1585,3,train/lr,6.573159895774516e-05
1586,3,train/loss,1.6320490837097168
1586,3,train/lr,6.572454230927465e-05
1587,3,train/loss,1.4813437461853027
1587,3,train/lr,6.571748021192085e-05
1588,3,train/loss,1.5450122356414795
1588,3,train/lr,6.57104126669362e-05
1589,3,train/loss,1.5190773010253906
1589,3,train/lr,6.57033396755741e-05
1590,3,train/loss,1.456555724143982
1590,3,train/lr,6.56962612390889e-05
1591,3,train/loss,1.5129761695861816
1591,3,train/lr,6.568917735873597e-05
1592,3,train/loss,1.4947214126586914
1592,3,train/lr,6.568208803577157e-05
1593,3,train/loss,1.491870403289795
1593,3,train/lr,6.5674993271453e-05
1594,3,train/loss,1.439177393913269
1594,3,train/lr,6.566789306703846e-05
1595,3,train/loss,1.4210278987884521
1595,3,train/lr,6.566078742378716e-05
1596,3,train/loss,1.3288179636001587
1596,3,train/lr,6.565367634295926e-05
1597,3,train/loss,1.4754886627197266
1597,3,train/lr,6.564655982581589e-05
1598,3,train/loss,1.6750152111053467
1598,3,train/lr,6.563943787361912e-05
1599,3,train/loss,1.5773963928222656
1599,3,train/lr,6.5632310487632e-05
1600,3,train/loss,1.522282600402832
1600,3,train/lr,6.562517766911858e-05
1601,3,train/loss,1.4891561269760132
1601,3,train/lr,6.56180394193438e-05
1602,3,train/loss,1.4745643138885498
1602,3,train/lr,6.561089573957362e-05
1603,3,train/loss,1.3614258766174316
1603,3,train/lr,6.560374663107495e-05
1604,3,train/loss,1.4870820045471191
1604,3,train/lr,6.559659209511564e-05
1605,3,train/loss,1.4936811923980713
1605,3,train/lr,6.558943213296454e-05
1606,3,train/loss,1.3801989555358887
1606,3,train/lr,6.558226674589143e-05
1607,3,train/loss,1.5575127601623535
1607,3,train/lr,6.557509593516707e-05
1608,3,train/loss,1.4698857069015503
1608,3,train/lr,6.556791970206317e-05
1609,3,train/loss,1.4231061935424805
1609,3,train/lr,6.556073804785241e-05
1610,3,train/loss,1.671866774559021
1610,3,train/lr,6.555355097380845e-05
1611,3,train/loss,1.455775260925293
1611,3,train/lr,6.554635848120586e-05
1612,3,train/loss,1.4059252738952637
1612,3,train/lr,6.553916057132021e-05
1613,3,train/loss,1.55025053024292
1613,3,train/lr,6.553195724542803e-05
1614,3,train/loss,1.3083617687225342
1614,3,train/lr,6.55247485048068e-05
1615,3,train/loss,1.5156042575836182
1615,3,train/lr,6.551753435073498e-05
1616,3,train/loss,1.3889755010604858
1616,3,train/lr,6.551031478449194e-05
1617,3,train/loss,1.47467041015625
1617,3,train/lr,6.550308980735807e-05
1618,3,train/loss,1.4831243753433228
1618,3,train/lr,6.549585942061468e-05
1619,3,train/loss,1.3852298259735107
1619,3,train/lr,6.548862362554406e-05
1620,3,train/loss,1.622330904006958
1620,3,train/lr,6.548138242342945e-05
1621,3,train/loss,1.5527830123901367
1621,3,train/lr,6.547413581555504e-05
1622,3,train/loss,1.5746252536773682
1622,3,train/lr,6.5466883803206e-05
1623,3,train/loss,1.6807500123977661
1623,3,train/lr,6.545962638766844e-05
1624,3,train/loss,1.5070925951004028
1624,3,train/lr,6.545236357022945e-05
1625,3,train/loss,1.5790057182312012
1625,3,train/lr,6.544509535217704e-05
1626,3,train/loss,1.5758869647979736
1626,3,train/lr,6.543782173480022e-05
1627,3,train/loss,1.4925636053085327
1627,3,train/lr,6.543054271938894e-05
1628,3,train/loss,1.525894045829773
1628,3,train/lr,6.542325830723408e-05
1629,3,train/loss,1.4416322708129883
1629,3,train/lr,6.541596849962754e-05
1630,3,train/loss,1.501848816871643
1630,3,train/lr,6.540867329786212e-05
1631,3,train/loss,1.5415170192718506
1631,3,train/lr,6.54013727032316e-05
1632,3,train/loss,1.6039384603500366
1632,3,train/lr,6.539406671703071e-05
1633,3,train/loss,1.602851390838623
1633,3,train/lr,6.538675534055515e-05
1634,3,train/loss,1.5423007011413574
1634,3,train/lr,6.537943857510155e-05
1635,3,train/loss,1.7087873220443726
1635,3,train/lr,6.537211642196754e-05
1636,3,train/loss,1.488684892654419
1636,3,train/lr,6.536478888245164e-05
1637,3,train/loss,1.5088632106781006
1637,3,train/lr,6.535745595785337e-05
1638,3,train/loss,1.530825138092041
1638,3,train/lr,6.535011764947321e-05
1639,3,train/loss,1.3780505657196045
1639,3,train/lr,6.534277395861258e-05
1640,3,train/loss,1.4986050128936768
1640,3,train/lr,6.533542488657387e-05
1641,3,train/loss,1.3135793209075928
1641,3,train/lr,6.532807043466036e-05
1642,3,train/loss,1.5144319534301758
1642,3,train/lr,6.53207106041764e-05
1643,3,train/loss,1.497377872467041
1643,3,train/lr,6.531334539642719e-05
1644,3,train/loss,1.581010103225708
1644,3,train/lr,6.530597481271892e-05
1645,3,train/loss,1.580183744430542
1645,3,train/lr,6.529859885435875e-05
1646,3,train/loss,1.3757518529891968
1646,3,train/lr,6.529121752265476e-05
1647,3,train/loss,1.6182295083999634
1647,3,train/lr,6.528383081891603e-05
1648,3,train/loss,1.7174253463745117
1648,3,train/lr,6.527643874445254e-05
1649,3,train/loss,1.451683759689331
1649,3,train/lr,6.526904130057527e-05
1650,3,train/loss,1.639765977859497
1650,3,train/lr,6.526163848859611e-05
1651,3,train/loss,1.4677907228469849
1651,3,train/lr,6.525423030982793e-05
1652,3,train/loss,1.5774465799331665
1652,3,train/lr,6.524681676558453e-05
1653,3,train/loss,1.4205961227416992
1653,3,train/lr,6.523939785718069e-05
1654,3,train/loss,1.428907036781311
1654,3,train/lr,6.523197358593213e-05
1655,3,train/loss,1.5304276943206787
1655,3,train/lr,6.522454395315549e-05
1656,3,train/loss,1.6017171144485474
1656,3,train/lr,6.521710896016841e-05
1657,3,train/loss,1.4145779609680176
1657,3,train/lr,6.520966860828945e-05
1658,3,train/loss,1.496612787246704
1658,3,train/lr,6.520222289883814e-05
1659,3,train/loss,1.5161809921264648
1659,3,train/lr,6.519477183313495e-05
1660,3,train/loss,1.805009126663208
1660,3,train/lr,6.518731541250128e-05
1661,3,train/loss,1.5787049531936646
1661,3,train/lr,6.517985363825949e-05
1662,3,train/loss,1.4199395179748535
1662,3,train/lr,6.517238651173293e-05
1663,3,train/loss,1.5712991952896118
1663,3,train/lr,6.516491403424585e-05
1664,3,train/loss,1.4591491222381592
1664,3,train/lr,6.515743620712348e-05
1665,3,train/loss,1.440877914428711
1665,3,train/lr,6.514995303169196e-05
1666,3,train/loss,1.4677951335906982
1666,3,train/lr,6.514246450927843e-05
1667,3,train/loss,1.5982062816619873
1667,3,train/lr,6.513497064121094e-05
1668,3,train/loss,1.5225961208343506
1668,3,train/lr,6.512747142881848e-05
1669,3,train/loss,1.4559961557388306
1669,3,train/lr,6.511996687343105e-05
1670,3,train/loss,1.584801435470581
1670,3,train/lr,6.511245697637952e-05
1671,3,train/loss,1.475953459739685
1671,3,train/lr,6.510494173899574e-05
1672,3,train/loss,1.4998295307159424
1672,3,train/lr,6.509742116261253e-05
1673,3,train/loss,1.530920386314392
1673,3,train/lr,6.508989524856364e-05
1674,3,train/loss,1.628829836845398
1674,3,train/lr,6.508236399818375e-05
1675,3,train/loss,1.5914570093154907
1675,3,train/lr,6.50748274128085e-05
1676,3,train/loss,1.5896152257919312
1676,3,train/lr,6.506728549377446e-05
1677,3,train/loss,1.5794419050216675
1677,3,train/lr,6.50597382424192e-05
1678,3,train/loss,1.4080748558044434
1678,3,train/lr,6.505218566008115e-05
1679,3,train/loss,1.4800012111663818
1679,3,train/lr,6.504462774809978e-05
1680,3,train/loss,1.4036091566085815
1680,3,train/lr,6.503706450781542e-05
1681,3,train/loss,1.5443038940429688
1681,3,train/lr,6.50294959405694e-05
1682,3,train/loss,1.4178012609481812
1682,3,train/lr,6.502192204770399e-05
1683,3,train/loss,1.3956594467163086
1683,3,train/lr,6.501434283056237e-05
1684,3,train/loss,1.6115422248840332
1684,3,train/lr,6.500675829048868e-05
1685,3,train/loss,1.5431104898452759
1685,3,train/lr,6.499916842882802e-05
1686,3,train/loss,1.6173651218414307
1686,3,train/lr,6.499157324692642e-05
1687,3,train/loss,1.5247493982315063
1687,3,train/lr,6.498397274613089e-05
1688,3,train/loss,1.3384371995925903
1688,3,train/lr,6.497636692778931e-05
1689,3,train/loss,1.513077735900879
1689,3,train/lr,6.496875579325055e-05
1690,3,train/loss,1.4246079921722412
1690,3,train/lr,6.496113934386443e-05
1691,3,train/loss,1.3794002532958984
1691,3,train/lr,6.49535175809817e-05
1692,3,train/loss,1.4485172033309937
1692,3,train/lr,6.494589050595403e-05
1693,3,train/loss,1.5653809309005737
1693,3,train/lr,6.493825812013408e-05
1694,3,train/loss,1.4133353233337402
1694,3,train/lr,6.49306204248754e-05
1695,3,train/loss,1.5219138860702515
1695,3,train/lr,6.492297742153253e-05
1696,3,train/loss,1.5171411037445068
1696,3,train/lr,6.491532911146091e-05
1697,3,train/loss,1.566688060760498
1697,3,train/lr,6.490767549601694e-05
1698,3,train/loss,1.4782079458236694
1698,3,train/lr,6.490001657655799e-05
1699,3,train/loss,1.4456324577331543
1699,3,train/lr,6.48923523544423e-05
1700,3,train/loss,1.5779750347137451
1700,3,train/lr,6.488468283102912e-05
1701,3,train/loss,1.5387606620788574
1701,3,train/lr,6.48770080076786e-05
1702,3,train/loss,1.6460037231445312
1702,3,train/lr,6.486932788575183e-05
1703,3,train/loss,1.3156780004501343
1703,3,train/lr,6.486164246661086e-05
1704,3,train/loss,1.4472689628601074
1704,3,train/lr,6.485395175161869e-05
1705,3,train/loss,1.541823387145996
1705,3,train/lr,6.484625574213921e-05
1706,3,train/loss,1.3437873125076294
1706,3,train/lr,6.483855443953731e-05
1707,3,train/loss,1.474902629852295
1707,3,train/lr,6.483084784517875e-05
1708,3,train/loss,1.5030040740966797
1708,3,train/lr,6.482313596043029e-05
1709,3,train/loss,1.4596736431121826
1709,3,train/lr,6.48154187866596e-05
1710,3,train/loss,1.6693994998931885
1710,3,train/lr,6.48076963252353e-05
1711,3,train/loss,1.876213788986206
1711,3,train/lr,6.479996857752691e-05
1712,3,train/loss,1.439220666885376
1712,3,train/lr,6.479223554490496e-05
1713,3,train/loss,1.7180019617080688
1713,3,train/lr,6.478449722874084e-05
1714,3,train/loss,1.7199721336364746
1714,3,train/lr,6.477675363040693e-05
1715,3,train/loss,1.5818843841552734
1715,3,train/lr,6.476900475127652e-05
1716,3,train/loss,1.4063796997070312
1716,3,train/lr,6.476125059272387e-05
1717,3,train/loss,1.5223934650421143
1717,3,train/lr,6.47534911561241e-05
1718,3,train/loss,1.3459217548370361
1718,3,train/lr,6.474572644285336e-05
1719,3,train/loss,1.5078790187835693
1719,3,train/lr,6.473795645428867e-05
1720,3,train/loss,1.551631212234497
1720,3,train/lr,6.473018119180803e-05
1721,3,train/loss,1.552796721458435
1721,3,train/lr,6.472240065679032e-05
1722,3,train/loss,1.5405068397521973
1722,3,train/lr,6.471461485061544e-05
1723,3,train/loss,1.5742452144622803
1723,3,train/lr,6.470682377466412e-05
1724,3,train/loss,1.504093050956726
1724,3,train/lr,6.46990274303181e-05
1725,3,train/loss,1.5775501728057861
1725,3,train/lr,6.469122581896007e-05
1726,3,train/loss,1.5431156158447266
1726,3,train/lr,6.468341894197355e-05
1727,3,train/loss,1.419374704360962
1727,3,train/lr,6.46756068007431e-05
1728,3,train/loss,1.6726016998291016
1728,3,train/lr,6.466778939665417e-05
1729,3,train/loss,1.4525872468948364
1729,3,train/lr,6.465996673109315e-05
1730,3,train/loss,1.4422380924224854
1730,3,train/lr,6.465213880544735e-05
1731,3,train/loss,1.5001161098480225
1731,3,train/lr,6.464430562110502e-05
1732,3,train/loss,1.44441819190979
1732,3,train/lr,6.463646717945537e-05
1733,3,train/loss,1.6624172925949097
1733,3,train/lr,6.462862348188848e-05
1734,3,train/loss,1.5845969915390015
1734,3,train/lr,6.462077452979546e-05
1735,3,train/loss,1.6343767642974854
1735,3,train/lr,6.461292032456822e-05
1736,3,train/loss,1.5522089004516602
1736,3,train/lr,6.460506086759973e-05
1737,3,train/loss,1.5968338251113892
1737,3,train/lr,6.459719616028381e-05
1738,3,train/loss,1.505962610244751
1738,3,train/lr,6.458932620401524e-05
1739,3,train/loss,1.389108419418335
1739,3,train/lr,6.458145100018973e-05
1740,3,train/loss,1.511844515800476
1740,3,train/lr,6.457357055020392e-05
1741,3,train/loss,1.4956685304641724
1741,3,train/lr,6.456568485545538e-05
1742,3,train/loss,1.4311656951904297
1742,3,train/lr,6.45577939173426e-05
1743,3,train/loss,1.4988934993743896
1743,3,train/lr,6.454989773726503e-05
1744,3,train/loss,1.5213720798492432
1744,3,train/lr,6.454199631662298e-05
1745,3,train/loss,1.5008821487426758
1745,3,train/lr,6.45340896568178e-05
1746,3,train/loss,1.4269421100616455
1746,3,train/lr,6.452617775925167e-05
1747,3,train/loss,1.4971106052398682
1747,3,train/lr,6.451826062532772e-05
1748,3,train/loss,1.5758806467056274
1748,3,train/lr,6.451033825645008e-05
1749,3,train/loss,1.4271483421325684
1749,3,train/lr,6.45024106540237e-05
1750,3,train/loss,1.7306170463562012
1750,3,train/lr,6.449447781945452e-05
1751,3,train/loss,1.3738645315170288
1751,3,train/lr,6.448653975414942e-05
1752,3,train/loss,1.5845661163330078
1752,3,train/lr,6.447859645951617e-05
1753,3,train/loss,1.4481346607208252
1753,3,train/lr,6.447064793696348e-05
1754,3,train/loss,1.3996284008026123
1754,3,train/lr,6.446269418790102e-05
1755,3,train/loss,1.5132070779800415
1755,3,train/lr,6.445473521373931e-05
1756,3,train/loss,1.3449686765670776
1756,3,train/lr,6.444677101588989e-05
1757,3,train/loss,1.421724796295166
1757,3,train/lr,6.443880159576516e-05
1758,3,train/loss,1.525201678276062
1758,3,train/lr,6.443082695477846e-05
1759,3,train/loss,1.363189458847046
1759,3,train/lr,6.442284709434409e-05
1760,3,train/loss,1.549494981765747
1760,3,train/lr,6.441486201587723e-05
1761,3,train/loss,1.7549524307250977
1761,3,train/lr,6.440687172079398e-05
1762,3,train/loss,1.715851068496704
1762,3,train/lr,6.439887621051143e-05
1763,3,train/loss,1.4166845083236694
1763,3,train/lr,6.439087548644754e-05
1764,3,train/loss,1.4425983428955078
1764,3,train/lr,6.43828695500212e-05
1765,3,train/loss,1.6405513286590576
1765,3,train/lr,6.437485840265224e-05
1766,3,train/loss,1.3864772319793701
1766,3,train/lr,6.43668420457614e-05
1767,3,train/loss,1.5990417003631592
1767,3,train/lr,6.435882048077037e-05
1768,3,train/loss,1.4164400100708008
1768,3,train/lr,6.435079370910174e-05
1769,3,train/loss,1.4420802593231201
1769,3,train/lr,6.434276173217902e-05
1770,3,train/loss,1.4739971160888672
1770,3,train/lr,6.433472455142663e-05
1771,3,train/loss,1.497790813446045
1771,3,train/lr,6.432668216826997e-05
1772,3,train/loss,1.617835283279419
1772,3,train/lr,6.431863458413531e-05
1773,3,train/loss,1.388976812362671
1773,3,train/lr,6.431058180044986e-05
1774,3,train/loss,1.6557517051696777
1774,3,train/lr,6.430252381864175e-05
1775,3,train/loss,1.4793977737426758
1775,3,train/lr,6.429446064014005e-05
1776,3,train/loss,1.4580432176589966
1776,3,train/lr,6.428639226637471e-05
1777,3,train/loss,1.3692080974578857
1777,3,train/lr,6.427831869877664e-05
1778,3,train/loss,1.5744194984436035
1778,3,train/lr,6.427023993877765e-05
1779,3,train/loss,1.5034420490264893
1779,3,train/lr,6.426215598781048e-05
1780,3,train/loss,1.4310064315795898
1780,3,train/lr,6.425406684730879e-05
1781,3,train/loss,1.4306631088256836
1781,3,train/lr,6.424597251870717e-05
1782,3,train/loss,1.3400976657867432
1782,3,train/lr,6.42378730034411e-05
1783,3,train/loss,1.4522087574005127
1783,3,train/lr,6.422976830294702e-05
1784,3,train/loss,1.3862519264221191
1784,3,train/lr,6.422165841866225e-05
1785,3,train/loss,1.3619520664215088
1785,3,train/lr,6.421354335202505e-05
1786,3,train/loss,1.6469346284866333
1786,3,train/lr,6.420542310447459e-05
1787,3,train/loss,1.5033607482910156
1787,3,train/lr,6.4197297677451e-05
1788,3,train/loss,1.478914499282837
1788,3,train/lr,6.418916707239526e-05
1789,3,train/loss,1.5099892616271973
1789,3,train/lr,6.41810312907493e-05
1790,3,train/loss,1.3698580265045166
1790,3,train/lr,6.4172890333956e-05
1791,3,train/loss,1.3960539102554321
1791,3,train/lr,6.416474420345912e-05
1792,3,train/loss,1.305543065071106
1792,3,train/lr,6.415659290070332e-05
1793,3,train/loss,1.3985220193862915
1793,3,train/lr,6.414843642713423e-05
1794,3,train/loss,1.4398943185806274
1794,3,train/lr,6.414027478419836e-05
1795,3,train/loss,1.3849308490753174
1795,3,train/lr,6.413210797334315e-05
1796,3,train/loss,1.3343454599380493
1796,3,train/lr,6.412393599601695e-05
1797,3,train/loss,1.5677433013916016
1797,3,train/lr,6.411575885366904e-05
1798,3,train/loss,1.5599852800369263
1798,3,train/lr,6.41075765477496e-05
1799,3,train/loss,1.6644186973571777
1799,3,train/lr,6.409938907970972e-05
1800,3,train/loss,1.535048007965088
1800,3,train/lr,6.409119645100142e-05
1801,3,train/loss,1.505358338356018
1801,3,train/lr,6.408299866307764e-05
1802,3,train/loss,1.375035047531128
1802,3,train/lr,6.407479571739223e-05
1803,3,train/loss,1.388829231262207
1803,3,train/lr,6.406658761539996e-05
1804,3,train/loss,1.4525564908981323
1804,3,train/lr,6.405837435855647e-05
1805,3,train/loss,1.3452491760253906
1805,3,train/lr,6.40501559483184e-05
1806,3,train/loss,1.4682719707489014
1806,3,train/lr,6.40419323861432e-05
1807,3,train/loss,1.5962703227996826
1807,3,train/lr,6.403370367348935e-05
1808,3,train/loss,1.3277498483657837
1808,3,train/lr,6.402546981181613e-05
1809,3,train/loss,1.5367958545684814
1809,3,train/lr,6.401723080258381e-05
1810,3,train/loss,1.3518431186676025
1810,3,train/lr,6.400898664725354e-05
1811,3,train/loss,1.4395029544830322
1811,3,train/lr,6.400073734728739e-05
1812,3,train/loss,1.6180073022842407
1812,3,train/lr,6.399248290414834e-05
1813,3,train/loss,1.712329387664795
1813,3,train/lr,6.39842233193003e-05
1814,3,train/loss,1.636702299118042
1814,3,train/lr,6.397595859420806e-05
1815,3,train/loss,1.3861584663391113
1815,3,train/lr,6.396768873033735e-05
1816,3,train/loss,1.5002593994140625
1816,3,train/lr,6.395941372915478e-05
1817,3,train/loss,1.5813566446304321
1817,3,train/lr,6.39511335921279e-05
1818,3,train/loss,1.3689022064208984
1818,3,train/lr,6.394284832072518e-05
1819,3,train/loss,1.4870476722717285
1819,3,train/lr,6.393455791641598e-05
1820,3,train/loss,1.5258444547653198
1820,3,train/lr,6.392626238067053e-05
1821,3,train/loss,1.5823440551757812
1821,3,train/lr,6.391796171496006e-05
1822,3,train/loss,1.5257022380828857
1822,3,train/lr,6.390965592075665e-05
1823,3,train/loss,1.366262435913086
1823,3,train/lr,6.390134499953328e-05
1824,3,train/loss,1.7378571033477783
1824,3,train/lr,6.389302895276389e-05
1825,3,train/loss,1.713505744934082
1825,3,train/lr,6.388470778192328e-05
1826,3,train/loss,1.5674307346343994
1826,3,train/lr,6.387638148848719e-05
1827,3,train/loss,1.4506878852844238
1827,3,train/lr,6.386805007393226e-05
1828,3,train/loss,1.4737038612365723
1828,3,train/lr,6.385971353973602e-05
1829,3,train/loss,1.6291275024414062
1829,3,train/lr,6.385137188737691e-05
1830,3,train/loss,1.4985227584838867
1830,3,train/lr,6.384302511833435e-05
1831,3,train/loss,1.4996683597564697
1831,3,train/lr,6.383467323408855e-05
1832,3,train/loss,1.5847866535186768
1832,3,train/lr,6.382631623612071e-05
1833,3,train/loss,1.423360824584961
1833,3,train/lr,6.381795412591292e-05
1834,3,train/loss,1.5797195434570312
1834,3,train/lr,6.380958690494816e-05
1835,3,train/loss,1.5333118438720703
1835,3,train/lr,6.380121457471032e-05
1836,3,train/loss,1.5509023666381836
1836,3,train/lr,6.37928371366842e-05
1837,3,train/loss,1.3371665477752686
1837,3,train/lr,6.37844545923555e-05
1838,3,train/loss,1.5303947925567627
1838,3,train/lr,6.377606694321087e-05
1839,3,train/loss,1.3754985332489014
1839,3,train/lr,6.37676741907378e-05
1840,3,train/loss,1.470064401626587
1840,3,train/lr,6.375927633642471e-05
1841,3,train/loss,1.5979689359664917
1841,3,train/lr,6.375087338176093e-05
1842,3,train/loss,1.6881333589553833
1842,3,train/lr,6.374246532823672e-05
1843,3,train/loss,1.4384397268295288
1843,3,train/lr,6.373405217734319e-05
1844,3,train/loss,1.3750510215759277
1844,3,train/lr,6.372563393057237e-05
1845,3,train/loss,1.4232306480407715
1845,3,train/lr,6.371721058941724e-05
1846,3,train/loss,1.4400274753570557
1846,3,train/lr,6.370878215537162e-05
1847,3,train/loss,1.529306411743164
1847,3,train/lr,6.370034862993028e-05
1848,3,train/loss,1.4086477756500244
1848,3,train/lr,6.369191001458885e-05
1849,3,train/loss,1.4880192279815674
1849,3,train/lr,6.368346631084392e-05
1850,3,train/loss,1.4221004247665405
1850,3,train/lr,6.367501752019293e-05
1851,3,train/loss,1.5628958940505981
1851,3,train/lr,6.366656364413424e-05
1852,3,train/loss,1.5802721977233887
1852,3,train/lr,6.365810468416712e-05
1853,3,train/loss,1.3916374444961548
1853,3,train/lr,6.364964064179173e-05
1854,3,train/loss,1.477081298828125
1854,3,train/lr,6.364117151850914e-05
1855,3,train/loss,1.5212233066558838
1855,3,train/lr,6.363269731582133e-05
1856,3,train/loss,1.4527065753936768
1856,3,train/lr,6.362421803523113e-05
1857,3,train/loss,1.4144480228424072
1857,3,train/lr,6.361573367824235e-05
1858,3,train/loss,1.397536277770996
1858,3,train/lr,6.360724424635963e-05
1859,3,train/loss,1.4115962982177734
1859,3,train/lr,6.359874974108857e-05
1860,3,train/loss,1.6077682971954346
1860,3,train/lr,6.359025016393561e-05
1861,3,train/loss,1.6581164598464966
1861,3,train/lr,6.358174551640813e-05
1862,3,train/loss,1.460856318473816
1862,3,train/lr,6.35732358000144e-05
1863,3,train/loss,1.4644553661346436
1863,3,train/lr,6.356472101626357e-05
1864,3,train/loss,1.4937031269073486
1864,3,train/lr,6.355620116666574e-05
1865,3,train/loss,1.4659171104431152
1865,3,train/lr,6.354767625273184e-05
1866,3,train/loss,1.518002986907959
1866,3,train/lr,6.353914627597374e-05
1867,3,train/loss,1.4328199625015259
1867,3,train/lr,6.353061123790421e-05
1868,3,train/loss,1.297194480895996
1868,3,train/lr,6.35220711400369e-05
1869,3,train/loss,1.390026330947876
1869,3,train/lr,6.351352598388637e-05
1870,3,train/loss,1.5219435691833496
1870,3,train/lr,6.350497577096806e-05
1871,3,train/loss,1.4478580951690674
1871,3,train/lr,6.349642050279833e-05
1872,3,train/loss,1.460402488708496
1872,3,train/lr,6.348786018089442e-05
1873,3,train/loss,1.5196456909179688
1873,3,train/lr,6.347929480677447e-05
1874,3,train/loss,1.4444152116775513
1874,3,train/lr,6.347072438195752e-05
1875,3,train/loss,1.5178501605987549
1875,3,train/lr,6.346214890796351e-05
1876,3,train/loss,1.5331974029541016
1876,3,train/lr,6.345356838631325e-05
1877,3,train/loss,1.511328935623169
1877,3,train/lr,6.344498281852848e-05
1878,3,train/loss,1.3349719047546387
1878,3,train/lr,6.343639220613181e-05
1879,3,train/loss,1.4740686416625977
1879,3,train/lr,6.342779655064675e-05
1880,3,train/loss,1.340423822402954
1880,3,train/lr,6.341919585359773e-05
1881,3,train/loss,1.4737095832824707
1881,3,train/lr,6.341059011651001e-05
1882,3,train/loss,1.4947279691696167
1882,3,train/lr,6.340197934090984e-05
1883,3,train/loss,1.5148780345916748
1883,3,train/lr,6.339336352832426e-05
1884,3,train/loss,1.4938652515411377
1884,3,train/lr,6.338474268028128e-05
1885,3,train/loss,1.3812603950500488
1885,3,train/lr,6.337611679830975e-05
1886,3,train/loss,1.3583513498306274
1886,3,train/lr,6.336748588393947e-05
1887,3,train/loss,1.3021655082702637
1887,3,train/lr,6.335884993870108e-05
1888,3,train/loss,1.5179855823516846
1888,3,train/lr,6.335020896412615e-05
1889,3,train/loss,1.403618335723877
1889,3,train/lr,6.334156296174711e-05
1890,3,train/loss,1.681473731994629
1890,3,train/lr,6.33329119330973e-05
1891,3,train/loss,1.584779977798462
1891,3,train/lr,6.332425587971093e-05
1892,3,train/loss,1.4894616603851318
1892,3,train/lr,6.331559480312315e-05
1893,3,train/loss,1.362952709197998
1893,3,train/lr,6.330692870486996e-05
1894,3,train/loss,1.4798195362091064
1894,3,train/lr,6.329825758648826e-05
1895,3,train/loss,1.3483144044876099
1895,3,train/lr,6.328958144951582e-05
1896,3,train/loss,1.7143747806549072
1896,3,train/lr,6.328090029549135e-05
1897,3,train/loss,1.5801291465759277
1897,3,train/lr,6.32722141259544e-05
1898,3,train/loss,1.3729760646820068
1898,3,train/lr,6.326352294244544e-05
1899,3,train/loss,1.5207372903823853
1899,3,train/lr,6.325482674650582e-05
1900,3,train/loss,1.4036321640014648
1900,3,train/lr,6.324612553967777e-05
1901,3,train/loss,1.3975224494934082
1901,3,train/lr,6.323741932350443e-05
1902,3,train/loss,1.4060108661651611
1902,3,train/lr,6.322870809952979e-05
1903,3,train/loss,1.3943421840667725
1903,3,train/lr,6.321999186929879e-05
1904,3,train/loss,1.4293512105941772
1904,3,train/lr,6.321127063435718e-05
1905,3,train/loss,1.590495228767395
1905,3,train/lr,6.320254439625167e-05
1906,3,train/loss,1.4477498531341553
1906,3,train/lr,6.319381315652981e-05
1907,3,train/loss,1.5669982433319092
1907,3,train/lr,6.318507691674007e-05
1908,3,train/loss,1.4312424659729004
1908,3,train/lr,6.317633567843177e-05
1909,3,train/loss,1.3883943557739258
1909,3,train/lr,6.316758944315515e-05
1910,3,train/loss,1.9655197858810425
1910,3,train/lr,6.315883821246131e-05
1911,3,train/loss,1.574952483177185
1911,3,train/lr,6.315008198790224e-05
1912,3,train/loss,1.4795665740966797
1912,3,train/lr,6.314132077103086e-05
1913,3,train/loss,1.542402744293213
1913,3,train/lr,6.31325545634009e-05
1914,3,train/loss,1.5428242683410645
1914,3,train/lr,6.312378336656705e-05
1915,3,train/loss,1.3574416637420654
1915,3,train/lr,6.311500718208482e-05
1916,3,train/loss,1.523060917854309
1916,3,train/lr,6.310622601151064e-05
1917,3,train/loss,1.5344297885894775
1917,3,train/lr,6.309743985640184e-05
1918,3,train/loss,1.3977144956588745
1918,3,train/lr,6.308864871831658e-05
1919,3,train/loss,1.525740623474121
1919,3,train/lr,6.307985259881395e-05
1920,3,train/loss,1.4482393264770508
1920,3,train/lr,6.307105149945392e-05
1921,3,train/loss,1.4549986124038696
1921,3,train/lr,6.30622454217973e-05
1922,3,train/loss,1.5798330307006836
1922,3,train/lr,6.305343436740585e-05
1923,3,train/loss,1.5572435855865479
1923,3,train/lr,6.304461833784217e-05
1924,3,train/loss,1.371809482574463
1924,3,train/lr,6.303579733466973e-05
1925,3,train/loss,1.4486942291259766
1925,3,train/lr,6.302697135945293e-05
1926,3,train/loss,1.4488250017166138
1926,3,train/lr,6.3018140413757e-05
1927,3,train/loss,1.6272339820861816
1927,3,train/lr,6.300930449914808e-05
1928,3,train/loss,1.433987021446228
1928,3,train/lr,6.30004636171932e-05
1929,3,train/loss,1.5233062505722046
1929,3,train/lr,6.299161776946026e-05
1930,3,train/loss,1.479175329208374
1930,3,train/lr,6.298276695751803e-05
1931,3,train/loss,1.4158821105957031
1931,3,train/lr,6.297391118293615e-05
1932,3,train/loss,1.4196637868881226
1932,3,train/lr,6.296505044728517e-05
1933,3,train/loss,1.4366322755813599
1933,3,train/lr,6.295618475213652e-05
1934,3,train/loss,1.4525728225708008
1934,3,train/lr,6.29473140990625e-05
1935,3,train/loss,1.536232352256775
1935,3,train/lr,6.293843848963628e-05
1936,3,train/loss,1.6605408191680908
1936,3,train/lr,6.292955792543191e-05
1937,3,train/loss,1.265890121459961
1937,3,train/lr,6.292067240802433e-05
1938,3,train/loss,1.5695973634719849
1938,3,train/lr,6.291178193898934e-05
1939,3,train/loss,1.4827373027801514
1939,3,train/lr,6.290288651990367e-05
1940,3,train/loss,1.5605441331863403
1940,3,train/lr,6.289398615234485e-05
1941,3,train/loss,1.5001600980758667
1941,3,train/lr,6.288508083789134e-05
1942,3,train/loss,1.3674904108047485
1942,3,train/lr,6.287617057812248e-05
1943,3,train/loss,1.3600683212280273
1943,3,train/lr,6.286725537461844e-05
1944,3,train/loss,1.517651915550232
1944,3,train/lr,6.285833522896033e-05
1945,3,train/loss,1.4990835189819336
1945,3,train/lr,6.284941014273008e-05
1946,3,train/loss,1.5263922214508057
1946,3,train/lr,6.284048011751054e-05
1947,3,train/loss,1.4098012447357178
1947,3,train/lr,6.283154515488541e-05
1948,3,train/loss,1.8077359199523926
1948,3,train/lr,6.282260525643926e-05
1949,3,train/loss,1.4841549396514893
1949,3,train/lr,6.281366042375756e-05
1950,3,train/loss,1.4957199096679688
1950,3,train/lr,6.280471065842665e-05
1951,3,train/loss,1.504416584968567
1951,3,train/lr,6.279575596203373e-05
1952,3,train/loss,1.363490104675293
1952,3,train/lr,6.278679633616687e-05
1953,3,train/loss,1.6628901958465576
1953,3,train/lr,6.277783178241504e-05
1954,3,train/loss,1.450045108795166
1954,3,train/lr,6.276886230236807e-05
1955,3,train/loss,1.6482118368148804
1955,3,train/lr,6.275988789761666e-05
1956,3,train/loss,1.294414758682251
1956,3,train/lr,6.275090856975239e-05
1957,3,train/loss,1.5510249137878418
1957,3,train/lr,6.27419243203677e-05
1958,3,train/loss,1.4548583030700684
1958,3,train/lr,6.273293515105593e-05
1959,3,train/loss,1.5237467288970947
1959,3,train/lr,6.272394106341127e-05
1960,3,train/loss,1.5606732368469238
1960,3,train/lr,6.271494205902879e-05
1961,3,train/loss,1.6190223693847656
1961,3,train/lr,6.270593813950441e-05
1962,3,train/loss,1.3724300861358643
1962,3,train/lr,6.269692930643497e-05
1963,3,train/loss,1.633225679397583
1963,3,train/lr,6.268791556141815e-05
1964,3,train/loss,1.4659303426742554
1964,3,train/lr,6.267889690605246e-05
1965,3,train/loss,1.3539972305297852
1965,3,train/lr,6.266987334193739e-05
1966,3,train/loss,1.482266902923584
1966,3,train/lr,6.26608448706732e-05
1967,3,train/loss,1.463873028755188
1967,3,train/lr,6.265181149386106e-05
1968,3,train/loss,1.3970003128051758
1968,3,train/lr,6.2642773213103e-05
1969,3,train/loss,1.4969253540039062
1969,3,train/lr,6.263373003000194e-05
1970,3,train/loss,1.4180357456207275
1970,3,train/lr,6.262468194616164e-05
1971,3,train/loss,1.4712095260620117
1971,3,train/lr,6.261562896318676e-05
1972,3,train/loss,1.6457171440124512
1972,3,train/lr,6.26065710826828e-05
1973,3,train/loss,1.6331568956375122
1973,3,train/lr,6.259750830625613e-05
1974,3,train/loss,1.3975684642791748
1974,3,train/lr,6.258844063551404e-05
1975,3,train/loss,1.4688355922698975
1975,3,train/lr,6.257936807206462e-05
1976,3,train/loss,1.6302340030670166
1976,3,train/lr,6.257029061751685e-05
1977,3,train/loss,1.4073524475097656
1977,3,train/lr,6.256120827348059e-05
1978,3,train/loss,1.5505249500274658
1978,3,train/lr,6.255212104156656e-05
1979,3,train/loss,1.430845856666565
1979,3,train/lr,6.254302892338635e-05
1980,3,train/loss,1.7702360153198242
1980,3,train/lr,6.253393192055241e-05
1981,3,train/loss,1.490553855895996
1981,3,train/lr,6.252483003467806e-05
1982,3,train/loss,1.35685133934021
1982,3,train/lr,6.251572326737749e-05
1983,3,train/loss,1.384419322013855
1983,3,train/lr,6.250661162026575e-05
1984,3,train/loss,1.367024302482605
1984,3,train/lr,6.249749509495874e-05
1985,3,train/loss,1.652679443359375
1985,3,train/lr,6.248837369307327e-05
1986,3,train/loss,1.5992414951324463
1986,3,train/lr,6.247924741622697e-05
1987,3,train/loss,1.5648918151855469
1987,3,train/lr,6.247011626603836e-05
1988,3,train/loss,1.4708019495010376
1988,3,train/lr,6.24609802441268e-05
1989,3,train/loss,1.4686875343322754
1989,3,train/lr,6.245183935211254e-05
1990,3,train/loss,1.6214346885681152
1990,3,train/lr,6.244269359161669e-05
1991,3,train/loss,1.1674925088882446
1991,3,train/lr,6.243354296426119e-05
1992,3,train/loss,1.4631268978118896
1992,3,train/lr,6.242438747166891e-05
1993,3,train/loss,1.4786854982376099
1993,3,train/lr,6.241522711546351e-05
1994,3,train/loss,1.6003227233886719
1994,3,train/lr,6.240606189726956e-05
1995,3,train/loss,1.4511609077453613
1995,3,train/lr,6.239689181871247e-05
1996,3,train/loss,1.5535869598388672
1996,3,train/lr,6.238771688141852e-05
1997,3,train/loss,1.3565226793289185
1997,3,train/lr,6.237853708701485e-05
1998,3,train/loss,1.6417324542999268
1998,3,train/lr,6.236935243712949e-05
1999,3,train/loss,1.4951995611190796
1999,3,train/lr,6.236016293339127e-05
2000,3,train/loss,1.5390406847000122
2000,3,train/lr,6.235096857742991e-05
2001,3,train/loss,1.3972053527832031
2001,3,train/lr,6.234176937087603e-05
2002,3,train/loss,1.4403226375579834
2002,3,train/lr,6.233256531536104e-05
2003,3,train/loss,1.4176428318023682
2003,3,train/lr,6.232335641251726e-05
2004,3,train/loss,1.4173952341079712
2004,3,train/lr,6.231414266397785e-05
2005,3,train/loss,1.4275763034820557
2005,3,train/lr,6.230492407137685e-05
2006,3,train/loss,1.5434046983718872
2006,3,train/lr,6.229570063634912e-05
2007,3,train/loss,1.4654850959777832
2007,3,train/lr,6.228647236053042e-05
2008,3,train/loss,1.5060726404190063
2008,3,train/lr,6.227723924555734e-05
2009,3,train/loss,1.4836394786834717
2009,3,train/lr,6.226800129306735e-05
2010,3,train/loss,1.6084818840026855
2010,3,train/lr,6.225875850469875e-05
2011,3,train/loss,1.317974328994751
2011,3,train/lr,6.224951088209071e-05
2012,3,train/loss,1.4639537334442139
2012,3,train/lr,6.224025842688329e-05
2013,3,train/loss,1.611734390258789
2013,3,train/lr,6.223100114071736e-05
2014,3,train/loss,1.5061454772949219
2014,3,train/lr,6.222173902523466e-05
2015,3,train/loss,1.4230883121490479
2015,3,train/lr,6.221247208207781e-05
2016,3,train/loss,1.3535094261169434
2016,3,train/lr,6.220320031289026e-05
2017,3,train/loss,1.4974347352981567
2017,3,train/lr,6.219392371931631e-05
2018,3,train/loss,1.3613801002502441
2018,3,train/lr,6.218464230300114e-05
2019,3,train/loss,1.3677966594696045
2019,3,train/lr,6.217535606559078e-05
2020,3,train/loss,1.3706953525543213
2020,3,train/lr,6.21660650087321e-05
2021,3,train/loss,1.3297909498214722
2021,3,train/lr,6.215676913407284e-05
2022,3,train/loss,1.5714213848114014
2022,3,train/lr,6.21474684432616e-05
2023,3,train/loss,1.4229881763458252
2023,3,train/lr,6.21381629379478e-05
2024,3,train/loss,1.4690475463867188
2024,3,train/lr,6.212885261978174e-05
2025,3,train/loss,1.345467209815979
2025,3,train/lr,6.21195374904146e-05
2026,3,train/loss,1.4751263856887817
2026,3,train/lr,6.211021755149834e-05
2027,3,train/loss,1.4966480731964111
2027,3,train/lr,6.210089280468586e-05
2028,3,train/loss,1.4202163219451904
2028,3,train/lr,6.209156325163083e-05
2029,3,train/loss,1.5242576599121094
2029,3,train/lr,6.208222889398782e-05
2030,3,train/loss,1.3946609497070312
2030,3,train/lr,6.207288973341227e-05
2031,3,train/loss,1.3369426727294922
2031,3,train/lr,6.206354577156042e-05
2032,3,train/loss,1.4663077592849731
2032,3,train/lr,6.20541970100894e-05
2033,3,train/loss,1.4951529502868652
2033,3,train/lr,6.204484345065717e-05
2034,3,train/loss,1.3568699359893799
2034,3,train/lr,6.203548509492255e-05
2035,3,train/loss,1.6091222763061523
2035,3,train/lr,6.20261219445452e-05
2036,3,train/loss,1.584195852279663
2036,3,train/lr,6.201675400118568e-05
2037,3,train/loss,1.6757230758666992
2037,3,train/lr,6.200738126650531e-05
2038,3,train/loss,1.4668983221054077
2038,3,train/lr,6.199800374216634e-05
2039,3,train/loss,1.3623170852661133
2039,3,train/lr,6.19886214298318e-05
2040,3,train/loss,1.4148973226547241
2040,3,train/lr,6.197923433116567e-05
2041,3,train/loss,1.3650225400924683
2041,3,train/lr,6.196984244783267e-05
2042,3,train/loss,1.3886607885360718
2042,3,train/lr,6.196044578149845e-05
2043,3,train/loss,1.3612167835235596
2043,3,train/lr,6.195104433382943e-05
2044,3,train/loss,1.5332798957824707
2044,3,train/lr,6.194163810649297e-05
2045,3,train/loss,1.4353835582733154
2045,3,train/lr,6.193222710115719e-05
2046,3,train/loss,1.3635369539260864
2046,3,train/lr,6.192281131949112e-05
2047,3,train/loss,1.5278104543685913
2047,3,train/lr,6.19133907631646e-05
2048,3,train/loss,1.4070682525634766
2048,3,train/lr,6.190396543384832e-05
2049,3,train/loss,1.4738922119140625
2049,3,train/lr,6.189453533321386e-05
2050,3,train/loss,1.5682604312896729
2050,3,train/lr,6.188510046293361e-05
2051,3,train/loss,1.5937899351119995
2051,3,train/lr,6.187566082468078e-05
2052,3,train/loss,1.472216248512268
2052,3,train/lr,6.186621642012948e-05
2053,3,train/loss,1.3883347511291504
2053,3,train/lr,6.185676725095462e-05
2054,3,train/loss,1.3568917512893677
2054,3,train/lr,6.1847313318832e-05
2055,3,train/loss,1.5047714710235596
2055,3,train/lr,6.183785462543822e-05
2056,3,train/loss,1.5183202028274536
2056,3,train/lr,6.182839117245075e-05
2057,3,train/loss,1.4056177139282227
2057,3,train/lr,6.181892296154788e-05
2058,3,train/loss,1.4548256397247314
2058,3,train/lr,6.18094499944088e-05
2059,3,train/loss,1.5340189933776855
2059,3,train/lr,6.17999722727135e-05
2060,3,train/loss,1.6359508037567139
2060,3,train/lr,6.179048979814276e-05
2061,3,train/loss,1.6147536039352417
2061,3,train/lr,6.178100257237833e-05
2062,3,train/loss,1.4738290309906006
2062,3,train/lr,6.177151059710273e-05
2063,3,train/loss,1.6221225261688232
2063,3,train/lr,6.176201387399928e-05
2064,3,train/loss,1.3615446090698242
2064,3,train/lr,6.175251240475223e-05
2065,3,train/loss,1.4747662544250488
2065,3,train/lr,6.17430061910466e-05
2066,3,train/loss,1.5256807804107666
2066,3,train/lr,6.17334952345683e-05
2067,3,train/loss,1.634798526763916
2067,3,train/lr,6.172397953700406e-05
2068,3,train/loss,1.4075162410736084
2068,3,train/lr,6.171445910004146e-05
2069,3,train/loss,1.4970325231552124
2069,3,train/lr,6.17049339253689e-05
2070,3,train/loss,1.4892468452453613
2070,3,train/lr,6.169540401467565e-05
2071,3,train/loss,1.3800740242004395
2071,3,train/lr,6.168586936965179e-05
2072,3,train/loss,1.289736270904541
2072,3,train/lr,6.167632999198825e-05
2073,3,train/loss,1.4488129615783691
2073,3,train/lr,6.166678588337684e-05
2074,3,train/loss,1.434056043624878
2074,3,train/lr,6.165723704551012e-05
2075,3,train/loss,1.583632469177246
2075,3,train/lr,6.164768348008157e-05
2076,3,train/loss,1.3352704048156738
2076,3,train/lr,6.163812518878548e-05
2077,3,train/loss,1.4720513820648193
2077,3,train/lr,6.162856217331697e-05
2078,3,train/loss,1.4073858261108398
2078,3,train/lr,6.161899443537201e-05
2079,3,train/loss,1.4950979948043823
2079,3,train/lr,6.16094219766474e-05
2080,3,train/loss,1.5240283012390137
2080,3,train/lr,6.159984479884078e-05
2081,3,train/loss,1.3390421867370605
2081,3,train/lr,6.159026290365063e-05
2082,3,train/loss,1.4405136108398438
2082,3,train/lr,6.158067629277625e-05
2083,3,train/loss,1.4373210668563843
2083,3,train/lr,6.157108496791782e-05
2084,3,train/loss,1.3853545188903809
2084,3,train/lr,6.156148893077628e-05
2085,3,train/loss,1.4856709241867065
2085,3,train/lr,6.155188818305349e-05
2086,3,train/loss,1.5829346179962158
2086,3,train/lr,6.15422827264521e-05
2087,3,train/loss,1.4716627597808838
2087,3,train/lr,6.153267256267559e-05
2088,3,train/loss,1.4511210918426514
2088,3,train/lr,6.15230576934283e-05
2089,3,train/loss,1.4956307411193848
2089,3,train/lr,6.151343812041539e-05
2090,3,train/loss,1.416144609451294
2090,3,train/lr,6.150381384534283e-05
2091,3,train/loss,1.6826703548431396
2091,3,train/lr,6.149418486991747e-05
2092,3,train/loss,1.6748323440551758
2092,3,train/lr,6.1484551195847e-05
2093,3,train/loss,1.481323480606079
2093,3,train/lr,6.147491282483987e-05
2094,3,train/loss,1.521275520324707
2094,3,train/lr,6.146526975860542e-05
2095,3,train/loss,1.3224509954452515
2095,3,train/lr,6.145562199885384e-05
2096,3,train/loss,1.4497547149658203
2096,3,train/lr,6.144596954729609e-05
2097,3,train/loss,1.4295551776885986
2097,3,train/lr,6.143631240564401e-05
2098,3,train/loss,1.538856029510498
2098,3,train/lr,6.142665057561027e-05
2099,3,train/loss,1.4890081882476807
2099,3,train/lr,6.141698405890834e-05
2100,3,train/loss,1.526043176651001
2100,3,train/lr,6.140731285725256e-05
2101,3,train/loss,1.580994725227356
2101,3,train/lr,6.139763697235806e-05
2102,3,train/loss,1.4980015754699707
2102,3,train/lr,6.138795640594083e-05
2103,3,train/loss,1.5194398164749146
2103,3,train/lr,6.13782711597177e-05
2104,3,train/loss,1.324927568435669
2104,3,train/lr,6.136858123540628e-05
2105,3,train/loss,1.481330394744873
2105,3,train/lr,6.135888663472508e-05
2106,3,train/loss,1.370006799697876
2106,3,train/lr,6.134918735939337e-05
2107,3,train/loss,1.383970022201538
2107,3,train/lr,6.133948341113128e-05
2108,3,train/loss,1.3801498413085938
2108,3,train/lr,6.13297747916598e-05
2109,3,train/loss,1.403262734413147
2109,3,train/lr,6.132006150270068e-05
2110,3,train/loss,1.449684500694275
2110,3,train/lr,6.131034354597657e-05
2111,3,train/loss,1.301131010055542
2111,3,train/lr,6.130062092321089e-05
2112,3,train/loss,1.5298757553100586
2112,3,train/lr,6.129089363612792e-05
2113,3,train/loss,1.385289192199707
2113,3,train/lr,6.128116168645276e-05
2114,3,train/loss,1.4619371891021729
2114,3,train/lr,6.127142507591132e-05
2115,3,train/loss,1.4307907819747925
2115,3,train/lr,6.126168380623038e-05
2116,3,train/loss,1.3525792360305786
2116,3,train/lr,6.12519378791375e-05
2117,3,train/loss,1.247868299484253
2117,3,train/lr,6.124218729636109e-05
2118,3,train/loss,1.4243872165679932
2118,3,train/lr,6.123243205963035e-05
2119,3,train/loss,1.2571063041687012
2119,3,train/lr,6.122267217067538e-05
2120,3,train/loss,1.5672155618667603
2120,3,train/lr,6.121290763122704e-05
2121,3,train/loss,1.508001446723938
2121,3,train/lr,6.120313844301701e-05
2122,3,train/loss,1.6754906177520752
2122,3,train/lr,6.119336460777787e-05
2123,3,train/loss,1.4550063610076904
2123,3,train/lr,6.118358612724295e-05
2124,3,train/loss,1.500356912612915
2124,3,train/lr,6.11738030031464e-05
2125,3,train/loss,1.5916297435760498
2125,3,train/lr,6.116401523722327e-05
2126,3,train/loss,1.4889531135559082
2126,3,train/lr,6.115422283120934e-05
2127,3,train/loss,1.3960319757461548
2127,3,train/lr,6.114442578684129e-05
2128,3,train/loss,1.4778892993927002
2128,3,train/lr,6.113462410585657e-05
2129,3,train/loss,1.415834665298462
2129,3,train/lr,6.112481778999347e-05
2130,3,train/loss,1.5453853607177734
2130,3,train/lr,6.111500684099111e-05
2131,3,train/loss,1.4090301990509033
2131,3,train/lr,6.110519126058943e-05
2132,3,train/loss,1.4656059741973877
2132,3,train/lr,6.10953710505292e-05
2133,3,train/loss,1.3573904037475586
2133,3,train/lr,6.108554621255194e-05
2134,3,train/loss,1.391812801361084
2134,3,train/lr,6.107571674840013e-05
2135,3,train/loss,1.910534143447876
2135,3,train/lr,6.106588265981691e-05
2136,3,train/loss,1.4672017097473145
2136,3,train/lr,6.105604394854639e-05
2137,3,train/loss,1.2749874591827393
2137,3,train/lr,6.104620061633337e-05
2138,3,train/loss,1.4131596088409424
2138,3,train/lr,6.103635266492357e-05
2139,3,train/loss,1.388932228088379
2139,3,train/lr,6.1026500096063466e-05
2140,3,train/loss,1.340827465057373
2140,3,train/lr,6.101664291150038e-05
2141,3,train/loss,1.5757399797439575
2141,3,train/lr,6.100678111298244e-05
2142,3,train/loss,1.4706885814666748
2142,3,train/lr,6.0996914702258615e-05
2143,3,train/loss,1.2804683446884155
2143,3,train/lr,6.098704368107866e-05
2144,3,train/loss,1.5650720596313477
2144,3,train/lr,6.0977168051193176e-05
2145,3,train/loss,1.4486651420593262
2145,3,train/lr,6.096728781435356e-05
2146,3,train/loss,1.5309622287750244
2146,3,train/lr,6.0957402972312046e-05
2147,3,train/loss,1.4351742267608643
2147,3,train/lr,6.094751352682166e-05
2148,3,train/loss,1.4274266958236694
2148,3,train/lr,6.093761947963627e-05
2149,3,train/loss,1.3930951356887817
2149,3,train/lr,6.0927720832510544e-05
2150,3,train/loss,1.2863012552261353
2150,3,train/lr,6.091781758719997e-05
2151,3,train/loss,1.3518601655960083
2151,3,train/lr,6.0907909745460854e-05
2152,3,train/loss,1.4471678733825684
2152,3,train/lr,6.0897997309050315e-05
2153,3,train/loss,1.6044890880584717
2153,3,train/lr,6.088808027972628e-05
2154,3,train/loss,1.4907206296920776
2154,3,train/lr,6.08781586592475e-05
2155,3,train/loss,1.528207778930664
2155,3,train/lr,6.0868232449373545e-05
2156,3,train/loss,1.449051856994629
2156,3,train/lr,6.0858301651864775e-05
2157,3,train/loss,1.359844446182251
2157,3,train/lr,6.084836626848241e-05
2158,3,train/loss,1.5486127138137817
2158,3,train/lr,6.0838426300988416e-05
2159,3,train/loss,1.482283353805542
2159,3,train/lr,6.082848175114564e-05
2160,3,train/loss,1.4030308723449707
2160,3,train/lr,6.08185326207177e-05
2161,3,train/loss,1.5863230228424072
2161,3,train/lr,6.0808578911469026e-05
2162,3,train/loss,1.5682692527770996
2162,3,train/lr,6.079862062516488e-05
2163,3,train/loss,1.4840774536132812
2163,3,train/lr,6.078865776357134e-05
2164,3,train/loss,1.491060733795166
2164,3,train/lr,6.077869032845526e-05
2165,3,train/loss,1.3140337467193604
2165,3,train/lr,6.076871832158434e-05
2166,3,train/loss,1.4637030363082886
2166,3,train/lr,6.075874174472708e-05
2167,3,train/loss,1.393847107887268
2167,3,train/lr,6.074876059965279e-05
2168,3,train/loss,1.3669333457946777
2168,3,train/lr,6.073877488813157e-05
2169,3,train/loss,1.5231590270996094
2169,3,train/lr,6.0728784611934375e-05
2170,3,train/loss,1.305964469909668
2170,3,train/lr,6.0718789772832924e-05
2171,3,train/loss,1.3884150981903076
2171,3,train/lr,6.0708790372599775e-05
2172,3,train/loss,1.537353515625
2172,3,train/lr,6.069878641300828e-05
2173,3,train/loss,1.5580048561096191
2173,3,train/lr,6.068877789583261e-05
2174,3,train/loss,1.6150293350219727
2174,3,train/lr,6.0678764822847725e-05
2175,3,train/loss,1.6692019701004028
2175,3,train/lr,6.066874719582943e-05
2176,3,train/loss,1.661158561706543
2176,3,train/lr,6.065872501655428e-05
2177,3,train/loss,1.4547085762023926
2177,3,train/lr,6.064869828679969e-05
2178,3,train/loss,1.3625624179840088
2178,3,train/lr,6.063866700834388e-05
2179,3,train/loss,1.7192275524139404
2179,3,train/lr,6.062863118296584e-05
2180,3,train/loss,1.4562079906463623
2180,3,train/lr,6.0618590812445375e-05
2181,3,train/loss,1.4693169593811035
2181,3,train/lr,6.0608545898563136e-05
2182,3,train/loss,1.6920064687728882
2182,3,train/lr,6.059849644310052e-05
2183,3,train/loss,1.485479712486267
2183,3,train/lr,6.05884424478398e-05
2184,3,train/loss,1.639949083328247
2184,3,train/lr,6.057838391456399e-05
2185,3,train/loss,1.3156883716583252
2185,3,train/lr,6.0568320845056916e-05
2186,3,train/loss,1.6688915491104126
2186,3,train/lr,6.0558253241103264e-05
2187,3,train/loss,1.4124388694763184
2187,3,train/lr,6.054818110448845e-05
2188,3,train/loss,1.4457166194915771
2188,3,train/lr,6.0538104436998765e-05
2189,3,train/loss,1.4293060302734375
2189,3,train/lr,6.052802324042124e-05
2190,3,train/loss,1.3296594619750977
2190,3,train/lr,6.051793751654375e-05
2191,3,train/loss,1.5934926271438599
2191,3,train/lr,6.050784726715496e-05
2192,3,train/loss,1.3556891679763794
2192,3,train/lr,6.0497752494044344e-05
2193,3,train/loss,1.4826316833496094
2193,3,train/lr,6.048765319900216e-05
2194,3,train/loss,1.5186959505081177
2194,3,train/lr,6.047754938381948e-05
2195,3,train/loss,1.4887380599975586
2195,3,train/lr,6.04674410502882e-05
2196,3,train/loss,1.5784010887145996
2196,3,train/lr,6.045732820020097e-05
2197,3,train/loss,1.493835687637329
2197,3,train/lr,6.044721083535128e-05
2198,3,train/loss,1.4096558094024658
2198,3,train/lr,6.0437088957533394e-05
2199,3,train/loss,1.482041358947754
2199,3,train/lr,6.042696256854241e-05
2200,3,train/loss,1.4270315170288086
2200,3,train/lr,6.041683167017419e-05
2201,3,train/loss,1.3573378324508667
2201,3,train/lr,6.040669626422542e-05
2202,3,train/loss,1.3702967166900635
2202,3,train/lr,6.0396556352493564e-05
2203,3,train/loss,1.4010493755340576
2203,3,train/lr,6.03864119367769e-05
2204,3,train/loss,1.4915907382965088
2204,3,train/lr,6.037626301887452e-05
2205,3,train/loss,1.3238474130630493
2205,3,train/lr,6.0366109600586274e-05
2206,3,train/loss,1.4000375270843506
2206,3,train/lr,6.0355951683712854e-05
2207,3,train/loss,1.4908050298690796
2207,3,train/lr,6.034578927005571e-05
2208,3,train/loss,1.4161385297775269
2208,3,train/lr,6.0335622361417126e-05
2209,3,train/loss,1.4526920318603516
2209,3,train/lr,6.032545095960015e-05
2210,3,train/loss,1.2979258298873901
2210,3,train/lr,6.031527506640865e-05
2211,3,train/loss,1.2976770401000977
2211,3,train/lr,6.030509468364728e-05
2212,3,train/loss,1.4904141426086426
2212,3,train/lr,6.02949098131215e-05
2213,3,train/loss,1.5985687971115112
2213,3,train/lr,6.028472045663754e-05
2214,3,train/loss,1.4361573457717896
2214,3,train/lr,6.0274526616002466e-05
2215,3,train/loss,1.4389903545379639
2215,3,train/lr,6.0264328293024104e-05
2216,3,train/loss,1.4225317239761353
2216,3,train/lr,6.02541254895111e-05
2217,3,train/loss,1.5225354433059692
2217,3,train/lr,6.0243918207272876e-05
2218,3,train/loss,1.5258195400238037
2218,3,train/lr,6.023370644811965e-05
2219,3,train/loss,1.394749402999878
2219,3,train/lr,6.022349021386245e-05
2220,3,train/loss,1.3966825008392334
2220,3,train/lr,6.021326950631309e-05
2221,3,train/loss,1.4066357612609863
2221,3,train/lr,6.020304432728416e-05
2222,3,train/loss,1.6908316612243652
2222,3,train/lr,6.0192814678589064e-05
2223,3,train/loss,1.4253408908843994
2223,3,train/lr,6.0182580562042e-05
2224,3,train/loss,1.5017738342285156
2224,3,train/lr,6.017234197945794e-05
2225,3,train/loss,1.3929345607757568
2225,3,train/lr,6.016209893265266e-05
2226,3,train/loss,1.5131990909576416
2226,3,train/lr,6.0151851423442736e-05
2227,3,train/loss,1.4530389308929443
2227,3,train/lr,6.014159945364551e-05
2228,3,train/loss,1.4164035320281982
2228,3,train/lr,6.013134302507915e-05
2229,3,train/loss,1.3302488327026367
2229,3,train/lr,6.0121082139562576e-05
2230,3,train/loss,1.4476301670074463
2230,3,train/lr,6.011081679891553e-05
2231,3,train/loss,1.4476861953735352
2231,3,train/lr,6.010054700495852e-05
2232,3,train/loss,1.6037287712097168
2232,3,train/lr,6.009027275951287e-05
2233,3,train/loss,1.413724660873413
2233,3,train/lr,6.007999406440067e-05
2234,3,train/loss,1.4567313194274902
2234,3,train/lr,6.0069710921444825e-05
2235,3,train/loss,1.422938585281372
2235,3,train/lr,6.005942333246898e-05
2236,3,train/loss,1.3567206859588623
2236,3,train/lr,6.004913129929763e-05
2237,3,train/loss,1.3648548126220703
2237,3,train/lr,6.003883482375601e-05
2238,3,train/loss,1.4027435779571533
2238,3,train/lr,6.002853390767018e-05
2239,3,train/loss,1.5616884231567383
2239,3,train/lr,6.001822855286696e-05
2240,3,train/loss,1.4878349304199219
2240,3,train/lr,6.000791876117396e-05
2241,3,train/loss,1.526353359222412
2241,3,train/lr,5.999760453441959e-05
2242,3,train/loss,1.2937966585159302
2242,3,train/lr,5.998728587443304e-05
2243,3,train/loss,1.5052251815795898
2243,3,train/lr,5.997696278304427e-05
2244,3,train/loss,1.4125887155532837
2244,3,train/lr,5.996663526208407e-05
2245,3,train/loss,1.35849928855896
2245,3,train/lr,5.995630331338397e-05
2246,3,train/loss,1.4585704803466797
2246,3,train/lr,5.994596693877631e-05
2247,3,train/loss,1.6440719366073608
2247,3,train/lr,5.99356261400942e-05
2248,3,train/loss,1.523399829864502
2248,3,train/lr,5.992528091917155e-05
2249,3,train/loss,1.3982350826263428
2249,3,train/lr,5.991493127784304e-05
2250,3,train/loss,1.2839248180389404
2250,3,train/lr,5.990457721794414e-05
2251,3,train/loss,1.550835371017456
2251,3,train/lr,5.9894218741311115e-05
2252,3,train/loss,1.3791477680206299
2252,3,train/lr,5.988385584978099e-05
2253,3,train/loss,1.562084674835205
2253,3,train/lr,5.987348854519158e-05
2254,3,train/loss,1.4365754127502441
2254,3,train/lr,5.98631168293815e-05
2255,3,train/loss,1.358881950378418
2255,3,train/lr,5.985274070419014e-05
2256,3,train/loss,1.364079475402832
2256,3,train/lr,5.984236017145766e-05
2257,3,train/loss,1.335554599761963
2257,3,train/lr,5.983197523302501e-05
2258,3,train/loss,1.4930964708328247
2258,3,train/lr,5.9821585890733914e-05
2259,3,train/loss,1.529780626296997
2259,3,train/lr,5.981119214642689e-05
2260,3,train/loss,1.5390455722808838
2260,3,train/lr,5.980079400194722e-05
2261,3,train/loss,1.2886240482330322
2261,3,train/lr,5.9790391459139e-05
2262,3,train/loss,1.338310718536377
2262,3,train/lr,5.977998451984706e-05
2263,3,train/loss,1.5348339080810547
2263,3,train/lr,5.9769573185917034e-05
2264,3,train/loss,1.3515137434005737
2264,3,train/lr,5.9759157459195335e-05
2265,3,train/loss,1.350179672241211
2265,3,train/lr,5.974873734152915e-05
2266,3,train/loss,1.47368323802948
2266,3,train/lr,5.973831283476647e-05
2267,3,train/loss,1.2988669872283936
2267,3,train/lr,5.972788394075602e-05
2268,3,train/loss,1.4742960929870605
2268,3,train/lr,5.971745066134734e-05
2269,3,train/loss,1.3322690725326538
2269,3,train/lr,5.9707012998390724e-05
2270,3,train/loss,1.500908374786377
2270,3,train/lr,5.969657095373724e-05
2271,3,train/loss,1.492531180381775
2271,3,train/lr,5.968612452923877e-05
2272,3,train/loss,1.5010396242141724
2272,3,train/lr,5.967567372674795e-05
2273,3,train/loss,1.4669349193572998
2273,3,train/lr,5.966521854811816e-05
2274,3,train/loss,1.4174525737762451
2274,3,train/lr,5.965475899520362e-05
2275,3,train/loss,1.4517972469329834
2275,3,train/lr,5.964429506985927e-05
2276,3,train/loss,1.5365359783172607
2276,3,train/lr,5.9633826773940864e-05
2277,3,train/loss,1.5749297142028809
2277,3,train/lr,5.962335410930491e-05
2278,3,train/loss,1.5261995792388916
2278,3,train/lr,5.961287707780869e-05
2279,3,train/loss,1.6050024032592773
2279,3,train/lr,5.960239568131027e-05
2280,3,train/loss,1.3312163352966309
2280,3,train/lr,5.9591909921668496e-05
2281,3,train/loss,1.4498281478881836
2281,3,train/lr,5.9581419800742966e-05
2282,3,train/loss,1.3713133335113525
2282,3,train/lr,5.9570925320394065e-05
2283,3,train/loss,1.5586522817611694
2283,3,train/lr,5.956042648248296e-05
2284,3,train/loss,1.475786566734314
2284,3,train/lr,5.954992328887157e-05
2285,3,train/loss,1.4896810054779053
2285,3,train/lr,5.9539415741422605e-05
2286,3,train/loss,1.3971138000488281
2286,3,train/lr,5.952890384199953e-05
2287,3,train/loss,1.4556573629379272
2287,3,train/lr,5.9518387592466614e-05
2288,3,train/loss,1.6140758991241455
2288,3,train/lr,5.950786699468885e-05
2289,3,train/loss,1.4299815893173218
2289,3,train/lr,5.9497342050532026e-05
2290,3,train/loss,1.344683051109314
2290,3,train/lr,5.948681276186272e-05
2291,3,train/loss,1.5358948707580566
2291,3,train/lr,5.947627913054825e-05
2292,3,train/loss,1.4353454113006592
2292,3,train/lr,5.946574115845673e-05
2293,3,train/loss,1.5483746528625488
2293,3,train/lr,5.945519884745701e-05
2294,3,train/loss,1.5212442874908447
2294,3,train/lr,5.944465219941874e-05
2295,3,train/loss,1.4365851879119873
2295,3,train/lr,5.9434101216212326e-05
2296,3,train/loss,1.5109350681304932
2296,3,train/lr,5.942354589970895e-05
2297,3,train/loss,1.5842020511627197
2297,3,train/lr,5.941298625178056e-05
2298,3,train/loss,1.5296289920806885
2298,3,train/lr,5.9402422274299856e-05
2299,3,train/loss,1.226149320602417
2299,3,train/lr,5.939185396914035e-05
2300,3,train/loss,1.4321975708007812
2300,3,train/lr,5.938128133817625e-05
2301,3,train/loss,1.300140142440796
2301,3,train/lr,5.937070438328261e-05
2302,3,train/loss,1.3961769342422485
2302,3,train/lr,5.9360123106335185e-05
2303,3,train/loss,1.5029666423797607
2303,3,train/lr,5.9349537509210546e-05
2304,3,train/loss,1.399670958518982
2304,3,train/lr,5.9338947593786e-05
2305,3,train/loss,1.3491103649139404
2305,3,train/lr,5.932835336193963e-05
2306,3,train/loss,1.3580749034881592
2306,3,train/lr,5.931775481555028e-05
2307,3,train/loss,1.374589204788208
2307,3,train/lr,5.9307151956497576e-05
2308,3,train/loss,1.3359971046447754
2308,3,train/lr,5.9296544786661884e-05
2309,3,train/loss,1.4337408542633057
2309,3,train/lr,5.928593330792435e-05
2310,3,train/loss,1.5298362970352173
2310,3,train/lr,5.9275317522166875e-05
2311,3,train/loss,1.4970711469650269
2311,3,train/lr,5.926469743127213e-05
2312,3,train/loss,1.459014654159546
2312,3,train/lr,5.925407303712356e-05
2313,3,train/loss,1.7127459049224854
2313,3,train/lr,5.9243444341605355e-05
2314,3,train/loss,1.4382555484771729
2314,3,train/lr,5.923281134660247e-05
2315,3,train/loss,1.4169743061065674
2315,3,train/lr,5.9222174054000626e-05
2316,3,train/loss,1.449715495109558
2316,3,train/lr,5.921153246568632e-05
2317,3,train/loss,1.283050537109375
2317,3,train/lr,5.920088658354678e-05
2318,3,train/loss,1.4011590480804443
2318,3,train/lr,5.919023640947004e-05
2319,3,train/loss,1.4446403980255127
2319,3,train/lr,5.917958194534483e-05
2320,3,train/loss,1.511608362197876
2320,3,train/lr,5.9168923193060714e-05
2321,3,train/loss,1.6449429988861084
2321,3,train/lr,5.915826015450797e-05
2322,3,train/loss,1.5302785634994507
2322,3,train/lr,5.914759283157764e-05
2323,3,train/loss,1.3437352180480957
2323,3,train/lr,5.9136921226161555e-05
2324,3,train/loss,1.4192606210708618
2324,3,train/lr,5.912624534015226e-05
2325,3,train/loss,1.3173818588256836
2325,3,train/lr,5.9115565175443107e-05
2326,3,train/loss,1.5257575511932373
2326,3,train/lr,5.910488073392815e-05
2327,3,train/loss,1.5165305137634277
2327,3,train/lr,5.9094192017502275e-05
2328,3,train/loss,1.5472004413604736
2328,3,train/lr,5.908349902806107e-05
2329,3,train/loss,1.3086106777191162
2329,3,train/lr,5.907280176750089e-05
2330,3,train/loss,1.4552867412567139
2330,3,train/lr,5.9062100237718866e-05
2331,3,train/loss,1.3056341409683228
2331,3,train/lr,5.9051394440612857e-05
2332,3,train/loss,1.531859278678894
2332,3,train/lr,5.90406843780815e-05
2333,3,train/loss,1.3795950412750244
2333,3,train/lr,5.90299700520242e-05
2334,3,train/loss,1.621455192565918
2334,3,train/lr,5.90192514643411e-05
2335,3,train/loss,1.5441210269927979
2335,3,train/lr,5.900852861693309e-05
2336,3,train/loss,1.4277929067611694
2336,3,train/lr,5.8997801511701835e-05
2337,3,train/loss,1.4723007678985596
2337,3,train/lr,5.898707015054975e-05
2338,3,train/loss,1.5417718887329102
2338,3,train/lr,5.897633453537998e-05
2339,3,train/loss,1.5057587623596191
2339,3,train/lr,5.8965594668096485e-05
2340,3,train/loss,1.3171088695526123
2340,3,train/lr,5.8954850550603905e-05
2341,3,train/loss,1.3801343441009521
2341,3,train/lr,5.89441021848077e-05
2342,3,train/loss,1.4543700218200684
2342,3,train/lr,5.8933349572614026e-05
2343,3,train/loss,1.4066166877746582
2343,3,train/lr,5.892259271592983e-05
2344,3,train/loss,1.2830004692077637
2344,3,train/lr,5.891183161666279e-05
2345,3,train/loss,1.5031019449234009
2345,3,train/lr,5.8901066276721366e-05
2346,3,train/loss,1.3888535499572754
2346,3,train/lr,5.889029669801475e-05
2347,3,train/loss,1.4750020503997803
2347,3,train/lr,5.887952288245286e-05
2348,3,train/loss,1.4019699096679688
2348,3,train/lr,5.886874483194642e-05
2349,3,train/loss,1.4910554885864258
2349,3,train/lr,5.885796254840687e-05
2350,3,train/loss,1.5305416584014893
2350,3,train/lr,5.88471760337464e-05
2351,3,train/loss,1.234552025794983
2351,3,train/lr,5.883638528987797e-05
2352,3,train/loss,1.4639301300048828
2352,3,train/lr,5.8825590318715256e-05
2353,3,train/loss,1.3952810764312744
2353,3,train/lr,5.8814791122172746e-05
2354,3,train/loss,1.4784445762634277
2354,3,train/lr,5.880398770216559e-05
2355,3,train/loss,1.3523571491241455
2355,3,train/lr,5.879318006060978e-05
2356,3,train/loss,1.5619792938232422
2356,3,train/lr,5.8782368199421975e-05
2357,3,train/loss,1.465606689453125
2357,3,train/lr,5.8771552120519636e-05
2358,3,train/loss,1.578718900680542
2358,3,train/lr,5.8760731825820945e-05
2358,3,train/batches,3141.0
2358,3,train/compute_pct,99.87943609646177
2358,3,train/compute_sec,294.7848045215069
2358,3,train/data_wait_pct,0.12056390353823206
2358,3,train/data_wait_sec,0.35583307361230254
2358,3,train/examples,25128.0
2358,3,train/examples_per_sec,85.13907201918828
2358,3,train/input_tokens,2630749.0
2358,3,train/peak_vram_gb,6.7038164138793945
2358,3,train/target_tokens,1953724.0
2358,3,train/tokens_per_sec,15533.18118899332
2358,3,train/total_sec,295.1406375951192
2358,3,train/epoch_loss,1.480053295226888
2358,3,epoch3/batches,3141.0
2358,3,epoch3/compute_pct,99.87943609646177
2358,3,epoch3/compute_sec,294.7848045215069
2358,3,epoch3/data_wait_pct,0.12056390353823206
2358,3,epoch3/data_wait_sec,0.35583307361230254
2358,3,epoch3/examples,25128.0
2358,3,epoch3/examples_per_sec,85.13907201918828
2358,3,epoch3/input_tokens,2630749.0
2358,3,epoch3/peak_vram_gb,6.7038164138793945
2358,3,epoch3/target_tokens,1953724.0
2358,3,epoch3/tokens_per_sec,15533.18118899332
2358,3,epoch3/total_sec,295.1406375951192
2358,3,val/bleu,26.438903712961014
2358,3,val/chrf,46.28189571954016
2358,3,val/combined,34.98060297625278
2358,3,val/eval_peak_vram_gb,6.7038164138793945
2358,3,val/eval_samples_per_sec,10.790337136278435
2358,3,val/eval_seconds,268.11025118699763
2358,3,val/eval_tokens_per_sec,1330.4079139861642
2359,4,train/loss,1.3643980026245117
2359,4,train/lr,5.874990731724486e-05
2360,4,train/loss,1.2205705642700195
2360,4,train/lr,5.8739078596711036e-05
2361,4,train/loss,1.5807249546051025
2361,4,train/lr,5.8728245666139935e-05
2362,4,train/loss,1.6345971822738647
2362,4,train/lr,5.8717408527452725e-05
2363,4,train/loss,1.4710862636566162
2363,4,train/lr,5.8706567182571326e-05
2364,4,train/loss,1.7149931192398071
2364,4,train/lr,5.869572163341843e-05
2365,4,train/loss,1.4258286952972412
2365,4,train/lr,5.8684871881917435e-05
2366,4,train/loss,1.227628231048584
2366,4,train/lr,5.867401792999251e-05
2367,4,train/loss,1.4862079620361328
2367,4,train/lr,5.866315977956856e-05
2368,4,train/loss,1.3924955129623413
2368,4,train/lr,5.865229743257125e-05
2369,4,train/loss,1.3875616788864136
2369,4,train/lr,5.8641430890926966e-05
2370,4,train/loss,1.4143590927124023
2370,4,train/lr,5.863056015656286e-05
2371,4,train/loss,1.4254591464996338
2371,4,train/lr,5.8619685231406795e-05
2372,4,train/loss,1.5992611646652222
2372,4,train/lr,5.860880611738741e-05
2373,4,train/loss,1.5334957838058472
2373,4,train/lr,5.859792281643409e-05
2374,4,train/loss,1.5564827919006348
2374,4,train/lr,5.858703533047693e-05
2375,4,train/loss,1.4470778703689575
2375,4,train/lr,5.8576143661446776e-05
2376,4,train/loss,1.3904130458831787
2376,4,train/lr,5.856524781127526e-05
2377,4,train/loss,1.5226250886917114
2377,4,train/lr,5.855434778189468e-05
2378,4,train/loss,1.4001109600067139
2378,4,train/lr,5.8543443575238144e-05
2379,4,train/loss,1.438164234161377
2379,4,train/lr,5.8532535193239466e-05
2380,4,train/loss,1.52414870262146
2380,4,train/lr,5.85216226378332e-05
2381,4,train/loss,1.3614840507507324
2381,4,train/lr,5.8510705910954664e-05
2382,4,train/loss,1.387267827987671
2382,4,train/lr,5.849978501453987e-05
2383,4,train/loss,1.574138879776001
2383,4,train/lr,5.848885995052562e-05
2384,4,train/loss,1.3301492929458618
2384,4,train/lr,5.8477930720849426e-05
2385,4,train/loss,1.5945188999176025
2385,4,train/lr,5.8466997327449554e-05
2386,4,train/loss,1.3738481998443604
2386,4,train/lr,5.845605977226499e-05
2387,4,train/loss,1.4859888553619385
2387,4,train/lr,5.8445118057235476e-05
2388,4,train/loss,1.4364287853240967
2388,4,train/lr,5.843417218430149e-05
2389,4,train/loss,1.4412169456481934
2389,4,train/lr,5.842322215540423e-05
2390,4,train/loss,1.387298583984375
2390,4,train/lr,5.8412267972485635e-05
2391,4,train/loss,1.4029326438903809
2391,4,train/lr,5.840130963748842e-05
2392,4,train/loss,1.4159187078475952
2392,4,train/lr,5.839034715235597e-05
2393,4,train/loss,1.447445034980774
2393,4,train/lr,5.837938051903245e-05
2394,4,train/loss,1.5414302349090576
2394,4,train/lr,5.836840973946278e-05
2395,4,train/loss,1.3669925928115845
2395,4,train/lr,5.835743481559255e-05
2396,4,train/loss,1.3447445631027222
2396,4,train/lr,5.834645574936815e-05
2397,4,train/loss,1.496330738067627
2397,4,train/lr,5.833547254273665e-05
2398,4,train/loss,1.3836941719055176
2398,4,train/lr,5.83244851976459e-05
2399,4,train/loss,1.552495002746582
2399,4,train/lr,5.8313493716044456e-05
2400,4,train/loss,1.5301321744918823
2400,4,train/lr,5.830249809988163e-05
2401,4,train/loss,1.3302013874053955
2401,4,train/lr,5.829149835110743e-05
2402,4,train/loss,1.4072411060333252
2402,4,train/lr,5.8280494471672644e-05
2403,4,train/loss,1.5798466205596924
2403,4,train/lr,5.826948646352876e-05
2404,4,train/loss,1.4551281929016113
2404,4,train/lr,5.8258474328627994e-05
2405,4,train/loss,1.3646252155303955
2405,4,train/lr,5.824745806892333e-05
2406,4,train/loss,1.4048168659210205
2406,4,train/lr,5.823643768636845e-05
2407,4,train/loss,1.441517949104309
2407,4,train/lr,5.822541318291776e-05
2408,4,train/loss,1.6087520122528076
2408,4,train/lr,5.821438456052645e-05
2409,4,train/loss,1.4098557233810425
2409,4,train/lr,5.820335182115039e-05
2410,4,train/loss,1.671144723892212
2410,4,train/lr,5.819231496674619e-05
2411,4,train/loss,1.6380188465118408
2411,4,train/lr,5.818127399927119e-05
2412,4,train/loss,1.4686521291732788
2412,4,train/lr,5.817022892068348e-05
2413,4,train/loss,1.4087516069412231
2413,4,train/lr,5.815917973294186e-05
2414,4,train/loss,1.382563591003418
2414,4,train/lr,5.8148126438005844e-05
2415,4,train/loss,1.5699219703674316
2415,4,train/lr,5.8137069037835726e-05
2416,4,train/loss,1.408243179321289
2416,4,train/lr,5.812600753439246e-05
2417,4,train/loss,1.439288854598999
2417,4,train/lr,5.811494192963778e-05
2418,4,train/loss,1.3122347593307495
2418,4,train/lr,5.810387222553414e-05
2419,4,train/loss,1.3574512004852295
2419,4,train/lr,5.80927984240447e-05
2420,4,train/loss,1.4165048599243164
2420,4,train/lr,5.8081720527133334e-05
2421,4,train/loss,1.3934659957885742
2421,4,train/lr,5.8070638536764714e-05
2422,4,train/loss,1.447026252746582
2422,4,train/lr,5.805955245490415e-05
2423,4,train/loss,1.5625300407409668
2423,4,train/lr,5.804846228351773e-05
2424,4,train/loss,1.3021914958953857
2424,4,train/lr,5.803736802457227e-05
2425,4,train/loss,1.4224112033843994
2425,4,train/lr,5.802626968003527e-05
2426,4,train/loss,1.4602373838424683
2426,4,train/lr,5.8015167251874994e-05
2427,4,train/loss,1.4001412391662598
2427,4,train/lr,5.800406074206041e-05
2428,4,train/loss,1.4743385314941406
2428,4,train/lr,5.7992950152561234e-05
2429,4,train/loss,1.300242304801941
2429,4,train/lr,5.7981835485347877e-05
2430,4,train/loss,1.3159286975860596
2430,4,train/lr,5.797071674239146e-05
2431,4,train/loss,1.4035837650299072
2431,4,train/lr,5.7959593925663884e-05
2432,4,train/loss,1.4830777645111084
2432,4,train/lr,5.7948467037137725e-05
2433,4,train/loss,1.4381139278411865
2433,4,train/lr,5.7937336078786306e-05
2434,4,train/loss,1.57344651222229
2434,4,train/lr,5.792620105258364e-05
2435,4,train/loss,1.4805442094802856
2435,4,train/lr,5.79150619605045e-05
2436,4,train/loss,1.577488660812378
2436,4,train/lr,5.790391880452436e-05
2437,4,train/loss,1.432598352432251
2437,4,train/lr,5.789277158661942e-05
2438,4,train/loss,1.5493065118789673
2438,4,train/lr,5.788162030876657e-05
2439,4,train/loss,1.4884395599365234
2439,4,train/lr,5.787046497294349e-05
2440,4,train/loss,1.5539034605026245
2440,4,train/lr,5.785930558112851e-05
2441,4,train/loss,1.4345636367797852
2441,4,train/lr,5.784814213530072e-05
2442,4,train/loss,1.3933806419372559
2442,4,train/lr,5.783697463743991e-05
2443,4,train/loss,1.4221398830413818
2443,4,train/lr,5.7825803089526584e-05
2444,4,train/loss,1.3370119333267212
2444,4,train/lr,5.781462749354199e-05
2445,4,train/loss,1.5079877376556396
2445,4,train/lr,5.7803447851468064e-05
2446,4,train/loss,1.3649497032165527
2446,4,train/lr,5.7792264165287496e-05
2447,4,train/loss,1.2981750965118408
2447,4,train/lr,5.778107643698365e-05
2448,4,train/loss,1.240630030632019
2448,4,train/lr,5.776988466854064e-05
2449,4,train/loss,1.3421168327331543
2449,4,train/lr,5.7758688861943275e-05
2450,4,train/loss,1.4664480686187744
2450,4,train/lr,5.7747489019177096e-05
2451,4,train/loss,1.3325700759887695
2451,4,train/lr,5.7736285142228355e-05
2452,4,train/loss,1.4463210105895996
2452,4,train/lr,5.772507723308401e-05
2453,4,train/loss,1.3621447086334229
2453,4,train/lr,5.771386529373176e-05
2454,4,train/loss,1.355079174041748
2454,4,train/lr,5.7702649326159977e-05
2455,4,train/loss,1.346736192703247
2455,4,train/lr,5.7691429332357786e-05
2456,4,train/loss,1.465742826461792
2456,4,train/lr,5.7680205314315005e-05
2457,4,train/loss,1.516866683959961
2457,4,train/lr,5.766897727402217e-05
2458,4,train/loss,1.4565725326538086
2458,4,train/lr,5.765774521347055e-05
2459,4,train/loss,1.8045072555541992
2459,4,train/lr,5.7646509134652085e-05
2460,4,train/loss,1.3556396961212158
2460,4,train/lr,5.7635269039559456e-05
2461,4,train/loss,1.4298250675201416
2461,4,train/lr,5.762402493018607e-05
2462,4,train/loss,1.293208122253418
2462,4,train/lr,5.761277680852601e-05
2463,4,train/loss,1.3031225204467773
2463,4,train/lr,5.760152467657409e-05
2464,4,train/loss,1.4718055725097656
2464,4,train/lr,5.759026853632585e-05
2465,4,train/loss,1.327666163444519
2465,4,train/lr,5.7579008389777505e-05
2466,4,train/loss,1.4380223751068115
2466,4,train/lr,5.7567744238926014e-05
2467,4,train/loss,1.5467714071273804
2467,4,train/lr,5.7556476085769016e-05
2468,4,train/loss,1.4004700183868408
2468,4,train/lr,5.75452039323049e-05
2469,4,train/loss,1.5514836311340332
2469,4,train/lr,5.7533927780532725e-05
2470,4,train/loss,1.4636640548706055
2470,4,train/lr,5.752264763245227e-05
2471,4,train/loss,1.3795993328094482
2471,4,train/lr,5.7511363490064036e-05
2472,4,train/loss,1.66094172000885
2472,4,train/lr,5.7500075355369224e-05
2473,4,train/loss,1.5058385133743286
2473,4,train/lr,5.7488783230369744e-05
2474,4,train/loss,1.3786084651947021
2474,4,train/lr,5.747748711706819e-05
2475,4,train/loss,1.396631121635437
2475,4,train/lr,5.746618701746792e-05
2476,4,train/loss,1.5322413444519043
2476,4,train/lr,5.745488293357295e-05
2477,4,train/loss,1.2656915187835693
2477,4,train/lr,5.7443574867388005e-05
2478,4,train/loss,1.360624074935913
2478,4,train/lr,5.7432262820918554e-05
2479,4,train/loss,1.3800888061523438
2479,4,train/lr,5.742094679617073e-05
2480,4,train/loss,1.330316185951233
2480,4,train/lr,5.740962679515138e-05
2481,4,train/loss,1.378416895866394
2481,4,train/lr,5.739830281986808e-05
2482,4,train/loss,1.4316956996917725
2482,4,train/lr,5.738697487232908e-05
2483,4,train/loss,1.5249617099761963
2483,4,train/lr,5.737564295454337e-05
2484,4,train/loss,1.4474941492080688
2484,4,train/lr,5.7364307068520617e-05
2485,4,train/loss,1.511609673500061
2485,4,train/lr,5.7352967216271175e-05
2486,4,train/loss,1.441740870475769
2486,4,train/lr,5.7341623399806154e-05
2487,4,train/loss,1.3973649740219116
2487,4,train/lr,5.733027562113732e-05
2488,4,train/loss,1.4008464813232422
2488,4,train/lr,5.7318923882277176e-05
2489,4,train/loss,1.533069372177124
2489,4,train/lr,5.730756818523889e-05
2490,4,train/loss,1.4969747066497803
2490,4,train/lr,5.729620853203636e-05
2491,4,train/loss,1.4454046487808228
2491,4,train/lr,5.728484492468418e-05
2492,4,train/loss,1.3946118354797363
2492,4,train/lr,5.727347736519766e-05
2493,4,train/loss,1.6148550510406494
2493,4,train/lr,5.7262105855592766e-05
2494,4,train/loss,1.4017715454101562
2494,4,train/lr,5.725073039788621e-05
2495,4,train/loss,1.3986111879348755
2495,4,train/lr,5.723935099409538e-05
2496,4,train/loss,1.5790566205978394
2496,4,train/lr,5.7227967646238384e-05
2497,4,train/loss,1.3275678157806396
2497,4,train/lr,5.7216580356334e-05
2498,4,train/loss,1.3724205493927002
2498,4,train/lr,5.720518912640173e-05
2499,4,train/loss,1.5559613704681396
2499,4,train/lr,5.719379395846176e-05
2500,4,train/loss,1.7220630645751953
2500,4,train/lr,5.718239485453498e-05
2501,4,train/loss,1.3756839036941528
2501,4,train/lr,5.717099181664299e-05
2502,4,train/loss,1.43450927734375
2502,4,train/lr,5.7159584846808074e-05
2503,4,train/loss,1.3295077085494995
2503,4,train/lr,5.714817394705321e-05
2504,4,train/loss,1.2383246421813965
2504,4,train/lr,5.713675911940208e-05
2505,4,train/loss,1.405038595199585
2505,4,train/lr,5.712534036587905e-05
2506,4,train/loss,1.241431713104248
2506,4,train/lr,5.7113917688509215e-05
2507,4,train/loss,1.6689012050628662
2507,4,train/lr,5.710249108931832e-05
2508,4,train/loss,1.5166265964508057
2508,4,train/lr,5.709106057033287e-05
2509,4,train/loss,1.5290604829788208
2509,4,train/lr,5.7079626133579975e-05
2510,4,train/loss,1.4166795015335083
2510,4,train/lr,5.7068187781087524e-05
2511,4,train/loss,1.5046334266662598
2511,4,train/lr,5.7056745514884056e-05
2512,4,train/loss,1.4840888977050781
2512,4,train/lr,5.704529933699881e-05
2513,4,train/loss,1.5085968971252441
2513,4,train/lr,5.7033849249461743e-05
2514,4,train/loss,1.3437761068344116
2514,4,train/lr,5.702239525430345e-05
2515,4,train/loss,1.3882914781570435
2515,4,train/lr,5.701093735355528e-05
2516,4,train/loss,1.2942827939987183
2516,4,train/lr,5.699947554924926e-05
2517,4,train/loss,1.3740485906600952
2517,4,train/lr,5.698800984341806e-05
2518,4,train/loss,1.389068841934204
2518,4,train/lr,5.6976540238095115e-05
2519,4,train/loss,1.2697540521621704
2519,4,train/lr,5.6965066735314494e-05
2520,4,train/loss,1.3422759771347046
2520,4,train/lr,5.6953589337111e-05
2521,4,train/loss,1.5804462432861328
2521,4,train/lr,5.6942108045520086e-05
2522,4,train/loss,1.6176693439483643
2522,4,train/lr,5.693062286257793e-05
2523,4,train/loss,1.436814308166504
2523,4,train/lr,5.69191337903214e-05
2524,4,train/loss,1.5235131978988647
2524,4,train/lr,5.690764083078801e-05
2525,4,train/loss,1.4501919746398926
2525,4,train/lr,5.6896143986016e-05
2526,4,train/loss,1.4807460308074951
2526,4,train/lr,5.688464325804431e-05
2527,4,train/loss,1.5046238899230957
2527,4,train/lr,5.687313864891254e-05
2528,4,train/loss,1.1948866844177246
2528,4,train/lr,5.6861630160660995e-05
2529,4,train/loss,1.385661005973816
2529,4,train/lr,5.685011779533066e-05
2530,4,train/loss,1.3413970470428467
2530,4,train/lr,5.683860155496319e-05
2531,4,train/loss,1.6142005920410156
2531,4,train/lr,5.6827081441600984e-05
2532,4,train/loss,1.589000940322876
2532,4,train/lr,5.681555745728707e-05
2533,4,train/loss,1.5209364891052246
2533,4,train/lr,5.68040296040652e-05
2534,4,train/loss,1.5217549800872803
2534,4,train/lr,5.679249788397975e-05
2535,4,train/loss,1.462278127670288
2535,4,train/lr,5.678096229907588e-05
2536,4,train/loss,1.2611584663391113
2536,4,train/lr,5.6769422851399374e-05
2537,4,train/loss,1.2562270164489746
2537,4,train/lr,5.6757879542996695e-05
2538,4,train/loss,1.3438163995742798
2538,4,train/lr,5.6746332375915e-05
2539,4,train/loss,1.2860901355743408
2539,4,train/lr,5.673478135220216e-05
2540,4,train/loss,1.39754056930542
2540,4,train/lr,5.6723226473906684e-05
2541,4,train/loss,1.491560697555542
2541,4,train/lr,5.67116677430778e-05
2542,4,train/loss,1.4375815391540527
2542,4,train/lr,5.67001051617654e-05
2543,4,train/loss,1.3886547088623047
2543,4,train/lr,5.6688538732020064e-05
2544,4,train/loss,1.4119954109191895
2544,4,train/lr,5.667696845589307e-05
2545,4,train/loss,1.347968578338623
2545,4,train/lr,5.666539433543633e-05
2546,4,train/loss,1.4608392715454102
2546,4,train/lr,5.665381637270251e-05
2547,4,train/loss,1.3467451333999634
2547,4,train/lr,5.6642234569744885e-05
2548,4,train/loss,1.6887577772140503
2548,4,train/lr,5.663064892861748e-05
2549,4,train/loss,1.502049446105957
2549,4,train/lr,5.6619059451374936e-05
2550,4,train/loss,1.4255242347717285
2550,4,train/lr,5.6607466140072615e-05
2551,4,train/loss,1.3758468627929688
2551,4,train/lr,5.659586899676654e-05
2552,4,train/loss,1.4317975044250488
2552,4,train/lr,5.658426802351344e-05
2553,4,train/loss,1.4013655185699463
2553,4,train/lr,5.6572663222370686e-05
2554,4,train/loss,1.3939099311828613
2554,4,train/lr,5.656105459539635e-05
2555,4,train/loss,1.4628527164459229
2555,4,train/lr,5.6549442144649184e-05
2556,4,train/loss,1.496643304824829
2556,4,train/lr,5.653782587218861e-05
2557,4,train/loss,1.492631196975708
2557,4,train/lr,5.652620578007472e-05
2558,4,train/loss,1.4834671020507812
2558,4,train/lr,5.651458187036832e-05
2559,4,train/loss,1.8299142122268677
2559,4,train/lr,5.6502954145130854e-05
2560,4,train/loss,1.3935043811798096
2560,4,train/lr,5.649132260642444e-05
2561,4,train/loss,1.4163844585418701
2561,4,train/lr,5.647968725631192e-05
2562,4,train/loss,1.3459389209747314
2562,4,train/lr,5.646804809685675e-05
2563,4,train/loss,1.4349946975708008
2563,4,train/lr,5.64564051301231e-05
2564,4,train/loss,1.4706501960754395
2564,4,train/lr,5.644475835817582e-05
2565,4,train/loss,1.4829862117767334
2565,4,train/lr,5.64331077830804e-05
2566,4,train/loss,1.3187416791915894
2566,4,train/lr,5.642145340690306e-05
2567,4,train/loss,1.3597877025604248
2567,4,train/lr,5.640979523171062e-05
2568,4,train/loss,1.395984411239624
2568,4,train/lr,5.639813325957064e-05
2569,4,train/loss,1.3944185972213745
2569,4,train/lr,5.638646749255132e-05
2570,4,train/loss,1.538116455078125
2570,4,train/lr,5.637479793272154e-05
2571,4,train/loss,1.3548295497894287
2571,4,train/lr,5.6363124582150845e-05
2572,4,train/loss,1.4607393741607666
2572,4,train/lr,5.6351447442909475e-05
2573,4,train/loss,1.4143898487091064
2573,4,train/lr,5.633976651706833e-05
2574,4,train/loss,1.4772372245788574
2574,4,train/lr,5.6328081806698954e-05
2575,4,train/loss,1.4895203113555908
2575,4,train/lr,5.631639331387362e-05
2576,4,train/loss,1.243735671043396
2576,4,train/lr,5.6304701040665204e-05
2577,4,train/loss,1.4534109830856323
2577,4,train/lr,5.629300498914731e-05
2578,4,train/loss,1.2960468530654907
2578,4,train/lr,5.628130516139419e-05
2579,4,train/loss,1.4594316482543945
2579,4,train/lr,5.626960155948076e-05
2580,4,train/loss,1.6065592765808105
2580,4,train/lr,5.6257894185482596e-05
2581,4,train/loss,1.4134190082550049
2581,4,train/lr,5.624618304147598e-05
2582,4,train/loss,1.3752827644348145
2582,4,train/lr,5.623446812953783e-05
2583,4,train/loss,1.513493299484253
2583,4,train/lr,5.6222749451745744e-05
2584,4,train/loss,1.3447200059890747
2584,4,train/lr,5.621102701017798e-05
2585,4,train/loss,1.3471957445144653
2585,4,train/lr,5.619930080691348e-05
2586,4,train/loss,1.425929307937622
2586,4,train/lr,5.618757084403182e-05
2587,4,train/loss,1.3782117366790771
2587,4,train/lr,5.617583712361329e-05
2588,4,train/loss,1.3341394662857056
2588,4,train/lr,5.616409964773882e-05
2589,4,train/loss,1.3476155996322632
2589,4,train/lr,5.615235841849e-05
2590,4,train/loss,1.4638103246688843
2590,4,train/lr,5.6140613437949086e-05
2591,4,train/loss,1.3043725490570068
2591,4,train/lr,5.6128864708199015e-05
2592,4,train/loss,1.5136239528656006
2592,4,train/lr,5.611711223132338e-05
2593,4,train/loss,1.3082293272018433
2593,4,train/lr,5.610535600940644e-05
2594,4,train/loss,1.400320053100586
2594,4,train/lr,5.609359604453312e-05
2595,4,train/loss,1.41908860206604
2595,4,train/lr,5.6081832338789004e-05
2596,4,train/loss,1.6667394638061523
2596,4,train/lr,5.607006489426034e-05
2597,4,train/loss,1.6647567749023438
2597,4,train/lr,5.605829371303403e-05
2598,4,train/loss,1.66709566116333
2598,4,train/lr,5.604651879719767e-05
2599,4,train/loss,1.6251494884490967
2599,4,train/lr,5.603474014883949e-05
2600,4,train/loss,1.6053979396820068
2600,4,train/lr,5.602295777004837e-05
2601,4,train/loss,1.4175643920898438
2601,4,train/lr,5.601117166291391e-05
2602,4,train/loss,1.34517240524292
2602,4,train/lr,5.599938182952628e-05
2603,4,train/loss,1.428954839706421
2603,4,train/lr,5.598758827197642e-05
2604,4,train/loss,1.3323118686676025
2604,4,train/lr,5.5975790992355835e-05
2605,4,train/loss,1.4358593225479126
2605,4,train/lr,5.596398999275674e-05
2606,4,train/loss,1.4022889137268066
2606,4,train/lr,5.5952185275272e-05
2607,4,train/loss,1.3494001626968384
2607,4,train/lr,5.594037684199514e-05
2608,4,train/loss,1.4775381088256836
2608,4,train/lr,5.5928564695020335e-05
2609,4,train/loss,1.2864810228347778
2609,4,train/lr,5.5916748836442424e-05
2610,4,train/loss,1.5689345598220825
2610,4,train/lr,5.590492926835692e-05
2611,4,train/loss,1.5319304466247559
2611,4,train/lr,5.5893105992859965e-05
2612,4,train/loss,1.5371003150939941
2612,4,train/lr,5.588127901204837e-05
2613,4,train/loss,1.2976387739181519
2613,4,train/lr,5.586944832801963e-05
2614,4,train/loss,1.45878267288208
2614,4,train/lr,5.585761394287184e-05
2615,4,train/loss,1.3764969110488892
2615,4,train/lr,5.584577585870381e-05
2616,4,train/loss,1.4945077896118164
2616,4,train/lr,5.5833934077614964e-05
2617,4,train/loss,1.3127214908599854
2617,4,train/lr,5.582208860170541e-05
2618,4,train/loss,1.31834077835083
2618,4,train/lr,5.581023943307589e-05
2619,4,train/loss,1.3872637748718262
2619,4,train/lr,5.579838657382781e-05
2620,4,train/loss,1.3766849040985107
2620,4,train/lr,5.5786530026063245e-05
2621,4,train/loss,1.2801225185394287
2621,4,train/lr,5.577466979188489e-05
2622,4,train/loss,1.3819632530212402
2622,4,train/lr,5.576280587339612e-05
2623,4,train/loss,1.4547784328460693
2623,4,train/lr,5.575093827270096e-05
2624,4,train/loss,1.2981995344161987
2624,4,train/lr,5.5739066991904086e-05
2625,4,train/loss,1.6015398502349854
2625,4,train/lr,5.572719203311083e-05
2626,4,train/loss,1.6465363502502441
2626,4,train/lr,5.5715313398427155e-05
2627,4,train/loss,1.4125947952270508
2627,4,train/lr,5.570343108995971e-05
2628,4,train/loss,1.4450504779815674
2628,4,train/lr,5.5691545109815765e-05
2629,4,train/loss,1.2939740419387817
2629,4,train/lr,5.567965546010326e-05
2630,4,train/loss,1.418192982673645
2630,4,train/lr,5.566776214293079e-05
2631,4,train/loss,1.4234180450439453
2631,4,train/lr,5.565586516040757e-05
2632,4,train/loss,1.3876458406448364
2632,4,train/lr,5.5643964514643496e-05
2633,4,train/loss,1.3468773365020752
2633,4,train/lr,5.5632060207749104e-05
2634,4,train/loss,1.560179591178894
2634,4,train/lr,5.5620152241835586e-05
2635,4,train/loss,1.6312451362609863
2635,4,train/lr,5.560824061901477e-05
2636,4,train/loss,1.4061039686203003
2636,4,train/lr,5.5596325341399126e-05
2637,4,train/loss,1.4571865797042847
2637,4,train/lr,5.5584406411101795e-05
2638,4,train/loss,1.2565940618515015
2638,4,train/lr,5.557248383023655e-05
2639,4,train/loss,1.4343159198760986
2639,4,train/lr,5.5560557600917835e-05
2640,4,train/loss,1.5107247829437256
2640,4,train/lr,5.55486277252607e-05
2641,4,train/loss,1.4904181957244873
2641,4,train/lr,5.5536694205380875e-05
2642,4,train/loss,1.3053686618804932
2642,4,train/lr,5.552475704339471e-05
2643,4,train/loss,1.3301594257354736
2643,4,train/lr,5.551281624141924e-05
2644,4,train/loss,1.368819236755371
2644,4,train/lr,5.550087180157211e-05
2645,4,train/loss,1.373355746269226
2645,4,train/lr,5.5488923725971617e-05
2646,4,train/loss,1.7215924263000488
2646,4,train/lr,5.547697201673671e-05
2647,4,train/loss,1.6792768239974976
2647,4,train/lr,5.5465016675986985e-05
2648,4,train/loss,1.311843752861023
2648,4,train/lr,5.545305770584268e-05
2649,4,train/loss,1.3038825988769531
2649,4,train/lr,5.544109510842466e-05
2650,4,train/loss,1.3644969463348389
2650,4,train/lr,5.542912888585447e-05
2651,4,train/loss,1.3064028024673462
2651,4,train/lr,5.541715904025426e-05
2652,4,train/loss,1.6414780616760254
2652,4,train/lr,5.540518557374682e-05
2653,4,train/loss,1.3252129554748535
2653,4,train/lr,5.539320848845564e-05
2654,4,train/loss,1.3905067443847656
2654,4,train/lr,5.5381227786504784e-05
2655,4,train/loss,1.4682502746582031
2655,4,train/lr,5.536924347001899e-05
2656,4,train/loss,1.3243216276168823
2656,4,train/lr,5.535725554112364e-05
2657,4,train/loss,1.3724365234375
2657,4,train/lr,5.534526400194472e-05
2658,4,train/loss,1.4528405666351318
2658,4,train/lr,5.533326885460893e-05
2659,4,train/loss,1.452306866645813
2659,4,train/lr,5.532127010124354e-05
2660,4,train/loss,1.544648289680481
2660,4,train/lr,5.530926774397648e-05
2661,4,train/loss,1.4619580507278442
2661,4,train/lr,5.529726178493632e-05
2662,4,train/loss,1.5246676206588745
2662,4,train/lr,5.528525222625229e-05
2663,4,train/loss,1.4215261936187744
2663,4,train/lr,5.527323907005424e-05
2664,4,train/loss,1.527061939239502
2664,4,train/lr,5.526122231847263e-05
2665,4,train/loss,1.5808329582214355
2665,4,train/lr,5.5249201973638625e-05
2666,4,train/loss,1.3558456897735596
2666,4,train/lr,5.523717803768396e-05
2667,4,train/loss,1.3943679332733154
2667,4,train/lr,5.522515051274105e-05
2668,4,train/loss,1.407011866569519
2668,4,train/lr,5.521311940094293e-05
2669,4,train/loss,1.425762414932251
2669,4,train/lr,5.520108470442326e-05
2670,4,train/loss,1.4492002725601196
2670,4,train/lr,5.5189046425316367e-05
2671,4,train/loss,1.4664306640625
2671,4,train/lr,5.517700456575718e-05
2672,4,train/loss,1.456861138343811
2672,4,train/lr,5.516495912788129e-05
2673,4,train/loss,1.330152988433838
2673,4,train/lr,5.515291011382491e-05
2674,4,train/loss,1.3721685409545898
2674,4,train/lr,5.514085752572488e-05
2675,4,train/loss,1.1977393627166748
2675,4,train/lr,5.5128801365718675e-05
2676,4,train/loss,1.7534233331680298
2676,4,train/lr,5.511674163594443e-05
2677,4,train/loss,1.7039837837219238
2677,4,train/lr,5.510467833854088e-05
2678,4,train/loss,1.4638068675994873
2678,4,train/lr,5.5092611475647406e-05
2679,4,train/loss,1.2852197885513306
2679,4,train/lr,5.508054104940403e-05
2680,4,train/loss,1.4428744316101074
2680,4,train/lr,5.5068467061951386e-05
2681,4,train/loss,1.3755781650543213
2681,4,train/lr,5.505638951543076e-05
2682,4,train/loss,1.4827684164047241
2682,4,train/lr,5.504430841198405e-05
2683,4,train/loss,1.4237197637557983
2683,4,train/lr,5.503222375375382e-05
2684,4,train/loss,1.4151275157928467
2684,4,train/lr,5.502013554288321e-05
2685,4,train/loss,1.43756103515625
2685,4,train/lr,5.500804378151603e-05
2686,4,train/loss,1.4248778820037842
2686,4,train/lr,5.4995948471796706e-05
2687,4,train/loss,1.3002525568008423
2687,4,train/lr,5.498384961587029e-05
2688,4,train/loss,1.3219529390335083
2688,4,train/lr,5.497174721588249e-05
2689,4,train/loss,1.3355369567871094
2689,4,train/lr,5.4959641273979604e-05
2690,4,train/loss,1.382440209388733
2690,4,train/lr,5.494753179230859e-05
2691,4,train/loss,1.3554788827896118
2691,4,train/lr,5.4935418773016984e-05
2692,4,train/loss,1.3811376094818115
2692,4,train/lr,5.492330221825304e-05
2693,4,train/loss,1.3278236389160156
2693,4,train/lr,5.491118213016554e-05
2694,4,train/loss,1.388197898864746
2694,4,train/lr,5.4899058510903964e-05
2695,4,train/loss,1.3847260475158691
2695,4,train/lr,5.4886931362618365e-05
2696,4,train/loss,1.5074255466461182
2696,4,train/lr,5.4874800687459474e-05
2697,4,train/loss,1.4082951545715332
2697,4,train/lr,5.48626664875786e-05
2698,4,train/loss,1.3779240846633911
2698,4,train/lr,5.485052876512771e-05
2699,4,train/loss,1.417937994003296
2699,4,train/lr,5.483838752225938e-05
2700,4,train/loss,1.4341086149215698
2700,4,train/lr,5.4826242761126813e-05
2701,4,train/loss,1.3277933597564697
2701,4,train/lr,5.4814094483883845e-05
2702,4,train/loss,1.428849697113037
2702,4,train/lr,5.4801942692684926e-05
2703,4,train/loss,1.510743498802185
2703,4,train/lr,5.478978738968511e-05
2704,4,train/loss,1.3882101774215698
2704,4,train/lr,5.4777628577040123e-05
2705,4,train/loss,1.3789572715759277
2705,4,train/lr,5.4765466256906275e-05
2706,4,train/loss,1.4321056604385376
2706,4,train/lr,5.47533004314405e-05
2707,4,train/loss,1.3785134553909302
2707,4,train/lr,5.474113110280038e-05
2708,4,train/loss,1.5143193006515503
2708,4,train/lr,5.472895827314407e-05
2709,4,train/loss,1.4173815250396729
2709,4,train/lr,5.4716781944630413e-05
2710,4,train/loss,1.3979389667510986
2710,4,train/lr,5.4704602119418815e-05
2711,4,train/loss,1.4465219974517822
2711,4,train/lr,5.469241879966931e-05
2712,4,train/loss,1.3002617359161377
2712,4,train/lr,5.46802319875426e-05
2713,4,train/loss,1.4355497360229492
2713,4,train/lr,5.466804168519995e-05
2714,4,train/loss,1.5385541915893555
2714,4,train/lr,5.465584789480325e-05
2715,4,train/loss,1.387699007987976
2715,4,train/lr,5.464365061851505e-05
2716,4,train/loss,1.3131424188613892
2716,4,train/lr,5.4631449858498474e-05
2717,4,train/loss,1.4014060497283936
2717,4,train/lr,5.4619245616917294e-05
2718,4,train/loss,1.4259655475616455
2718,4,train/lr,5.4607037895935875e-05
2719,4,train/loss,1.4598045349121094
2719,4,train/lr,5.459482669771921e-05
2720,4,train/loss,1.469156265258789
2720,4,train/lr,5.458261202443294e-05
2721,4,train/loss,1.5947446823120117
2721,4,train/lr,5.457039387824325e-05
2722,4,train/loss,1.3148919343948364
2722,4,train/lr,5.455817226131701e-05
2723,4,train/loss,1.6152265071868896
2723,4,train/lr,5.454594717582165e-05
2724,4,train/loss,1.5110222101211548
2724,4,train/lr,5.453371862392528e-05
2725,4,train/loss,1.3001463413238525
2725,4,train/lr,5.4521486607796573e-05
2726,4,train/loss,1.60719895362854
2726,4,train/lr,5.450925112960482e-05
2727,4,train/loss,1.5234014987945557
2727,4,train/lr,5.449701219151995e-05
2728,4,train/loss,1.2790660858154297
2728,4,train/lr,5.448476979571249e-05
2729,4,train/loss,1.2962446212768555
2729,4,train/lr,5.4472523944353584e-05
2730,4,train/loss,1.2975311279296875
2730,4,train/lr,5.446027463961499e-05
2731,4,train/loss,1.3971171379089355
2731,4,train/lr,5.444802188366906e-05
2732,4,train/loss,1.4599817991256714
2732,4,train/lr,5.4435765678688804e-05
2733,4,train/loss,1.442607045173645
2733,4,train/lr,5.44235060268478e-05
2734,4,train/loss,1.4608087539672852
2734,4,train/lr,5.441124293032025e-05
2735,4,train/loss,1.4204020500183105
2735,4,train/lr,5.439897639128097e-05
2736,4,train/loss,1.4989738464355469
2736,4,train/lr,5.438670641190537e-05
2737,4,train/loss,1.4034394025802612
2737,4,train/lr,5.437443299436951e-05
2738,4,train/loss,1.372809648513794
2738,4,train/lr,5.4362156140850025e-05
2739,4,train/loss,1.6121598482131958
2739,4,train/lr,5.4349875853524165e-05
2740,4,train/loss,1.465932846069336
2740,4,train/lr,5.43375921345698e-05
2741,4,train/loss,1.4043159484863281
2741,4,train/lr,5.4325304986165404e-05
2742,4,train/loss,1.4362051486968994
2742,4,train/lr,5.431301441049004e-05
2743,4,train/loss,1.3961461782455444
2743,4,train/lr,5.4300720409723424e-05
2744,4,train/loss,1.2570160627365112
2744,4,train/lr,5.428842298604582e-05
2745,4,train/loss,1.4174244403839111
2745,4,train/lr,5.427612214163816e-05
2746,4,train/loss,1.3769571781158447
2746,4,train/lr,5.426381787868193e-05
2747,4,train/loss,1.4671196937561035
2747,4,train/lr,5.425151019935926e-05
2748,4,train/loss,1.4728469848632812
2748,4,train/lr,5.423919910585285e-05
2749,4,train/loss,1.3787318468093872
2749,4,train/lr,5.4226884600346064e-05
2750,4,train/loss,1.480241298675537
2750,4,train/lr,5.421456668502279e-05
2751,4,train/loss,1.391379714012146
2751,4,train/lr,5.42022453620676e-05
2752,4,train/loss,1.2291842699050903
2752,4,train/lr,5.4189920633665615e-05
2753,4,train/loss,1.3489034175872803
2753,4,train/lr,5.417759250200259e-05
2754,4,train/loss,1.2934179306030273
2754,4,train/lr,5.416526096926487e-05
2755,4,train/loss,1.4013020992279053
2755,4,train/lr,5.41529260376394e-05
2756,4,train/loss,1.4995002746582031
2756,4,train/lr,5.414058770931374e-05
2757,4,train/loss,1.5301673412322998
2757,4,train/lr,5.412824598647604e-05
2758,4,train/loss,1.4731485843658447
2758,4,train/lr,5.411590087131508e-05
2759,4,train/loss,1.4537861347198486
2759,4,train/lr,5.410355236602019e-05
2760,4,train/loss,1.3734031915664673
2760,4,train/lr,5.409120047278136e-05
2761,4,train/loss,1.4830492734909058
2761,4,train/lr,5.407884519378913e-05
2762,4,train/loss,1.4476045370101929
2762,4,train/lr,5.406648653123467e-05
2763,4,train/loss,1.326613187789917
2763,4,train/lr,5.405412448730975e-05
2764,4,train/loss,1.3265738487243652
2764,4,train/lr,5.404175906420672e-05
2765,4,train/loss,1.6213161945343018
2765,4,train/lr,5.402939026411856e-05
2766,4,train/loss,1.2230238914489746
2766,4,train/lr,5.4017018089238815e-05
2767,4,train/loss,1.356774091720581
2767,4,train/lr,5.4004642541761646e-05
2768,4,train/loss,1.3330104351043701
2768,4,train/lr,5.399226362388182e-05
2769,4,train/loss,1.5504200458526611
2769,4,train/lr,5.397988133779467e-05
2770,4,train/loss,1.5111706256866455
2770,4,train/lr,5.3967495685696184e-05
2771,4,train/loss,1.418965458869934
2771,4,train/lr,5.395510666978287e-05
2772,4,train/loss,1.5922672748565674
2772,4,train/lr,5.394271429225191e-05
2773,4,train/loss,1.3782331943511963
2773,4,train/lr,5.393031855530102e-05
2774,4,train/loss,1.5093226432800293
2774,4,train/lr,5.391791946112855e-05
2775,4,train/loss,1.448106288909912
2775,4,train/lr,5.390551701193344e-05
2776,4,train/loss,1.4885549545288086
2776,4,train/lr,5.3893111209915206e-05
2777,4,train/loss,1.4762682914733887
2777,4,train/lr,5.388070205727397e-05
2778,4,train/loss,1.2918297052383423
2778,4,train/lr,5.386828955621046e-05
2779,4,train/loss,1.537548303604126
2779,4,train/lr,5.385587370892597e-05
2780,4,train/loss,1.3149052858352661
2780,4,train/lr,5.384345451762243e-05
2781,4,train/loss,1.3745388984680176
2781,4,train/lr,5.3831031984502313e-05
2782,4,train/loss,1.4032611846923828
2782,4,train/lr,5.3818606111768725e-05
2783,4,train/loss,1.4899334907531738
2783,4,train/lr,5.380617690162533e-05
2784,4,train/loss,1.4807212352752686
2784,4,train/lr,5.379374435627642e-05
2785,4,train/loss,1.5873602628707886
2785,4,train/lr,5.378130847792686e-05
2786,4,train/loss,1.3678462505340576
2786,4,train/lr,5.37688692687821e-05
2787,4,train/loss,1.471161127090454
2787,4,train/lr,5.375642673104819e-05
2788,4,train/loss,1.5301647186279297
2788,4,train/lr,5.374398086693177e-05
2789,4,train/loss,1.5429770946502686
2789,4,train/lr,5.373153167864004e-05
2790,4,train/loss,1.5316441059112549
2790,4,train/lr,5.371907916838087e-05
2791,4,train/loss,1.342301368713379
2791,4,train/lr,5.3706623338362626e-05
2792,4,train/loss,1.3877568244934082
2792,4,train/lr,5.369416419079432e-05
2793,4,train/loss,1.3489084243774414
2793,4,train/lr,5.368170172788552e-05
2794,4,train/loss,1.4261465072631836
2794,4,train/lr,5.366923595184641e-05
2795,4,train/loss,1.3233647346496582
2795,4,train/lr,5.3656766864887756e-05
2796,4,train/loss,1.402907371520996
2796,4,train/lr,5.3644294469220895e-05
2797,4,train/loss,1.4671568870544434
2797,4,train/lr,5.3631818767057756e-05
2798,4,train/loss,1.2982369661331177
2798,4,train/lr,5.3619339760610864e-05
2799,4,train/loss,1.4873706102371216
2799,4,train/lr,5.3606857452093325e-05
2800,4,train/loss,1.5133311748504639
2800,4,train/lr,5.359437184371883e-05
2801,4,train/loss,1.5030546188354492
2801,4,train/lr,5.3581882937701644e-05
2802,4,train/loss,1.3755898475646973
2802,4,train/lr,5.356939073625664e-05
2803,4,train/loss,1.381868839263916
2803,4,train/lr,5.355689524159926e-05
2804,4,train/loss,1.2929606437683105
2804,4,train/lr,5.3544396455945534e-05
2805,4,train/loss,1.3026973009109497
2805,4,train/lr,5.353189438151208e-05
2806,4,train/loss,1.5594573020935059
2806,4,train/lr,5.351938902051609e-05
2807,4,train/loss,1.4173922538757324
2807,4,train/lr,5.350688037517534e-05
2808,4,train/loss,1.4846792221069336
2808,4,train/lr,5.349436844770819e-05
2809,4,train/loss,1.4048717021942139
2809,4,train/lr,5.3481853240333596e-05
2810,4,train/loss,1.4723825454711914
2810,4,train/lr,5.3469334755271076e-05
2811,4,train/loss,1.3795897960662842
2811,4,train/lr,5.345681299474073e-05
2812,4,train/loss,1.4779071807861328
2812,4,train/lr,5.344428796096327e-05
2813,4,train/loss,1.3262252807617188
2813,4,train/lr,5.343175965615992e-05
2814,4,train/loss,1.405668020248413
2814,4,train/lr,5.3419228082552565e-05
2815,4,train/loss,1.6149733066558838
2815,4,train/lr,5.340669324236363e-05
2816,4,train/loss,1.2738527059555054
2816,4,train/lr,5.3394155137816104e-05
2817,4,train/loss,1.5376319885253906
2817,4,train/lr,5.338161377113359e-05
2818,4,train/loss,1.4068104028701782
2818,4,train/lr,5.336906914454025e-05
2819,4,train/loss,1.4741648435592651
2819,4,train/lr,5.335652126026082e-05
2820,4,train/loss,1.3892207145690918
2820,4,train/lr,5.334397012052063e-05
2821,4,train/loss,1.3629200458526611
2821,4,train/lr,5.333141572754558e-05
2822,4,train/loss,1.614548921585083
2822,4,train/lr,5.331885808356212e-05
2823,4,train/loss,1.4313384294509888
2823,4,train/lr,5.330629719079732e-05
2824,4,train/loss,1.556960105895996
2824,4,train/lr,5.3293733051478805e-05
2825,4,train/loss,1.2824429273605347
2825,4,train/lr,5.32811656678348e-05
2826,4,train/loss,1.3868598937988281
2826,4,train/lr,5.326859504209405e-05
2827,4,train/loss,1.2478141784667969
2827,4,train/lr,5.325602117648592e-05
2828,4,train/loss,1.2256317138671875
2828,4,train/lr,5.3243444073240336e-05
2829,4,train/loss,1.2462118864059448
2829,4,train/lr,5.323086373458781e-05
2830,4,train/loss,1.2903937101364136
2830,4,train/lr,5.321828016275941e-05
2831,4,train/loss,1.2577767372131348
2831,4,train/lr,5.3205693359986785e-05
2832,4,train/loss,1.441902995109558
2832,4,train/lr,5.319310332850218e-05
2833,4,train/loss,1.554335355758667
2833,4,train/lr,5.318051007053836e-05
2834,4,train/loss,1.537291169166565
2834,4,train/lr,5.316791358832871e-05
2835,4,train/loss,1.3520022630691528
2835,4,train/lr,5.315531388410715e-05
2836,4,train/loss,1.6265814304351807
2836,4,train/lr,5.3142710960108216e-05
2837,4,train/loss,1.1892863512039185
2837,4,train/lr,5.3130104818566974e-05
2838,4,train/loss,1.2484256029129028
2838,4,train/lr,5.311749546171908e-05
2839,4,train/loss,1.2337532043457031
2839,4,train/lr,5.3104882891800764e-05
2840,4,train/loss,1.3379316329956055
2840,4,train/lr,5.3092267111048794e-05
2841,4,train/loss,1.4063329696655273
2841,4,train/lr,5.3079648121700566e-05
2842,4,train/loss,1.3896608352661133
2842,4,train/lr,5.306702592599398e-05
2843,4,train/loss,1.4569826126098633
2843,4,train/lr,5.3054400526167554e-05
2844,4,train/loss,1.5104589462280273
2844,4,train/lr,5.304177192446036e-05
2845,4,train/loss,1.413484811782837
2845,4,train/lr,5.302914012311202e-05
2846,4,train/loss,1.4003291130065918
2846,4,train/lr,5.301650512436273e-05
2847,4,train/loss,1.4663885831832886
2847,4,train/lr,5.3003866930453295e-05
2848,4,train/loss,1.3516089916229248
2848,4,train/lr,5.2991225543625004e-05
2849,4,train/loss,1.4284311532974243
2849,4,train/lr,5.297858096611979e-05
2850,4,train/loss,1.3513343334197998
2850,4,train/lr,5.296593320018013e-05
2851,4,train/loss,1.3815854787826538
2851,4,train/lr,5.295328224804902e-05
2852,4,train/loss,1.7562236785888672
2852,4,train/lr,5.294062811197011e-05
2853,4,train/loss,1.3934789896011353
2853,4,train/lr,5.2927970794187514e-05
2854,4,train/loss,1.392789363861084
2854,4,train/lr,5.2915310296946e-05
2855,4,train/loss,1.3986788988113403
2855,4,train/lr,5.290264662249083e-05
2856,4,train/loss,1.480194330215454
2856,4,train/lr,5.288997977306789e-05
2857,4,train/loss,1.4691375494003296
2857,4,train/lr,5.287730975092357e-05
2858,4,train/loss,1.5934213399887085
2858,4,train/lr,5.286463655830486e-05
2859,4,train/loss,1.3917630910873413
2859,4,train/lr,5.285196019745931e-05
2860,4,train/loss,1.3646634817123413
2860,4,train/lr,5.283928067063502e-05
2861,4,train/loss,1.4104771614074707
2861,4,train/lr,5.282659798008066e-05
2862,4,train/loss,1.4036309719085693
2862,4,train/lr,5.281391212804547e-05
2863,4,train/loss,1.5329567193984985
2863,4,train/lr,5.280122311677921e-05
2864,4,train/loss,1.4975335597991943
2864,4,train/lr,5.278853094853225e-05
2865,4,train/loss,1.3022910356521606
2865,4,train/lr,5.2775835625555495e-05
2866,4,train/loss,1.4022984504699707
2866,4,train/lr,5.276313715010041e-05
2867,4,train/loss,1.5187089443206787
2867,4,train/lr,5.2750435524419034e-05
2868,4,train/loss,1.346399188041687
2868,4,train/lr,5.273773075076393e-05
2869,4,train/loss,1.5068806409835815
2869,4,train/lr,5.2725022831388257e-05
2870,4,train/loss,1.4443470239639282
2870,4,train/lr,5.271231176854572e-05
2871,4,train/loss,1.6871700286865234
2871,4,train/lr,5.2699597564490564e-05
2872,4,train/loss,1.3488091230392456
2872,4,train/lr,5.2686880221477625e-05
2873,4,train/loss,1.4877188205718994
2873,4,train/lr,5.2674159741762275e-05
2874,4,train/loss,1.537048101425171
2874,4,train/lr,5.266143612760043e-05
2875,4,train/loss,1.506704330444336
2875,4,train/lr,5.264870938124858e-05
2876,4,train/loss,1.3682035207748413
2876,4,train/lr,5.2635979504963765e-05
2877,4,train/loss,1.4886932373046875
2877,4,train/lr,5.262324650100359e-05
2878,4,train/loss,1.4385911226272583
2878,4,train/lr,5.2610510371626207e-05
2879,4,train/loss,1.2529792785644531
2879,4,train/lr,5.2597771119090305e-05
2880,4,train/loss,1.274459719657898
2880,4,train/lr,5.2585028745655154e-05
2881,4,train/loss,1.4596110582351685
2881,4,train/lr,5.257228325358056e-05
2882,4,train/loss,1.2880080938339233
2882,4,train/lr,5.2559534645126907e-05
2883,4,train/loss,1.3793413639068604
2883,4,train/lr,5.254678292255508e-05
2884,4,train/loss,1.4263148307800293
2884,4,train/lr,5.25340280881266e-05
2885,4,train/loss,1.622602939605713
2885,4,train/lr,5.252127014410343e-05
2886,4,train/loss,1.4049979448318481
2886,4,train/lr,5.250850909274819e-05
2887,4,train/loss,1.4133269786834717
2887,4,train/lr,5.249574493632398e-05
2888,4,train/loss,1.3192410469055176
2888,4,train/lr,5.2482977677094485e-05
2889,4,train/loss,1.5332508087158203
2889,4,train/lr,5.247020731732394e-05
2890,4,train/loss,1.3512767553329468
2890,4,train/lr,5.24574338592771e-05
2891,4,train/loss,1.367250680923462
2891,4,train/lr,5.24446573052193e-05
2892,4,train/loss,1.318787932395935
2892,4,train/lr,5.243187765741643e-05
2893,4,train/loss,1.3525784015655518
2893,4,train/lr,5.241909491813488e-05
2894,4,train/loss,1.5724248886108398
2894,4,train/lr,5.2406309089641644e-05
2895,4,train/loss,1.4327629804611206
2895,4,train/lr,5.239352017420424e-05
2896,4,train/loss,1.39515221118927
2896,4,train/lr,5.2380728174090724e-05
2897,4,train/loss,1.579632043838501
2897,4,train/lr,5.236793309156972e-05
2898,4,train/loss,1.3705456256866455
2898,4,train/lr,5.235513492891039e-05
2899,4,train/loss,1.366076946258545
2899,4,train/lr,5.234233368838243e-05
2900,4,train/loss,1.316802740097046
2900,4,train/lr,5.23295293722561e-05
2901,4,train/loss,1.403610110282898
2901,4,train/lr,5.231672198280219e-05
2902,4,train/loss,1.4259474277496338
2902,4,train/lr,5.230391152229206e-05
2903,4,train/loss,1.4291176795959473
2903,4,train/lr,5.229109799299758e-05
2904,4,train/loss,1.2858963012695312
2904,4,train/lr,5.227828139719119e-05
2905,4,train/loss,1.3361930847167969
2905,4,train/lr,5.226546173714586e-05
2906,4,train/loss,1.3270771503448486
2906,4,train/lr,5.2252639015135105e-05
2907,4,train/loss,1.401275396347046
2907,4,train/lr,5.2239813233433013e-05
2908,4,train/loss,1.4348896741867065
2908,4,train/lr,5.2226984394314155e-05
2909,4,train/loss,1.4849967956542969
2909,4,train/lr,5.22141525000537e-05
2910,4,train/loss,1.4161880016326904
2910,4,train/lr,5.2201317552927324e-05
2911,4,train/loss,1.349810242652893
2911,4,train/lr,5.218847955521127e-05
2912,4,train/loss,1.3515729904174805
2912,4,train/lr,5.21756385091823e-05
2913,4,train/loss,1.4838521480560303
2913,4,train/lr,5.2162794417117734e-05
2914,4,train/loss,1.3436869382858276
2914,4,train/lr,5.214994728129541e-05
2915,4,train/loss,1.4074387550354004
2915,4,train/lr,5.213709710399372e-05
2916,4,train/loss,1.266422152519226
2916,4,train/lr,5.2124243887491614e-05
2917,4,train/loss,1.4344086647033691
2917,4,train/lr,5.2111387634068544e-05
2918,4,train/loss,1.3767890930175781
2918,4,train/lr,5.2098528346004535e-05
2919,4,train/loss,1.4235544204711914
2919,4,train/lr,5.208566602558012e-05
2920,4,train/loss,1.432288408279419
2920,4,train/lr,5.207280067507639e-05
2921,4,train/loss,1.521620750427246
2921,4,train/lr,5.2059932296774954e-05
2922,4,train/loss,1.7375102043151855
2922,4,train/lr,5.204706089295799e-05
2923,4,train/loss,1.5123569965362549
2923,4,train/lr,5.2034186465908195e-05
2924,4,train/loss,1.524486780166626
2924,4,train/lr,5.202130901790879e-05
2925,4,train/loss,1.2919505834579468
2925,4,train/lr,5.200842855124353e-05
2926,4,train/loss,1.4850659370422363
2926,4,train/lr,5.1995545068196734e-05
2927,4,train/loss,1.4427491426467896
2927,4,train/lr,5.1982658571053246e-05
2928,4,train/loss,1.4648703336715698
2928,4,train/lr,5.1969769062098425e-05
2929,4,train/loss,1.7134318351745605
2929,4,train/lr,5.195687654361819e-05
2930,4,train/loss,1.2913049459457397
2930,4,train/lr,5.194398101789897e-05
2931,4,train/loss,1.40720534324646
2931,4,train/lr,5.1931082487227736e-05
2932,4,train/loss,1.344594955444336
2932,4,train/lr,5.191818095389201e-05
2933,4,train/loss,1.4723585844039917
2933,4,train/lr,5.1905276420179815e-05
2934,4,train/loss,1.3765987157821655
2934,4,train/lr,5.1892368888379726e-05
2935,4,train/loss,1.4895695447921753
2935,4,train/lr,5.187945836078085e-05
2936,4,train/loss,1.5385830402374268
2936,4,train/lr,5.186654483967283e-05
2937,4,train/loss,1.4045295715332031
2937,4,train/lr,5.1853628327345814e-05
2938,4,train/loss,1.5359700918197632
2938,4,train/lr,5.18407088260905e-05
2939,4,train/loss,1.4580175876617432
2939,4,train/lr,5.182778633819812e-05
2940,4,train/loss,1.3307867050170898
2940,4,train/lr,5.181486086596042e-05
2941,4,train/loss,1.4604783058166504
2941,4,train/lr,5.1801932411669705e-05
2942,4,train/loss,1.4421029090881348
2942,4,train/lr,5.178900097761876e-05
2943,4,train/loss,1.2576524019241333
2943,4,train/lr,5.177606656610094e-05
2944,4,train/loss,1.3005582094192505
2944,4,train/lr,5.176312917941013e-05
2945,4,train/loss,1.4090533256530762
2945,4,train/lr,5.175018881984071e-05
2946,4,train/loss,1.2871955633163452
2946,4,train/lr,5.173724548968761e-05
2947,4,train/loss,1.4238847494125366
2947,4,train/lr,5.172429919124627e-05
2948,4,train/loss,1.3783621788024902
2948,4,train/lr,5.171134992681268e-05
2949,4,train/loss,1.436039924621582
2949,4,train/lr,5.1698397698683344e-05
2950,4,train/loss,1.5140869617462158
2950,4,train/lr,5.168544250915528e-05
2951,4,train/loss,1.3521456718444824
2951,4,train/lr,5.167248436052606e-05
2952,4,train/loss,1.3847289085388184
2952,4,train/lr,5.165952325509374e-05
2953,4,train/loss,1.4046002626419067
2953,4,train/lr,5.1646559195156956e-05
2954,4,train/loss,1.4732937812805176
2954,4,train/lr,5.163359218301481e-05
2955,4,train/loss,1.4018901586532593
2955,4,train/lr,5.162062222096697e-05
2956,4,train/loss,1.3697816133499146
2956,4,train/lr,5.1607649311313595e-05
2957,4,train/loss,1.4452357292175293
2957,4,train/lr,5.159467345635539e-05
2958,4,train/loss,1.4333782196044922
2958,4,train/lr,5.158169465839357e-05
2959,4,train/loss,1.494722604751587
2959,4,train/lr,5.1568712919729895e-05
2960,4,train/loss,1.2810173034667969
2960,4,train/lr,5.155572824266659e-05
2961,4,train/loss,1.4675257205963135
2961,4,train/lr,5.1542740629506484e-05
2962,4,train/loss,1.3459125757217407
2962,4,train/lr,5.1529750082552847e-05
2963,4,train/loss,1.4552241563796997
2963,4,train/lr,5.151675660410952e-05
2964,4,train/loss,1.3266050815582275
2964,4,train/lr,5.150376019648085e-05
2965,4,train/loss,1.4867677688598633
2965,4,train/lr,5.1490760861971704e-05
2966,4,train/loss,1.4581506252288818
2966,4,train/lr,5.1477758602887446e-05
2967,4,train/loss,1.482374906539917
2967,4,train/lr,5.1464753421534e-05
2968,4,train/loss,1.4042246341705322
2968,4,train/lr,5.1451745320217774e-05
2969,4,train/loss,1.3023827075958252
2969,4,train/lr,5.1438734301245715e-05
2970,4,train/loss,1.4596943855285645
2970,4,train/lr,5.1425720366925267e-05
2971,4,train/loss,1.4989550113677979
2971,4,train/lr,5.141270351956442e-05
2972,4,train/loss,1.4654290676116943
2972,4,train/lr,5.139968376147164e-05
2973,4,train/loss,1.4602247476577759
2973,4,train/lr,5.138666109495595e-05
2974,4,train/loss,1.3579853773117065
2974,4,train/lr,5.137363552232687e-05
2975,4,train/loss,1.3034453392028809
2975,4,train/lr,5.136060704589443e-05
2976,4,train/loss,1.4254597425460815
2976,4,train/lr,5.13475756679692e-05
2977,4,train/loss,1.3232852220535278
2977,4,train/lr,5.133454139086222e-05
2978,4,train/loss,1.2194463014602661
2978,4,train/lr,5.132150421688509e-05
2979,4,train/loss,1.5423794984817505
2979,4,train/lr,5.1308464148349886e-05
2980,4,train/loss,1.3455514907836914
2980,4,train/lr,5.129542118756925e-05
2981,4,train/loss,1.3306690454483032
2981,4,train/lr,5.128237533685626e-05
2982,4,train/loss,1.3147945404052734
2982,4,train/lr,5.126932659852457e-05
2983,4,train/loss,1.623155951499939
2983,4,train/lr,5.125627497488833e-05
2984,4,train/loss,1.51112699508667
2984,4,train/lr,5.124322046826219e-05
2985,4,train/loss,1.246919870376587
2985,4,train/lr,5.1230163080961315e-05
2986,4,train/loss,1.4080722332000732
2986,4,train/lr,5.12171028153014e-05
2987,4,train/loss,1.5327415466308594
2987,4,train/lr,5.12040396735986e-05
2988,4,train/loss,1.3738083839416504
2988,4,train/lr,5.119097365816965e-05
2989,4,train/loss,1.3955035209655762
2989,4,train/lr,5.117790477133175e-05
2990,4,train/loss,1.326899528503418
2990,4,train/lr,5.116483301540262e-05
2991,4,train/loss,1.4256820678710938
2991,4,train/lr,5.115175839270048e-05
2992,4,train/loss,1.3283393383026123
2992,4,train/lr,5.113868090554406e-05
2993,4,train/loss,1.3037199974060059
2993,4,train/lr,5.112560055625261e-05
2994,4,train/loss,1.479149341583252
2994,4,train/lr,5.11125173471459e-05
2995,4,train/loss,1.3655648231506348
2995,4,train/lr,5.109943128054415e-05
2996,4,train/loss,1.5673558712005615
2996,4,train/lr,5.108634235876816e-05
2997,4,train/loss,1.3457673788070679
2997,4,train/lr,5.1073250584139177e-05
2998,4,train/loss,1.5718035697937012
2998,4,train/lr,5.1060155958978996e-05
2999,4,train/loss,1.4478843212127686
2999,4,train/lr,5.1047058485609904e-05
3000,4,train/loss,1.5312355756759644
3000,4,train/lr,5.103395816635467e-05
3001,4,train/loss,1.647662878036499
3001,4,train/lr,5.1020855003536595e-05
3002,4,train/loss,1.2629989385604858
3002,4,train/lr,5.100774899947948e-05
3003,4,train/loss,1.3548705577850342
3003,4,train/lr,5.099464015650762e-05
3004,4,train/loss,1.200130581855774
3004,4,train/lr,5.0981528476945824e-05
3005,4,train/loss,1.3037521839141846
3005,4,train/lr,5.0968413963119396e-05
3006,4,train/loss,1.2853432893753052
3006,4,train/lr,5.095529661735416e-05
3007,4,train/loss,1.3134582042694092
3007,4,train/lr,5.094217644197641e-05
3008,4,train/loss,1.4441676139831543
3008,4,train/lr,5.092905343931296e-05
3009,4,train/loss,1.340499758720398
3009,4,train/lr,5.091592761169114e-05
3010,4,train/loss,1.4895676374435425
3010,4,train/lr,5.090279896143875e-05
3011,4,train/loss,1.42177414894104
3011,4,train/lr,5.088966749088413e-05
3012,4,train/loss,1.4102528095245361
3012,4,train/lr,5.0876533202356087e-05
3013,4,train/loss,1.504012942314148
3013,4,train/lr,5.086339609818393e-05
3014,4,train/loss,1.4215848445892334
3014,4,train/lr,5.085025618069749e-05
3015,4,train/loss,1.548884630203247
3015,4,train/lr,5.083711345222705e-05
3016,4,train/loss,1.3755016326904297
3016,4,train/lr,5.082396791510347e-05
3017,4,train/loss,1.305943250656128
3017,4,train/lr,5.0810819571658027e-05
3018,4,train/loss,1.298225998878479
3018,4,train/lr,5.079766842422255e-05
3019,4,train/loss,1.4895663261413574
3019,4,train/lr,5.078451447512934e-05
3020,4,train/loss,1.3850740194320679
3020,4,train/lr,5.07713577267112e-05
3021,4,train/loss,1.4031782150268555
3021,4,train/lr,5.075819818130144e-05
3022,4,train/loss,1.4196860790252686
3022,4,train/lr,5.074503584123383e-05
3023,4,train/loss,1.4444506168365479
3023,4,train/lr,5.073187070884269e-05
3024,4,train/loss,1.3439576625823975
3024,4,train/lr,5.0718702786462805e-05
3025,4,train/loss,1.4279966354370117
3025,4,train/lr,5.0705532076429435e-05
3026,4,train/loss,1.3345675468444824
3026,4,train/lr,5.069235858107837e-05
3027,4,train/loss,1.3051682710647583
3027,4,train/lr,5.067918230274589e-05
3028,4,train/loss,1.3966538906097412
3028,4,train/lr,5.0666003243768744e-05
3029,4,train/loss,1.3673341274261475
3029,4,train/lr,5.0652821406484194e-05
3030,4,train/loss,1.505105972290039
3030,4,train/lr,5.063963679322999e-05
3031,4,train/loss,1.4560165405273438
3031,4,train/lr,5.0626449406344386e-05
3032,4,train/loss,1.4025530815124512
3032,4,train/lr,5.061325924816609e-05
3033,4,train/loss,1.566472053527832
3033,4,train/lr,5.060006632103434e-05
3034,4,train/loss,1.442056655883789
3034,4,train/lr,5.058687062728887e-05
3035,4,train/loss,1.2688331604003906
3035,4,train/lr,5.057367216926987e-05
3036,4,train/loss,1.3256288766860962
3036,4,train/lr,5.056047094931804e-05
3037,4,train/loss,1.6060467958450317
3037,4,train/lr,5.054726696977456e-05
3038,4,train/loss,1.4108452796936035
3038,4,train/lr,5.053406023298111e-05
3039,4,train/loss,1.5230433940887451
3039,4,train/lr,5.052085074127987e-05
3040,4,train/loss,1.3020116090774536
3040,4,train/lr,5.050763849701347e-05
3041,4,train/loss,1.4049359560012817
3041,4,train/lr,5.0494423502525076e-05
3042,4,train/loss,1.4692370891571045
3042,4,train/lr,5.04812057601583e-05
3043,4,train/loss,1.531536340713501
3043,4,train/lr,5.046798527225728e-05
3044,4,train/loss,1.4451502561569214
3044,4,train/lr,5.04547620411666e-05
3045,4,train/loss,1.4641804695129395
3045,4,train/lr,5.044153606923135e-05
3046,4,train/loss,1.4954707622528076
3046,4,train/lr,5.042830735879713e-05
3047,4,train/loss,1.4139763116836548
3047,4,train/lr,5.041507591220998e-05
3048,4,train/loss,1.3315398693084717
3048,4,train/lr,5.040184173181645e-05
3049,4,train/loss,1.5769286155700684
3049,4,train/lr,5.0388604819963595e-05
3050,4,train/loss,1.324859619140625
3050,4,train/lr,5.037536517899891e-05
3051,4,train/loss,1.3633058071136475
3051,4,train/lr,5.036212281127039e-05
3052,4,train/loss,1.3380019664764404
3052,4,train/lr,5.0348877719126546e-05
3053,4,train/loss,1.4265530109405518
3053,4,train/lr,5.033562990491632e-05
3054,4,train/loss,1.3913719654083252
3054,4,train/lr,5.0322379370989176e-05
3055,4,train/loss,1.2980308532714844
3055,4,train/lr,5.0309126119695046e-05
3056,4,train/loss,1.4323062896728516
3056,4,train/lr,5.029587015338434e-05
3057,4,train/loss,1.3496973514556885
3057,4,train/lr,5.0282611474407963e-05
3058,4,train/loss,1.3671138286590576
3058,4,train/lr,5.0269350085117284e-05
3059,4,train/loss,1.52083158493042
3059,4,train/lr,5.025608598786416e-05
3060,4,train/loss,1.3258533477783203
3060,4,train/lr,5.0242819185000945e-05
3061,4,train/loss,1.3878849744796753
3061,4,train/lr,5.022954967888044e-05
3062,4,train/loss,1.5113697052001953
3062,4,train/lr,5.0216277471855945e-05
3063,4,train/loss,1.3875441551208496
3063,4,train/lr,5.020300256628123e-05
3064,4,train/loss,1.3561365604400635
3064,4,train/lr,5.018972496451059e-05
3065,4,train/loss,1.2746508121490479
3065,4,train/lr,5.01764446688987e-05
3066,4,train/loss,1.4913294315338135
3066,4,train/lr,5.016316168180081e-05
3067,4,train/loss,1.3133628368377686
3067,4,train/lr,5.0149876005572596e-05
3068,4,train/loss,1.3881163597106934
3068,4,train/lr,5.0136587642570234e-05
3069,4,train/loss,1.3994784355163574
3069,4,train/lr,5.012329659515035e-05
3070,4,train/loss,1.281028389930725
3070,4,train/lr,5.011000286567006e-05
3071,4,train/loss,1.3714938163757324
3071,4,train/lr,5.0096706456486974e-05
3072,4,train/loss,1.6036431789398193
3072,4,train/lr,5.0083407369959144e-05
3073,4,train/loss,1.1830860376358032
3073,4,train/lr,5.0070105608445125e-05
3074,4,train/loss,1.4147908687591553
3074,4,train/lr,5.0056801174303945e-05
3075,4,train/loss,1.2362335920333862
3075,4,train/lr,5.0043494069895065e-05
3076,4,train/loss,1.3251053094863892
3076,4,train/lr,5.003018429757848e-05
3077,4,train/loss,1.2604492902755737
3077,4,train/lr,5.0016871859714616e-05
3078,4,train/loss,1.397125244140625
3078,4,train/lr,5.000355675866438e-05
3079,4,train/loss,1.4039051532745361
3079,4,train/lr,4.9990238996789164e-05
3080,4,train/loss,1.5011932849884033
3080,4,train/lr,4.997691857645082e-05
3081,4,train/loss,1.254040241241455
3081,4,train/lr,4.996359550001168e-05
3082,4,train/loss,1.4133437871932983
3082,4,train/lr,4.995026976983453e-05
3083,4,train/loss,1.586482286453247
3083,4,train/lr,4.993694138828265e-05
3084,4,train/loss,1.6311135292053223
3084,4,train/lr,4.992361035771977e-05
3085,4,train/loss,1.4693737030029297
3085,4,train/lr,4.991027668051011e-05
3086,4,train/loss,1.3127961158752441
3086,4,train/lr,4.989694035901834e-05
3087,4,train/loss,1.4218956232070923
3087,4,train/lr,4.9883601395609605e-05
3088,4,train/loss,1.4613407850265503
3088,4,train/lr,4.987025979264953e-05
3089,4,train/loss,1.4424784183502197
3089,4,train/lr,4.9856915552504184e-05
3090,4,train/loss,1.4009332656860352
3090,4,train/lr,4.984356867754014e-05
3091,4,train/loss,1.4169182777404785
3091,4,train/lr,4.98302191701244e-05
3092,4,train/loss,1.4604530334472656
3092,4,train/lr,4.9816867032624454e-05
3093,4,train/loss,1.4165022373199463
3093,4,train/lr,4.9803512267408245e-05
3094,4,train/loss,1.4000771045684814
3094,4,train/lr,4.979015487684421e-05
3095,4,train/loss,1.4643573760986328
3095,4,train/lr,4.9776794863301216e-05
3096,4,train/loss,1.3853018283843994
3096,4,train/lr,4.976343222914862e-05
3097,4,train/loss,1.6293959617614746
3097,4,train/lr,4.975006697675622e-05
3098,4,train/loss,1.4499880075454712
3098,4,train/lr,4.973669910849433e-05
3099,4,train/loss,1.3086814880371094
3099,4,train/lr,4.972332862673365e-05
3100,4,train/loss,1.2922035455703735
3100,4,train/lr,4.970995553384541e-05
3101,4,train/loss,1.412771463394165
3101,4,train/lr,4.9696579832201275e-05
3102,4,train/loss,1.3623887300491333
3102,4,train/lr,4.968320152417337e-05
3103,4,train/loss,1.3734129667282104
3103,4,train/lr,4.96698206121343e-05
3104,4,train/loss,1.2675166130065918
3104,4,train/lr,4.9656437098457106e-05
3105,4,train/loss,1.2745901346206665
3105,4,train/lr,4.9643050985515295e-05
3106,4,train/loss,1.45076322555542
3106,4,train/lr,4.9629662275682885e-05
3107,4,train/loss,1.5039182901382446
3107,4,train/lr,4.961627097133426e-05
3108,4,train/loss,1.4155596494674683
3108,4,train/lr,4.960287707484436e-05
3109,4,train/loss,1.3902140855789185
3109,4,train/lr,4.958948058858853e-05
3110,4,train/loss,1.5829625129699707
3110,4,train/lr,4.957608151494258e-05
3111,4,train/loss,1.3280844688415527
3111,4,train/lr,4.95626798562828e-05
3112,4,train/loss,1.3148305416107178
3112,4,train/lr,4.954927561498591e-05
3113,4,train/loss,1.4302456378936768
3113,4,train/lr,4.9535868793429104e-05
3114,4,train/loss,1.5127754211425781
3114,4,train/lr,4.952245939399004e-05
3115,4,train/loss,1.2804484367370605
3115,4,train/lr,4.950904741904682e-05
3116,4,train/loss,1.4508322477340698
3116,4,train/lr,4.9495632870978015e-05
3117,4,train/loss,1.297379970550537
3117,4,train/lr,4.9482215752162634e-05
3118,4,train/loss,1.3497846126556396
3118,4,train/lr,4.946879606498015e-05
3119,4,train/loss,1.442293643951416
3119,4,train/lr,4.945537381181051e-05
3120,4,train/loss,1.3697848320007324
3120,4,train/lr,4.9441948995034096e-05
3121,4,train/loss,1.5691393613815308
3121,4,train/lr,4.942852161703175e-05
3122,4,train/loss,1.6577469110488892
3122,4,train/lr,4.941509168018476e-05
3123,4,train/loss,1.548885464668274
3123,4,train/lr,4.9401659186874875e-05
3124,4,train/loss,1.3120490312576294
3124,4,train/lr,4.93882241394843e-05
3125,4,train/loss,1.4724581241607666
3125,4,train/lr,4.9374786540395706e-05
3126,4,train/loss,1.3797861337661743
3126,4,train/lr,4.936134639199219e-05
3127,4,train/loss,1.352042555809021
3127,4,train/lr,4.9347903696657295e-05
3128,4,train/loss,1.4010050296783447
3128,4,train/lr,4.933445845677506e-05
3129,4,train/loss,1.4328131675720215
3129,4,train/lr,4.932101067472993e-05
3130,4,train/loss,1.3577916622161865
3130,4,train/lr,4.930756035290683e-05
3131,4,train/loss,1.3681813478469849
3131,4,train/lr,4.929410749369112e-05
3132,4,train/loss,1.395626425743103
3132,4,train/lr,4.928065209946861e-05
3133,4,train/loss,1.4505572319030762
3133,4,train/lr,4.926719417262558e-05
3134,4,train/loss,1.348791241645813
3134,4,train/lr,4.9253733715548724e-05
3135,4,train/loss,1.4101015329360962
3135,4,train/lr,4.924027073062522e-05
3136,4,train/loss,1.3995361328125
3136,4,train/lr,4.922680522024266e-05
3137,4,train/loss,1.4122493267059326
3137,4,train/lr,4.921333718678912e-05
3138,4,train/loss,1.3469892740249634
3138,4,train/lr,4.9199866632653106e-05
3139,4,train/loss,1.3921732902526855
3139,4,train/lr,4.918639356022355e-05
3140,4,train/loss,1.3150842189788818
3140,4,train/lr,4.9172917971889864e-05
3141,4,train/loss,1.3585609197616577
3141,4,train/lr,4.915943987004191e-05
3142,4,train/loss,1.3042469024658203
3142,4,train/lr,4.914595925706994e-05
3143,4,train/loss,1.4498834609985352
3143,4,train/lr,4.9132476135364734e-05
3144,4,train/loss,1.4271018505096436
3144,4,train/lr,4.911899050731744e-05
3144,4,train/batches,3141.0
3144,4,train/compute_pct,99.84870024861098
3144,4,train/compute_sec,303.9167615317856
3144,4,train/data_wait_pct,0.1512997513890152
3144,4,train/data_wait_sec,0.4605220733792521
3144,4,train/examples,25128.0
3144,4,train/examples_per_sec,82.55543811408668
3144,4,train/input_tokens,2630749.0
3144,4,train/peak_vram_gb,6.712257385253906
3144,4,train/target_tokens,1953724.0
3144,4,train/tokens_per_sec,15061.81061115892
3144,4,train/total_sec,304.37728360516485
3144,4,train/epoch_loss,1.4183685510107682
3144,4,epoch4/batches,3141.0
3144,4,epoch4/compute_pct,99.84870024861098
3144,4,epoch4/compute_sec,303.9167615317856
3144,4,epoch4/data_wait_pct,0.1512997513890152
3144,4,epoch4/data_wait_sec,0.4605220733792521
3144,4,epoch4/examples,25128.0
3144,4,epoch4/examples_per_sec,82.55543811408668
3144,4,epoch4/input_tokens,2630749.0
3144,4,epoch4/peak_vram_gb,6.712257385253906
3144,4,epoch4/target_tokens,1953724.0
3144,4,epoch4/tokens_per_sec,15061.81061115892
3144,4,epoch4/total_sec,304.37728360516485
3144,4,val/bleu,28.636386345287253
3144,4,val/chrf,48.43007896843446
3144,4,val/combined,37.24060219804266
3144,4,val/eval_peak_vram_gb,6.712257385253906
3144,4,val/eval_samples_per_sec,10.81638507138107
3144,4,val/eval_seconds,267.46459014801076
3144,4,val/eval_tokens_per_sec,1355.4467146450277
3145,5,train/loss,1.4104939699172974
3145,5,train/lr,4.91055023753197e-05
3146,5,train/loss,1.35483980178833
3146,5,train/lr,4.909201174176359e-05
3147,5,train/loss,1.3166472911834717
3147,5,train/lr,4.9078518609041616e-05
3148,5,train/loss,1.3412504196166992
3148,5,train/lr,4.906502297954673e-05
3149,5,train/loss,1.3510186672210693
3149,5,train/lr,4.9051524855672326e-05
3150,5,train/loss,1.3474805355072021
3150,5,train/lr,4.903802423981226e-05
3151,5,train/loss,1.5063822269439697
3151,5,train/lr,4.902452113436082e-05
3152,5,train/loss,1.366339921951294
3152,5,train/lr,4.9011015541712715e-05
3153,5,train/loss,1.6044222116470337
3153,5,train/lr,4.899750746426312e-05
3154,5,train/loss,1.4875904321670532
3154,5,train/lr,4.898399690440765e-05
3155,5,train/loss,1.5544815063476562
3155,5,train/lr,4.897048386454233e-05
3156,5,train/loss,1.2801316976547241
3156,5,train/lr,4.895696834706368e-05
3157,5,train/loss,1.3047947883605957
3157,5,train/lr,4.894345035436859e-05
3158,5,train/loss,1.3104970455169678
3158,5,train/lr,4.892992988885447e-05
3159,5,train/loss,1.5486564636230469
3159,5,train/lr,4.891640695291908e-05
3160,5,train/loss,1.370177984237671
3160,5,train/lr,4.890288154896068e-05
3161,5,train/loss,1.4375958442687988
3161,5,train/lr,4.8889353679377966e-05
3162,5,train/loss,1.4203460216522217
3162,5,train/lr,4.887582334657002e-05
3163,5,train/loss,1.1412477493286133
3163,5,train/lr,4.8862290552936434e-05
3164,5,train/loss,1.210416316986084
3164,5,train/lr,4.884875530087717e-05
3165,5,train/loss,1.4180691242218018
3165,5,train/lr,4.8835217592792663e-05
3166,5,train/loss,1.4906761646270752
3166,5,train/lr,4.8821677431083796e-05
3167,5,train/loss,1.3971796035766602
3167,5,train/lr,4.880813481815183e-05
3168,5,train/loss,1.3923404216766357
3168,5,train/lr,4.879458975639853e-05
3169,5,train/loss,1.5556538105010986
3169,5,train/lr,4.878104224822604e-05
3170,5,train/loss,1.3923813104629517
3170,5,train/lr,4.8767492296036966e-05
3171,5,train/loss,1.2744777202606201
3171,5,train/lr,4.8753939902234356e-05
3172,5,train/loss,1.400550365447998
3172,5,train/lr,4.874038506922165e-05
3173,5,train/loss,1.2648040056228638
3173,5,train/lr,4.872682779940277e-05
3174,5,train/loss,1.3717668056488037
3174,5,train/lr,4.871326809518203e-05
3175,5,train/loss,1.5655839443206787
3175,5,train/lr,4.869970595896421e-05
3176,5,train/loss,1.610297679901123
3176,5,train/lr,4.868614139315449e-05
3177,5,train/loss,1.3702713251113892
3177,5,train/lr,4.867257440015851e-05
3178,5,train/loss,1.3413927555084229
3178,5,train/lr,4.8659004982382314e-05
3179,5,train/loss,1.2781816720962524
3179,5,train/lr,4.864543314223239e-05
3180,5,train/loss,1.3553236722946167
3180,5,train/lr,4.863185888211566e-05
3181,5,train/loss,1.4722093343734741
3181,5,train/lr,4.861828220443946e-05
3182,5,train/loss,1.3233577013015747
3182,5,train/lr,4.860470311161156e-05
3183,5,train/loss,1.531660795211792
3183,5,train/lr,4.8591121606040175e-05
3184,5,train/loss,1.3988032341003418
3184,5,train/lr,4.857753769013392e-05
3185,5,train/loss,1.294343113899231
3185,5,train/lr,4.8563951366301855e-05
3186,5,train/loss,1.4040415287017822
3186,5,train/lr,4.855036263695349e-05
3187,5,train/loss,1.4211629629135132
3187,5,train/lr,4.85367715044987e-05
3188,5,train/loss,1.3746004104614258
3188,5,train/lr,4.852317797134783e-05
3189,5,train/loss,1.493613839149475
3189,5,train/lr,4.8509582039911655e-05
3190,5,train/loss,1.429361343383789
3190,5,train/lr,4.849598371260135e-05
3191,5,train/loss,1.4759485721588135
3191,5,train/lr,4.8482382991828546e-05
3192,5,train/loss,1.4643560647964478
3192,5,train/lr,4.846877988000527e-05
3193,5,train/loss,1.3707810640335083
3193,5,train/lr,4.8455174379543977e-05
3194,5,train/loss,1.5652215480804443
3194,5,train/lr,4.844156649285755e-05
3195,5,train/loss,1.2698885202407837
3195,5,train/lr,4.8427956222359306e-05
3196,5,train/loss,1.2444297075271606
3196,5,train/lr,4.8414343570462974e-05
3197,5,train/loss,1.3429381847381592
3197,5,train/lr,4.840072853958271e-05
3198,5,train/loss,1.321007251739502
3198,5,train/lr,4.838711113213309e-05
3199,5,train/loss,1.4024864435195923
3199,5,train/lr,4.837349135052909e-05
3200,5,train/loss,1.3997018337249756
3200,5,train/lr,4.835986919718616e-05
3201,5,train/loss,1.319533348083496
3201,5,train/lr,4.834624467452011e-05
3202,5,train/loss,1.4048430919647217
3202,5,train/lr,4.8332617784947206e-05
3203,5,train/loss,1.3482303619384766
3203,5,train/lr,4.831898853088415e-05
3204,5,train/loss,1.3603585958480835
3204,5,train/lr,4.830535691474801e-05
3205,5,train/loss,1.4339208602905273
3205,5,train/lr,4.829172293895632e-05
3206,5,train/loss,1.4518412351608276
3206,5,train/lr,4.827808660592699e-05
3207,5,train/loss,1.2132656574249268
3207,5,train/lr,4.82644479180784e-05
3208,5,train/loss,1.4946014881134033
3208,5,train/lr,4.8250806877829316e-05
3209,5,train/loss,1.4667634963989258
3209,5,train/lr,4.8237163487598905e-05
3210,5,train/loss,1.5171289443969727
3210,5,train/lr,4.82235177498068e-05
3211,5,train/loss,1.2760319709777832
3211,5,train/lr,4.820986966687301e-05
3212,5,train/loss,1.354367971420288
3212,5,train/lr,4.8196219241217965e-05
3213,5,train/loss,1.339491367340088
3213,5,train/lr,4.818256647526253e-05
3214,5,train/loss,1.4401226043701172
3214,5,train/lr,4.8168911371427954e-05
3215,5,train/loss,1.3021273612976074
3215,5,train/lr,4.815525393213594e-05
3216,5,train/loss,1.3030035495758057
3216,5,train/lr,4.814159415980858e-05
3217,5,train/loss,1.3540229797363281
3217,5,train/lr,4.812793205686836e-05
3218,5,train/loss,1.3057658672332764
3218,5,train/lr,4.8114267625738235e-05
3219,5,train/loss,1.4549496173858643
3219,5,train/lr,4.8100600868841516e-05
3220,5,train/loss,1.4749798774719238
3220,5,train/lr,4.808693178860198e-05
3221,5,train/loss,1.330418348312378
3221,5,train/lr,4.807326038744375e-05
3222,5,train/loss,1.4224743843078613
3222,5,train/lr,4.805958666779143e-05
3223,5,train/loss,1.4747917652130127
3223,5,train/lr,4.8045910632069986e-05
3224,5,train/loss,1.332655906677246
3224,5,train/lr,4.803223228270482e-05
3225,5,train/loss,1.4866175651550293
3225,5,train/lr,4.801855162212173e-05
3226,5,train/loss,1.5177860260009766
3226,5,train/lr,4.800486865274695e-05
3227,5,train/loss,1.4076662063598633
3227,5,train/lr,4.799118337700707e-05
3228,5,train/loss,1.4255104064941406
3228,5,train/lr,4.7977495797329155e-05
3229,5,train/loss,1.2936642169952393
3229,5,train/lr,4.796380591614062e-05
3230,5,train/loss,1.4494868516921997
3230,5,train/lr,4.7950113735869335e-05
3231,5,train/loss,1.45986008644104
3231,5,train/lr,4.7936419258943545e-05
3232,5,train/loss,1.4127554893493652
3232,5,train/lr,4.792272248779192e-05
3233,5,train/loss,1.4629123210906982
3233,5,train/lr,4.7909023424843525e-05
3234,5,train/loss,1.4774532318115234
3234,5,train/lr,4.789532207252784e-05
3235,5,train/loss,1.4674876928329468
3235,5,train/lr,4.788161843327476e-05
3236,5,train/loss,1.525468349456787
3236,5,train/lr,4.7867912509514566e-05
3237,5,train/loss,1.4473923444747925
3237,5,train/lr,4.785420430367796e-05
3238,5,train/loss,1.346135139465332
3238,5,train/lr,4.784049381819602e-05
3239,5,train/loss,1.356374740600586
3239,5,train/lr,4.7826781055500264e-05
3240,5,train/loss,1.3175731897354126
3240,5,train/lr,4.781306601802261e-05
3241,5,train/loss,1.3433207273483276
3241,5,train/lr,4.779934870819535e-05
3242,5,train/loss,1.3199312686920166
3242,5,train/lr,4.77856291284512e-05
3243,5,train/loss,1.269235372543335
3243,5,train/lr,4.7771907281223295e-05
3244,5,train/loss,1.3628480434417725
3244,5,train/lr,4.775818316894513e-05
3245,5,train/loss,1.346468210220337
3245,5,train/lr,4.7744456794050646e-05
3246,5,train/loss,1.4128587245941162
3246,5,train/lr,4.773072815897414e-05
3247,5,train/loss,1.4137983322143555
3247,5,train/lr,4.7716997266150365e-05
3248,5,train/loss,1.5310760736465454
3248,5,train/lr,4.770326411801442e-05
3249,5,train/loss,1.3579492568969727
3249,5,train/lr,4.7689528717001844e-05
3250,5,train/loss,1.3725237846374512
3250,5,train/lr,4.767579106554855e-05
3251,5,train/loss,1.4259798526763916
3251,5,train/lr,4.766205116609085e-05
3252,5,train/loss,1.3813267946243286
3252,5,train/lr,4.764830902106547e-05
3253,5,train/loss,1.3870347738265991
3253,5,train/lr,4.7634564632909545e-05
3254,5,train/loss,1.3101322650909424
3254,5,train/lr,4.762081800406057e-05
3255,5,train/loss,1.4837610721588135
3255,5,train/lr,4.7607069136956475e-05
3256,5,train/loss,1.455878734588623
3256,5,train/lr,4.759331803403556e-05
3257,5,train/loss,1.357362151145935
3257,5,train/lr,4.757956469773652e-05
3258,5,train/loss,1.478911280632019
3258,5,train/lr,4.756580913049849e-05
3259,5,train/loss,1.3657022714614868
3259,5,train/lr,4.755205133476095e-05
3260,5,train/loss,1.4442496299743652
3260,5,train/lr,4.753829131296379e-05
3261,5,train/loss,1.336634635925293
3261,5,train/lr,4.7524529067547315e-05
3262,5,train/loss,1.4494571685791016
3262,5,train/lr,4.751076460095218e-05
3263,5,train/loss,1.422482967376709
3263,5,train/lr,4.749699791561949e-05
3264,5,train/loss,1.362321138381958
3264,5,train/lr,4.748322901399069e-05
3265,5,train/loss,1.3864805698394775
3265,5,train/lr,4.7469457898507674e-05
3266,5,train/loss,1.3815028667449951
3266,5,train/lr,4.745568457161267e-05
3267,5,train/loss,1.3504695892333984
3267,5,train/lr,4.744190903574834e-05
3268,5,train/loss,1.3674561977386475
3268,5,train/lr,4.742813129335773e-05
3269,5,train/loss,1.4302339553833008
3269,5,train/lr,4.741435134688426e-05
3270,5,train/loss,1.3765647411346436
3270,5,train/lr,4.7400569198771755e-05
3271,5,train/loss,1.440231204032898
3271,5,train/lr,4.7386784851464435e-05
3272,5,train/loss,1.4774293899536133
3272,5,train/lr,4.737299830740688e-05
3273,5,train/loss,1.4439653158187866
3273,5,train/lr,4.735920956904412e-05
3274,5,train/loss,1.3506507873535156
3274,5,train/lr,4.73454186388215e-05
3275,5,train/loss,1.2732113599777222
3275,5,train/lr,4.733162551918481e-05
3276,5,train/loss,1.3984153270721436
3276,5,train/lr,4.7317830212580196e-05
3277,5,train/loss,1.3823827505111694
3277,5,train/lr,4.7304032721454215e-05
3278,5,train/loss,1.3675326108932495
3278,5,train/lr,4.72902330482538e-05
3279,5,train/loss,1.2534821033477783
3279,5,train/lr,4.727643119542626e-05
3280,5,train/loss,1.3862159252166748
3280,5,train/lr,4.726262716541933e-05
3281,5,train/loss,1.4876348972320557
3281,5,train/lr,4.7248820960681074e-05
3282,5,train/loss,1.384333610534668
3282,5,train/lr,4.723501258365999e-05
3283,5,train/loss,1.419504165649414
3283,5,train/lr,4.722120203680494e-05
3284,5,train/loss,1.3867831230163574
3284,5,train/lr,4.7207389322565143e-05
3285,5,train/loss,1.51686692237854
3285,5,train/lr,4.719357444339027e-05
3286,5,train/loss,1.4322333335876465
3286,5,train/lr,4.7179757401730326e-05
3287,5,train/loss,1.320540189743042
3287,5,train/lr,4.7165938200035707e-05
3288,5,train/loss,1.2898778915405273
3288,5,train/lr,4.715211684075721e-05
3289,5,train/loss,1.2828010320663452
3289,5,train/lr,4.713829332634598e-05
3290,5,train/loss,1.3451364040374756
3290,5,train/lr,4.712446765925359e-05
3291,5,train/loss,1.3366765975952148
3291,5,train/lr,4.7110639841931955e-05
3292,5,train/loss,1.3221391439437866
3292,5,train/lr,4.709680987683339e-05
3293,5,train/loss,1.3372935056686401
3293,5,train/lr,4.708297776641059e-05
3294,5,train/loss,1.5461089611053467
3294,5,train/lr,4.706914351311663e-05
3295,5,train/loss,1.3919107913970947
3295,5,train/lr,4.705530711940497e-05
3296,5,train/loss,1.4025626182556152
3296,5,train/lr,4.704146858772942e-05
3297,5,train/loss,1.3758158683776855
3297,5,train/lr,4.702762792054421e-05
3298,5,train/loss,1.476343035697937
3298,5,train/lr,4.701378512030393e-05
3299,5,train/loss,1.3691861629486084
3299,5,train/lr,4.699994018946354e-05
3300,5,train/loss,1.41684889793396
3300,5,train/lr,4.698609313047839e-05
3301,5,train/loss,1.3455913066864014
3301,5,train/lr,4.6972243945804214e-05
3302,5,train/loss,1.4455708265304565
3302,5,train/lr,4.695839263789711e-05
3303,5,train/loss,1.2849384546279907
3303,5,train/lr,4.694453920921355e-05
3304,5,train/loss,1.3744888305664062
3304,5,train/lr,4.693068366221039e-05
3305,5,train/loss,1.3633699417114258
3305,5,train/lr,4.691682599934486e-05
3306,5,train/loss,1.398402452468872
3306,5,train/lr,4.690296622307457e-05
3307,5,train/loss,1.610377311706543
3307,5,train/lr,4.688910433585749e-05
3308,5,train/loss,1.3592748641967773
3308,5,train/lr,4.687524034015198e-05
3309,5,train/loss,1.3522292375564575
3309,5,train/lr,4.686137423841677e-05
3310,5,train/loss,1.3794015645980835
3310,5,train/lr,4.684750603311096e-05
3311,5,train/loss,1.4121112823486328
3311,5,train/lr,4.6833635726694015e-05
3312,5,train/loss,1.3392201662063599
3312,5,train/lr,4.68197633216258e-05
3313,5,train/loss,1.222691297531128
3313,5,train/lr,4.6805888820366526e-05
3314,5,train/loss,1.28672456741333
3314,5,train/lr,4.679201222537677e-05
3315,5,train/loss,1.2958126068115234
3315,5,train/lr,4.677813353911753e-05
3316,5,train/loss,1.7764909267425537
3316,5,train/lr,4.67642527640501e-05
3317,5,train/loss,1.312950611114502
3317,5,train/lr,4.675036990263621e-05
3318,5,train/loss,1.382279872894287
3318,5,train/lr,4.6736484957337926e-05
3319,5,train/loss,1.4137163162231445
3319,5,train/lr,4.6722597930617675e-05
3320,5,train/loss,1.3795504570007324
3320,5,train/lr,4.670870882493831e-05
3321,5,train/loss,1.5470572710037231
3321,5,train/lr,4.669481764276297e-05
3322,5,train/loss,1.333912968635559
3322,5,train/lr,4.668092438655522e-05
3323,5,train/loss,1.4311773777008057
3323,5,train/lr,4.666702905877899e-05
3324,5,train/loss,1.3573496341705322
3324,5,train/lr,4.665313166189854e-05
3325,5,train/loss,1.284186840057373
3325,5,train/lr,4.663923219837855e-05
3326,5,train/loss,1.3600335121154785
3326,5,train/lr,4.662533067068401e-05
3327,5,train/loss,1.3407765626907349
3327,5,train/lr,4.661142708128033e-05
3328,5,train/loss,1.3808932304382324
3328,5,train/lr,4.6597521432633245e-05
3329,5,train/loss,1.215172290802002
3329,5,train/lr,4.658361372720887e-05
3330,5,train/loss,1.4314067363739014
3330,5,train/lr,4.6569703967473684e-05
3331,5,train/loss,1.3888444900512695
3331,5,train/lr,4.6555792155894534e-05
3332,5,train/loss,1.5132510662078857
3332,5,train/lr,4.654187829493864e-05
3333,5,train/loss,1.3710389137268066
3333,5,train/lr,4.652796238707355e-05
3334,5,train/loss,1.3119207620620728
3334,5,train/lr,4.6514044434767215e-05
3335,5,train/loss,1.412921667098999
3335,5,train/lr,4.6500124440487935e-05
3336,5,train/loss,1.2958755493164062
3336,5,train/lr,4.6486202406704355e-05
3337,5,train/loss,1.4737619161605835
3337,5,train/lr,4.6472278335885506e-05
3338,5,train/loss,1.4098042249679565
3338,5,train/lr,4.6458352230500756e-05
3339,5,train/loss,1.1780829429626465
3339,5,train/lr,4.644442409301987e-05
3340,5,train/loss,1.177990198135376
3340,5,train/lr,4.643049392591294e-05
3341,5,train/loss,1.2392308712005615
3341,5,train/lr,4.641656173165043e-05
3342,5,train/loss,1.41453218460083
3342,5,train/lr,4.6402627512703164e-05
3343,5,train/loss,1.4934508800506592
3343,5,train/lr,4.638869127154231e-05
3344,5,train/loss,1.5616660118103027
3344,5,train/lr,4.637475301063943e-05
3345,5,train/loss,1.4125666618347168
3345,5,train/lr,4.636081273246642e-05
3346,5,train/loss,1.454270601272583
3346,5,train/lr,4.634687043949552e-05
3347,5,train/loss,1.3930420875549316
3347,5,train/lr,4.633292613419936e-05
3348,5,train/loss,1.3273200988769531
3348,5,train/lr,4.63189798190509e-05
3349,5,train/loss,1.2674204111099243
3349,5,train/lr,4.630503149652347e-05
3350,5,train/loss,1.3259851932525635
3350,5,train/lr,4.629108116909078e-05
3351,5,train/loss,1.4472601413726807
3351,5,train/lr,4.627712883922681e-05
3352,5,train/loss,1.41709566116333
3352,5,train/lr,4.6263174509406004e-05
3353,5,train/loss,1.2874116897583008
3353,5,train/lr,4.624921818210309e-05
3354,5,train/loss,1.4528553485870361
3354,5,train/lr,4.623525985979317e-05
3355,5,train/loss,1.4289934635162354
3355,5,train/lr,4.622129954495171e-05
3356,5,train/loss,1.4715185165405273
3356,5,train/lr,4.620733724005452e-05
3357,5,train/loss,1.4848273992538452
3357,5,train/lr,4.6193372947577744e-05
3358,5,train/loss,1.4000020027160645
3358,5,train/lr,4.617940666999793e-05
3359,5,train/loss,1.451411485671997
3359,5,train/lr,4.6165438409791905e-05
3360,5,train/loss,1.4620134830474854
3360,5,train/lr,4.6151468169436926e-05
3361,5,train/loss,1.2417919635772705
3361,5,train/lr,4.6137495951410544e-05
3362,5,train/loss,1.5041446685791016
3362,5,train/lr,4.6123521758190694e-05
3363,5,train/loss,1.3181344270706177
3363,5,train/lr,4.610954559225561e-05
3364,5,train/loss,1.323209285736084
3364,5,train/lr,4.609556745608395e-05
3365,5,train/loss,1.3385374546051025
3365,5,train/lr,4.6081587352154673e-05
3366,5,train/loss,1.4725885391235352
3366,5,train/lr,4.60676052829471e-05
3367,5,train/loss,1.3901705741882324
3367,5,train/lr,4.60536212509409e-05
3368,5,train/loss,1.4288190603256226
3368,5,train/lr,4.603963525861608e-05
3369,5,train/loss,1.507509708404541
3369,5,train/lr,4.6025647308453015e-05
3370,5,train/loss,1.498769998550415
3370,5,train/lr,4.601165740293242e-05
3371,5,train/loss,1.4625983238220215
3371,5,train/lr,4.5997665544535336e-05
3372,5,train/loss,1.3658788204193115
3372,5,train/lr,4.598367173574317e-05
3373,5,train/loss,1.5209157466888428
3373,5,train/lr,4.596967597903769e-05
3374,5,train/loss,1.350401520729065
3374,5,train/lr,4.595567827690097e-05
3375,5,train/loss,1.378918170928955
3375,5,train/lr,4.594167863181546e-05
3376,5,train/loss,1.5693882703781128
3376,5,train/lr,4.5927677046263945e-05
3377,5,train/loss,1.334810733795166
3377,5,train/lr,4.591367352272955e-05
3378,5,train/loss,1.3900952339172363
3378,5,train/lr,4.5899668063695756e-05
3379,5,train/loss,1.3498716354370117
3379,5,train/lr,4.588566067164637e-05
3380,5,train/loss,1.4217150211334229
3380,5,train/lr,4.587165134906555e-05
3381,5,train/loss,1.428561806678772
3381,5,train/lr,4.5857640098437814e-05
3382,5,train/loss,1.3424320220947266
3382,5,train/lr,4.584362692224799e-05
3383,5,train/loss,1.3122446537017822
3383,5,train/lr,4.5829611822981266e-05
3384,5,train/loss,1.6062345504760742
3384,5,train/lr,4.581559480312316e-05
3385,5,train/loss,1.3817294836044312
3385,5,train/lr,4.580157586515956e-05
3386,5,train/loss,1.3763684034347534
3386,5,train/lr,4.5787555011576635e-05
3387,5,train/loss,1.519926905632019
3387,5,train/lr,4.5773532244860975e-05
3388,5,train/loss,1.3299745321273804
3388,5,train/lr,4.575950756749944e-05
3389,5,train/loss,1.4692374467849731
3389,5,train/lr,4.5745480981979244e-05
3390,5,train/loss,1.4070473909378052
3390,5,train/lr,4.573145249078799e-05
3391,5,train/loss,1.2935208082199097
3391,5,train/lr,4.5717422096413536e-05
3392,5,train/loss,1.309963583946228
3392,5,train/lr,4.5703389801344156e-05
3393,5,train/loss,1.456301212310791
3393,5,train/lr,4.5689355608068385e-05
3394,5,train/loss,1.3668276071548462
3394,5,train/lr,4.567531951907518e-05
3395,5,train/loss,1.5062832832336426
3395,5,train/lr,4.566128153685376e-05
3396,5,train/loss,1.635178565979004
3396,5,train/lr,4.564724166389371e-05
3397,5,train/loss,1.2396719455718994
3397,5,train/lr,4.563319990268496e-05
3398,5,train/loss,1.3329381942749023
3398,5,train/lr,4.5619156255717754e-05
3399,5,train/loss,1.4186075925827026
3399,5,train/lr,4.5605110725482685e-05
3400,5,train/loss,1.2854175567626953
3400,5,train/lr,4.559106331447068e-05
3401,5,train/loss,1.3872514963150024
3401,5,train/lr,4.557701402517299e-05
3402,5,train/loss,1.3969931602478027
3402,5,train/lr,4.556296286008121e-05
3403,5,train/loss,1.3260352611541748
3403,5,train/lr,4.5548909821687246e-05
3404,5,train/loss,1.2811741828918457
3404,5,train/lr,4.553485491248337e-05
3405,5,train/loss,1.3382134437561035
3405,5,train/lr,4.5520798134962165e-05
3406,5,train/loss,1.3489817380905151
3406,5,train/lr,4.550673949161655e-05
3407,5,train/loss,1.4563474655151367
3407,5,train/lr,4.549267898493977e-05
3408,5,train/loss,1.3936166763305664
3408,5,train/lr,4.547861661742538e-05
3409,5,train/loss,1.4213098287582397
3409,5,train/lr,4.546455239156731e-05
3410,5,train/loss,1.283355474472046
3410,5,train/lr,4.545048630985982e-05
3411,5,train/loss,1.3542882204055786
3411,5,train/lr,4.543641837479744e-05
3412,5,train/loss,1.418015718460083
3412,5,train/lr,4.5422348588875084e-05
3413,5,train/loss,1.2954535484313965
3413,5,train/lr,4.5408276954587976e-05
3414,5,train/loss,1.34828782081604
3414,5,train/lr,4.539420347443166e-05
3415,5,train/loss,1.397918462753296
3415,5,train/lr,4.538012815090203e-05
3416,5,train/loss,1.2946598529815674
3416,5,train/lr,4.536605098649528e-05
3417,5,train/loss,1.3499035835266113
3417,5,train/lr,4.535197198370794e-05
3418,5,train/loss,1.5444538593292236
3418,5,train/lr,4.5337891145036876e-05
3419,5,train/loss,1.3952348232269287
3419,5,train/lr,4.532380847297927e-05
3420,5,train/loss,1.463960886001587
3420,5,train/lr,4.530972397003264e-05
3421,5,train/loss,1.456085205078125
3421,5,train/lr,4.52956376386948e-05
3422,5,train/loss,1.2668498754501343
3422,5,train/lr,4.528154948146394e-05
3423,5,train/loss,1.6042639017105103
3423,5,train/lr,4.52674595008385e-05
3424,5,train/loss,1.352277159690857
3424,5,train/lr,4.525336769931732e-05
3425,5,train/loss,1.2902209758758545
3425,5,train/lr,4.5239274079399514e-05
3426,5,train/loss,1.310255765914917
3426,5,train/lr,4.522517864358454e-05
3427,5,train/loss,1.3131811618804932
3427,5,train/lr,4.521108139437218e-05
3428,5,train/loss,1.2480655908584595
3428,5,train/lr,4.51969823342625e-05
3429,5,train/loss,1.3045819997787476
3429,5,train/lr,4.518288146575594e-05
3430,5,train/loss,1.4885810613632202
3430,5,train/lr,4.5168778791353216e-05
3431,5,train/loss,1.3447355031967163
3431,5,train/lr,4.515467431355541e-05
3432,5,train/loss,1.5511021614074707
3432,5,train/lr,4.514056803486389e-05
3433,5,train/loss,1.4847023487091064
3433,5,train/lr,4.512645995778034e-05
3434,5,train/loss,1.2430098056793213
3434,5,train/lr,4.511235008480678e-05
3435,5,train/loss,1.3284133672714233
3435,5,train/lr,4.509823841844556e-05
3436,5,train/loss,1.2605944871902466
3436,5,train/lr,4.5084124961199304e-05
3437,5,train/loss,1.3971376419067383
3437,5,train/lr,4.5070009715571006e-05
3438,5,train/loss,1.3294225931167603
3438,5,train/lr,4.505589268406393e-05
3439,5,train/loss,1.3547903299331665
3439,5,train/lr,4.5041773869181706e-05
3440,5,train/loss,1.3367416858673096
3440,5,train/lr,4.502765327342823e-05
3441,5,train/loss,1.331770658493042
3441,5,train/lr,4.501353089930775e-05
3442,5,train/loss,1.398747205734253
3442,5,train/lr,4.4999406749324815e-05
3443,5,train/loss,1.4166080951690674
3443,5,train/lr,4.4985280825984276e-05
3444,5,train/loss,1.4963972568511963
3444,5,train/lr,4.497115313179132e-05
3445,5,train/loss,1.3380556106567383
3445,5,train/lr,4.4957023669251465e-05
3446,5,train/loss,1.6319246292114258
3446,5,train/lr,4.494289244087048e-05
3447,5,train/loss,1.18155038356781
3447,5,train/lr,4.492875944915452e-05
3448,5,train/loss,1.4774647951126099
3448,5,train/lr,4.491462469660999e-05
3449,5,train/loss,1.2548213005065918
3449,5,train/lr,4.490048818574366e-05
3450,5,train/loss,1.4487334489822388
3450,5,train/lr,4.488634991906257e-05
3451,5,train/loss,1.2173633575439453
3451,5,train/lr,4.48722098990741e-05
3452,5,train/loss,1.3486541509628296
3452,5,train/lr,4.485806812828593e-05
3453,5,train/loss,1.5490703582763672
3453,5,train/lr,4.4843924609206037e-05
3454,5,train/loss,1.3626606464385986
3454,5,train/lr,4.482977934434274e-05
3455,5,train/loss,1.3842366933822632
3455,5,train/lr,4.481563233620462e-05
3456,5,train/loss,1.414048194885254
3456,5,train/lr,4.4801483587300636e-05
3457,5,train/loss,1.2472965717315674
3457,5,train/lr,4.478733310013998e-05
3458,5,train/loss,1.4745590686798096
3458,5,train/lr,4.477318087723221e-05
3459,5,train/loss,1.414107084274292
3459,5,train/lr,4.4759026921087175e-05
3460,5,train/loss,1.2511142492294312
3460,5,train/lr,4.4744871234215e-05
3461,5,train/loss,1.2444300651550293
3461,5,train/lr,4.473071381912617e-05
3462,5,train/loss,1.430776834487915
3462,5,train/lr,4.471655467833144e-05
3463,5,train/loss,1.3490371704101562
3463,5,train/lr,4.4702393814341875e-05
3464,5,train/loss,1.248936653137207
3464,5,train/lr,4.4688231229668865e-05
3465,5,train/loss,1.3723368644714355
3465,5,train/lr,4.4674066926824074e-05
3466,5,train/loss,1.3547072410583496
3466,5,train/lr,4.46599009083195e-05
3467,5,train/loss,1.4207377433776855
3467,5,train/lr,4.464573317666743e-05
3468,5,train/loss,1.2891448736190796
3468,5,train/lr,4.463156373438046e-05
3469,5,train/loss,1.4827375411987305
3469,5,train/lr,4.461739258397149e-05
3470,5,train/loss,1.434654951095581
3470,5,train/lr,4.4603219727953714e-05
3471,5,train/loss,1.3164161443710327
3471,5,train/lr,4.458904516884064e-05
3472,5,train/loss,1.385366678237915
3472,5,train/lr,4.4574868909146075e-05
3473,5,train/loss,1.432978630065918
3473,5,train/lr,4.456069095138414e-05
3474,5,train/loss,1.4222469329833984
3474,5,train/lr,4.4546511298069215e-05
3475,5,train/loss,1.2994502782821655
3475,5,train/lr,4.4532329951716014e-05
3476,5,train/loss,1.3928265571594238
3476,5,train/lr,4.451814691483955e-05
3477,5,train/loss,1.3080726861953735
3477,5,train/lr,4.450396218995516e-05
3478,5,train/loss,1.2913002967834473
3478,5,train/lr,4.44897757795784e-05
3479,5,train/loss,1.3157185316085815
3479,5,train/lr,4.447558768622522e-05
3480,5,train/loss,1.325430154800415
3480,5,train/lr,4.44613979124118e-05
3481,5,train/loss,1.3300825357437134
3481,5,train/lr,4.444720646065465e-05
3482,5,train/loss,1.3518706560134888
3482,5,train/lr,4.4433013333470585e-05
3483,5,train/loss,1.5809354782104492
3483,5,train/lr,4.4418818533376686e-05
3484,5,train/loss,1.3560857772827148
3484,5,train/lr,4.4404622062890365e-05
3485,5,train/loss,1.5027523040771484
3485,5,train/lr,4.4390423924529303e-05
3486,5,train/loss,1.3327457904815674
3486,5,train/lr,4.437622412081148e-05
3487,5,train/loss,1.3511322736740112
3487,5,train/lr,4.436202265425519e-05
3488,5,train/loss,1.3127002716064453
3488,5,train/lr,4.4347819527379e-05
3489,5,train/loss,1.301223635673523
3489,5,train/lr,4.433361474270179e-05
3490,5,train/loss,1.349294662475586
3490,5,train/lr,4.4319408302742724e-05
3491,5,train/loss,1.3326152563095093
3491,5,train/lr,4.4305200210021254e-05
3492,5,train/loss,1.276527762413025
3492,5,train/lr,4.4290990467057144e-05
3493,5,train/loss,1.4232605695724487
3493,5,train/lr,4.427677907637043e-05
3494,5,train/loss,1.3358062505722046
3494,5,train/lr,4.4262566040481465e-05
3495,5,train/loss,1.4573725461959839
3495,5,train/lr,4.424835136191085e-05
3496,5,train/loss,1.4208743572235107
3496,5,train/lr,4.423413504317954e-05
3497,5,train/loss,1.3284766674041748
3497,5,train/lr,4.421991708680873e-05
3498,5,train/loss,1.3334417343139648
3498,5,train/lr,4.42056974953199e-05
3499,5,train/loss,1.2896287441253662
3499,5,train/lr,4.419147627123487e-05
3500,5,train/loss,1.5218660831451416
3500,5,train/lr,4.417725341707571e-05
3501,5,train/loss,1.3070539236068726
3501,5,train/lr,4.416302893536479e-05
3502,5,train/loss,1.4489935636520386
3502,5,train/lr,4.414880282862477e-05
3503,5,train/loss,1.3918347358703613
3503,5,train/lr,4.41345750993786e-05
3504,5,train/loss,1.3445160388946533
3504,5,train/lr,4.412034575014953e-05
3505,5,train/loss,1.3568105697631836
3505,5,train/lr,4.410611478346105e-05
3506,5,train/loss,1.387923240661621
3506,5,train/lr,4.409188220183699e-05
3507,5,train/loss,1.3642932176589966
3507,5,train/lr,4.407764800780145e-05
3508,5,train/loss,1.451258897781372
3508,5,train/lr,4.4063412203878786e-05
3509,5,train/loss,1.1750493049621582
3509,5,train/lr,4.4049174792593686e-05
3510,5,train/loss,1.312996506690979
3510,5,train/lr,4.403493577647109e-05
3511,5,train/loss,1.32289719581604
3511,5,train/lr,4.402069515803624e-05
3512,5,train/loss,1.365855097770691
3512,5,train/lr,4.400645293981467e-05
3513,5,train/loss,1.3310487270355225
3513,5,train/lr,4.3992209124332165e-05
3514,5,train/loss,1.2769694328308105
3514,5,train/lr,4.397796371411482e-05
3515,5,train/loss,1.3271900415420532
3515,5,train/lr,4.3963716711689006e-05
3516,5,train/loss,1.278895616531372
3516,5,train/lr,4.394946811958137e-05
3517,5,train/loss,1.4303991794586182
3517,5,train/lr,4.393521794031886e-05
3518,5,train/loss,1.4470924139022827
3518,5,train/lr,4.3920966176428684e-05
3519,5,train/loss,1.491126298904419
3519,5,train/lr,4.390671283043834e-05
3520,5,train/loss,1.5040018558502197
3520,5,train/lr,4.3892457904875603e-05
3521,5,train/loss,1.3325387239456177
3521,5,train/lr,4.387820140226852e-05
3522,5,train/loss,1.4939814805984497
3522,5,train/lr,4.3863943325145465e-05
3523,5,train/loss,1.4432892799377441
3523,5,train/lr,4.384968367603502e-05
3524,5,train/loss,1.2678190469741821
3524,5,train/lr,4.3835422457466094e-05
3525,5,train/loss,1.2738046646118164
3525,5,train/lr,4.382115967196786e-05
3526,5,train/loss,1.3176660537719727
3526,5,train/lr,4.380689532206976e-05
3527,5,train/loss,1.3854873180389404
3527,5,train/lr,4.379262941030156e-05
3528,5,train/loss,1.4748668670654297
3528,5,train/lr,4.377836193919321e-05
3529,5,train/loss,1.3007185459136963
3529,5,train/lr,4.376409291127504e-05
3530,5,train/loss,1.375106692314148
3530,5,train/lr,4.374982232907759e-05
3531,5,train/loss,1.4698232412338257
3531,5,train/lr,4.37355501951317e-05
3532,5,train/loss,1.349421739578247
3532,5,train/lr,4.3721276511968464e-05
3533,5,train/loss,1.3519539833068848
3533,5,train/lr,4.370700128211929e-05
3534,5,train/loss,1.4345192909240723
3534,5,train/lr,4.369272450811582e-05
3535,5,train/loss,1.2825517654418945
3535,5,train/lr,4.367844619248999e-05
3536,5,train/loss,1.4979078769683838
3536,5,train/lr,4.3664166337774e-05
3537,5,train/loss,1.5681132078170776
3537,5,train/lr,4.364988494650036e-05
3538,5,train/loss,1.3681086301803589
3538,5,train/lr,4.363560202120178e-05
3539,5,train/loss,1.2787854671478271
3539,5,train/lr,4.362131756441132e-05
3540,5,train/loss,1.2861863374710083
3540,5,train/lr,4.360703157866224e-05
3541,5,train/loss,1.4034762382507324
3541,5,train/lr,4.359274406648814e-05
3542,5,train/loss,1.3753302097320557
3542,5,train/lr,4.357845503042284e-05
3543,5,train/loss,1.3295106887817383
3543,5,train/lr,4.3564164473000444e-05
3544,5,train/loss,1.4096229076385498
3544,5,train/lr,4.354987239675534e-05
3545,5,train/loss,1.4729857444763184
3545,5,train/lr,4.353557880422216e-05
3546,5,train/loss,1.2948676347732544
3546,5,train/lr,4.352128369793583e-05
3547,5,train/loss,1.2744858264923096
3547,5,train/lr,4.350698708043154e-05
3548,5,train/loss,1.4486678838729858
3548,5,train/lr,4.3492688954244725e-05
3549,5,train/loss,1.3299040794372559
3549,5,train/lr,4.347838932191112e-05
3550,5,train/loss,1.2779431343078613
3550,5,train/lr,4.3464088185966704e-05
3551,5,train/loss,1.3515801429748535
3551,5,train/lr,4.344978554894773e-05
3552,5,train/loss,1.4555323123931885
3552,5,train/lr,4.3435481413390726e-05
3553,5,train/loss,1.4276187419891357
3553,5,train/lr,4.342117578183246e-05
3554,5,train/loss,1.3524490594863892
3554,5,train/lr,4.340686865681001e-05
3555,5,train/loss,1.3176987171173096
3555,5,train/lr,4.339256004086066e-05
3556,5,train/loss,1.3677055835723877
3556,5,train/lr,4.3378249936522003e-05
3557,5,train/loss,1.5479440689086914
3557,5,train/lr,4.336393834633189e-05
3558,5,train/loss,1.3493800163269043
3558,5,train/lr,4.3349625272828415e-05
3559,5,train/loss,1.2272839546203613
3559,5,train/lr,4.333531071854997e-05
3560,5,train/loss,1.5328171253204346
3560,5,train/lr,4.3320994686035156e-05
3561,5,train/loss,1.3249399662017822
3561,5,train/lr,4.3306677177822885e-05
3562,5,train/loss,1.3217077255249023
3562,5,train/lr,4.329235819645233e-05
3563,5,train/loss,1.3438537120819092
3563,5,train/lr,4.327803774446289e-05
3564,5,train/loss,1.341723918914795
3564,5,train/lr,4.3263715824394255e-05
3565,5,train/loss,1.2881677150726318
3565,5,train/lr,4.324939243878634e-05
3566,5,train/loss,1.3084131479263306
3566,5,train/lr,4.3235067590179366e-05
3567,5,train/loss,1.4040453433990479
3567,5,train/lr,4.322074128111379e-05
3568,5,train/loss,1.4591206312179565
3568,5,train/lr,4.320641351413032e-05
3569,5,train/loss,1.4983549118041992
3569,5,train/lr,4.3192084291769944e-05
3570,5,train/loss,1.4110667705535889
3570,5,train/lr,4.3177753616573886e-05
3571,5,train/loss,1.3684346675872803
3571,5,train/lr,4.3163421491083646e-05
3572,5,train/loss,1.3882527351379395
3572,5,train/lr,4.314908791784097e-05
3573,5,train/loss,1.3285136222839355
3573,5,train/lr,4.313475289938786e-05
3574,5,train/loss,1.3971765041351318
3574,5,train/lr,4.312041643826659e-05
3575,5,train/loss,1.4658892154693604
3575,5,train/lr,4.310607853701966e-05
3576,5,train/loss,1.294065237045288
3576,5,train/lr,4.3091739198189866e-05
3577,5,train/loss,1.2269134521484375
3577,5,train/lr,4.3077398424320216e-05
3578,5,train/loss,1.4994847774505615
3578,5,train/lr,4.306305621795399e-05
3579,5,train/loss,1.4392318725585938
3579,5,train/lr,4.304871258163475e-05
3580,5,train/loss,1.3047164678573608
3580,5,train/lr,4.3034367517906267e-05
3581,5,train/loss,1.4819085597991943
3581,5,train/lr,4.302002102931259e-05
3582,5,train/loss,1.4293266534805298
3582,5,train/lr,4.3005673118398015e-05
3583,5,train/loss,1.3884813785552979
3583,5,train/lr,4.299132378770708e-05
3584,5,train/loss,1.336452603340149
3584,5,train/lr,4.2976973039784614e-05
3585,5,train/loss,1.3495228290557861
3585,5,train/lr,4.296262087717565e-05
3586,5,train/loss,1.2882869243621826
3586,5,train/lr,4.2948267302425484e-05
3587,5,train/loss,1.3331809043884277
3587,5,train/lr,4.2933912318079674e-05
3588,5,train/loss,1.321272611618042
3588,5,train/lr,4.2919555926684034e-05
3589,5,train/loss,1.2921751737594604
3589,5,train/lr,4.290519813078461e-05
3590,5,train/loss,1.428591012954712
3590,5,train/lr,4.289083893292769e-05
3591,5,train/loss,1.334143042564392
3591,5,train/lr,4.2876478335659846e-05
3592,5,train/loss,1.3711421489715576
3592,5,train/lr,4.2862116341527867e-05
3593,5,train/loss,1.416452169418335
3593,5,train/lr,4.284775295307879e-05
3594,5,train/loss,1.4732277393341064
3594,5,train/lr,4.2833388172859925e-05
3595,5,train/loss,1.241572380065918
3595,5,train/lr,4.28190220034188e-05
3596,5,train/loss,1.409139633178711
3596,5,train/lr,4.280465444730322e-05
3597,5,train/loss,1.3229422569274902
3597,5,train/lr,4.279028550706119e-05
3598,5,train/loss,1.3600469827651978
3598,5,train/lr,4.277591518524101e-05
3599,5,train/loss,1.347012996673584
3599,5,train/lr,4.27615434843912e-05
3600,5,train/loss,1.5139431953430176
3600,5,train/lr,4.274717040706051e-05
3601,5,train/loss,1.4431376457214355
3601,5,train/lr,4.273279595579797e-05
3602,5,train/loss,1.4246056079864502
3602,5,train/lr,4.2718420133152836e-05
3603,5,train/loss,1.3740503787994385
3603,5,train/lr,4.270404294167459e-05
3604,5,train/loss,1.370504379272461
3604,5,train/lr,4.2689664383912995e-05
3605,5,train/loss,1.353732705116272
3605,5,train/lr,4.267528446241802e-05
3606,5,train/loss,1.3709397315979004
3606,5,train/lr,4.26609031797399e-05
3607,5,train/loss,1.5096430778503418
3607,5,train/lr,4.26465205384291e-05
3608,5,train/loss,1.505661964416504
3608,5,train/lr,4.263213654103632e-05
3609,5,train/loss,1.1661497354507446
3609,5,train/lr,4.2617751190112516e-05
3610,5,train/loss,1.3840625286102295
3610,5,train/lr,4.260336448820886e-05
3611,5,train/loss,1.2618310451507568
3611,5,train/lr,4.258897643787681e-05
3612,5,train/loss,1.5090875625610352
3612,5,train/lr,4.2574587041668005e-05
3613,5,train/loss,1.2404345273971558
3613,5,train/lr,4.256019630213437e-05
3614,5,train/loss,1.3507988452911377
3614,5,train/lr,4.254580422182804e-05
3615,5,train/loss,1.2970211505889893
3615,5,train/lr,4.253141080330139e-05
3616,5,train/loss,1.301303505897522
3616,5,train/lr,4.251701604910707e-05
3617,5,train/loss,1.3115777969360352
3617,5,train/lr,4.25026199617979e-05
3618,5,train/loss,1.3562445640563965
3618,5,train/lr,4.2488222543926996e-05
3619,5,train/loss,1.5670462846755981
3619,5,train/lr,4.2473823798047666e-05
3620,5,train/loss,1.3852641582489014
3620,5,train/lr,4.2459423726713494e-05
3621,5,train/loss,1.4454548358917236
3621,5,train/lr,4.244502233247827e-05
3622,5,train/loss,1.2912957668304443
3622,5,train/lr,4.2430619617896026e-05
3623,5,train/loss,1.3045896291732788
3623,5,train/lr,4.241621558552103e-05
3624,5,train/loss,1.2624905109405518
3624,5,train/lr,4.240181023790779e-05
3625,5,train/loss,1.4199668169021606
3625,5,train/lr,4.2387403577611027e-05
3626,5,train/loss,1.282962441444397
3626,5,train/lr,4.237299560718573e-05
3627,5,train/loss,1.4315052032470703
3627,5,train/lr,4.235858632918708e-05
3628,5,train/loss,1.3814551830291748
3628,5,train/lr,4.234417574617051e-05
3629,5,train/loss,1.255311369895935
3629,5,train/lr,4.23297638606917e-05
3630,5,train/loss,1.5501267910003662
3630,5,train/lr,4.231535067530654e-05
3631,5,train/loss,1.4567737579345703
3631,5,train/lr,4.230093619257114e-05
3632,5,train/loss,1.331132411956787
3632,5,train/lr,4.2286520415041865e-05
3633,5,train/loss,1.463059902191162
3633,5,train/lr,4.227210334527529e-05
3634,5,train/loss,1.4172693490982056
3634,5,train/lr,4.225768498582824e-05
3635,5,train/loss,1.418407678604126
3635,5,train/lr,4.224326533925775e-05
3636,5,train/loss,1.5214073657989502
3636,5,train/lr,4.2228844408121106e-05
3637,5,train/loss,1.3546881675720215
3637,5,train/lr,4.2214422194975784e-05
3638,5,train/loss,1.3623592853546143
3638,5,train/lr,4.2199998702379524e-05
3639,5,train/loss,1.2782011032104492
3639,5,train/lr,4.2185573932890285e-05
3640,5,train/loss,1.2983863353729248
3640,5,train/lr,4.217114788906622e-05
3641,5,train/loss,1.2691482305526733
3641,5,train/lr,4.2156720573465765e-05
3642,5,train/loss,1.3794598579406738
3642,5,train/lr,4.214229198864754e-05
3643,5,train/loss,1.388171911239624
3643,5,train/lr,4.212786213717038e-05
3644,5,train/loss,1.4286601543426514
3644,5,train/lr,4.21134310215934e-05
3645,5,train/loss,1.5275986194610596
3645,5,train/lr,4.209899864447588e-05
3646,5,train/loss,1.3588731288909912
3646,5,train/lr,4.208456500837735e-05
3647,5,train/loss,1.394291639328003
3647,5,train/lr,4.207013011585758e-05
3648,5,train/loss,1.3268578052520752
3648,5,train/lr,4.205569396947652e-05
3649,5,train/loss,1.5342800617218018
3649,5,train/lr,4.2041256571794395e-05
3650,5,train/loss,1.3067669868469238
3650,5,train/lr,4.202681792537159e-05
3651,5,train/loss,1.3739176988601685
3651,5,train/lr,4.201237803276878e-05
3652,5,train/loss,1.5425243377685547
3652,5,train/lr,4.19979368965468e-05
3653,5,train/loss,1.4098076820373535
3653,5,train/lr,4.1983494519266744e-05
3654,5,train/loss,1.3696014881134033
3654,5,train/lr,4.1969050903489924e-05
3655,5,train/loss,1.292148470878601
3655,5,train/lr,4.1954606051777826e-05
3656,5,train/loss,1.2496470212936401
3656,5,train/lr,4.1940159966692224e-05
3657,5,train/loss,1.3587679862976074
3657,5,train/lr,4.192571265079506e-05
3658,5,train/loss,1.5152745246887207
3658,5,train/lr,4.1911264106648524e-05
3659,5,train/loss,1.4078866243362427
3659,5,train/lr,4.189681433681501e-05
3660,5,train/loss,1.1745645999908447
3660,5,train/lr,4.188236334385712e-05
3661,5,train/loss,1.3332074880599976
3661,5,train/lr,4.1867911130337706e-05
3662,5,train/loss,1.3617305755615234
3662,5,train/lr,4.185345769881978e-05
3663,5,train/loss,1.5591325759887695
3663,5,train/lr,4.183900305186663e-05
3664,5,train/loss,1.24171781539917
3664,5,train/lr,4.182454719204173e-05
3665,5,train/loss,1.2079890966415405
3665,5,train/lr,4.181009012190878e-05
3666,5,train/loss,1.338364601135254
3666,5,train/lr,4.179563184403167e-05
3667,5,train/loss,1.444741129875183
3667,5,train/lr,4.1781172360974525e-05
3668,5,train/loss,1.443505048751831
3668,5,train/lr,4.176671167530168e-05
3669,5,train/loss,1.5441924333572388
3669,5,train/lr,4.17522497895777e-05
3670,5,train/loss,1.6896371841430664
3670,5,train/lr,4.173778670636733e-05
3671,5,train/loss,1.252128005027771
3671,5,train/lr,4.172332242823556e-05
3672,5,train/loss,1.3186267614364624
3672,5,train/lr,4.1708856957747556e-05
3673,5,train/loss,1.455681562423706
3673,5,train/lr,4.169439029746872e-05
3674,5,train/loss,1.482790470123291
3674,5,train/lr,4.167992244996468e-05
3675,5,train/loss,1.3805599212646484
3675,5,train/lr,4.166545341780124e-05
3676,5,train/loss,1.3966283798217773
3676,5,train/lr,4.165098320354443e-05
3677,5,train/loss,1.36088228225708
3677,5,train/lr,4.163651180976047e-05
3678,5,train/loss,1.1695876121520996
3678,5,train/lr,4.162203923901584e-05
3679,5,train/loss,1.4143056869506836
3679,5,train/lr,4.1607565493877185e-05
3680,5,train/loss,1.3155816793441772
3680,5,train/lr,4.1593090576911355e-05
3681,5,train/loss,1.4365475177764893
3681,5,train/lr,4.157861449068545e-05
3682,5,train/loss,1.415547490119934
3682,5,train/lr,4.156413723776672e-05
3683,5,train/loss,1.3240493535995483
3683,5,train/lr,4.154965882072267e-05
3684,5,train/loss,1.3657342195510864
3684,5,train/lr,4.1535179242121004e-05
3685,5,train/loss,1.3551970720291138
3685,5,train/lr,4.15206985045296e-05
3686,5,train/loss,1.3749604225158691
3686,5,train/lr,4.150621661051657e-05
3687,5,train/loss,1.302396535873413
3687,5,train/lr,4.149173356265024e-05
3688,5,train/loss,1.2747159004211426
3688,5,train/lr,4.1477249363499084e-05
3689,5,train/loss,1.3456683158874512
3689,5,train/lr,4.1462764015631865e-05
3690,5,train/loss,1.3048427104949951
3690,5,train/lr,4.1448277521617476e-05
3691,5,train/loss,1.3458538055419922
3691,5,train/lr,4.1433789884025064e-05
3692,5,train/loss,1.2932273149490356
3692,5,train/lr,4.1419301105423944e-05
3693,5,train/loss,1.4133594036102295
3693,5,train/lr,4.140481118838364e-05
3694,5,train/loss,1.400824785232544
3694,5,train/lr,4.139032013547391e-05
3695,5,train/loss,1.4062925577163696
3695,5,train/lr,4.1375827949264666e-05
3696,5,train/loss,1.2438055276870728
3696,5,train/lr,4.136133463232605e-05
3697,5,train/loss,1.2441315650939941
3697,5,train/lr,4.1346840187228405e-05
3698,5,train/loss,1.4614777565002441
3698,5,train/lr,4.1332344616542256e-05
3699,5,train/loss,1.1939574480056763
3699,5,train/lr,4.131784792283836e-05
3700,5,train/loss,1.279330849647522
3700,5,train/lr,4.130335010868761e-05
3701,5,train/loss,1.4262757301330566
3701,5,train/lr,4.128885117666118e-05
3702,5,train/loss,1.42527174949646
3702,5,train/lr,4.1274351129330376e-05
3703,5,train/loss,1.4477649927139282
3703,5,train/lr,4.125984996926674e-05
3704,5,train/loss,1.2857195138931274
3704,5,train/lr,4.1245347699042e-05
3705,5,train/loss,1.305965542793274
3705,5,train/lr,4.123084432122807e-05
3706,5,train/loss,1.4431061744689941
3706,5,train/lr,4.121633983839709e-05
3707,5,train/loss,1.5439298152923584
3707,5,train/lr,4.1201834253121345e-05
3708,5,train/loss,1.3608318567276
3708,5,train/lr,4.1187327567973374e-05
3709,5,train/loss,1.4420030117034912
3709,5,train/lr,4.117281978552588e-05
3710,5,train/loss,1.3556203842163086
3710,5,train/lr,4.1158310908351745e-05
3711,5,train/loss,1.3321545124053955
3711,5,train/lr,4.1143800939024084e-05
3712,5,train/loss,1.3361587524414062
3712,5,train/lr,4.112928988011618e-05
3713,5,train/loss,1.4135699272155762
3713,5,train/lr,4.1114777734201516e-05
3714,5,train/loss,1.4131572246551514
3714,5,train/lr,4.110026450385376e-05
3715,5,train/loss,1.3259553909301758
3715,5,train/lr,4.1085750191646777e-05
3716,5,train/loss,1.292636513710022
3716,5,train/lr,4.107123480015465e-05
3717,5,train/loss,1.2972326278686523
3717,5,train/lr,4.105671833195161e-05
3718,5,train/loss,1.3496994972229004
3718,5,train/lr,4.10422007896121e-05
3719,5,train/loss,1.3284919261932373
3719,5,train/lr,4.1027682175710755e-05
3720,5,train/loss,1.3789753913879395
3720,5,train/lr,4.10131624928224e-05
3721,5,train/loss,1.5996520519256592
3721,5,train/lr,4.099864174352204e-05
3722,5,train/loss,1.3351268768310547
3722,5,train/lr,4.0984119930384884e-05
3723,5,train/loss,1.5544402599334717
3723,5,train/lr,4.0969597055986316e-05
3724,5,train/loss,1.2922500371932983
3724,5,train/lr,4.0955073122901916e-05
3725,5,train/loss,1.253216028213501
3725,5,train/lr,4.0940548133707434e-05
3726,5,train/loss,1.4322094917297363
3726,5,train/lr,4.0926022090978854e-05
3727,5,train/loss,1.3542001247406006
3727,5,train/lr,4.0911494997292296e-05
3728,5,train/loss,1.1847612857818604
3728,5,train/lr,4.089696685522409e-05
3729,5,train/loss,1.4220858812332153
3729,5,train/lr,4.088243766735074e-05
3730,5,train/loss,1.3265900611877441
3730,5,train/lr,4.086790743624895e-05
3731,5,train/loss,1.4578181505203247
3731,5,train/lr,4.085337616449561e-05
3732,5,train/loss,1.3715770244598389
3732,5,train/lr,4.083884385466779e-05
3733,5,train/loss,1.4552814960479736
3733,5,train/lr,4.082431050934272e-05
3734,5,train/loss,1.4203298091888428
3734,5,train/lr,4.080977613109783e-05
3735,5,train/loss,1.3688842058181763
3735,5,train/lr,4.0795240722510764e-05
3736,5,train/loss,1.2479846477508545
3736,5,train/lr,4.0780704286159326e-05
3737,5,train/loss,1.2814891338348389
3737,5,train/lr,4.076616682462147e-05
3738,5,train/loss,1.2542375326156616
3738,5,train/lr,4.075162834047538e-05
3739,5,train/loss,1.5340948104858398
3739,5,train/lr,4.0737088836299394e-05
3740,5,train/loss,1.444061040878296
3740,5,train/lr,4.072254831467204e-05
3741,5,train/loss,1.4122982025146484
3741,5,train/lr,4.070800677817205e-05
3742,5,train/loss,1.4144575595855713
3742,5,train/lr,4.069346422937827e-05
3743,5,train/loss,1.3600983619689941
3743,5,train/lr,4.067892067086979e-05
3744,5,train/loss,1.329419493675232
3744,5,train/lr,4.066437610522586e-05
3745,5,train/loss,1.376971960067749
3745,5,train/lr,4.064983053502589e-05
3746,5,train/loss,1.4214484691619873
3746,5,train/lr,4.063528396284949e-05
3747,5,train/loss,1.421325445175171
3747,5,train/lr,4.0620736391276435e-05
3748,5,train/loss,1.2158823013305664
3748,5,train/lr,4.06061878228867e-05
3749,5,train/loss,1.2707462310791016
3749,5,train/lr,4.0591638260260404e-05
3750,5,train/loss,1.3370888233184814
3750,5,train/lr,4.057708770597786e-05
3751,5,train/loss,1.3903863430023193
3751,5,train/lr,4.0562536162619553e-05
3752,5,train/loss,1.398684024810791
3752,5,train/lr,4.054798363276616e-05
3753,5,train/loss,1.149704933166504
3753,5,train/lr,4.0533430118998496e-05
3754,5,train/loss,1.4289218187332153
3754,5,train/lr,4.051887562389759e-05
3755,5,train/loss,1.3833246231079102
3755,5,train/lr,4.050432015004461e-05
3756,5,train/loss,1.3087046146392822
3756,5,train/lr,4.048976370002094e-05
3757,5,train/loss,1.3508474826812744
3757,5,train/lr,4.047520627640808e-05
3758,5,train/loss,1.308872938156128
3758,5,train/lr,4.0460647881787765e-05
3759,5,train/loss,1.2740001678466797
3759,5,train/lr,4.044608851874185e-05
3760,5,train/loss,1.4539446830749512
3760,5,train/lr,4.04315281898524e-05
3761,5,train/loss,1.2631423473358154
3761,5,train/lr,4.0416966897701635e-05
3762,5,train/loss,1.352004051208496
3762,5,train/lr,4.040240464487193e-05
3763,5,train/loss,1.3041231632232666
3763,5,train/lr,4.038784143394586e-05
3764,5,train/loss,1.3011274337768555
3764,5,train/lr,4.037327726750615e-05
3765,5,train/loss,1.25405752658844
3765,5,train/lr,4.035871214813571e-05
3766,5,train/loss,1.2774440050125122
3766,5,train/lr,4.034414607841761e-05
3767,5,train/loss,1.5172784328460693
3767,5,train/lr,4.032957906093506e-05
3768,5,train/loss,1.354055404663086
3768,5,train/lr,4.031501109827151e-05
3769,5,train/loss,1.5217640399932861
3769,5,train/lr,4.030044219301049e-05
3770,5,train/loss,1.461838960647583
3770,5,train/lr,4.028587234773577e-05
3771,5,train/loss,1.3424949645996094
3771,5,train/lr,4.0271301565031255e-05
3772,5,train/loss,1.4852931499481201
3772,5,train/lr,4.025672984748102e-05
3773,5,train/loss,1.4734468460083008
3773,5,train/lr,4.024215719766929e-05
3774,5,train/loss,1.4417890310287476
3774,5,train/lr,4.022758361818048e-05
3775,5,train/loss,1.3753457069396973
3775,5,train/lr,4.0213009111599166e-05
3776,5,train/loss,1.3154224157333374
3776,5,train/lr,4.019843368051007e-05
3777,5,train/loss,1.2405455112457275
3777,5,train/lr,4.018385732749811e-05
3778,5,train/loss,1.386539101600647
3778,5,train/lr,4.016928005514833e-05
3779,5,train/loss,1.359781265258789
3779,5,train/lr,4.015470186604595e-05
3780,5,train/loss,1.3675997257232666
3780,5,train/lr,4.014012276277638e-05
3781,5,train/loss,1.3344149589538574
3781,5,train/lr,4.012554274792515e-05
3782,5,train/loss,1.3373193740844727
3782,5,train/lr,4.011096182407798e-05
3783,5,train/loss,1.320570945739746
3783,5,train/lr,4.009637999382074e-05
3784,5,train/loss,1.2506756782531738
3784,5,train/lr,4.0081797259739467e-05
3785,5,train/loss,1.296002984046936
3785,5,train/lr,4.006721362442035e-05
3786,5,train/loss,1.1986668109893799
3786,5,train/lr,4.0052629090449745e-05
3787,5,train/loss,1.5472136735916138
3787,5,train/lr,4.003804366041418e-05
3788,5,train/loss,1.3193018436431885
3788,5,train/lr,4.00234573369003e-05
3789,5,train/loss,1.370576024055481
3789,5,train/lr,4.0008870122494944e-05
3790,5,train/loss,1.2433406114578247
3790,5,train/lr,3.99942820197851e-05
3791,5,train/loss,1.3198597431182861
3791,5,train/lr,3.9979693031357926e-05
3792,5,train/loss,1.395824909210205
3792,5,train/lr,3.996510315980071e-05
3793,5,train/loss,1.288738489151001
3793,5,train/lr,3.995051240770093e-05
3794,5,train/loss,1.457656979560852
3794,5,train/lr,3.993592077764616e-05
3795,5,train/loss,1.3726435899734497
3795,5,train/lr,3.9921328272224216e-05
3796,5,train/loss,1.8872427940368652
3796,5,train/lr,3.990673489402302e-05
3797,5,train/loss,1.577516794204712
3797,5,train/lr,3.989214064563062e-05
3798,5,train/loss,1.4773225784301758
3798,5,train/lr,3.98775455296353e-05
3799,5,train/loss,1.3299360275268555
3799,5,train/lr,3.986294954862541e-05
3800,5,train/loss,1.4353153705596924
3800,5,train/lr,3.984835270518949e-05
3801,5,train/loss,1.5416496992111206
3801,5,train/lr,3.983375500191628e-05
3802,5,train/loss,1.3322221040725708
3802,5,train/lr,3.981915644139458e-05
3803,5,train/loss,1.2484228610992432
3803,5,train/lr,3.9804557026213424e-05
3804,5,train/loss,1.2984980344772339
3804,5,train/lr,3.978995675896194e-05
3805,5,train/loss,1.2976692914962769
3805,5,train/lr,3.977535564222944e-05
3806,5,train/loss,1.4217286109924316
3806,5,train/lr,3.976075367860539e-05
3807,5,train/loss,1.4340609312057495
3807,5,train/lr,3.974615087067938e-05
3808,5,train/loss,1.4308037757873535
3808,5,train/lr,3.973154722104117e-05
3809,5,train/loss,1.2864117622375488
3809,5,train/lr,3.971694273228065e-05
3810,5,train/loss,1.415541172027588
3810,5,train/lr,3.9702337406987895e-05
3811,5,train/loss,1.4933974742889404
3811,5,train/lr,3.9687731247753086e-05
3812,5,train/loss,1.2517751455307007
3812,5,train/lr,3.967312425716657e-05
3813,5,train/loss,1.2277910709381104
3813,5,train/lr,3.965851643781886e-05
3814,5,train/loss,1.3602092266082764
3814,5,train/lr,3.964390779230058e-05
3815,5,train/loss,1.3489270210266113
3815,5,train/lr,3.962929832320253e-05
3816,5,train/loss,1.3687450885772705
3816,5,train/lr,3.961468803311565e-05
3817,5,train/loss,1.368030309677124
3817,5,train/lr,3.9600076924631e-05
3818,5,train/loss,1.4697824716567993
3818,5,train/lr,3.958546500033982e-05
3819,5,train/loss,1.3890317678451538
3819,5,train/lr,3.9570852262833476e-05
3820,5,train/loss,1.4934396743774414
3820,5,train/lr,3.95562387147035e-05
3821,5,train/loss,1.4462186098098755
3821,5,train/lr,3.9541624358541525e-05
3822,5,train/loss,1.5039104223251343
3822,5,train/lr,3.9527009196939356e-05
3823,5,train/loss,1.2306180000305176
3823,5,train/lr,3.951239323248897e-05
3824,5,train/loss,1.3578612804412842
3824,5,train/lr,3.9497776467782396e-05
3825,5,train/loss,1.3699779510498047
3825,5,train/lr,3.9483158905411915e-05
3826,5,train/loss,1.3122378587722778
3826,5,train/lr,3.946854054796987e-05
3827,5,train/loss,1.3562246561050415
3827,5,train/lr,3.945392139804879e-05
3828,5,train/loss,1.2272984981536865
3828,5,train/lr,3.943930145824131e-05
3829,5,train/loss,1.3428897857666016
3829,5,train/lr,3.9424680731140226e-05
3830,5,train/loss,1.3933453559875488
3830,5,train/lr,3.941005921933848e-05
3831,5,train/loss,1.3681561946868896
3831,5,train/lr,3.939543692542913e-05
3832,5,train/loss,1.2138240337371826
3832,5,train/lr,3.93808138520054e-05
3833,5,train/loss,1.3642241954803467
3833,5,train/lr,3.936619000166062e-05
3834,5,train/loss,1.3197295665740967
3834,5,train/lr,3.935156537698829e-05
3835,5,train/loss,1.375003457069397
3835,5,train/lr,3.9336939980582016e-05
3836,5,train/loss,1.309885025024414
3836,5,train/lr,3.9322313815035576e-05
3837,5,train/loss,1.3039473295211792
3837,5,train/lr,3.930768688294285e-05
3838,5,train/loss,1.3154256343841553
3838,5,train/lr,3.9293059186897894e-05
3839,5,train/loss,1.475332498550415
3839,5,train/lr,3.927843072949485e-05
3840,5,train/loss,1.4043686389923096
3840,5,train/lr,3.926380151332804e-05
3841,5,train/loss,1.3225016593933105
3841,5,train/lr,3.924917154099187e-05
3842,5,train/loss,1.4133009910583496
3842,5,train/lr,3.923454081508095e-05
3843,5,train/loss,1.3637070655822754
3843,5,train/lr,3.9219909338189964e-05
3844,5,train/loss,1.5607168674468994
3844,5,train/lr,3.9205277112913753e-05
3845,5,train/loss,1.305366039276123
3845,5,train/lr,3.919064414184729e-05
3846,5,train/loss,1.4295071363449097
3846,5,train/lr,3.9176010427585674e-05
3847,5,train/loss,1.5439057350158691
3847,5,train/lr,3.9161375972724145e-05
3848,5,train/loss,1.2401764392852783
3848,5,train/lr,3.914674077985806e-05
3849,5,train/loss,1.423249363899231
3849,5,train/lr,3.9132104851582926e-05
3850,5,train/loss,1.5430090427398682
3850,5,train/lr,3.911746819049437e-05
3851,5,train/loss,1.2119044065475464
3851,5,train/lr,3.910283079918814e-05
3852,5,train/loss,1.505356788635254
3852,5,train/lr,3.908819268026012e-05
3853,5,train/loss,1.3739147186279297
3853,5,train/lr,3.9073553836306355e-05
3854,5,train/loss,1.3486590385437012
3854,5,train/lr,3.905891426992296e-05
3855,5,train/loss,1.3958394527435303
3855,5,train/lr,3.9044273983706214e-05
3856,5,train/loss,1.4554551839828491
3856,5,train/lr,3.902963298025253e-05
3857,5,train/loss,1.2659382820129395
3857,5,train/lr,3.901499126215842e-05
3858,5,train/loss,1.382348895072937
3858,5,train/lr,3.900034883202054e-05
3859,5,train/loss,1.4259247779846191
3859,5,train/lr,3.898570569243568e-05
3860,5,train/loss,1.3518306016921997
3860,5,train/lr,3.8971061846000736e-05
3861,5,train/loss,1.2646418809890747
3861,5,train/lr,3.895641729531274e-05
3862,5,train/loss,1.3468095064163208
3862,5,train/lr,3.894177204296887e-05
3863,5,train/loss,1.3433798551559448
3863,5,train/lr,3.8927126091566376e-05
3864,5,train/loss,1.3640215396881104
3864,5,train/lr,3.8912479443702685e-05
3865,5,train/loss,1.2113417387008667
3865,5,train/lr,3.889783210197531e-05
3866,5,train/loss,1.2865638732910156
3866,5,train/lr,3.888318406898192e-05
3867,5,train/loss,1.310144305229187
3867,5,train/lr,3.8868535347320274e-05
3868,5,train/loss,1.4299789667129517
3868,5,train/lr,3.885388593958828e-05
3869,5,train/loss,1.3921719789505005
3869,5,train/lr,3.883923584838394e-05
3870,5,train/loss,1.374178171157837
3870,5,train/lr,3.882458507630541e-05
3871,5,train/loss,1.3962092399597168
3871,5,train/lr,3.880993362595094e-05
3872,5,train/loss,1.4551758766174316
3872,5,train/lr,3.8795281499918906e-05
3873,5,train/loss,1.3168085813522339
3873,5,train/lr,3.878062870080783e-05
3874,5,train/loss,1.4400711059570312
3874,5,train/lr,3.87659752312163e-05
3875,5,train/loss,1.4149787425994873
3875,5,train/lr,3.875132109374308e-05
3876,5,train/loss,1.313768982887268
3876,5,train/lr,3.873666629098702e-05
3877,5,train/loss,1.1663256883621216
3877,5,train/lr,3.872201082554709e-05
3878,5,train/loss,1.5092799663543701
3878,5,train/lr,3.8707354700022386e-05
3879,5,train/loss,1.3672572374343872
3879,5,train/lr,3.8692697917012114e-05
3880,5,train/loss,1.2553081512451172
3880,5,train/lr,3.867804047911561e-05
3881,5,train/loss,1.3052729368209839
3881,5,train/lr,3.86633823889323e-05
3882,5,train/loss,1.497755527496338
3882,5,train/lr,3.864872364906174e-05
3883,5,train/loss,1.3554131984710693
3883,5,train/lr,3.8634064262103624e-05
3884,5,train/loss,1.4948968887329102
3884,5,train/lr,3.8619404230657726e-05
3885,5,train/loss,1.3294572830200195
3885,5,train/lr,3.860474355732395e-05
3886,5,train/loss,1.398470401763916
3886,5,train/lr,3.8590082244702315e-05
3887,5,train/loss,1.3169876337051392
3887,5,train/lr,3.857542029539295e-05
3888,5,train/loss,1.3464078903198242
3888,5,train/lr,3.856075771199609e-05
3889,5,train/loss,1.2801893949508667
3889,5,train/lr,3.854609449711211e-05
3890,5,train/loss,1.3142282962799072
3890,5,train/lr,3.8531430653341446e-05
3891,5,train/loss,1.2866628170013428
3891,5,train/lr,3.8516766183284686e-05
3892,5,train/loss,1.4131498336791992
3892,5,train/lr,3.850210108954253e-05
3893,5,train/loss,1.4068403244018555
3893,5,train/lr,3.848743537471578e-05
3894,5,train/loss,1.4260363578796387
3894,5,train/lr,3.8472769041405326e-05
3895,5,train/loss,1.4474339485168457
3895,5,train/lr,3.845810209221221e-05
3896,5,train/loss,1.4532158374786377
3896,5,train/lr,3.844343452973755e-05
3897,5,train/loss,1.2515673637390137
3897,5,train/lr,3.8428766356582576e-05
3898,5,train/loss,1.3303239345550537
3898,5,train/lr,3.8414097575348655e-05
3899,5,train/loss,1.3801748752593994
3899,5,train/lr,3.839942818863722e-05
3900,5,train/loss,1.3849081993103027
3900,5,train/lr,3.838475819904984e-05
3901,5,train/loss,1.3027105331420898
3901,5,train/lr,3.837008760918819e-05
3902,5,train/loss,1.4160244464874268
3902,5,train/lr,3.835541642165404e-05
3903,5,train/loss,1.4298959970474243
3903,5,train/lr,3.8340744639049256e-05
3904,5,train/loss,1.3878023624420166
3904,5,train/lr,3.832607226397584e-05
3905,5,train/loss,1.3525323867797852
3905,5,train/lr,3.831139929903589e-05
3906,5,train/loss,1.420414924621582
3906,5,train/lr,3.829672574683158e-05
3907,5,train/loss,1.3962810039520264
3907,5,train/lr,3.828205160996523e-05
3908,5,train/loss,1.69584321975708
3908,5,train/lr,3.826737689103923e-05
3909,5,train/loss,1.4987106323242188
3909,5,train/lr,3.825270159265609e-05
3910,5,train/loss,1.320335865020752
3910,5,train/lr,3.8238025717418425e-05
3911,5,train/loss,1.3888137340545654
3911,5,train/lr,3.822334926792895e-05
3912,5,train/loss,1.3604618310928345
3912,5,train/lr,3.820867224679046e-05
3913,5,train/loss,1.3852882385253906
3913,5,train/lr,3.819399465660589e-05
3914,5,train/loss,1.5329899787902832
3914,5,train/lr,3.8179316499978245e-05
3915,5,train/loss,1.3506757020950317
3915,5,train/lr,3.816463777951065e-05
3916,5,train/loss,1.4654674530029297
3916,5,train/lr,3.814995849780631e-05
3917,5,train/loss,1.2586710453033447
3917,5,train/lr,3.813527865746854e-05
3918,5,train/loss,1.3105050325393677
3918,5,train/lr,3.8120598261100776e-05
3919,5,train/loss,1.3648900985717773
3919,5,train/lr,3.810591731130651e-05
3920,5,train/loss,1.2730631828308105
3920,5,train/lr,3.809123581068936e-05
3921,5,train/loss,1.2888320684432983
3921,5,train/lr,3.807655376185304e-05
3922,5,train/loss,1.356975793838501
3922,5,train/lr,3.806187116740136e-05
3923,5,train/loss,1.2810680866241455
3923,5,train/lr,3.804718802993822e-05
3924,5,train/loss,1.3247274160385132
3924,5,train/lr,3.8032504352067615e-05
3925,5,train/loss,1.3647921085357666
3925,5,train/lr,3.801782013639364e-05
3926,5,train/loss,1.3418630361557007
3926,5,train/lr,3.8003135385520484e-05
3927,5,train/loss,1.4423890113830566
3927,5,train/lr,3.798845010205244e-05
3928,5,train/loss,1.5218545198440552
3928,5,train/lr,3.797376428859388e-05
3929,5,train/loss,1.3478864431381226
3929,5,train/lr,3.7959077947749296e-05
3930,5,train/loss,1.520346999168396
3930,5,train/lr,3.794439108212325e-05
3930,5,train/batches,3141.0
3930,5,train/compute_pct,99.83689568953983
3930,5,train/compute_sec,309.1730163330503
3930,5,train/data_wait_pct,0.16310431046016763
3930,5,train/data_wait_sec,0.5050983536057174
3930,5,train/examples,25128.0
3930,5,train/examples_per_sec,81.14231780771934
3930,5,train/input_tokens,2630749.0
3930,5,train/peak_vram_gb,6.712257385253906
3930,5,train/target_tokens,1953724.0
3930,5,train/tokens_per_sec,14803.99415579865
3930,5,train/total_sec,309.67811468665604
3930,5,train/epoch_loss,1.3783809567514933
3930,5,epoch5/batches,3141.0
3930,5,epoch5/compute_pct,99.83689568953983
3930,5,epoch5/compute_sec,309.1730163330503
3930,5,epoch5/data_wait_pct,0.16310431046016763
3930,5,epoch5/data_wait_sec,0.5050983536057174
3930,5,epoch5/examples,25128.0
3930,5,epoch5/examples_per_sec,81.14231780771934
3930,5,epoch5/input_tokens,2630749.0
3930,5,epoch5/peak_vram_gb,6.712257385253906
3930,5,epoch5/target_tokens,1953724.0
3930,5,epoch5/tokens_per_sec,14803.99415579865
3930,5,epoch5/total_sec,309.67811468665604
3930,5,val/bleu,30.590673685678038
3930,5,val/chrf,50.356457589953784
3930,5,val/combined,39.248413497885
3930,5,val/eval_peak_vram_gb,6.712257385253906
3930,5,val/eval_samples_per_sec,10.65766123374064
3930,5,val/eval_seconds,271.4479224429815
3930,5,val/eval_tokens_per_sec,1337.4793836422198
3931,6,train/loss,1.480454921722412
3931,6,train/lr,3.7929703694320386e-05
3932,6,train/loss,1.34617280960083
3932,6,train/lr,3.7915015786945466e-05
3933,6,train/loss,1.3001961708068848
3933,6,train/lr,3.790032736260335e-05
3934,6,train/loss,1.3081319332122803
3934,6,train/lr,3.7885638423898966e-05
3935,6,train/loss,1.315298080444336
3935,6,train/lr,3.7870948973437336e-05
3936,6,train/loss,1.400996446609497
3936,6,train/lr,3.7856259013823584e-05
3937,6,train/loss,1.4111506938934326
3937,6,train/lr,3.7841568547662914e-05
3938,6,train/loss,1.2335338592529297
3938,6,train/lr,3.782687757756064e-05
3939,6,train/loss,1.2895162105560303
3939,6,train/lr,3.781218610612214e-05
3940,6,train/loss,1.3832083940505981
3940,6,train/lr,3.77974941359529e-05
3941,6,train/loss,1.4268790483474731
3941,6,train/lr,3.7782801669658464e-05
3942,6,train/loss,1.5392320156097412
3942,6,train/lr,3.776810870984452e-05
3943,6,train/loss,1.2973852157592773
3943,6,train/lr,3.775341525911679e-05
3944,6,train/loss,1.4406986236572266
3944,6,train/lr,3.773872132008111e-05
3945,6,train/loss,1.3413443565368652
3945,6,train/lr,3.7724026895343374e-05
3946,6,train/loss,1.3909804821014404
3946,6,train/lr,3.7709331987509614e-05
3947,6,train/loss,1.2789461612701416
3947,6,train/lr,3.7694636599185904e-05
3948,6,train/loss,1.4514641761779785
3948,6,train/lr,3.767994073297841e-05
3949,6,train/loss,1.2944726943969727
3949,6,train/lr,3.76652443914934e-05
3950,6,train/loss,1.6803975105285645
3950,6,train/lr,3.7650547577337206e-05
3951,6,train/loss,1.353577971458435
3951,6,train/lr,3.763585029311625e-05
3952,6,train/loss,1.3847851753234863
3952,6,train/lr,3.7621152541437074e-05
3953,6,train/loss,1.4252116680145264
3953,6,train/lr,3.760645432490622e-05
3954,6,train/loss,1.2244987487792969
3954,6,train/lr,3.75917556461304e-05
3955,6,train/loss,1.3985199928283691
3955,6,train/lr,3.757705650771635e-05
3956,6,train/loss,1.5213251113891602
3956,6,train/lr,3.756235691227093e-05
3957,6,train/loss,1.1722320318222046
3957,6,train/lr,3.7547656862401024e-05
3958,6,train/loss,1.324610948562622
3958,6,train/lr,3.753295636071366e-05
3959,6,train/loss,1.4215588569641113
3959,6,train/lr,3.75182554098159e-05
3960,6,train/loss,1.4007718563079834
3960,6,train/lr,3.750355401231492e-05
3961,6,train/loss,1.4359784126281738
3961,6,train/lr,3.748885217081794e-05
3962,6,train/loss,1.4189105033874512
3962,6,train/lr,3.747414988793229e-05
3963,6,train/loss,1.4057188034057617
3963,6,train/lr,3.7459447166265355e-05
3964,6,train/loss,1.3351917266845703
3964,6,train/lr,3.7444744008424615e-05
3965,6,train/loss,1.2517880201339722
3965,6,train/lr,3.743004041701762e-05
3966,6,train/loss,1.3149527311325073
3966,6,train/lr,3.741533639465199e-05
3967,6,train/loss,1.3796470165252686
3967,6,train/lr,3.740063194393544e-05
3968,6,train/loss,1.3598355054855347
3968,6,train/lr,3.7385927067475754e-05
3969,6,train/loss,1.4808154106140137
3969,6,train/lr,3.7371221767880764e-05
3970,6,train/loss,1.339414119720459
3970,6,train/lr,3.7356516047758426e-05
3971,6,train/loss,1.5694410800933838
3971,6,train/lr,3.734180990971671e-05
3972,6,train/loss,1.3367607593536377
3972,6,train/lr,3.7327103356363734e-05
3973,6,train/loss,1.333583116531372
3973,6,train/lr,3.731239639030763e-05
3974,6,train/loss,1.3191615343093872
3974,6,train/lr,3.729768901415663e-05
3975,6,train/loss,1.3296122550964355
3975,6,train/lr,3.728298123051903e-05
3976,6,train/loss,1.251603126525879
3976,6,train/lr,3.7268273042003195e-05
3977,6,train/loss,1.357907772064209
3977,6,train/lr,3.725356445121758e-05
3978,6,train/loss,1.3271138668060303
3978,6,train/lr,3.723885546077069e-05
3979,6,train/loss,1.4148120880126953
3979,6,train/lr,3.7224146073271115e-05
3980,6,train/loss,1.444197177886963
3980,6,train/lr,3.720943629132751e-05
3981,6,train/loss,1.4036900997161865
3981,6,train/lr,3.719472611754858e-05
3982,6,train/loss,1.3560905456542969
3982,6,train/lr,3.718001555454315e-05
3983,6,train/loss,1.2877254486083984
3983,6,train/lr,3.7165304604920064e-05
3984,6,train/loss,1.5056896209716797
3984,6,train/lr,3.715059327128826e-05
3985,6,train/loss,1.2783392667770386
3985,6,train/lr,3.713588155625675e-05
3986,6,train/loss,1.2737529277801514
3986,6,train/lr,3.7121169462434576e-05
3987,6,train/loss,1.2698109149932861
3987,6,train/lr,3.71064569924309e-05
3988,6,train/loss,1.301792860031128
3988,6,train/lr,3.70917441488549e-05
3989,6,train/loss,1.394115686416626
3989,6,train/lr,3.707703093431587e-05
3990,6,train/loss,1.284280776977539
3990,6,train/lr,3.706231735142312e-05
3991,6,train/loss,1.3459968566894531
3991,6,train/lr,3.704760340278606e-05
3992,6,train/loss,1.2964094877243042
3992,6,train/lr,3.7032889091014164e-05
3993,6,train/loss,1.3304038047790527
3993,6,train/lr,3.7018174418716934e-05
3994,6,train/loss,1.4963219165802002
3994,6,train/lr,3.7003459388503974e-05
3995,6,train/loss,1.3002771139144897
3995,6,train/lr,3.698874400298496e-05
3996,6,train/loss,1.3378491401672363
3996,6,train/lr,3.697402826476958e-05
3997,6,train/loss,1.2311038970947266
3997,6,train/lr,3.695931217646765e-05
3998,6,train/loss,1.457787036895752
3998,6,train/lr,3.694459574068897e-05
3999,6,train/loss,1.318307876586914
3999,6,train/lr,3.692987896004347e-05
4000,6,train/loss,1.3102580308914185
4000,6,train/lr,3.6915161837141136e-05
4001,6,train/loss,1.2504558563232422
4001,6,train/lr,3.690044437459196e-05
4002,6,train/loss,1.4175918102264404
4002,6,train/lr,3.6885726575006056e-05
4003,6,train/loss,1.2739741802215576
4003,6,train/lr,3.687100844099354e-05
4004,6,train/loss,1.344104528427124
4004,6,train/lr,3.6856289975164636e-05
4005,6,train/loss,1.4756388664245605
4005,6,train/lr,3.6841571180129624e-05
4006,6,train/loss,1.3981823921203613
4006,6,train/lr,3.68268520584988e-05
4007,6,train/loss,1.3090243339538574
4007,6,train/lr,3.6812132612882575e-05
4008,6,train/loss,1.2175140380859375
4008,6,train/lr,3.679741284589135e-05
4009,6,train/loss,1.424769401550293
4009,6,train/lr,3.6782692760135655e-05
4010,6,train/loss,1.3040751218795776
4010,6,train/lr,3.676797235822604e-05
4011,6,train/loss,1.3470221757888794
4011,6,train/lr,3.6753251642773085e-05
4012,6,train/loss,1.3812510967254639
4012,6,train/lr,3.6738530616387484e-05
4013,6,train/loss,1.3536317348480225
4013,6,train/lr,3.6723809281679946e-05
4014,6,train/loss,1.3528707027435303
4014,6,train/lr,3.6709087641261236e-05
4015,6,train/loss,1.387761116027832
4015,6,train/lr,3.66943656977422e-05
4016,6,train/loss,1.275745153427124
4016,6,train/lr,3.66796434537337e-05
4017,6,train/loss,1.3834643363952637
4017,6,train/lr,3.6664920911846685e-05
4018,6,train/loss,1.5944244861602783
4018,6,train/lr,3.6650198074692136e-05
4019,6,train/loss,1.2173092365264893
4019,6,train/lr,3.6635474944881096e-05
4020,6,train/loss,1.392618179321289
4020,6,train/lr,3.662075152502467e-05
4021,6,train/loss,1.213146686553955
4021,6,train/lr,3.660602781773397e-05
4022,6,train/loss,1.2771689891815186
4022,6,train/lr,3.659130382562022e-05
4023,6,train/loss,1.3629570007324219
4023,6,train/lr,3.657657955129467e-05
4024,6,train/loss,1.2660831212997437
4024,6,train/lr,3.6561854997368584e-05
4025,6,train/loss,1.3984519243240356
4025,6,train/lr,3.6547130166453334e-05
4026,6,train/loss,1.37727952003479
4026,6,train/lr,3.653240506116029e-05
4027,6,train/loss,1.3621742725372314
4027,6,train/lr,3.6517679684100915e-05
4028,6,train/loss,1.298230767250061
4028,6,train/lr,3.650295403788669e-05
4029,6,train/loss,1.3003017902374268
4029,6,train/lr,3.648822812512916e-05
4030,6,train/loss,1.457233190536499
4030,6,train/lr,3.647350194843991e-05
4031,6,train/loss,1.388655185699463
4031,6,train/lr,3.6458775510430574e-05
4032,6,train/loss,1.3645625114440918
4032,6,train/lr,3.644404881371282e-05
4033,6,train/loss,1.4967525005340576
4033,6,train/lr,3.642932186089838e-05
4034,6,train/loss,1.24734365940094
4034,6,train/lr,3.6414594654599034e-05
4035,6,train/loss,1.3130831718444824
4035,6,train/lr,3.639986719742659e-05
4036,6,train/loss,1.319032907485962
4036,6,train/lr,3.6385139491992885e-05
4037,6,train/loss,1.2551813125610352
4037,6,train/lr,3.637041154090986e-05
4038,6,train/loss,1.2323752641677856
4038,6,train/lr,3.635568334678944e-05
4039,6,train/loss,1.2663012742996216
4039,6,train/lr,3.634095491224361e-05
4040,6,train/loss,1.266083002090454
4040,6,train/lr,3.632622623988444e-05
4041,6,train/loss,1.3686926364898682
4041,6,train/lr,3.631149733232396e-05
4042,6,train/loss,1.4528024196624756
4042,6,train/lr,3.6296768192174314e-05
4043,6,train/loss,1.3358261585235596
4043,6,train/lr,3.628203882204765e-05
4044,6,train/loss,1.2826597690582275
4044,6,train/lr,3.626730922455616e-05
4045,6,train/loss,1.4096806049346924
4045,6,train/lr,3.625257940231211e-05
4046,6,train/loss,1.3611478805541992
4046,6,train/lr,3.623784935792776e-05
4047,6,train/loss,1.4724526405334473
4047,6,train/lr,3.6223119094015433e-05
4048,6,train/loss,1.3090176582336426
4048,6,train/lr,3.620838861318747e-05
4049,6,train/loss,1.4014661312103271
4049,6,train/lr,3.619365791805629e-05
4050,6,train/loss,1.3455771207809448
4050,6,train/lr,3.617892701123432e-05
4051,6,train/loss,1.3564965724945068
4051,6,train/lr,3.616419589533403e-05
4052,6,train/loss,1.239042043685913
4052,6,train/lr,3.6149464572967914e-05
4053,6,train/loss,1.280618667602539
4053,6,train/lr,3.613473304674854e-05
4054,6,train/loss,1.4530010223388672
4054,6,train/lr,3.612000131928849e-05
4055,6,train/loss,1.3710949420928955
4055,6,train/lr,3.610526939320036e-05
4056,6,train/loss,1.5330722332000732
4056,6,train/lr,3.609053727109682e-05
4057,6,train/loss,1.404020071029663
4057,6,train/lr,3.6075804955590555e-05
4058,6,train/loss,1.1700506210327148
4058,6,train/lr,3.606107244929428e-05
4059,6,train/loss,1.32804274559021
4059,6,train/lr,3.604633975482075e-05
4060,6,train/loss,1.3347747325897217
4060,6,train/lr,3.603160687478276e-05
4061,6,train/loss,1.2913130521774292
4061,6,train/lr,3.601687381179313e-05
4062,6,train/loss,1.2432752847671509
4062,6,train/lr,3.600214056846471e-05
4063,6,train/loss,1.4275610446929932
4063,6,train/lr,3.5987407147410383e-05
4064,6,train/loss,1.287097692489624
4064,6,train/lr,3.597267355124307e-05
4065,6,train/loss,1.3281965255737305
4065,6,train/lr,3.595793978257573e-05
4066,6,train/loss,1.3308393955230713
4066,6,train/lr,3.5943205844021324e-05
4067,6,train/loss,1.4304277896881104
4067,6,train/lr,3.592847173819287e-05
4068,6,train/loss,1.472304344177246
4068,6,train/lr,3.591373746770342e-05
4069,6,train/loss,1.2554413080215454
4069,6,train/lr,3.5899003035166014e-05
4070,6,train/loss,1.3606457710266113
4070,6,train/lr,3.588426844319377e-05
4071,6,train/loss,1.4653282165527344
4071,6,train/lr,3.58695336943998e-05
4072,6,train/loss,1.2905285358428955
4072,6,train/lr,3.5854798791397284e-05
4073,6,train/loss,1.2775260210037231
4073,6,train/lr,3.584006373679936e-05
4074,6,train/loss,1.3575605154037476
4074,6,train/lr,3.5825328533219276e-05
4075,6,train/loss,1.329822063446045
4075,6,train/lr,3.581059318327023e-05
4076,6,train/loss,1.2205543518066406
4076,6,train/lr,3.57958576895655e-05
4077,6,train/loss,1.2558112144470215
4077,6,train/lr,3.578112205471837e-05
4078,6,train/loss,1.2513628005981445
4078,6,train/lr,3.5766386281342155e-05
4079,6,train/loss,1.4140381813049316
4079,6,train/lr,3.575165037205018e-05
4080,6,train/loss,1.4794423580169678
4080,6,train/lr,3.573691432945581e-05
4081,6,train/loss,1.388534426689148
4081,6,train/lr,3.572217815617242e-05
4082,6,train/loss,1.380895733833313
4082,6,train/lr,3.570744185481342e-05
4083,6,train/loss,1.4233908653259277
4083,6,train/lr,3.569270542799224e-05
4084,6,train/loss,1.337820053100586
4084,6,train/lr,3.5677968878322336e-05
4085,6,train/loss,1.210212230682373
4085,6,train/lr,3.566323220841717e-05
4086,6,train/loss,1.5171425342559814
4086,6,train/lr,3.5648495420890227e-05
4087,6,train/loss,1.298113465309143
4087,6,train/lr,3.563375851835505e-05
4088,6,train/loss,1.349683403968811
4088,6,train/lr,3.5619021503425145e-05
4089,6,train/loss,1.2098864316940308
4089,6,train/lr,3.5604284378714086e-05
4090,6,train/loss,1.280612826347351
4090,6,train/lr,3.558954714683543e-05
4091,6,train/loss,1.32854163646698
4091,6,train/lr,3.557480981040279e-05
4092,6,train/loss,1.4411725997924805
4092,6,train/lr,3.5560072372029774e-05
4093,6,train/loss,1.4390326738357544
4093,6,train/lr,3.5545334834329994e-05
4094,6,train/loss,1.2827825546264648
4094,6,train/lr,3.5530597199917116e-05
4095,6,train/loss,1.3939125537872314
4095,6,train/lr,3.5515859471404794e-05
4096,6,train/loss,1.3587803840637207
4096,6,train/lr,3.550112165140671e-05
4097,6,train/loss,1.4837160110473633
4097,6,train/lr,3.548638374253657e-05
4098,6,train/loss,1.3754301071166992
4098,6,train/lr,3.547164574740809e-05
4099,6,train/loss,1.3494089841842651
4099,6,train/lr,3.545690766863498e-05
4100,6,train/loss,1.2351537942886353
4100,6,train/lr,3.5442169508831e-05
4101,6,train/loss,1.4335250854492188
4101,6,train/lr,3.54274312706099e-05
4102,6,train/loss,1.3507903814315796
4102,6,train/lr,3.541269295658546e-05
4103,6,train/loss,1.4012653827667236
4103,6,train/lr,3.539795456937145e-05
4104,6,train/loss,1.3091336488723755
4104,6,train/lr,3.538321611158169e-05
4105,6,train/loss,1.38673996925354
4105,6,train/lr,3.5368477585829964e-05
4106,6,train/loss,1.7380492687225342
4106,6,train/lr,3.535373899473011e-05
4107,6,train/loss,1.470447063446045
4107,6,train/lr,3.5339000340895974e-05
4108,6,train/loss,1.2981263399124146
4108,6,train/lr,3.532426162694137e-05
4109,6,train/loss,1.4041650295257568
4109,6,train/lr,3.530952285548019e-05
4110,6,train/loss,2.0057597160339355
4110,6,train/lr,3.5294784029126274e-05
4111,6,train/loss,1.2998440265655518
4111,6,train/lr,3.528004515049351e-05
4112,6,train/loss,1.3024864196777344
4112,6,train/lr,3.526530622219578e-05
4113,6,train/loss,1.502711296081543
4113,6,train/lr,3.525056724684698e-05
4114,6,train/loss,1.4662435054779053
4114,6,train/lr,3.523582822706101e-05
4115,6,train/loss,1.2420380115509033
4115,6,train/lr,3.5221089165451776e-05
4116,6,train/loss,1.3195780515670776
4116,6,train/lr,3.52063500646332e-05
4117,6,train/loss,1.2907071113586426
4117,6,train/lr,3.5191610927219216e-05
4118,6,train/loss,1.3545763492584229
4118,6,train/lr,3.5176871755823734e-05
4119,6,train/loss,1.3136327266693115
4119,6,train/lr,3.5162132553060724e-05
4120,6,train/loss,1.4674562215805054
4120,6,train/lr,3.514739332154409e-05
4121,6,train/loss,1.3285090923309326
4121,6,train/lr,3.51326540638878e-05
4122,6,train/loss,1.171624779701233
4122,6,train/lr,3.511791478270582e-05
4123,6,train/loss,1.2356817722320557
4123,6,train/lr,3.5103175480612076e-05
4124,6,train/loss,1.3848267793655396
4124,6,train/lr,3.508843616022056e-05
4125,6,train/loss,1.2913703918457031
4125,6,train/lr,3.507369682414521e-05
4126,6,train/loss,1.2769837379455566
4126,6,train/lr,3.5058957475e-05
4127,6,train/loss,1.267838478088379
4127,6,train/lr,3.504421811539891e-05
4128,6,train/loss,1.3078858852386475
4128,6,train/lr,3.502947874795589e-05
4129,6,train/loss,1.4739136695861816
4129,6,train/lr,3.5014739375284936e-05
4130,6,train/loss,1.3603460788726807
4130,6,train/lr,3.5e-05
4131,6,train/loss,1.2516878843307495
4131,6,train/lr,3.498526062471507e-05
4132,6,train/loss,1.4652155637741089
4132,6,train/lr,3.49705212520441e-05
4133,6,train/loss,1.288562536239624
4133,6,train/lr,3.495578188460109e-05
4134,6,train/loss,1.2740131616592407
4134,6,train/lr,3.4941042525e-05
4135,6,train/loss,1.34516179561615
4135,6,train/lr,3.492630317585479e-05
4136,6,train/loss,1.2343498468399048
4136,6,train/lr,3.491156383977944e-05
4137,6,train/loss,1.369209885597229
4137,6,train/lr,3.489682451938792e-05
4138,6,train/loss,1.4318945407867432
4138,6,train/lr,3.488208521729419e-05
4139,6,train/loss,1.4477005004882812
4139,6,train/lr,3.486734593611219e-05
4140,6,train/loss,1.333803415298462
4140,6,train/lr,3.48526066784559e-05
4141,6,train/loss,1.283088207244873
4141,6,train/lr,3.483786744693928e-05
4142,6,train/loss,1.3423049449920654
4142,6,train/lr,3.482312824417625e-05
4143,6,train/loss,1.4654552936553955
4143,6,train/lr,3.480838907278078e-05
4144,6,train/loss,1.4880053997039795
4144,6,train/lr,3.4793649935366794e-05
4145,6,train/loss,1.3910908699035645
4145,6,train/lr,3.477891083454823e-05
4146,6,train/loss,1.3710172176361084
4146,6,train/lr,3.476417177293899e-05
4147,6,train/loss,1.3562085628509521
4147,6,train/lr,3.474943275315302e-05
4148,6,train/loss,1.3152363300323486
4148,6,train/lr,3.4734693777804225e-05
4149,6,train/loss,1.4601918458938599
4149,6,train/lr,3.471995484950649e-05
4150,6,train/loss,1.0949572324752808
4150,6,train/lr,3.470521597087372e-05
4151,6,train/loss,1.2655103206634521
4151,6,train/lr,3.469047714451981e-05
4152,6,train/loss,1.246086597442627
4152,6,train/lr,3.4675738373058614e-05
4153,6,train/loss,1.2483316659927368
4153,6,train/lr,3.466099965910403e-05
4154,6,train/loss,1.4046674966812134
4154,6,train/lr,3.464626100526989e-05
4155,6,train/loss,1.42676842212677
4155,6,train/lr,3.4631522414170037e-05
4156,6,train/loss,1.6261433362960815
4156,6,train/lr,3.461678388841831e-05
4157,6,train/loss,1.2606390714645386
4157,6,train/lr,3.460204543062854e-05
4158,6,train/loss,1.3199492692947388
4158,6,train/lr,3.4587307043414544e-05
4159,6,train/loss,1.4929229021072388
4159,6,train/lr,3.4572568729390094e-05
4160,6,train/loss,1.2779351472854614
4160,6,train/lr,3.4557830491168994e-05
4161,6,train/loss,1.223427414894104
4161,6,train/lr,3.454309233136502e-05
4162,6,train/loss,1.1738841533660889
4162,6,train/lr,3.45283542525919e-05
4163,6,train/loss,1.4109797477722168
4163,6,train/lr,3.451361625746342e-05
4164,6,train/loss,1.320082426071167
4164,6,train/lr,3.449887834859329e-05
4165,6,train/loss,1.2436209917068481
4165,6,train/lr,3.4484140528595214e-05
4166,6,train/loss,1.3939642906188965
4166,6,train/lr,3.446940280008288e-05
4167,6,train/loss,1.3082904815673828
4167,6,train/lr,3.445466516567001e-05
4168,6,train/loss,1.4139909744262695
4168,6,train/lr,3.443992762797023e-05
4169,6,train/loss,1.3716357946395874
4169,6,train/lr,3.442519018959721e-05
4170,6,train/loss,1.3326420783996582
4170,6,train/lr,3.4410452853164565e-05
4171,6,train/loss,1.5773944854736328
4171,6,train/lr,3.439571562128592e-05
4172,6,train/loss,1.3345658779144287
4172,6,train/lr,3.438097849657485e-05
4173,6,train/loss,1.3243920803070068
4173,6,train/lr,3.436624148164495e-05
4174,6,train/loss,1.2942525148391724
4174,6,train/lr,3.4351504579109774e-05
4175,6,train/loss,1.2580657005310059
4175,6,train/lr,3.433676779158284e-05
4176,6,train/loss,1.436286211013794
4176,6,train/lr,3.4322031121677664e-05
4177,6,train/loss,1.4111838340759277
4177,6,train/lr,3.430729457200776e-05
4178,6,train/loss,1.2764512300491333
4178,6,train/lr,3.429255814518658e-05
4179,6,train/loss,1.2822446823120117
4179,6,train/lr,3.427782184382758e-05
4180,6,train/loss,1.2897250652313232
4180,6,train/lr,3.4263085670544186e-05
4181,6,train/loss,1.5438697338104248
4181,6,train/lr,3.4248349627949816e-05
4182,6,train/loss,1.4900598526000977
4182,6,train/lr,3.423361371865784e-05
4183,6,train/loss,1.5190941095352173
4183,6,train/lr,3.421887794528162e-05
4184,6,train/loss,1.3360332250595093
4184,6,train/lr,3.420414231043451e-05
4185,6,train/loss,1.5147509574890137
4185,6,train/lr,3.418940681672978e-05
4186,6,train/loss,1.3297314643859863
4186,6,train/lr,3.417467146678073e-05
4187,6,train/loss,1.4451056718826294
4187,6,train/lr,3.415993626320063e-05
4188,6,train/loss,1.2912911176681519
4188,6,train/lr,3.414520120860272e-05
4189,6,train/loss,1.3551757335662842
4189,6,train/lr,3.413046630560018e-05
4190,6,train/loss,1.3652558326721191
4190,6,train/lr,3.411573155680622e-05
4191,6,train/loss,1.3384186029434204
4191,6,train/lr,3.410099696483398e-05
4192,6,train/loss,1.4741506576538086
4192,6,train/lr,3.408626253229658e-05
4193,6,train/loss,1.3758481740951538
4193,6,train/lr,3.407152826180712e-05
4194,6,train/loss,1.3154149055480957
4194,6,train/lr,3.405679415597868e-05
4195,6,train/loss,1.261647343635559
4195,6,train/lr,3.404206021742428e-05
4196,6,train/loss,1.2853881120681763
4196,6,train/lr,3.402732644875692e-05
4197,6,train/loss,1.3058483600616455
4197,6,train/lr,3.401259285258962e-05
4198,6,train/loss,1.3036006689071655
4198,6,train/lr,3.39978594315353e-05
4199,6,train/loss,1.3558862209320068
4199,6,train/lr,3.3983126188206866e-05
4200,6,train/loss,1.3782545328140259
4200,6,train/lr,3.396839312521723e-05
4201,6,train/loss,1.2590577602386475
4201,6,train/lr,3.395366024517925e-05
4202,6,train/loss,1.2714909315109253
4202,6,train/lr,3.3938927550705716e-05
4203,6,train/loss,1.358837366104126
4203,6,train/lr,3.392419504440944e-05
4204,6,train/loss,1.339627981185913
4204,6,train/lr,3.390946272890318e-05
4205,6,train/loss,1.3805279731750488
4205,6,train/lr,3.389473060679963e-05
4206,6,train/loss,1.5591623783111572
4206,6,train/lr,3.3879998680711505e-05
4207,6,train/loss,1.3626594543457031
4207,6,train/lr,3.386526695325146e-05
4208,6,train/loss,1.2383091449737549
4208,6,train/lr,3.385053542703209e-05
4209,6,train/loss,1.267601490020752
4209,6,train/lr,3.383580410466597e-05
4210,6,train/loss,1.3654944896697998
4210,6,train/lr,3.382107298876568e-05
4211,6,train/loss,1.2851195335388184
4211,6,train/lr,3.380634208194371e-05
4212,6,train/loss,1.2871087789535522
4212,6,train/lr,3.379161138681252e-05
4213,6,train/loss,1.2917449474334717
4213,6,train/lr,3.377688090598457e-05
4214,6,train/loss,1.286072850227356
4214,6,train/lr,3.376215064207224e-05
4215,6,train/loss,1.2669185400009155
4215,6,train/lr,3.3747420597687884e-05
4216,6,train/loss,1.3286328315734863
4216,6,train/lr,3.3732690775443826e-05
4217,6,train/loss,1.2844346761703491
4217,6,train/lr,3.371796117795235e-05
4218,6,train/loss,1.4388389587402344
4218,6,train/lr,3.3703231807825694e-05
4219,6,train/loss,1.403611183166504
4219,6,train/lr,3.368850266767603e-05
4220,6,train/loss,1.3298413753509521
4220,6,train/lr,3.3673773760115565e-05
4221,6,train/loss,1.4315745830535889
4221,6,train/lr,3.365904508775638e-05
4222,6,train/loss,1.2215580940246582
4222,6,train/lr,3.364431665321055e-05
4223,6,train/loss,1.2240023612976074
4223,6,train/lr,3.362958845909014e-05
4224,6,train/loss,1.240517020225525
4224,6,train/lr,3.361486050800711e-05
4225,6,train/loss,1.3005249500274658
4225,6,train/lr,3.360013280257342e-05
4226,6,train/loss,1.2500919103622437
4226,6,train/lr,3.358540534540096e-05
4227,6,train/loss,1.2544262409210205
4227,6,train/lr,3.3570678139101614e-05
4228,6,train/loss,1.296974539756775
4228,6,train/lr,3.355595118628718e-05
4229,6,train/loss,1.262061357498169
4229,6,train/lr,3.354122448956942e-05
4230,6,train/loss,1.3445448875427246
4230,6,train/lr,3.352649805156008e-05
4231,6,train/loss,1.34654700756073
4231,6,train/lr,3.3511771874870835e-05
4232,6,train/loss,1.2703009843826294
4232,6,train/lr,3.3497045962113294e-05
4233,6,train/loss,1.2246923446655273
4233,6,train/lr,3.348232031589908e-05
4234,6,train/loss,1.229257345199585
4234,6,train/lr,3.3467594938839706e-05
4235,6,train/loss,1.2074873447418213
4235,6,train/lr,3.345286983354668e-05
4236,6,train/loss,1.3881171941757202
4236,6,train/lr,3.343814500263142e-05
4237,6,train/loss,1.4220348596572876
4237,6,train/lr,3.342342044870534e-05
4238,6,train/loss,1.2351291179656982
4238,6,train/lr,3.340869617437977e-05
4239,6,train/loss,1.3484423160552979
4239,6,train/lr,3.339397218226602e-05
4240,6,train/loss,1.3595390319824219
4240,6,train/lr,3.3379248474975336e-05
4241,6,train/loss,1.4044466018676758
4241,6,train/lr,3.3364525055118904e-05
4242,6,train/loss,1.5498096942901611
4242,6,train/lr,3.334980192530786e-05
4243,6,train/loss,1.4257980585098267
4243,6,train/lr,3.3335079088153315e-05
4244,6,train/loss,1.292229175567627
4244,6,train/lr,3.33203565462663e-05
4245,6,train/loss,1.3255488872528076
4245,6,train/lr,3.3305634302257807e-05
4246,6,train/loss,1.3622384071350098
4246,6,train/lr,3.329091235873875e-05
4247,6,train/loss,1.3013159036636353
4247,6,train/lr,3.3276190718320054e-05
4248,6,train/loss,1.520167350769043
4248,6,train/lr,3.3261469383612516e-05
4249,6,train/loss,1.2064378261566162
4249,6,train/lr,3.324674835722691e-05
4250,6,train/loss,1.5244653224945068
4250,6,train/lr,3.3232027641773964e-05
4251,6,train/loss,1.4232693910598755
4251,6,train/lr,3.321730723986434e-05
4252,6,train/loss,1.2738311290740967
4252,6,train/lr,3.3202587154108636e-05
4253,6,train/loss,1.326657772064209
4253,6,train/lr,3.3187867387117426e-05
4254,6,train/loss,1.382328748703003
4254,6,train/lr,3.3173147941501195e-05
4255,6,train/loss,1.38285493850708
4255,6,train/lr,3.3158428819870384e-05
4256,6,train/loss,1.3189411163330078
4256,6,train/lr,3.314371002483535e-05
4257,6,train/loss,1.494626522064209
4257,6,train/lr,3.312899155900646e-05
4258,6,train/loss,1.352952241897583
4258,6,train/lr,3.311427342499395e-05
4259,6,train/loss,1.3865288496017456
4259,6,train/lr,3.309955562540803e-05
4260,6,train/loss,1.385148048400879
4260,6,train/lr,3.3084838162858865e-05
4261,6,train/loss,1.2182419300079346
4261,6,train/lr,3.307012103995653e-05
4262,6,train/loss,1.3059754371643066
4262,6,train/lr,3.305540425931104e-05
4263,6,train/loss,1.4025728702545166
4263,6,train/lr,3.304068782353236e-05
4264,6,train/loss,1.3878822326660156
4264,6,train/lr,3.302597173523041e-05
4265,6,train/loss,1.3709323406219482
4265,6,train/lr,3.301125599701505e-05
4266,6,train/loss,1.2883816957473755
4266,6,train/lr,3.299654061149601e-05
4267,6,train/loss,1.4153190851211548
4267,6,train/lr,3.298182558128307e-05
4268,6,train/loss,1.44096040725708
4268,6,train/lr,3.2967110908985844e-05
4269,6,train/loss,1.312530755996704
4269,6,train/lr,3.295239659721394e-05
4270,6,train/loss,1.3625948429107666
4270,6,train/lr,3.293768264857688e-05
4271,6,train/loss,1.3507225513458252
4271,6,train/lr,3.292296906568413e-05
4272,6,train/loss,1.2357399463653564
4272,6,train/lr,3.29082558511451e-05
4273,6,train/loss,1.2517715692520142
4273,6,train/lr,3.28935430075691e-05
4274,6,train/loss,1.2804033756256104
4274,6,train/lr,3.2878830537565424e-05
4275,6,train/loss,1.2971256971359253
4275,6,train/lr,3.286411844374326e-05
4276,6,train/loss,1.2480336427688599
4276,6,train/lr,3.284940672871173e-05
4277,6,train/loss,1.385507583618164
4277,6,train/lr,3.283469539507993e-05
4278,6,train/loss,1.2782390117645264
4278,6,train/lr,3.281998444545685e-05
4279,6,train/loss,1.316584587097168
4279,6,train/lr,3.280527388245141e-05
4280,6,train/loss,1.3695733547210693
4280,6,train/lr,3.27905637086725e-05
4281,6,train/loss,1.3218220472335815
4281,6,train/lr,3.2775853926728885e-05
4282,6,train/loss,1.3651782274246216
4282,6,train/lr,3.276114453922931e-05
4283,6,train/loss,1.6592634916305542
4283,6,train/lr,3.274643554878242e-05
4284,6,train/loss,1.3074156045913696
4284,6,train/lr,3.2731726957996806e-05
4285,6,train/loss,1.288970708847046
4285,6,train/lr,3.271701876948098e-05
4286,6,train/loss,1.2712374925613403
4286,6,train/lr,3.2702310985843366e-05
4287,6,train/loss,1.3226078748703003
4287,6,train/lr,3.268760360969237e-05
4288,6,train/loss,1.2239474058151245
4288,6,train/lr,3.2672896643636267e-05
4289,6,train/loss,1.221402645111084
4289,6,train/lr,3.2658190090283274e-05
4290,6,train/loss,1.2768678665161133
4290,6,train/lr,3.264348395224158e-05
4291,6,train/loss,1.2343714237213135
4291,6,train/lr,3.262877823211924e-05
4292,6,train/loss,1.3258976936340332
4292,6,train/lr,3.2614072932524254e-05
4293,6,train/loss,1.2515389919281006
4293,6,train/lr,3.259936805606455e-05
4294,6,train/loss,1.4688127040863037
4294,6,train/lr,3.258466360534801e-05
4295,6,train/loss,1.2707703113555908
4295,6,train/lr,3.256995958298239e-05
4296,6,train/loss,1.4386053085327148
4296,6,train/lr,3.255525599157538e-05
4297,6,train/loss,1.388348937034607
4297,6,train/lr,3.2540552833734645e-05
4298,6,train/loss,1.379370927810669
4298,6,train/lr,3.252585011206772e-05
4299,6,train/loss,1.5531768798828125
4299,6,train/lr,3.2511147829182056e-05
4300,6,train/loss,1.2958029508590698
4300,6,train/lr,3.249644598768508e-05
4301,6,train/loss,1.3294130563735962
4301,6,train/lr,3.2481744590184095e-05
4302,6,train/loss,1.2892693281173706
4302,6,train/lr,3.2467043639286343e-05
4303,6,train/loss,1.4357359409332275
4303,6,train/lr,3.245234313759897e-05
4304,6,train/loss,1.4390819072723389
4304,6,train/lr,3.243764308772907e-05
4305,6,train/loss,1.40165376663208
4305,6,train/lr,3.2422943492283645e-05
4306,6,train/loss,1.4798476696014404
4306,6,train/lr,3.2408244353869596e-05
4307,6,train/loss,1.4729456901550293
4307,6,train/lr,3.2393545675093774e-05
4308,6,train/loss,1.180735468864441
4308,6,train/lr,3.2378847458562934e-05
4309,6,train/loss,1.3934766054153442
4309,6,train/lr,3.2364149706883734e-05
4310,6,train/loss,1.336769700050354
4310,6,train/lr,3.234945242266279e-05
4311,6,train/loss,1.1791083812713623
4311,6,train/lr,3.2334755608506604e-05
4312,6,train/loss,1.40455961227417
4312,6,train/lr,3.23200592670216e-05
4313,6,train/loss,1.394389271736145
4313,6,train/lr,3.2305363400814096e-05
4314,6,train/loss,1.260893702507019
4314,6,train/lr,3.229066801249039e-05
4315,6,train/loss,1.3185712099075317
4315,6,train/lr,3.2275973104656626e-05
4316,6,train/loss,1.4618947505950928
4316,6,train/lr,3.22612786799189e-05
4317,6,train/loss,1.4439921379089355
4317,6,train/lr,3.224658474088321e-05
4318,6,train/loss,1.3509230613708496
4318,6,train/lr,3.223189129015548e-05
4319,6,train/loss,1.4181870222091675
4319,6,train/lr,3.221719833034152e-05
4320,6,train/loss,1.3677418231964111
4320,6,train/lr,3.2202505864047104e-05
4321,6,train/loss,1.3378496170043945
4321,6,train/lr,3.218781389387786e-05
4322,6,train/loss,1.313878059387207
4322,6,train/lr,3.2173122422439365e-05
4323,6,train/loss,1.3610297441482544
4323,6,train/lr,3.215843145233708e-05
4324,6,train/loss,1.2678028345108032
4324,6,train/lr,3.2143740986176416e-05
4325,6,train/loss,1.5146598815917969
4325,6,train/lr,3.2129051026562665e-05
4326,6,train/loss,1.3547492027282715
4326,6,train/lr,3.2114361576101035e-05
4327,6,train/loss,1.2619946002960205
4327,6,train/lr,3.209967263739665e-05
4328,6,train/loss,1.3126399517059326
4328,6,train/lr,3.2084984213054534e-05
4329,6,train/loss,1.2532689571380615
4329,6,train/lr,3.207029630567961e-05
4330,6,train/loss,1.339245319366455
4330,6,train/lr,3.205560891787675e-05
4331,6,train/loss,1.5473570823669434
4331,6,train/lr,3.2040922052250705e-05
4332,6,train/loss,1.4578310251235962
4332,6,train/lr,3.202623571140612e-05
4333,6,train/loss,1.4129786491394043
4333,6,train/lr,3.201154989794755e-05
4334,6,train/loss,1.2348767518997192
4334,6,train/lr,3.1996864614479516e-05
4335,6,train/loss,1.447140097618103
4335,6,train/lr,3.198217986360637e-05
4336,6,train/loss,1.2354347705841064
4336,6,train/lr,3.196749564793238e-05
4337,6,train/loss,1.2031235694885254
4337,6,train/lr,3.195281197006178e-05
4338,6,train/loss,1.2861452102661133
4338,6,train/lr,3.193812883259863e-05
4339,6,train/loss,1.216243028640747
4339,6,train/lr,3.192344623814695e-05
4340,6,train/loss,1.437124490737915
4340,6,train/lr,3.1908764189310634e-05
4341,6,train/loss,1.450146198272705
4341,6,train/lr,3.189408268869349e-05
4342,6,train/loss,1.2887046337127686
4342,6,train/lr,3.187940173889923e-05
4343,6,train/loss,1.3198150396347046
4343,6,train/lr,3.1864721342531454e-05
4344,6,train/loss,1.4974076747894287
4344,6,train/lr,3.185004150219369e-05
4345,6,train/loss,1.2621252536773682
4345,6,train/lr,3.183536222048936e-05
4346,6,train/loss,1.3922393321990967
4346,6,train/lr,3.182068350002175e-05
4347,6,train/loss,1.389951467514038
4347,6,train/lr,3.18060053433941e-05
4348,6,train/loss,1.4243745803833008
4348,6,train/lr,3.1791327753209536e-05
4349,6,train/loss,1.388990044593811
4349,6,train/lr,3.177665073207105e-05
4350,6,train/loss,1.375063419342041
4350,6,train/lr,3.176197428258157e-05
4351,6,train/loss,1.2439335584640503
4351,6,train/lr,3.1747298407343905e-05
4352,6,train/loss,1.242799997329712
4352,6,train/lr,3.173262310896078e-05
4353,6,train/loss,1.3330059051513672
4353,6,train/lr,3.171794839003477e-05
4354,6,train/loss,1.3746469020843506
4354,6,train/lr,3.170327425316842e-05
4355,6,train/loss,1.4154704809188843
4355,6,train/lr,3.1688600700964115e-05
4356,6,train/loss,1.3427507877349854
4356,6,train/lr,3.1673927736024145e-05
4357,6,train/loss,1.431931972503662
4357,6,train/lr,3.165925536095074e-05
4358,6,train/loss,1.3964710235595703
4358,6,train/lr,3.1644583578345964e-05
4359,6,train/loss,1.3625073432922363
4359,6,train/lr,3.1629912390811806e-05
4360,6,train/loss,1.4183433055877686
4360,6,train/lr,3.1615241800950154e-05
4361,6,train/loss,1.365842580795288
4361,6,train/lr,3.160057181136278e-05
4362,6,train/loss,1.4705922603607178
4362,6,train/lr,3.1585902424651346e-05
4363,6,train/loss,1.4432933330535889
4363,6,train/lr,3.157123364341741e-05
4364,6,train/loss,1.2906875610351562
4364,6,train/lr,3.1556565470262446e-05
4365,6,train/loss,1.2950067520141602
4365,6,train/lr,3.154189790778779e-05
4366,6,train/loss,1.3330717086791992
4366,6,train/lr,3.152723095859466e-05
4367,6,train/loss,1.3403756618499756
4367,6,train/lr,3.1512564625284216e-05
4368,6,train/loss,1.3460428714752197
4368,6,train/lr,3.149789891045747e-05
4369,6,train/loss,1.3746154308319092
4369,6,train/lr,3.14832338167153e-05
4370,6,train/loss,1.2404985427856445
4370,6,train/lr,3.1468569346658555e-05
4371,6,train/loss,1.3181726932525635
4371,6,train/lr,3.145390550288789e-05
4372,6,train/loss,1.325927734375
4372,6,train/lr,3.1439242288003905e-05
4373,6,train/loss,1.3232892751693726
4373,6,train/lr,3.142457970460704e-05
4374,6,train/loss,1.3291176557540894
4374,6,train/lr,3.140991775529768e-05
4375,6,train/loss,1.3587114810943604
4375,6,train/lr,3.139525644267605e-05
4376,6,train/loss,1.1847269535064697
4376,6,train/lr,3.138059576934227e-05
4377,6,train/loss,1.2890194654464722
4377,6,train/lr,3.136593573789637e-05
4378,6,train/loss,1.210016131401062
4378,6,train/lr,3.135127635093826e-05
4379,6,train/loss,1.4195863008499146
4379,6,train/lr,3.1336617611067716e-05
4380,6,train/loss,1.4740864038467407
4380,6,train/lr,3.132195952088439e-05
4381,6,train/loss,1.2060993909835815
4381,6,train/lr,3.130730208298789e-05
4382,6,train/loss,1.3531646728515625
4382,6,train/lr,3.1292645299977615e-05
4383,6,train/loss,1.352083683013916
4383,6,train/lr,3.1277989174452904e-05
4384,6,train/loss,1.334078311920166
4384,6,train/lr,3.126333370901298e-05
4385,6,train/loss,1.4144749641418457
4385,6,train/lr,3.124867890625692e-05
4386,6,train/loss,1.4211225509643555
4386,6,train/lr,3.123402476878369e-05
4387,6,train/loss,1.4762308597564697
4387,6,train/lr,3.121937129919217e-05
4388,6,train/loss,1.3459961414337158
4388,6,train/lr,3.120471850008109e-05
4389,6,train/loss,1.2721548080444336
4389,6,train/lr,3.119006637404907e-05
4390,6,train/loss,1.3643476963043213
4390,6,train/lr,3.117541492369459e-05
4391,6,train/loss,1.3339228630065918
4391,6,train/lr,3.1160764151616055e-05
4392,6,train/loss,1.367505669593811
4392,6,train/lr,3.1146114060411726e-05
4393,6,train/loss,1.4005597829818726
4393,6,train/lr,3.113146465267972e-05
4394,6,train/loss,1.5435638427734375
4394,6,train/lr,3.111681593101808e-05
4395,6,train/loss,1.3485225439071655
4395,6,train/lr,3.110216789802468e-05
4396,6,train/loss,1.4157330989837646
4396,6,train/lr,3.108752055629731e-05
4397,6,train/loss,1.3125944137573242
4397,6,train/lr,3.107287390843362e-05
4398,6,train/loss,1.41950261592865
4398,6,train/lr,3.1058227957031133e-05
4399,6,train/loss,1.2763783931732178
4399,6,train/lr,3.104358270468726e-05
4400,6,train/loss,1.3681931495666504
4400,6,train/lr,3.102893815399926e-05
4401,6,train/loss,1.2049157619476318
4401,6,train/lr,3.101429430756432e-05
4402,6,train/loss,1.2799623012542725
4402,6,train/lr,3.099965116797946e-05
4403,6,train/loss,1.3021657466888428
4403,6,train/lr,3.0985008737841575e-05
4404,6,train/loss,1.2924216985702515
4404,6,train/lr,3.097036701974747e-05
4405,6,train/loss,1.2611486911773682
4405,6,train/lr,3.095572601629378e-05
4406,6,train/loss,1.293879508972168
4406,6,train/lr,3.0941085730077037e-05
4407,6,train/loss,1.3225332498550415
4407,6,train/lr,3.092644616369364e-05
4408,6,train/loss,1.3693673610687256
4408,6,train/lr,3.091180731973988e-05
4409,6,train/loss,1.3033976554870605
4409,6,train/lr,3.089716920081187e-05
4410,6,train/loss,1.2430752515792847
4410,6,train/lr,3.0882531809505626e-05
4411,6,train/loss,1.3619096279144287
4411,6,train/lr,3.0867895148417075e-05
4412,6,train/loss,1.534109354019165
4412,6,train/lr,3.0853259220141945e-05
4413,6,train/loss,1.2364445924758911
4413,6,train/lr,3.083862402727585e-05
4414,6,train/loss,1.4024569988250732
4414,6,train/lr,3.082398957241432e-05
4415,6,train/loss,1.3383570909500122
4415,6,train/lr,3.0809355858152715e-05
4416,6,train/loss,1.4940481185913086
4416,6,train/lr,3.079472288708624e-05
4417,6,train/loss,1.3458497524261475
4417,6,train/lr,3.0780090661810036e-05
4418,6,train/loss,1.414474606513977
4418,6,train/lr,3.076545918491905e-05
4419,6,train/loss,1.5801570415496826
4419,6,train/lr,3.075082845900813e-05
4420,6,train/loss,1.3848001956939697
4420,6,train/lr,3.073619848667197e-05
4421,6,train/loss,1.2937264442443848
4421,6,train/lr,3.072156927050515e-05
4422,6,train/loss,1.2680693864822388
4422,6,train/lr,3.0706940813102114e-05
4423,6,train/loss,1.3977749347686768
4423,6,train/lr,3.0692313117057134e-05
4424,6,train/loss,1.3344961404800415
4424,6,train/lr,3.0677686184964424e-05
4425,6,train/loss,1.2393814325332642
4425,6,train/lr,3.0663060019417985e-05
4426,6,train/loss,1.3766897916793823
4426,6,train/lr,3.0648434623011716e-05
4427,6,train/loss,1.2420454025268555
4427,6,train/lr,3.0633809998339374e-05
4428,6,train/loss,1.333677887916565
4428,6,train/lr,3.06191861479946e-05
4429,6,train/loss,1.3786745071411133
4429,6,train/lr,3.060456307457087e-05
4430,6,train/loss,1.4172078371047974
4430,6,train/lr,3.058994078066152e-05
4431,6,train/loss,1.3584755659103394
4431,6,train/lr,3.057531926885977e-05
4432,6,train/loss,1.2565127611160278
4432,6,train/lr,3.05606985417587e-05
4433,6,train/loss,1.2995424270629883
4433,6,train/lr,3.05460786019512e-05
4434,6,train/loss,1.6354562044143677
4434,6,train/lr,3.053145945203012e-05
4435,6,train/loss,1.5059834718704224
4435,6,train/lr,3.051684109458809e-05
4436,6,train/loss,1.4172637462615967
4436,6,train/lr,3.050222353221759e-05
4437,6,train/loss,1.2865575551986694
4437,6,train/lr,3.0487606767511037e-05
4438,6,train/loss,1.4090670347213745
4438,6,train/lr,3.0472990803060635e-05
4439,6,train/loss,1.1898105144500732
4439,6,train/lr,3.045837564145848e-05
4440,6,train/loss,1.4371967315673828
4440,6,train/lr,3.0443761285296504e-05
4441,6,train/loss,1.2991511821746826
4441,6,train/lr,3.0429147737166518e-05
4442,6,train/loss,1.3166284561157227
4442,6,train/lr,3.0414534999660185e-05
4443,6,train/loss,1.358289361000061
4443,6,train/lr,3.0399923075368995e-05
4444,6,train/loss,1.2978551387786865
4444,6,train/lr,3.0385311966884354e-05
4445,6,train/loss,1.3398559093475342
4445,6,train/lr,3.037070167679747e-05
4446,6,train/loss,1.4211621284484863
4446,6,train/lr,3.0356092207699408e-05
4447,6,train/loss,1.3294551372528076
4447,6,train/lr,3.0341483562181135e-05
4448,6,train/loss,1.5212163925170898
4448,6,train/lr,3.032687574283342e-05
4449,6,train/loss,1.3843326568603516
4449,6,train/lr,3.0312268752246918e-05
4450,6,train/loss,1.4757273197174072
4450,6,train/lr,3.0297662593012106e-05
4451,6,train/loss,1.3796117305755615
4451,6,train/lr,3.0283057267719346e-05
4452,6,train/loss,1.2571136951446533
4452,6,train/lr,3.0268452778958836e-05
4453,6,train/loss,1.2877702713012695
4453,6,train/lr,3.0253849129320612e-05
4454,6,train/loss,1.2494416236877441
4454,6,train/lr,3.0239246321394603e-05
4455,6,train/loss,1.3799790143966675
4455,6,train/lr,3.0224644357770554e-05
4456,6,train/loss,1.5952469110488892
4456,6,train/lr,3.0210043241038046e-05
4457,6,train/loss,1.376063585281372
4457,6,train/lr,3.0195442973786573e-05
4458,6,train/loss,1.3231663703918457
4458,6,train/lr,3.0180843558605413e-05
4459,6,train/loss,1.4996914863586426
4459,6,train/lr,3.0166244998083726e-05
4460,6,train/loss,1.2388780117034912
4460,6,train/lr,3.015164729481049e-05
4461,6,train/loss,1.3753758668899536
4461,6,train/lr,3.013705045137459e-05
4462,6,train/loss,1.2709811925888062
4462,6,train/lr,3.0122454470364703e-05
4463,6,train/loss,1.3604966402053833
4463,6,train/lr,3.0107859354369364e-05
4464,6,train/loss,1.370475172996521
4464,6,train/lr,3.009326510597698e-05
4465,6,train/loss,1.2656712532043457
4465,6,train/lr,3.0078671727775778e-05
4466,6,train/loss,1.2910807132720947
4466,6,train/lr,3.0064079222353824e-05
4467,6,train/loss,1.325074553489685
4467,6,train/lr,3.0049487592299076e-05
4468,6,train/loss,1.2765226364135742
4468,6,train/lr,3.003489684019929e-05
4469,6,train/loss,1.7596997022628784
4469,6,train/lr,3.002030696864208e-05
4470,6,train/loss,1.4701673984527588
4470,6,train/lr,3.0005717980214888e-05
4471,6,train/loss,1.4373074769973755
4471,6,train/lr,2.9991129877505053e-05
4472,6,train/loss,1.3457332849502563
4472,6,train/lr,2.9976542663099704e-05
4473,6,train/loss,1.3655354976654053
4473,6,train/lr,2.996195633958582e-05
4474,6,train/loss,1.4416732788085938
4474,6,train/lr,2.9947370909550245e-05
4475,6,train/loss,1.2698078155517578
4475,6,train/lr,2.993278637557965e-05
4476,6,train/loss,1.2227106094360352
4476,6,train/lr,2.991820274026052e-05
4477,6,train/loss,1.3262691497802734
4477,6,train/lr,2.9903620006179255e-05
4478,6,train/loss,1.3261717557907104
4478,6,train/lr,2.988903817592202e-05
4479,6,train/loss,1.441288948059082
4479,6,train/lr,2.9874457252074856e-05
4480,6,train/loss,1.4197630882263184
4480,6,train/lr,2.9859877237223617e-05
4481,6,train/loss,1.3586852550506592
4481,6,train/lr,2.9845298133954044e-05
4482,6,train/loss,1.3404892683029175
4482,6,train/lr,2.9830719944851677e-05
4483,6,train/loss,1.3255789279937744
4483,6,train/lr,2.9816142672501892e-05
4484,6,train/loss,1.2456588745117188
4484,6,train/lr,2.9801566319489924e-05
4485,6,train/loss,1.2923287153244019
4485,6,train/lr,2.9786990888400838e-05
4486,6,train/loss,1.4188525676727295
4486,6,train/lr,2.9772416381819512e-05
4487,6,train/loss,1.3409979343414307
4487,6,train/lr,2.9757842802330705e-05
4488,6,train/loss,1.2755814790725708
4488,6,train/lr,2.9743270152518987e-05
4489,6,train/loss,1.2846136093139648
4489,6,train/lr,2.972869843496875e-05
4490,6,train/loss,1.2881503105163574
4490,6,train/lr,2.971412765226422e-05
4491,6,train/loss,1.3482584953308105
4491,6,train/lr,2.9699557806989507e-05
4492,6,train/loss,1.4875962734222412
4492,6,train/lr,2.9684988901728502e-05
4493,6,train/loss,1.6053746938705444
4493,6,train/lr,2.9670420939064928e-05
4494,6,train/loss,1.399294376373291
4494,6,train/lr,2.9655853921582394e-05
4495,6,train/loss,1.3057299852371216
4495,6,train/lr,2.9641287851864286e-05
4496,6,train/loss,1.332268238067627
4496,6,train/lr,2.9626722732493837e-05
4497,6,train/loss,1.343510627746582
4497,6,train/lr,2.9612158566054137e-05
4498,6,train/loss,1.307718276977539
4498,6,train/lr,2.9597595355128073e-05
4499,6,train/loss,1.2420809268951416
4499,6,train/lr,2.9583033102298373e-05
4500,6,train/loss,1.2013349533081055
4500,6,train/lr,2.9568471810147594e-05
4501,6,train/loss,1.346632957458496
4501,6,train/lr,2.9553911481258146e-05
4502,6,train/loss,1.2154762744903564
4502,6,train/lr,2.9539352118212243e-05
4503,6,train/loss,1.2582952976226807
4503,6,train/lr,2.9524793723591912e-05
4504,6,train/loss,1.2865644693374634
4504,6,train/lr,2.9510236299979066e-05
4505,6,train/loss,1.4420545101165771
4505,6,train/lr,2.9495679849955393e-05
4506,6,train/loss,1.2452434301376343
4506,6,train/lr,2.948112437610242e-05
4507,6,train/loss,1.1971378326416016
4507,6,train/lr,2.9466569881001505e-05
4508,6,train/loss,1.2512776851654053
4508,6,train/lr,2.9452016367233847e-05
4509,6,train/loss,1.2134604454040527
4509,6,train/lr,2.943746383738045e-05
4510,6,train/loss,1.2786134481430054
4510,6,train/lr,2.9422912294022136e-05
4511,6,train/loss,1.5293488502502441
4511,6,train/lr,2.9408361739739593e-05
4512,6,train/loss,1.323535680770874
4512,6,train/lr,2.93938121771133e-05
4513,6,train/loss,1.2321391105651855
4513,6,train/lr,2.937926360872355e-05
4514,6,train/loss,1.2417606115341187
4514,6,train/lr,2.9364716037150503e-05
4515,6,train/loss,1.343970775604248
4515,6,train/lr,2.9350169464974112e-05
4516,6,train/loss,1.226527452468872
4516,6,train/lr,2.9335623894774147e-05
4517,6,train/loss,1.2904431819915771
4517,6,train/lr,2.9321079329130205e-05
4518,6,train/loss,1.3445322513580322
4518,6,train/lr,2.9306535770621726e-05
4519,6,train/loss,1.502366542816162
4519,6,train/lr,2.9291993221827955e-05
4520,6,train/loss,1.3746953010559082
4520,6,train/lr,2.9277451685327945e-05
4521,6,train/loss,1.368587613105774
4521,6,train/lr,2.9262911163700604e-05
4522,6,train/loss,1.4294034242630005
4522,6,train/lr,2.9248371659524623e-05
4523,6,train/loss,1.2935444116592407
4523,6,train/lr,2.9233833175378522e-05
4524,6,train/loss,1.367583990097046
4524,6,train/lr,2.9219295713840675e-05
4525,6,train/loss,1.2917412519454956
4525,6,train/lr,2.920475927748923e-05
4526,6,train/loss,1.3880650997161865
4526,6,train/lr,2.919022386890217e-05
4527,6,train/loss,1.4246103763580322
4527,6,train/lr,2.9175689490657285e-05
4528,6,train/loss,1.3154360055923462
4528,6,train/lr,2.9161156145332217e-05
4529,6,train/loss,1.2318236827850342
4529,6,train/lr,2.9146623835504388e-05
4530,6,train/loss,1.3215839862823486
4530,6,train/lr,2.913209256375104e-05
4531,6,train/loss,1.3735978603363037
4531,6,train/lr,2.911756233264926e-05
4532,6,train/loss,1.3519175052642822
4532,6,train/lr,2.9103033144775918e-05
4533,6,train/loss,1.2307989597320557
4533,6,train/lr,2.9088505002707698e-05
4534,6,train/loss,1.2194448709487915
4534,6,train/lr,2.907397790902114e-05
4535,6,train/loss,1.2684972286224365
4535,6,train/lr,2.9059451866292557e-05
4536,6,train/loss,1.3728026151657104
4536,6,train/lr,2.9044926877098095e-05
4537,6,train/loss,1.2118388414382935
4537,6,train/lr,2.903040294401368e-05
4538,6,train/loss,1.3903496265411377
4538,6,train/lr,2.9015880069615114e-05
4539,6,train/loss,1.3397409915924072
4539,6,train/lr,2.900135825647796e-05
4540,6,train/loss,1.2922985553741455
4540,6,train/lr,2.89868375071776e-05
4541,6,train/loss,1.4710098505020142
4541,6,train/lr,2.897231782428925e-05
4542,6,train/loss,1.5218830108642578
4542,6,train/lr,2.8957799210387903e-05
4543,6,train/loss,1.39066743850708
4543,6,train/lr,2.8943281668048386e-05
4544,6,train/loss,1.305884599685669
4544,6,train/lr,2.8928765199845346e-05
4545,6,train/loss,1.3062255382537842
4545,6,train/lr,2.8914249808353217e-05
4546,6,train/loss,1.287389874458313
4546,6,train/lr,2.8899735496146252e-05
4547,6,train/loss,1.402703046798706
4547,6,train/lr,2.8885222265798484e-05
4548,6,train/loss,1.419218897819519
4548,6,train/lr,2.887071011988382e-05
4549,6,train/loss,1.2570817470550537
4549,6,train/lr,2.8856199060975917e-05
4550,6,train/loss,1.4047274589538574
4550,6,train/lr,2.884168909164825e-05
4551,6,train/loss,1.294571876525879
4551,6,train/lr,2.8827180214474115e-05
4552,6,train/loss,1.2996188402175903
4552,6,train/lr,2.8812672432026617e-05
4553,6,train/loss,1.3601566553115845
4553,6,train/lr,2.8798165746878642e-05
4554,6,train/loss,1.192070722579956
4554,6,train/lr,2.878366016160291e-05
4555,6,train/loss,1.3953198194503784
4555,6,train/lr,2.876915567877193e-05
4556,6,train/loss,1.361548662185669
4556,6,train/lr,2.8754652300958002e-05
4557,6,train/loss,1.4378993511199951
4557,6,train/lr,2.8740150030733255e-05
4558,6,train/loss,1.3374590873718262
4558,6,train/lr,2.8725648870669625e-05
4559,6,train/loss,1.3853892087936401
4559,6,train/lr,2.871114882333883e-05
4560,6,train/loss,1.2981537580490112
4560,6,train/lr,2.869664989131238e-05
4561,6,train/loss,1.4336802959442139
4561,6,train/lr,2.8682152077161645e-05
4562,6,train/loss,1.2939847707748413
4562,6,train/lr,2.8667655383457738e-05
4563,6,train/loss,1.36995530128479
4563,6,train/lr,2.865315981277159e-05
4564,6,train/loss,1.2301592826843262
4564,6,train/lr,2.8638665367673944e-05
4565,6,train/loss,1.2582231760025024
4565,6,train/lr,2.8624172050735335e-05
4566,6,train/loss,1.4304120540618896
4566,6,train/lr,2.8609679864526096e-05
4567,6,train/loss,1.3529863357543945
4567,6,train/lr,2.8595188811616352e-05
4568,6,train/loss,1.5053761005401611
4568,6,train/lr,2.858069889457606e-05
4569,6,train/loss,1.3134009838104248
4569,6,train/lr,2.856621011597494e-05
4570,6,train/loss,1.1548324823379517
4570,6,train/lr,2.8551722478382514e-05
4571,6,train/loss,1.4941095113754272
4571,6,train/lr,2.8537235984368133e-05
4572,6,train/loss,1.3135578632354736
4572,6,train/lr,2.852275063650091e-05
4573,6,train/loss,1.2940256595611572
4573,6,train/lr,2.8508266437349765e-05
4574,6,train/loss,1.4063785076141357
4574,6,train/lr,2.8493783389483423e-05
4575,6,train/loss,1.178191900253296
4575,6,train/lr,2.84793014954704e-05
4576,6,train/loss,1.1601588726043701
4576,6,train/lr,2.8464820757879e-05
4577,6,train/loss,1.355780839920044
4577,6,train/lr,2.8450341179277315e-05
4578,6,train/loss,1.3412011861801147
4578,6,train/lr,2.8435862762233276e-05
4579,6,train/loss,1.441664218902588
4579,6,train/lr,2.8421385509314556e-05
4580,6,train/loss,1.4576692581176758
4580,6,train/lr,2.8406909423088636e-05
4581,6,train/loss,1.299676537513733
4581,6,train/lr,2.8392434506122815e-05
4582,6,train/loss,1.375164270401001
4582,6,train/lr,2.837796076098416e-05
4583,6,train/loss,1.4110174179077148
4583,6,train/lr,2.8363488190239525e-05
4584,6,train/loss,1.2876628637313843
4584,6,train/lr,2.8349016796455573e-05
4585,6,train/loss,1.2310141324996948
4585,6,train/lr,2.8334546582198762e-05
4586,6,train/loss,1.2828326225280762
4586,6,train/lr,2.832007755003532e-05
4587,6,train/loss,1.4386109113693237
4587,6,train/lr,2.8305609702531268e-05
4588,6,train/loss,1.4455657005310059
4588,6,train/lr,2.8291143042252445e-05
4589,6,train/loss,1.3704347610473633
4589,6,train/lr,2.8276677571764448e-05
4590,6,train/loss,1.4802265167236328
4590,6,train/lr,2.826221329363266e-05
4591,6,train/loss,1.3771785497665405
4591,6,train/lr,2.8247750210422297e-05
4592,6,train/loss,1.311011552810669
4592,6,train/lr,2.8233288324698317e-05
4593,6,train/loss,1.4617185592651367
4593,6,train/lr,2.821882763902547e-05
4594,6,train/loss,1.4337767362594604
4594,6,train/lr,2.820436815596833e-05
4595,6,train/loss,1.2476868629455566
4595,6,train/lr,2.8189909878091223e-05
4596,6,train/loss,1.324292540550232
4596,6,train/lr,2.8175452807958267e-05
4597,6,train/loss,1.3131002187728882
4597,6,train/lr,2.816099694813336e-05
4598,6,train/loss,1.3233516216278076
4598,6,train/lr,2.814654230118022e-05
4599,6,train/loss,1.3227366209030151
4599,6,train/lr,2.8132088869662305e-05
4600,6,train/loss,1.198102593421936
4600,6,train/lr,2.811763665614287e-05
4601,6,train/loss,1.4596023559570312
4601,6,train/lr,2.8103185663184986e-05
4602,6,train/loss,1.3029017448425293
4602,6,train/lr,2.808873589335147e-05
4603,6,train/loss,1.4446325302124023
4603,6,train/lr,2.8074287349204926e-05
4604,6,train/loss,1.3847975730895996
4604,6,train/lr,2.8059840033307773e-05
4605,6,train/loss,1.415956735610962
4605,6,train/lr,2.804539394822217e-05
4606,6,train/loss,1.369882583618164
4606,6,train/lr,2.803094909651009e-05
4607,6,train/loss,1.3082252740859985
4607,6,train/lr,2.801650548073325e-05
4608,6,train/loss,1.366763949394226
4608,6,train/lr,2.80020631034532e-05
4609,6,train/loss,1.4164879322052002
4609,6,train/lr,2.798762196723122e-05
4610,6,train/loss,1.3479113578796387
4610,6,train/lr,2.79731820746284e-05
4611,6,train/loss,1.258945107460022
4611,6,train/lr,2.795874342820561e-05
4612,6,train/loss,1.2477390766143799
4612,6,train/lr,2.7944306030523475e-05
4613,6,train/loss,1.3899621963500977
4613,6,train/lr,2.792986988414241e-05
4614,6,train/loss,1.2964380979537964
4614,6,train/lr,2.791543499162264e-05
4615,6,train/loss,1.2395464181900024
4615,6,train/lr,2.7901001355524125e-05
4616,6,train/loss,1.377705454826355
4616,6,train/lr,2.7886568978406606e-05
4617,6,train/loss,1.3377140760421753
4617,6,train/lr,2.787213786282961e-05
4618,6,train/loss,1.402982234954834
4618,6,train/lr,2.7857708011352465e-05
4619,6,train/loss,1.238721489906311
4619,6,train/lr,2.7843279426534233e-05
4620,6,train/loss,1.2849618196487427
4620,6,train/lr,2.782885211093377e-05
4621,6,train/loss,1.4066298007965088
4621,6,train/lr,2.781442606710972e-05
4622,6,train/loss,1.3106791973114014
4622,6,train/lr,2.7800001297620477e-05
4623,6,train/loss,1.2732385396957397
4623,6,train/lr,2.7785577805024203e-05
4624,6,train/loss,1.3721439838409424
4624,6,train/lr,2.777115559187889e-05
4625,6,train/loss,1.4887775182724
4625,6,train/lr,2.7756734660742244e-05
4626,6,train/loss,1.284273624420166
4626,6,train/lr,2.7742315014171764e-05
4627,6,train/loss,1.3498376607894897
4627,6,train/lr,2.7727896654724706e-05
4628,6,train/loss,1.4029979705810547
4628,6,train/lr,2.771347958495814e-05
4629,6,train/loss,1.285922646522522
4629,6,train/lr,2.7699063807428864e-05
4630,6,train/loss,1.410604476928711
4630,6,train/lr,2.768464932469346e-05
4631,6,train/loss,1.330357551574707
4631,6,train/lr,2.7670236139308293e-05
4632,6,train/loss,1.231210708618164
4632,6,train/lr,2.7655824253829485e-05
4633,6,train/loss,1.302586555480957
4633,6,train/lr,2.7641413670812928e-05
4634,6,train/loss,1.3259084224700928
4634,6,train/lr,2.762700439281427e-05
4635,6,train/loss,1.4980117082595825
4635,6,train/lr,2.761259642238897e-05
4636,6,train/loss,1.2755584716796875
4636,6,train/lr,2.759818976209222e-05
4637,6,train/loss,1.2814189195632935
4637,6,train/lr,2.7583784414478962e-05
4638,6,train/loss,1.5015978813171387
4638,6,train/lr,2.7569380382103975e-05
4639,6,train/loss,1.2696549892425537
4639,6,train/lr,2.7554977667521732e-05
4640,6,train/loss,1.410956859588623
4640,6,train/lr,2.7540576273286503e-05
4641,6,train/loss,1.4125901460647583
4641,6,train/lr,2.752617620195233e-05
4642,6,train/loss,1.2870714664459229
4642,6,train/lr,2.7511777456073e-05
4643,6,train/loss,1.4203579425811768
4643,6,train/lr,2.7497380038202098e-05
4644,6,train/loss,1.5362153053283691
4644,6,train/lr,2.7482983950892923e-05
4645,6,train/loss,1.3352059125900269
4645,6,train/lr,2.7468589196698597e-05
4646,6,train/loss,1.2517235279083252
4646,6,train/lr,2.7454195778171966e-05
4647,6,train/loss,1.402252197265625
4647,6,train/lr,2.7439803697865623e-05
4648,6,train/loss,1.2156429290771484
4648,6,train/lr,2.742541295833199e-05
4649,6,train/loss,1.320348858833313
4649,6,train/lr,2.7411023562123192e-05
4650,6,train/loss,1.3080980777740479
4650,6,train/lr,2.7396635511791127e-05
4651,6,train/loss,1.3791558742523193
4651,6,train/lr,2.7382248809887488e-05
4652,6,train/loss,1.3336834907531738
4652,6,train/lr,2.7367863458963682e-05
4653,6,train/loss,1.371476173400879
4653,6,train/lr,2.7353479461570907e-05
4654,6,train/loss,1.3273282051086426
4654,6,train/lr,2.7339096820260092e-05
4655,6,train/loss,1.3956098556518555
4655,6,train/lr,2.7324715537581976e-05
4656,6,train/loss,1.2184284925460815
4656,6,train/lr,2.7310335616087006e-05
4657,6,train/loss,1.314333438873291
4657,6,train/lr,2.7295957058325398e-05
4658,6,train/loss,1.2499483823776245
4658,6,train/lr,2.7281579866847164e-05
4659,6,train/loss,1.280482530593872
4659,6,train/lr,2.7267204044202028e-05
4660,6,train/loss,1.325028419494629
4660,6,train/lr,2.725282959293948e-05
4661,6,train/loss,1.5734912157058716
4661,6,train/lr,2.72384565156088e-05
4662,6,train/loss,1.329637885093689
4662,6,train/lr,2.722408481475899e-05
4663,6,train/loss,1.4619648456573486
4663,6,train/lr,2.7209714492938813e-05
4664,6,train/loss,1.3200173377990723
4664,6,train/lr,2.7195345552696784e-05
4665,6,train/loss,1.438220739364624
4665,6,train/lr,2.7180977996581198e-05
4666,6,train/loss,1.4478281736373901
4666,6,train/lr,2.716661182714008e-05
4667,6,train/loss,1.4575914144515991
4667,6,train/lr,2.7152247046921203e-05
4668,6,train/loss,1.419435977935791
4668,6,train/lr,2.7137883658472137e-05
4669,6,train/loss,1.304824709892273
4669,6,train/lr,2.712352166434016e-05
4670,6,train/loss,1.247812032699585
4670,6,train/lr,2.71091610670723e-05
4671,6,train/loss,1.2693493366241455
4671,6,train/lr,2.7094801869215395e-05
4672,6,train/loss,1.374796986579895
4672,6,train/lr,2.7080444073315966e-05
4673,6,train/loss,1.295860767364502
4673,6,train/lr,2.7066087681920323e-05
4674,6,train/loss,1.2777252197265625
4674,6,train/lr,2.705173269757452e-05
4675,6,train/loss,1.2085480690002441
4675,6,train/lr,2.703737912282435e-05
4676,6,train/loss,1.2311618328094482
4676,6,train/lr,2.7023026960215383e-05
4677,6,train/loss,1.3293678760528564
4677,6,train/lr,2.7008676212292906e-05
4678,6,train/loss,1.2334095239639282
4678,6,train/lr,2.6994326881601986e-05
4679,6,train/loss,1.3618569374084473
4679,6,train/lr,2.6979978970687414e-05
4680,6,train/loss,1.3957138061523438
4680,6,train/lr,2.6965632482093727e-05
4681,6,train/loss,1.4752932786941528
4681,6,train/lr,2.6951287418365248e-05
4682,6,train/loss,1.354419231414795
4682,6,train/lr,2.693694378204601e-05
4683,6,train/loss,1.271705150604248
4683,6,train/lr,2.6922601575679798e-05
4684,6,train/loss,1.229353427886963
4684,6,train/lr,2.6908260801810134e-05
4685,6,train/loss,1.3694512844085693
4685,6,train/lr,2.6893921462980336e-05
4686,6,train/loss,1.4129358530044556
4686,6,train/lr,2.6879583561733412e-05
4687,6,train/loss,1.6638262271881104
4687,6,train/lr,2.6865247100612136e-05
4688,6,train/loss,1.4652726650238037
4688,6,train/lr,2.685091208215903e-05
4689,6,train/loss,1.2290966510772705
4689,6,train/lr,2.6836578508916354e-05
4690,6,train/loss,1.2948672771453857
4690,6,train/lr,2.6822246383426104e-05
4691,6,train/loss,1.2343847751617432
4691,6,train/lr,2.6807915708230057e-05
4692,6,train/loss,1.421525478363037
4692,6,train/lr,2.6793586485869678e-05
4693,6,train/loss,1.2385855913162231
4693,6,train/lr,2.677925871888622e-05
4694,6,train/loss,1.4298996925354004
4694,6,train/lr,2.6764932409820628e-05
4695,6,train/loss,1.3471401929855347
4695,6,train/lr,2.6750607561213656e-05
4696,6,train/loss,1.4283661842346191
4696,6,train/lr,2.6736284175605752e-05
4697,6,train/loss,1.5003483295440674
4697,6,train/lr,2.6721962255537103e-05
4698,6,train/loss,1.483604907989502
4698,6,train/lr,2.6707641803547665e-05
4699,6,train/loss,1.3332595825195312
4699,6,train/lr,2.6693322822177105e-05
4700,6,train/loss,1.4073066711425781
4700,6,train/lr,2.6679005313964837e-05
4701,6,train/loss,1.2614014148712158
4701,6,train/lr,2.6664689281450033e-05
4702,6,train/loss,1.2386914491653442
4702,6,train/lr,2.6650374727171585e-05
4703,6,train/loss,1.2676934003829956
4703,6,train/lr,2.663606165366812e-05
4704,6,train/loss,1.2704887390136719
4704,6,train/lr,2.6621750063477994e-05
4705,6,train/loss,1.4359134435653687
4705,6,train/lr,2.6607439959139342e-05
4706,6,train/loss,1.3293918371200562
4706,6,train/lr,2.659313134319e-05
4707,6,train/loss,1.3359382152557373
4707,6,train/lr,2.657882421816753e-05
4708,6,train/loss,1.3500162363052368
4708,6,train/lr,2.6564518586609268e-05
4709,6,train/loss,1.264177918434143
4709,6,train/lr,2.6550214451052265e-05
4710,6,train/loss,1.5080217123031616
4710,6,train/lr,2.653591181403329e-05
4711,6,train/loss,1.2850643396377563
4711,6,train/lr,2.652161067808888e-05
4712,6,train/loss,1.1494673490524292
4712,6,train/lr,2.6507311045755276e-05
4713,6,train/loss,1.3877713680267334
4713,6,train/lr,2.6493012919568466e-05
4714,6,train/loss,1.3621937036514282
4714,6,train/lr,2.647871630206416e-05
4715,6,train/loss,1.2587697505950928
4715,6,train/lr,2.646442119577784e-05
4716,6,train/loss,1.3676519393920898
4716,6,train/lr,2.6450127603244668e-05
4716,6,train/batches,3141.0
4716,6,train/compute_pct,99.81794963320705
4716,6,train/compute_sec,307.19313974739634
4716,6,train/data_wait_pct,0.18205036679295009
4716,6,train/data_wait_sec,0.5602662043529563
4716,6,train/examples,25128.0
4716,6,train/examples_per_sec,81.6497868554529
4716,6,train/input_tokens,2630749.0
4716,6,train/peak_vram_gb,6.712257385253906
4716,6,train/target_tokens,1953724.0
4716,6,train/tokens_per_sec,14896.579246043406
4716,6,train/total_sec,307.7534059517493
4716,6,train/epoch_loss,1.3510138255629103
4716,6,epoch6/batches,3141.0
4716,6,epoch6/compute_pct,99.81794963320705
4716,6,epoch6/compute_sec,307.19313974739634
4716,6,epoch6/data_wait_pct,0.18205036679295009
4716,6,epoch6/data_wait_sec,0.5602662043529563
4716,6,epoch6/examples,25128.0
4716,6,epoch6/examples_per_sec,81.6497868554529
4716,6,epoch6/input_tokens,2630749.0
4716,6,epoch6/peak_vram_gb,6.712257385253906
4716,6,epoch6/target_tokens,1953724.0
4716,6,epoch6/tokens_per_sec,14896.579246043406
4716,6,epoch6/total_sec,307.7534059517493
4716,6,val/bleu,31.351295204894164
4716,6,val/chrf,51.34895628672352
4716,6,val/combined,40.12301443072635
4716,6,val/eval_peak_vram_gb,6.712257385253906
4716,6,val/eval_samples_per_sec,10.923214242315817
4716,6,val/eval_seconds,264.84878313497757
4716,6,val/eval_tokens_per_sec,1268.8221407788665
4717,7,train/loss,1.486579179763794
4717,7,train/lr,2.643583552699955e-05
4718,7,train/loss,1.4276328086853027
4718,7,train/lr,2.6421544969577162e-05
4719,7,train/loss,1.3679895401000977
4719,7,train/lr,2.6407255933511857e-05
4720,7,train/loss,1.2364040613174438
4720,7,train/lr,2.6392968421337748e-05
4721,7,train/loss,1.232964277267456
4721,7,train/lr,2.637868243558868e-05
4722,7,train/loss,1.4117783308029175
4722,7,train/lr,2.6364397978798215e-05
4723,7,train/loss,1.4488790035247803
4723,7,train/lr,2.635011505349965e-05
4724,7,train/loss,1.406794548034668
4724,7,train/lr,2.6335833662225987e-05
4725,7,train/loss,1.3496277332305908
4725,7,train/lr,2.6321553807510014e-05
4726,7,train/loss,1.2700093984603882
4726,7,train/lr,2.630727549188419e-05
4727,7,train/loss,1.4348231554031372
4727,7,train/lr,2.6292998717880706e-05
4728,7,train/loss,1.3598344326019287
4728,7,train/lr,2.627872348803153e-05
4729,7,train/loss,1.4855105876922607
4729,7,train/lr,2.6264449804868304e-05
4730,7,train/loss,1.2089464664459229
4730,7,train/lr,2.6250177670922406e-05
4731,7,train/loss,1.3400959968566895
4731,7,train/lr,2.6235907088724956e-05
4732,7,train/loss,1.3033015727996826
4732,7,train/lr,2.6221638060806785e-05
4733,7,train/loss,1.2786214351654053
4733,7,train/lr,2.6207370589698446e-05
4734,7,train/loss,1.2722395658493042
4734,7,train/lr,2.6193104677930225e-05
4735,7,train/loss,1.372704267501831
4735,7,train/lr,2.617884032803214e-05
4736,7,train/loss,1.4287183284759521
4736,7,train/lr,2.6164577542533907e-05
4737,7,train/loss,1.264678955078125
4737,7,train/lr,2.6150316323964972e-05
4738,7,train/loss,1.292063593864441
4738,7,train/lr,2.6136056674854536e-05
4739,7,train/loss,1.301099419593811
4739,7,train/lr,2.612179859773147e-05
4740,7,train/loss,1.3976659774780273
4740,7,train/lr,2.61075420951244e-05
4741,7,train/loss,1.436995506286621
4741,7,train/lr,2.6093287169561655e-05
4742,7,train/loss,1.280332088470459
4742,7,train/lr,2.6079033823571313e-05
4743,7,train/loss,1.4280195236206055
4743,7,train/lr,2.6064782059681137e-05
4744,7,train/loss,1.2434556484222412
4744,7,train/lr,2.6050531880418618e-05
4745,7,train/loss,1.4526829719543457
4745,7,train/lr,2.603628328831099e-05
4746,7,train/loss,1.2992185354232788
4746,7,train/lr,2.602203628588518e-05
4747,7,train/loss,1.4106643199920654
4747,7,train/lr,2.600779087566783e-05
4748,7,train/loss,1.366149663925171
4748,7,train/lr,2.5993547060185326e-05
4749,7,train/loss,1.358405351638794
4749,7,train/lr,2.597930484196375e-05
4750,7,train/loss,1.3234379291534424
4750,7,train/lr,2.59650642235289e-05
4751,7,train/loss,1.2297905683517456
4751,7,train/lr,2.595082520740631e-05
4752,7,train/loss,1.4221298694610596
4752,7,train/lr,2.5936587796121215e-05
4753,7,train/loss,1.378993034362793
4753,7,train/lr,2.592235199219856e-05
4754,7,train/loss,1.234557032585144
4754,7,train/lr,2.5908117798163005e-05
4755,7,train/loss,1.538421630859375
4755,7,train/lr,2.5893885216538947e-05
4756,7,train/loss,1.3516298532485962
4756,7,train/lr,2.5879654249850474e-05
4757,7,train/loss,1.2165687084197998
4757,7,train/lr,2.586542490062138e-05
4758,7,train/loss,1.2116605043411255
4758,7,train/lr,2.5851197171375222e-05
4759,7,train/loss,1.2768983840942383
4759,7,train/lr,2.583697106463521e-05
4760,7,train/loss,1.3142738342285156
4760,7,train/lr,2.5822746582924302e-05
4761,7,train/loss,1.387528896331787
4761,7,train/lr,2.580852372876513e-05
4762,7,train/loss,1.2917128801345825
4762,7,train/lr,2.5794302504680103e-05
4763,7,train/loss,1.4295463562011719
4763,7,train/lr,2.5780082913191284e-05
4764,7,train/loss,1.3823236227035522
4764,7,train/lr,2.576586495682046e-05
4765,7,train/loss,1.3435165882110596
4765,7,train/lr,2.5751648638089147e-05
4766,7,train/loss,1.4416903257369995
4766,7,train/lr,2.5737433959518535e-05
4767,7,train/loss,1.4402132034301758
4767,7,train/lr,2.5723220923629557e-05
4768,7,train/loss,1.4177438020706177
4768,7,train/lr,2.5709009532942853e-05
4769,7,train/loss,1.360245943069458
4769,7,train/lr,2.5694799789978747e-05
4770,7,train/loss,1.3325856924057007
4770,7,train/lr,2.5680591697257286e-05
4771,7,train/loss,1.3337621688842773
4771,7,train/lr,2.566638525729821e-05
4772,7,train/loss,1.3394055366516113
4772,7,train/lr,2.5652180472621003e-05
4773,7,train/loss,1.2224338054656982
4773,7,train/lr,2.563797734574482e-05
4774,7,train/loss,1.322853446006775
4774,7,train/lr,2.5623775879188515e-05
4775,7,train/loss,1.3622617721557617
4775,7,train/lr,2.5609576075470697e-05
4776,7,train/loss,1.2451173067092896
4776,7,train/lr,2.559537793710963e-05
4777,7,train/loss,1.2897725105285645
4777,7,train/lr,2.5581181466623298e-05
4778,7,train/loss,1.3762023448944092
4778,7,train/lr,2.556698666652941e-05
4779,7,train/loss,1.3146127462387085
4779,7,train/lr,2.5552793539345347e-05
4780,7,train/loss,1.323354721069336
4780,7,train/lr,2.5538602087588206e-05
4781,7,train/loss,1.2630610466003418
4781,7,train/lr,2.5524412313774782e-05
4782,7,train/loss,1.2748653888702393
4782,7,train/lr,2.55102242204216e-05
4783,7,train/loss,1.432761549949646
4783,7,train/lr,2.5496037810044854e-05
4784,7,train/loss,1.4286201000213623
4784,7,train/lr,2.5481853085160434e-05
4785,7,train/loss,1.3475322723388672
4785,7,train/lr,2.5467670048283983e-05
4786,7,train/loss,1.445894718170166
4786,7,train/lr,2.5453488701930793e-05
4787,7,train/loss,1.204439640045166
4787,7,train/lr,2.543930904861586e-05
4788,7,train/loss,1.5027425289154053
4788,7,train/lr,2.5425131090853916e-05
4789,7,train/loss,1.2893552780151367
4789,7,train/lr,2.541095483115936e-05
4790,7,train/loss,1.4304027557373047
4790,7,train/lr,2.5396780272046287e-05
4791,7,train/loss,1.3907570838928223
4791,7,train/lr,2.5382607416028505e-05
4792,7,train/loss,1.1924561262130737
4792,7,train/lr,2.536843626561954e-05
4793,7,train/loss,1.2558950185775757
4793,7,train/lr,2.5354266823332575e-05
4794,7,train/loss,1.2548987865447998
4794,7,train/lr,2.5340099091680494e-05
4795,7,train/loss,1.2468605041503906
4795,7,train/lr,2.5325933073175926e-05
4796,7,train/loss,1.379138469696045
4796,7,train/lr,2.531176877033114e-05
4797,7,train/loss,1.3851616382598877
4797,7,train/lr,2.529760618565812e-05
4798,7,train/loss,1.208329200744629
4798,7,train/lr,2.528344532166856e-05
4799,7,train/loss,1.2939612865447998
4799,7,train/lr,2.5269286180873824e-05
4800,7,train/loss,1.3396790027618408
4800,7,train/lr,2.5255128765784993e-05
4801,7,train/loss,1.2325340509414673
4801,7,train/lr,2.5240973078912826e-05
4802,7,train/loss,1.2325927019119263
4802,7,train/lr,2.5226819122767782e-05
4803,7,train/loss,1.2961528301239014
4803,7,train/lr,2.521266689986002e-05
4804,7,train/loss,1.4784775972366333
4804,7,train/lr,2.519851641269936e-05
4805,7,train/loss,1.2350481748580933
4805,7,train/lr,2.5184367663795372e-05
4806,7,train/loss,1.5411376953125
4806,7,train/lr,2.517022065565727e-05
4807,7,train/loss,1.4319106340408325
4807,7,train/lr,2.5156075390793957e-05
4808,7,train/loss,1.2914948463439941
4808,7,train/lr,2.514193187171407e-05
4809,7,train/loss,1.3476961851119995
4809,7,train/lr,2.51277901009259e-05
4810,7,train/loss,1.4731314182281494
4810,7,train/lr,2.511365008093743e-05
4811,7,train/loss,1.1962943077087402
4811,7,train/lr,2.509951181425634e-05
4812,7,train/loss,1.3114532232284546
4812,7,train/lr,2.5085375303390004e-05
4813,7,train/loss,1.237747311592102
4813,7,train/lr,2.507124055084549e-05
4814,7,train/loss,1.260310173034668
4814,7,train/lr,2.505710755912951e-05
4815,7,train/loss,1.4152936935424805
4815,7,train/lr,2.504297633074854e-05
4816,7,train/loss,1.3023674488067627
4816,7,train/lr,2.5028846868208675e-05
4817,7,train/loss,1.2634896039962769
4817,7,train/lr,2.5014719174015717e-05
4818,7,train/loss,1.2639521360397339
4818,7,train/lr,2.500059325067519e-05
4819,7,train/loss,1.3155906200408936
4819,7,train/lr,2.498646910069225e-05
4820,7,train/loss,1.3118489980697632
4820,7,train/lr,2.4972346726571774e-05
4821,7,train/loss,1.32969069480896
4821,7,train/lr,2.4958226130818295e-05
4822,7,train/loss,1.4139779806137085
4822,7,train/lr,2.4944107315936066e-05
4823,7,train/loss,1.428537130355835
4823,7,train/lr,2.4929990284429004e-05
4824,7,train/loss,1.5520302057266235
4824,7,train/lr,2.4915875038800687e-05
4825,7,train/loss,1.4233026504516602
4825,7,train/lr,2.4901761581554444e-05
4826,7,train/loss,1.3126965761184692
4826,7,train/lr,2.488764991519322e-05
4827,7,train/loss,1.4381310939788818
4827,7,train/lr,2.4873540042219654e-05
4828,7,train/loss,1.2803080081939697
4828,7,train/lr,2.485943196513611e-05
4829,7,train/loss,1.4325721263885498
4829,7,train/lr,2.4845325686444587e-05
4830,7,train/loss,1.3216619491577148
4830,7,train/lr,2.483122120864678e-05
4831,7,train/loss,1.2862039804458618
4831,7,train/lr,2.4817118534244065e-05
4832,7,train/loss,1.3136565685272217
4832,7,train/lr,2.4803017665737494e-05
4833,7,train/loss,1.4511680603027344
4833,7,train/lr,2.4788918605627827e-05
4834,7,train/loss,1.2310670614242554
4834,7,train/lr,2.4774821356415448e-05
4835,7,train/loss,1.2384945154190063
4835,7,train/lr,2.4760725920600476e-05
4836,7,train/loss,1.352349877357483
4836,7,train/lr,2.474663230068268e-05
4837,7,train/loss,1.2209869623184204
4837,7,train/lr,2.473254049916149e-05
4838,7,train/loss,1.2490630149841309
4838,7,train/lr,2.4718450518536064e-05
4839,7,train/loss,1.35335373878479
4839,7,train/lr,2.4704362361305196e-05
4840,7,train/loss,1.4190037250518799
4840,7,train/lr,2.469027602996737e-05
4841,7,train/loss,1.5418481826782227
4841,7,train/lr,2.4676191527020723e-05
4842,7,train/loss,1.3759715557098389
4842,7,train/lr,2.466210885496312e-05
4843,7,train/loss,1.4110952615737915
4843,7,train/lr,2.4648028016292057e-05
4844,7,train/loss,1.2483899593353271
4844,7,train/lr,2.463394901350472e-05
4845,7,train/loss,1.3265817165374756
4845,7,train/lr,2.461987184909797e-05
4846,7,train/loss,1.384846806526184
4846,7,train/lr,2.460579652556834e-05
4847,7,train/loss,1.2975585460662842
4847,7,train/lr,2.4591723045412015e-05
4848,7,train/loss,1.676730990409851
4848,7,train/lr,2.4577651411124906e-05
4849,7,train/loss,1.260732889175415
4849,7,train/lr,2.4563581625202558e-05
4850,7,train/loss,1.225084900856018
4850,7,train/lr,2.4549513690140187e-05
4851,7,train/loss,1.432795763015747
4851,7,train/lr,2.453544760843267e-05
4852,7,train/loss,1.410804033279419
4852,7,train/lr,2.4521383382574617e-05
4853,7,train/loss,1.4324092864990234
4853,7,train/lr,2.450732101506024e-05
4854,7,train/loss,1.3789668083190918
4854,7,train/lr,2.4493260508383448e-05
4855,7,train/loss,1.3742120265960693
4855,7,train/lr,2.4479201865037826e-05
4856,7,train/loss,1.3976960182189941
4856,7,train/lr,2.4465145087516624e-05
4857,7,train/loss,1.2027143239974976
4857,7,train/lr,2.4451090178312737e-05
4858,7,train/loss,1.3529670238494873
4858,7,train/lr,2.4437037139918785e-05
4859,7,train/loss,1.4143562316894531
4859,7,train/lr,2.442298597482701e-05
4860,7,train/loss,1.2632944583892822
4860,7,train/lr,2.440893668552932e-05
4861,7,train/loss,1.262709140777588
4861,7,train/lr,2.439488927451731e-05
4862,7,train/loss,1.3131831884384155
4862,7,train/lr,2.438084374428224e-05
4863,7,train/loss,1.318621039390564
4863,7,train/lr,2.4366800097315045e-05
4864,7,train/loss,1.164791226387024
4864,7,train/lr,2.4352758336106282e-05
4865,7,train/loss,1.2229373455047607
4865,7,train/lr,2.433871846314624e-05
4866,7,train/loss,1.396644115447998
4866,7,train/lr,2.4324680480924822e-05
4867,7,train/loss,1.3129267692565918
4867,7,train/lr,2.43106443919316e-05
4868,7,train/loss,1.2517865896224976
4868,7,train/lr,2.4296610198655844e-05
4869,7,train/loss,1.462070107460022
4869,7,train/lr,2.4282577903586458e-05
4870,7,train/loss,1.3864669799804688
4870,7,train/lr,2.426854750921202e-05
4871,7,train/loss,1.2449489831924438
4871,7,train/lr,2.425451901802074e-05
4872,7,train/loss,1.3082176446914673
4872,7,train/lr,2.4240492432500563e-05
4873,7,train/loss,1.2475889921188354
4873,7,train/lr,2.4226467755139033e-05
4874,7,train/loss,1.1772027015686035
4874,7,train/lr,2.4212444988423352e-05
4875,7,train/loss,1.3293821811676025
4875,7,train/lr,2.4198424134840446e-05
4876,7,train/loss,1.314129114151001
4876,7,train/lr,2.4184405196876842e-05
4877,7,train/loss,1.342707872390747
4877,7,train/lr,2.4170388177018744e-05
4878,7,train/loss,1.3245832920074463
4878,7,train/lr,2.415637307775201e-05
4879,7,train/loss,1.439382553100586
4879,7,train/lr,2.414235990156219e-05
4880,7,train/loss,1.503146767616272
4880,7,train/lr,2.412834865093445e-05
4881,7,train/loss,1.329139232635498
4881,7,train/lr,2.4114339328353627e-05
4882,7,train/loss,1.3434317111968994
4882,7,train/lr,2.410033193630424e-05
4883,7,train/loss,1.1032092571258545
4883,7,train/lr,2.408632647727045e-05
4884,7,train/loss,1.421392798423767
4884,7,train/lr,2.4072322953736046e-05
4885,7,train/loss,1.2319780588150024
4885,7,train/lr,2.405832136818453e-05
4886,7,train/loss,1.1703503131866455
4886,7,train/lr,2.4044321723099027e-05
4887,7,train/loss,1.37186598777771
4887,7,train/lr,2.4030324020962312e-05
4888,7,train/loss,1.2596393823623657
4888,7,train/lr,2.401632826425682e-05
4889,7,train/loss,1.354323148727417
4889,7,train/lr,2.4002334455464664e-05
4890,7,train/loss,1.4144511222839355
4890,7,train/lr,2.398834259706758e-05
4891,7,train/loss,1.3289669752120972
4891,7,train/lr,2.3974352691546972e-05
4892,7,train/loss,1.5453259944915771
4892,7,train/lr,2.396036474138391e-05
4893,7,train/loss,1.1130192279815674
4893,7,train/lr,2.3946378749059097e-05
4894,7,train/loss,1.345864176750183
4894,7,train/lr,2.3932394717052887e-05
4895,7,train/loss,1.3013331890106201
4895,7,train/lr,2.3918412647845317e-05
4896,7,train/loss,1.2034380435943604
4896,7,train/lr,2.390443254391605e-05
4897,7,train/loss,1.385509729385376
4897,7,train/lr,2.3890454407744393e-05
4898,7,train/loss,1.190260648727417
4898,7,train/lr,2.387647824180931e-05
4899,7,train/loss,1.448422908782959
4899,7,train/lr,2.386250404858945e-05
4900,7,train/loss,1.2878491878509521
4900,7,train/lr,2.384853183056307e-05
4901,7,train/loss,1.359745979309082
4901,7,train/lr,2.3834561590208086e-05
4902,7,train/loss,1.3044161796569824
4902,7,train/lr,2.3820593330002076e-05
4903,7,train/loss,1.3793628215789795
4903,7,train/lr,2.3806627052422253e-05
4904,7,train/loss,1.323370099067688
4904,7,train/lr,2.3792662759945478e-05
4905,7,train/loss,1.496300458908081
4905,7,train/lr,2.3778700455048285e-05
4906,7,train/loss,1.3403860330581665
4906,7,train/lr,2.376474014020683e-05
4907,7,train/loss,1.3901846408843994
4907,7,train/lr,2.375078181789692e-05
4908,7,train/loss,1.3591448068618774
4908,7,train/lr,2.373682549059399e-05
4909,7,train/loss,1.2962148189544678
4909,7,train/lr,2.3722871160773186e-05
4910,7,train/loss,1.2797374725341797
4910,7,train/lr,2.3708918830909233e-05
4911,7,train/loss,1.4017021656036377
4911,7,train/lr,2.3694968503476518e-05
4912,7,train/loss,1.3064082860946655
4912,7,train/lr,2.3681020180949098e-05
4913,7,train/loss,1.3032424449920654
4913,7,train/lr,2.3667073865800645e-05
4914,7,train/loss,1.4046788215637207
4914,7,train/lr,2.3653129560504474e-05
4915,7,train/loss,1.3424432277679443
4915,7,train/lr,2.3639187267533578e-05
4916,7,train/loss,1.509563684463501
4916,7,train/lr,2.3625246989360562e-05
4917,7,train/loss,1.387484073638916
4917,7,train/lr,2.361130872845769e-05
4918,7,train/loss,1.5749027729034424
4918,7,train/lr,2.3597372487296837e-05
4919,7,train/loss,1.2298105955123901
4919,7,train/lr,2.3583438268349564e-05
4920,7,train/loss,1.3180553913116455
4920,7,train/lr,2.3569506074087056e-05
4921,7,train/loss,1.3062162399291992
4921,7,train/lr,2.3555575906980125e-05
4922,7,train/loss,1.307501196861267
4922,7,train/lr,2.3541647769499238e-05
4923,7,train/loss,1.3656386137008667
4923,7,train/lr,2.3527721664114498e-05
4924,7,train/loss,1.3614734411239624
4924,7,train/lr,2.3513797593295643e-05
4925,7,train/loss,1.2238962650299072
4925,7,train/lr,2.3499875559512065e-05
4926,7,train/loss,1.323383092880249
4926,7,train/lr,2.348595556523278e-05
4927,7,train/loss,1.3794572353363037
4927,7,train/lr,2.3472037612926454e-05
4928,7,train/loss,1.3477051258087158
4928,7,train/lr,2.3458121705061358e-05
4929,7,train/loss,1.4305217266082764
4929,7,train/lr,2.3444207844105456e-05
4930,7,train/loss,1.5206695795059204
4930,7,train/lr,2.3430296032526313e-05
4931,7,train/loss,1.2797290086746216
4931,7,train/lr,2.3416386272791125e-05
4932,7,train/loss,1.3550128936767578
4932,7,train/lr,2.3402478567366756e-05
4933,7,train/loss,1.225831151008606
4933,7,train/lr,2.3388572918719668e-05
4934,7,train/loss,1.386472225189209
4934,7,train/lr,2.337466932931598e-05
4935,7,train/loss,1.4384685754776
4935,7,train/lr,2.336076780162145e-05
4936,7,train/loss,1.3945519924163818
4936,7,train/lr,2.3346868338101462e-05
4937,7,train/loss,1.1450177431106567
4937,7,train/lr,2.3332970941221022e-05
4938,7,train/loss,1.3664565086364746
4938,7,train/lr,2.3319075613444774e-05
4939,7,train/loss,1.342456579208374
4939,7,train/lr,2.3305182357237032e-05
4940,7,train/loss,1.3663911819458008
4940,7,train/lr,2.32912911750617e-05
4941,7,train/loss,1.518380880355835
4941,7,train/lr,2.327740206938231e-05
4942,7,train/loss,1.28518545627594
4942,7,train/lr,2.3263515042662078e-05
4943,7,train/loss,1.2946428060531616
4943,7,train/lr,2.3249630097363792e-05
4944,7,train/loss,1.4277112483978271
4944,7,train/lr,2.3235747235949895e-05
4945,7,train/loss,1.3760838508605957
4945,7,train/lr,2.3221866460882474e-05
4946,7,train/loss,1.2747128009796143
4946,7,train/lr,2.320798777462322e-05
4947,7,train/loss,1.3157075643539429
4947,7,train/lr,2.3194111179633484e-05
4948,7,train/loss,1.2034101486206055
4948,7,train/lr,2.3180236678374194e-05
4949,7,train/loss,1.28262197971344
4949,7,train/lr,2.316636427330598e-05
4950,7,train/loss,1.3120191097259521
4950,7,train/lr,2.3152493966889048e-05
4951,7,train/loss,1.3380134105682373
4951,7,train/lr,2.313862576158322e-05
4952,7,train/loss,1.3989355564117432
4952,7,train/lr,2.312475965984801e-05
4953,7,train/loss,1.260015606880188
4953,7,train/lr,2.3110895664142507e-05
4954,7,train/loss,1.500147819519043
4954,7,train/lr,2.309703377692543e-05
4955,7,train/loss,1.3141664266586304
4955,7,train/lr,2.3083174000655134e-05
4956,7,train/loss,1.3408935070037842
4956,7,train/lr,2.3069316337789604e-05
4957,7,train/loss,1.2934671640396118
4957,7,train/lr,2.305546079078645e-05
4958,7,train/loss,1.3303844928741455
4958,7,train/lr,2.3041607362102884e-05
4959,7,train/loss,1.2834821939468384
4959,7,train/lr,2.3027756054195776e-05
4960,7,train/loss,1.3933491706848145
4960,7,train/lr,2.3013906869521607e-05
4961,7,train/loss,1.3201303482055664
4961,7,train/lr,2.300005981053645e-05
4962,7,train/loss,1.3417866230010986
4962,7,train/lr,2.2986214879696068e-05
4963,7,train/loss,1.2670855522155762
4963,7,train/lr,2.297237207945579e-05
4964,7,train/loss,1.4223124980926514
4964,7,train/lr,2.295853141227057e-05
4965,7,train/loss,1.3161144256591797
4965,7,train/lr,2.294469288059503e-05
4966,7,train/loss,1.4901096820831299
4966,7,train/lr,2.293085648688336e-05
4967,7,train/loss,1.4093010425567627
4967,7,train/lr,2.2917022233589404e-05
4968,7,train/loss,1.2762575149536133
4968,7,train/lr,2.2903190123166604e-05
4969,7,train/loss,1.1221034526824951
4969,7,train/lr,2.2889360158068042e-05
4970,7,train/loss,1.2675652503967285
4970,7,train/lr,2.2875532340746412e-05
4971,7,train/loss,1.3270559310913086
4971,7,train/lr,2.2861706673654012e-05
4972,7,train/loss,1.3234169483184814
4972,7,train/lr,2.2847883159242792e-05
4973,7,train/loss,1.2390457391738892
4973,7,train/lr,2.2834061799964294e-05
4974,7,train/loss,1.381749153137207
4974,7,train/lr,2.2820242598269664e-05
4975,7,train/loss,1.2311010360717773
4975,7,train/lr,2.2806425556609725e-05
4976,7,train/loss,1.4464845657348633
4976,7,train/lr,2.2792610677434857e-05
4977,7,train/loss,1.3359884023666382
4977,7,train/lr,2.2778797963195074e-05
4978,7,train/loss,1.3628613948822021
4978,7,train/lr,2.2764987416340008e-05
4979,7,train/loss,1.2084623575210571
4979,7,train/lr,2.2751179039318923e-05
4980,7,train/loss,1.4644545316696167
4980,7,train/lr,2.2737372834580672e-05
4981,7,train/loss,1.2472622394561768
4981,7,train/lr,2.2723568804573723e-05
4982,7,train/loss,1.1288068294525146
4982,7,train/lr,2.2709766951746197e-05
4983,7,train/loss,1.2704120874404907
4983,7,train/lr,2.2695967278545786e-05
4984,7,train/loss,1.190156102180481
4984,7,train/lr,2.2682169787419795e-05
4985,7,train/loss,1.281944990158081
4985,7,train/lr,2.2668374480815193e-05
4986,7,train/loss,1.3910012245178223
4986,7,train/lr,2.26545813611785e-05
4987,7,train/loss,1.2151942253112793
4987,7,train/lr,2.264079043095589e-05
4988,7,train/loss,1.2372980117797852
4988,7,train/lr,2.2627001692593106e-05
4989,7,train/loss,1.2952220439910889
4989,7,train/lr,2.2613215148535565e-05
4990,7,train/loss,1.343954086303711
4990,7,train/lr,2.2599430801228243e-05
4991,7,train/loss,1.4935386180877686
4991,7,train/lr,2.2585648653115736e-05
4992,7,train/loss,1.3785021305084229
4992,7,train/lr,2.2571868706642263e-05
4993,7,train/loss,1.2701486349105835
4993,7,train/lr,2.2558090964251658e-05
4994,7,train/loss,1.3737506866455078
4994,7,train/lr,2.2544315428387318e-05
4995,7,train/loss,1.2802822589874268
4995,7,train/lr,2.253054210149232e-05
4996,7,train/loss,1.3101298809051514
4996,7,train/lr,2.2516770986009304e-05
4997,7,train/loss,1.2867439985275269
4997,7,train/lr,2.2503002084380518e-05
4998,7,train/loss,1.2076066732406616
4998,7,train/lr,2.2489235399047813e-05
4999,7,train/loss,1.2677546739578247
4999,7,train/lr,2.247547093245269e-05
5000,7,train/loss,1.2669563293457031
5000,7,train/lr,2.2461708687036207e-05
5001,7,train/loss,1.3100848197937012
5001,7,train/lr,2.2447948665239043e-05
5002,7,train/loss,1.405959129333496
5002,7,train/lr,2.2434190869501505e-05
5003,7,train/loss,1.3379731178283691
5003,7,train/lr,2.2420435302263472e-05
5004,7,train/loss,1.6850471496582031
5004,7,train/lr,2.2406681965964455e-05
5005,7,train/loss,1.3866416215896606
5005,7,train/lr,2.2392930863043526e-05
5006,7,train/loss,1.5875253677368164
5006,7,train/lr,2.237918199593943e-05
5007,7,train/loss,1.338230013847351
5007,7,train/lr,2.2365435367090463e-05
5008,7,train/loss,1.4378018379211426
5008,7,train/lr,2.235169097893452e-05
5009,7,train/loss,1.3045697212219238
5009,7,train/lr,2.233794883390915e-05
5010,7,train/loss,1.3135040998458862
5010,7,train/lr,2.2324208934451458e-05
5011,7,train/loss,1.1855802536010742
5011,7,train/lr,2.2310471282998156e-05
5012,7,train/loss,1.2735729217529297
5012,7,train/lr,2.2296735881985574e-05
5013,7,train/loss,1.3172276020050049
5013,7,train/lr,2.2283002733849635e-05
5014,7,train/loss,1.2995400428771973
5014,7,train/lr,2.2269271841025848e-05
5015,7,train/loss,1.263556718826294
5015,7,train/lr,2.2255543205949347e-05
5016,7,train/loss,1.3936879634857178
5016,7,train/lr,2.2241816831054865e-05
5017,7,train/loss,1.3513799905776978
5017,7,train/lr,2.222809271877671e-05
5018,7,train/loss,1.3253391981124878
5018,7,train/lr,2.221437087154879e-05
5019,7,train/loss,1.2535017728805542
5019,7,train/lr,2.220065129180465e-05
5020,7,train/loss,1.2217202186584473
5020,7,train/lr,2.218693398197739e-05
5021,7,train/loss,1.681802749633789
5021,7,train/lr,2.217321894449972e-05
5022,7,train/loss,1.2441486120224
5022,7,train/lr,2.2159506181803974e-05
5023,7,train/loss,1.342925786972046
5023,7,train/lr,2.2145795696322046e-05
5024,7,train/loss,1.2293732166290283
5024,7,train/lr,2.2132087490485435e-05
5025,7,train/loss,1.3554143905639648
5025,7,train/lr,2.211838156672523e-05
5026,7,train/loss,1.2686591148376465
5026,7,train/lr,2.2104677927472155e-05
5027,7,train/loss,1.2339518070220947
5027,7,train/lr,2.209097657515648e-05
5028,7,train/loss,1.3499088287353516
5028,7,train/lr,2.2077277512208077e-05
5029,7,train/loss,1.3400899171829224
5029,7,train/lr,2.2063580741056453e-05
5030,7,train/loss,1.3588478565216064
5030,7,train/lr,2.204988626413067e-05
5031,7,train/loss,1.3259615898132324
5031,7,train/lr,2.2036194083859366e-05
5032,7,train/loss,1.3624372482299805
5032,7,train/lr,2.202250420267084e-05
5033,7,train/loss,1.2546521425247192
5033,7,train/lr,2.2008816622992925e-05
5034,7,train/loss,1.3251087665557861
5034,7,train/lr,2.1995131347253056e-05
5035,7,train/loss,1.3191370964050293
5035,7,train/lr,2.198144837787826e-05
5036,7,train/loss,1.531102180480957
5036,7,train/lr,2.196776771729518e-05
5037,7,train/loss,1.3467187881469727
5037,7,train/lr,2.1954089367930018e-05
5038,7,train/loss,1.324554443359375
5038,7,train/lr,2.1940413332208565e-05
5039,7,train/loss,1.2920310497283936
5039,7,train/lr,2.1926739612556248e-05
5040,7,train/loss,1.373270034790039
5040,7,train/lr,2.1913068211398032e-05
5041,7,train/loss,1.4379947185516357
5041,7,train/lr,2.189939913115847e-05
5042,7,train/loss,1.4800152778625488
5042,7,train/lr,2.1885732374261762e-05
5043,7,train/loss,1.270892858505249
5043,7,train/lr,2.1872067943131634e-05
5044,7,train/loss,1.3345930576324463
5044,7,train/lr,2.1858405840191426e-05
5045,7,train/loss,1.313977599143982
5045,7,train/lr,2.1844746067864056e-05
5046,7,train/loss,1.3419746160507202
5046,7,train/lr,2.1831088628572043e-05
5047,7,train/loss,1.3594574928283691
5047,7,train/lr,2.1817433524737472e-05
5048,7,train/loss,1.2978112697601318
5048,7,train/lr,2.180378075878203e-05
5049,7,train/loss,1.2387373447418213
5049,7,train/lr,2.1790130333126988e-05
5050,7,train/loss,1.3961803913116455
5050,7,train/lr,2.17764822501932e-05
5051,7,train/loss,1.2894229888916016
5051,7,train/lr,2.1762836512401078e-05
5052,7,train/loss,1.3310927152633667
5052,7,train/lr,2.1749193122170685e-05
5053,7,train/loss,1.2293813228607178
5053,7,train/lr,2.17355520819216e-05
5054,7,train/loss,1.3531908988952637
5054,7,train/lr,2.172191339407301e-05
5055,7,train/loss,1.7523683309555054
5055,7,train/lr,2.1708277061043683e-05
5056,7,train/loss,1.462750792503357
5056,7,train/lr,2.1694643085251987e-05
5057,7,train/loss,1.3669450283050537
5057,7,train/lr,2.1681011469115853e-05
5058,7,train/loss,1.3629847764968872
5058,7,train/lr,2.1667382215052778e-05
5059,7,train/loss,1.1698403358459473
5059,7,train/lr,2.165375532547989e-05
5060,7,train/loss,1.3348870277404785
5060,7,train/lr,2.1640130802813848e-05
5061,7,train/loss,1.3666589260101318
5061,7,train/lr,2.16265086494709e-05
5062,7,train/loss,1.2864714860916138
5062,7,train/lr,2.1612888867866917e-05
5063,7,train/loss,1.2592976093292236
5063,7,train/lr,2.159927146041729e-05
5064,7,train/loss,1.251319408416748
5064,7,train/lr,2.1585656429537027e-05
5065,7,train/loss,1.3750460147857666
5065,7,train/lr,2.1572043777640685e-05
5066,7,train/loss,1.3765450716018677
5066,7,train/lr,2.1558433507142444e-05
5067,7,train/loss,1.4406492710113525
5067,7,train/lr,2.1544825620456024e-05
5068,7,train/loss,1.2883275747299194
5068,7,train/lr,2.1531220119994725e-05
5069,7,train/loss,1.3020142316818237
5069,7,train/lr,2.1517617008171444e-05
5070,7,train/loss,1.3125572204589844
5070,7,train/lr,2.150401628739864e-05
5071,7,train/loss,1.3961564302444458
5071,7,train/lr,2.1490417960088332e-05
5072,7,train/loss,1.3526015281677246
5072,7,train/lr,2.147682202865216e-05
5073,7,train/loss,1.2942912578582764
5073,7,train/lr,2.1463228495501302e-05
5074,7,train/loss,1.1809682846069336
5074,7,train/lr,2.144963736304652e-05
5075,7,train/loss,1.4580559730529785
5075,7,train/lr,2.143604863369813e-05
5076,7,train/loss,1.2709616422653198
5076,7,train/lr,2.142246230986608e-05
5077,7,train/loss,1.312548279762268
5077,7,train/lr,2.140887839395983e-05
5078,7,train/loss,1.3637878894805908
5078,7,train/lr,2.139529688838844e-05
5079,7,train/loss,1.2394654750823975
5079,7,train/lr,2.1381717795560543e-05
5080,7,train/loss,1.4391348361968994
5080,7,train/lr,2.1368141117884345e-05
5081,7,train/loss,1.3943334817886353
5081,7,train/lr,2.1354566857767603e-05
5082,7,train/loss,1.2915486097335815
5082,7,train/lr,2.1340995017617683e-05
5083,7,train/loss,1.2157021760940552
5083,7,train/lr,2.1327425599841493e-05
5084,7,train/loss,1.3061497211456299
5084,7,train/lr,2.131385860684551e-05
5085,7,train/loss,1.2955658435821533
5085,7,train/lr,2.1300294041035782e-05
5086,7,train/loss,1.45391845703125
5086,7,train/lr,2.128673190481796e-05
5087,7,train/loss,1.3357980251312256
5087,7,train/lr,2.1273172200597234e-05
5088,7,train/loss,1.3655810356140137
5088,7,train/lr,2.125961493077834e-05
5089,7,train/loss,1.3061648607254028
5089,7,train/lr,2.124606009776564e-05
5090,7,train/loss,1.4296636581420898
5090,7,train/lr,2.1232507703963024e-05
5091,7,train/loss,1.3690643310546875
5091,7,train/lr,2.1218957751773955e-05
5092,7,train/loss,1.363426685333252
5092,7,train/lr,2.1205410243601467e-05
5093,7,train/loss,1.2809394598007202
5093,7,train/lr,2.1191865181848166e-05
5094,7,train/loss,1.262179970741272
5094,7,train/lr,2.117832256891621e-05
5095,7,train/loss,1.2293757200241089
5095,7,train/lr,2.1164782407207324e-05
5096,7,train/loss,1.3940634727478027
5096,7,train/lr,2.115124469912283e-05
5097,7,train/loss,1.4967074394226074
5097,7,train/lr,2.1137709447063573e-05
5098,7,train/loss,1.3408609628677368
5098,7,train/lr,2.112417665342997e-05
5099,7,train/loss,1.2722634077072144
5099,7,train/lr,2.111064632062204e-05
5100,7,train/loss,1.4467391967773438
5100,7,train/lr,2.1097118451039316e-05
5101,7,train/loss,1.3417837619781494
5101,7,train/lr,2.1083593047080914e-05
5102,7,train/loss,1.2895134687423706
5102,7,train/lr,2.1070070111145534e-05
5103,7,train/loss,1.2379450798034668
5103,7,train/lr,2.1056549645631404e-05
5104,7,train/loss,1.5540308952331543
5104,7,train/lr,2.104303165293633e-05
5105,7,train/loss,1.446354866027832
5105,7,train/lr,2.1029516135457658e-05
5106,7,train/loss,1.289974570274353
5106,7,train/lr,2.101600309559235e-05
5107,7,train/loss,1.5973126888275146
5107,7,train/lr,2.100249253573688e-05
5108,7,train/loss,1.2663019895553589
5108,7,train/lr,2.098898445828728e-05
5109,7,train/loss,1.402146577835083
5109,7,train/lr,2.0975478865639177e-05
5110,7,train/loss,1.3704752922058105
5110,7,train/lr,2.0961975760187735e-05
5111,7,train/loss,1.2669143676757812
5111,7,train/lr,2.0948475144327668e-05
5112,7,train/loss,1.4629499912261963
5112,7,train/lr,2.093497702045327e-05
5113,7,train/loss,1.2553398609161377
5113,7,train/lr,2.0921481390958385e-05
5114,7,train/loss,1.3248878717422485
5114,7,train/lr,2.0907988258236406e-05
5115,7,train/loss,1.2285454273223877
5115,7,train/lr,2.089449762468029e-05
5116,7,train/loss,1.390895962715149
5116,7,train/lr,2.0881009492682555e-05
5117,7,train/loss,1.5920403003692627
5117,7,train/lr,2.086752386463527e-05
5118,7,train/loss,1.2601542472839355
5118,7,train/lr,2.0854040742930047e-05
5119,7,train/loss,1.3805463314056396
5119,7,train/lr,2.0840560129958096e-05
5120,7,train/loss,1.2455106973648071
5120,7,train/lr,2.0827082028110133e-05
5121,7,train/loss,1.2705061435699463
5121,7,train/lr,2.0813606439776443e-05
5122,7,train/loss,1.2269229888916016
5122,7,train/lr,2.0800133367346894e-05
5123,7,train/loss,1.4082034826278687
5123,7,train/lr,2.078666281321088e-05
5124,7,train/loss,1.3897790908813477
5124,7,train/lr,2.077319477975734e-05
5125,7,train/loss,1.3798304796218872
5125,7,train/lr,2.0759729269374783e-05
5126,7,train/loss,1.3473483324050903
5126,7,train/lr,2.074626628445128e-05
5127,7,train/loss,1.2362803220748901
5127,7,train/lr,2.073280582737443e-05
5128,7,train/loss,1.2579541206359863
5128,7,train/lr,2.0719347900531377e-05
5129,7,train/loss,1.3715627193450928
5129,7,train/lr,2.0705892506308878e-05
5130,7,train/loss,1.2559961080551147
5130,7,train/lr,2.0692439647093173e-05
5131,7,train/loss,1.405815601348877
5131,7,train/lr,2.0678989325270077e-05
5132,7,train/loss,1.3524848222732544
5132,7,train/lr,2.066554154322494e-05
5133,7,train/loss,1.1702885627746582
5133,7,train/lr,2.0652096303342703e-05
5134,7,train/loss,1.2704219818115234
5134,7,train/lr,2.0638653608007823e-05
5135,7,train/loss,1.2135120630264282
5135,7,train/lr,2.062521345960429e-05
5136,7,train/loss,1.2426213026046753
5136,7,train/lr,2.0611775860515692e-05
5137,7,train/loss,1.2258884906768799
5137,7,train/lr,2.059834081312513e-05
5138,7,train/loss,1.2740206718444824
5138,7,train/lr,2.0584908319815238e-05
5139,7,train/loss,1.3214988708496094
5139,7,train/lr,2.0571478382968252e-05
5140,7,train/loss,1.3422703742980957
5140,7,train/lr,2.05580510049659e-05
5141,7,train/loss,1.3775575160980225
5141,7,train/lr,2.0544626188189492e-05
5142,7,train/loss,1.3323915004730225
5142,7,train/lr,2.053120393501984e-05
5143,7,train/loss,1.2976473569869995
5143,7,train/lr,2.051778424783737e-05
5144,7,train/loss,1.2843561172485352
5144,7,train/lr,2.050436712902199e-05
5145,7,train/loss,1.3131346702575684
5145,7,train/lr,2.0490952580953172e-05
5146,7,train/loss,1.2741869688034058
5146,7,train/lr,2.0477540606009954e-05
5147,7,train/loss,1.442939281463623
5147,7,train/lr,2.0464131206570893e-05
5148,7,train/loss,1.2845127582550049
5148,7,train/lr,2.045072438501409e-05
5149,7,train/loss,1.1685664653778076
5149,7,train/lr,2.04373201437172e-05
5150,7,train/loss,1.324048638343811
5150,7,train/lr,2.042391848505741e-05
5151,7,train/loss,1.4149754047393799
5151,7,train/lr,2.041051941141147e-05
5152,7,train/loss,1.3097684383392334
5152,7,train/lr,2.0397122925155638e-05
5153,7,train/loss,1.487163782119751
5153,7,train/lr,2.0383729028665738e-05
5154,7,train/loss,1.3918458223342896
5154,7,train/lr,2.037033772431712e-05
5155,7,train/loss,1.2577396631240845
5155,7,train/lr,2.03569490144847e-05
5156,7,train/loss,1.5217781066894531
5156,7,train/lr,2.0343562901542904e-05
5157,7,train/loss,1.4704837799072266
5157,7,train/lr,2.033017938786571e-05
5158,7,train/loss,1.2372368574142456
5158,7,train/lr,2.031679847582662e-05
5159,7,train/loss,1.2803888320922852
5159,7,train/lr,2.030342016779872e-05
5160,7,train/loss,1.4267125129699707
5160,7,train/lr,2.0290044466154585e-05
5161,7,train/loss,1.3286195993423462
5161,7,train/lr,2.027667137326635e-05
5162,7,train/loss,1.225907564163208
5162,7,train/lr,2.026330089150567e-05
5163,7,train/loss,1.2148603200912476
5163,7,train/lr,2.0249933023243768e-05
5164,7,train/loss,1.344007134437561
5164,7,train/lr,2.0236567770851385e-05
5165,7,train/loss,1.3351595401763916
5165,7,train/lr,2.0223205136698778e-05
5166,7,train/loss,1.492361307144165
5166,7,train/lr,2.0209845123155793e-05
5167,7,train/loss,1.4206839799880981
5167,7,train/lr,2.0196487732591755e-05
5168,7,train/loss,1.3843817710876465
5168,7,train/lr,2.018313296737554e-05
5169,7,train/loss,1.2776570320129395
5169,7,train/lr,2.0169780829875597e-05
5170,7,train/loss,1.2825982570648193
5170,7,train/lr,2.0156431322459856e-05
5171,7,train/loss,1.1459827423095703
5171,7,train/lr,2.014308444749581e-05
5172,7,train/loss,1.2562687397003174
5172,7,train/lr,2.0129740207350465e-05
5173,7,train/loss,1.3024872541427612
5173,7,train/lr,2.011639860439039e-05
5174,7,train/loss,1.1290831565856934
5174,7,train/lr,2.010305964098166e-05
5175,7,train/loss,1.4190161228179932
5175,7,train/lr,2.0089723319489892e-05
5176,7,train/loss,1.2769293785095215
5176,7,train/lr,2.0076389642280235e-05
5177,7,train/loss,1.3286467790603638
5177,7,train/lr,2.0063058611717358e-05
5178,7,train/loss,1.1930384635925293
5178,7,train/lr,2.004973023016547e-05
5179,7,train/loss,1.5436317920684814
5179,7,train/lr,2.0036404499988324e-05
5180,7,train/loss,1.461050033569336
5180,7,train/lr,2.0023081423549185e-05
5181,7,train/loss,1.5149462223052979
5181,7,train/lr,2.0009761003210844e-05
5182,7,train/loss,1.2625361680984497
5182,7,train/lr,1.9996443241335616e-05
5183,7,train/loss,1.274077296257019
5183,7,train/lr,1.9983128140285385e-05
5184,7,train/loss,1.3513786792755127
5184,7,train/lr,1.996981570242152e-05
5185,7,train/loss,1.3455127477645874
5185,7,train/lr,1.9956505930104926e-05
5186,7,train/loss,1.3718318939208984
5186,7,train/lr,1.994319882569606e-05
5187,7,train/loss,1.2119704484939575
5187,7,train/lr,1.992989439155487e-05
5188,7,train/loss,1.2290891408920288
5188,7,train/lr,1.9916592630040843e-05
5189,7,train/loss,1.435955286026001
5189,7,train/lr,1.9903293543513026e-05
5190,7,train/loss,1.3207454681396484
5190,7,train/lr,1.9889997134329938e-05
5191,7,train/loss,1.4583001136779785
5191,7,train/lr,1.987670340484966e-05
5192,7,train/loss,1.4541354179382324
5192,7,train/lr,1.9863412357429763e-05
5193,7,train/loss,1.38344144821167
5193,7,train/lr,1.9850123994427395e-05
5194,7,train/loss,1.194021224975586
5194,7,train/lr,1.9836838318199186e-05
5195,7,train/loss,1.4978630542755127
5195,7,train/lr,1.982355533110128e-05
5196,7,train/loss,1.406130313873291
5196,7,train/lr,1.9810275035489404e-05
5197,7,train/loss,1.2677974700927734
5197,7,train/lr,1.979699743371875e-05
5198,7,train/loss,1.2219529151916504
5198,7,train/lr,1.9783722528144052e-05
5199,7,train/loss,1.404017686843872
5199,7,train/lr,1.977045032111956e-05
5200,7,train/loss,1.2451188564300537
5200,7,train/lr,1.9757180814999062e-05
5201,7,train/loss,1.3265526294708252
5201,7,train/lr,1.9743914012135845e-05
5202,7,train/loss,1.2899069786071777
5202,7,train/lr,1.9730649914882713e-05
5203,7,train/loss,1.4308242797851562
5203,7,train/lr,1.9717388525592037e-05
5204,7,train/loss,1.4616774320602417
5204,7,train/lr,1.970412984661566e-05
5205,7,train/loss,1.1915338039398193
5205,7,train/lr,1.969087388030495e-05
5206,7,train/loss,1.4523460865020752
5206,7,train/lr,1.9677620629010825e-05
5207,7,train/loss,1.3061414957046509
5207,7,train/lr,1.9664370095083686e-05
5208,7,train/loss,1.2254585027694702
5208,7,train/lr,1.965112228087345e-05
5209,7,train/loss,1.3093502521514893
5209,7,train/lr,1.96378771887296e-05
5210,7,train/loss,1.3734290599822998
5210,7,train/lr,1.9624634821001095e-05
5211,7,train/loss,1.217298150062561
5211,7,train/lr,1.961139518003641e-05
5212,7,train/loss,1.250109076499939
5212,7,train/lr,1.9598158268183533e-05
5213,7,train/loss,1.3143490552902222
5213,7,train/lr,1.958492408779001e-05
5214,7,train/loss,1.240500807762146
5214,7,train/lr,1.957169264120287e-05
5215,7,train/loss,1.2330448627471924
5215,7,train/lr,1.9558463930768634e-05
5216,7,train/loss,1.4689929485321045
5216,7,train/lr,1.9545237958833394e-05
5217,7,train/loss,1.3077123165130615
5217,7,train/lr,1.9532014727742716e-05
5218,7,train/loss,1.4804526567459106
5218,7,train/lr,1.9518794239841693e-05
5219,7,train/loss,1.236328363418579
5219,7,train/lr,1.9505576497474924e-05
5220,7,train/loss,1.1526837348937988
5220,7,train/lr,1.9492361502986514e-05
5221,7,train/loss,1.3142766952514648
5221,7,train/lr,1.947914925872013e-05
5222,7,train/loss,1.2608897686004639
5222,7,train/lr,1.9465939767018887e-05
5223,7,train/loss,1.2573275566101074
5223,7,train/lr,1.9452733030225444e-05
5224,7,train/loss,1.1479847431182861
5224,7,train/lr,1.943952905068197e-05
5225,7,train/loss,1.3154217004776
5225,7,train/lr,1.9426327830730126e-05
5226,7,train/loss,1.2728822231292725
5226,7,train/lr,1.9413129372711127e-05
5227,7,train/loss,1.3146014213562012
5227,7,train/lr,1.9399933678965653e-05
5228,7,train/loss,1.2641823291778564
5228,7,train/lr,1.9386740751833903e-05
5229,7,train/loss,1.1567611694335938
5229,7,train/lr,1.9373550593655618e-05
5230,7,train/loss,1.3328741788864136
5230,7,train/lr,1.9360363206770006e-05
5231,7,train/loss,1.4722931385040283
5231,7,train/lr,1.9347178593515806e-05
5232,7,train/loss,1.2366833686828613
5232,7,train/lr,1.9333996756231253e-05
5233,7,train/loss,1.3109362125396729
5233,7,train/lr,1.932081769725411e-05
5234,7,train/loss,1.223818302154541
5234,7,train/lr,1.9307641418921628e-05
5235,7,train/loss,1.4171879291534424
5235,7,train/lr,1.929446792357056e-05
5236,7,train/loss,1.263264536857605
5236,7,train/lr,1.92812972135372e-05
5237,7,train/loss,1.4335931539535522
5237,7,train/lr,1.9268129291157305e-05
5238,7,train/loss,1.253019094467163
5238,7,train/lr,1.9254964158766154e-05
5239,7,train/loss,1.34226393699646
5239,7,train/lr,1.9241801818698555e-05
5240,7,train/loss,1.3628883361816406
5240,7,train/lr,1.9228642273288796e-05
5241,7,train/loss,1.4695398807525635
5241,7,train/lr,1.9215485524870656e-05
5242,7,train/loss,1.375946044921875
5242,7,train/lr,1.9202331575777448e-05
5243,7,train/loss,1.5564740896224976
5243,7,train/lr,1.9189180428341977e-05
5244,7,train/loss,1.2851648330688477
5244,7,train/lr,1.917603208489654e-05
5245,7,train/loss,1.2810463905334473
5245,7,train/lr,1.916288654777294e-05
5246,7,train/loss,1.3593637943267822
5246,7,train/lr,1.9149743819302523e-05
5247,7,train/loss,1.334694266319275
5247,7,train/lr,1.9136603901816078e-05
5248,7,train/loss,1.2437756061553955
5248,7,train/lr,1.912346679764391e-05
5249,7,train/loss,1.3448326587677002
5249,7,train/lr,1.911033250911586e-05
5250,7,train/loss,1.2529377937316895
5250,7,train/lr,1.9097201038561243e-05
5251,7,train/loss,1.2946977615356445
5251,7,train/lr,1.9084072388308867e-05
5252,7,train/loss,1.3556766510009766
5252,7,train/lr,1.907094656068704e-05
5253,7,train/loss,1.3015800714492798
5253,7,train/lr,1.9057823558023597e-05
5254,7,train/loss,1.5037953853607178
5254,7,train/lr,1.9044703382645845e-05
5255,7,train/loss,1.4912312030792236
5255,7,train/lr,1.9031586036880595e-05
5256,7,train/loss,1.445988655090332
5256,7,train/lr,1.901847152305417e-05
5257,7,train/loss,1.389049768447876
5257,7,train/lr,1.9005359843492377e-05
5258,7,train/loss,1.2248804569244385
5258,7,train/lr,1.8992251000520522e-05
5259,7,train/loss,1.3474161624908447
5259,7,train/lr,1.89791449964634e-05
5260,7,train/loss,1.3079074621200562
5260,7,train/lr,1.8966041833645327e-05
5261,7,train/loss,1.3680953979492188
5261,7,train/lr,1.89529415143901e-05
5262,7,train/loss,1.301190733909607
5262,7,train/lr,1.8939844041020987e-05
5263,7,train/loss,1.2468459606170654
5263,7,train/lr,1.892674941586081e-05
5264,7,train/loss,1.2459635734558105
5264,7,train/lr,1.891365764123184e-05
5265,7,train/loss,1.3908499479293823
5265,7,train/lr,1.8900568719455846e-05
5266,7,train/loss,1.314557433128357
5266,7,train/lr,1.8887482652854113e-05
5267,7,train/loss,1.3627110719680786
5267,7,train/lr,1.8874399443747392e-05
5268,7,train/loss,1.3023669719696045
5268,7,train/lr,1.886131909445595e-05
5269,7,train/loss,1.3307526111602783
5269,7,train/lr,1.884824160729953e-05
5270,7,train/loss,1.32819402217865
5270,7,train/lr,1.8835166984597382e-05
5271,7,train/loss,1.3831713199615479
5271,7,train/lr,1.882209522866825e-05
5272,7,train/loss,1.3770558834075928
5272,7,train/lr,1.8809026341830337e-05
5273,7,train/loss,1.2201790809631348
5273,7,train/lr,1.879596032640139e-05
5274,7,train/loss,1.250206470489502
5274,7,train/lr,1.8782897184698612e-05
5275,7,train/loss,1.292393445968628
5275,7,train/lr,1.876983691903868e-05
5276,7,train/loss,1.2872109413146973
5276,7,train/lr,1.875677953173781e-05
5277,7,train/loss,1.4672411680221558
5277,7,train/lr,1.874372502511167e-05
5278,7,train/loss,1.26606285572052
5278,7,train/lr,1.8730673401475432e-05
5279,7,train/loss,1.2628464698791504
5279,7,train/lr,1.8717624663143735e-05
5280,7,train/loss,1.2679972648620605
5280,7,train/lr,1.8704578812430757e-05
5281,7,train/loss,1.446937918663025
5281,7,train/lr,1.8691535851650105e-05
5282,7,train/loss,1.2491354942321777
5282,7,train/lr,1.86784957831149e-05
5283,7,train/loss,1.2651199102401733
5283,7,train/lr,1.8665458609137772e-05
5284,7,train/loss,1.3433616161346436
5284,7,train/lr,1.86524243320308e-05
5285,7,train/loss,1.2796378135681152
5285,7,train/lr,1.863939295410555e-05
5286,7,train/loss,1.2940295934677124
5286,7,train/lr,1.8626364477673117e-05
5287,7,train/loss,1.387162208557129
5287,7,train/lr,1.8613338905044042e-05
5288,7,train/loss,1.3726255893707275
5288,7,train/lr,1.860031623852836e-05
5289,7,train/loss,1.401322841644287
5289,7,train/lr,1.8587296480435587e-05
5290,7,train/loss,1.2609760761260986
5290,7,train/lr,1.8574279633074737e-05
5291,7,train/loss,1.2995259761810303
5291,7,train/lr,1.8561265698754296e-05
5292,7,train/loss,1.2840120792388916
5292,7,train/lr,1.8548254679782223e-05
5293,7,train/loss,1.4827146530151367
5293,7,train/lr,1.8535246578466e-05
5294,7,train/loss,1.247774362564087
5294,7,train/lr,1.8522241397112555e-05
5295,7,train/loss,1.265561580657959
5295,7,train/lr,1.8509239138028293e-05
5296,7,train/loss,1.218493938446045
5296,7,train/lr,1.849623980351914e-05
5297,7,train/loss,1.3294768333435059
5297,7,train/lr,1.8483243395890478e-05
5298,7,train/loss,1.3012685775756836
5298,7,train/lr,1.8470249917447157e-05
5299,7,train/loss,1.299843668937683
5299,7,train/lr,1.8457259370493514e-05
5300,7,train/loss,1.2170562744140625
5300,7,train/lr,1.8444271757333405e-05
5301,7,train/loss,1.2500123977661133
5301,7,train/lr,1.8431287080270116e-05
5302,7,train/loss,1.5296401977539062
5302,7,train/lr,1.841830534160642e-05
5303,7,train/loss,1.3175462484359741
5303,7,train/lr,1.8405326543644607e-05
5304,7,train/loss,1.432136058807373
5304,7,train/lr,1.8392350688686403e-05
5305,7,train/loss,1.3452301025390625
5305,7,train/lr,1.837937777903302e-05
5306,7,train/loss,1.2376909255981445
5306,7,train/lr,1.836640781698518e-05
5307,7,train/loss,1.617671012878418
5307,7,train/lr,1.8353440804843038e-05
5308,7,train/loss,1.2891638278961182
5308,7,train/lr,1.834047674490625e-05
5309,7,train/loss,1.457534670829773
5309,7,train/lr,1.8327515639473945e-05
5310,7,train/loss,1.2821862697601318
5310,7,train/lr,1.8314557490844725e-05
5311,7,train/loss,1.236222505569458
5311,7,train/lr,1.8301602301316657e-05
5312,7,train/loss,1.1991190910339355
5312,7,train/lr,1.8288650073187323e-05
5313,7,train/loss,1.3160169124603271
5313,7,train/lr,1.8275700808753738e-05
5314,7,train/loss,1.3770151138305664
5314,7,train/lr,1.82627545103124e-05
5315,7,train/loss,1.362047553062439
5315,7,train/lr,1.8249811180159282e-05
5316,7,train/loss,1.3897099494934082
5316,7,train/lr,1.8236870820589862e-05
5317,7,train/loss,1.3621928691864014
5317,7,train/lr,1.822393343389905e-05
5318,7,train/loss,1.2944012880325317
5318,7,train/lr,1.821099902238124e-05
5319,7,train/loss,1.2954022884368896
5319,7,train/lr,1.8198067588330292e-05
5320,7,train/loss,1.3866697549819946
5320,7,train/lr,1.8185139134039576e-05
5321,7,train/loss,1.448793888092041
5321,7,train/lr,1.8172213661801886e-05
5322,7,train/loss,1.3575273752212524
5322,7,train/lr,1.8159291173909494e-05
5323,7,train/loss,1.2373884916305542
5323,7,train/lr,1.814637167265419e-05
5324,7,train/loss,1.3867757320404053
5324,7,train/lr,1.8133455160327174e-05
5325,7,train/loss,1.2234692573547363
5325,7,train/lr,1.8120541639219132e-05
5326,7,train/loss,1.306952953338623
5326,7,train/lr,1.8107631111620268e-05
5327,7,train/loss,1.2662533521652222
5327,7,train/lr,1.8094723579820186e-05
5328,7,train/loss,1.4199104309082031
5328,7,train/lr,1.8081819046107997e-05
5329,7,train/loss,1.3385988473892212
5329,7,train/lr,1.8068917512772254e-05
5330,7,train/loss,1.3030171394348145
5330,7,train/lr,1.8056018982101025e-05
5331,7,train/loss,1.1557655334472656
5331,7,train/lr,1.804312345638181e-05
5332,7,train/loss,1.2257823944091797
5332,7,train/lr,1.8030230937901576e-05
5333,7,train/loss,1.5073440074920654
5333,7,train/lr,1.8017341428946758e-05
5334,7,train/loss,1.3972384929656982
5334,7,train/lr,1.8004454931803267e-05
5335,7,train/loss,1.4920830726623535
5335,7,train/lr,1.799157144875647e-05
5336,7,train/loss,1.4166032075881958
5336,7,train/lr,1.797869098209122e-05
5337,7,train/loss,1.194868564605713
5337,7,train/lr,1.796581353409181e-05
5338,7,train/loss,1.284661054611206
5338,7,train/lr,1.795293910704201e-05
5339,7,train/loss,1.327027440071106
5339,7,train/lr,1.7940067703225036e-05
5340,7,train/loss,1.3031508922576904
5340,7,train/lr,1.792719932492361e-05
5341,7,train/loss,1.460607886314392
5341,7,train/lr,1.7914333974419885e-05
5342,7,train/loss,1.3050134181976318
5342,7,train/lr,1.7901471653995462e-05
5343,7,train/loss,1.3656953573226929
5343,7,train/lr,1.7888612365931447e-05
5344,7,train/loss,1.2244558334350586
5344,7,train/lr,1.7875756112508387e-05
5345,7,train/loss,1.3651721477508545
5345,7,train/lr,1.7862902896006268e-05
5346,7,train/loss,1.326966643333435
5346,7,train/lr,1.785005271870459e-05
5347,7,train/loss,1.3267372846603394
5347,7,train/lr,1.783720558288227e-05
5348,7,train/loss,1.3359551429748535
5348,7,train/lr,1.78243614908177e-05
5349,7,train/loss,1.3553122282028198
5349,7,train/lr,1.781152044478872e-05
5350,7,train/loss,1.3564417362213135
5350,7,train/lr,1.7798682447072663e-05
5351,7,train/loss,1.2540782690048218
5351,7,train/lr,1.7785847499946296e-05
5352,7,train/loss,1.298211932182312
5352,7,train/lr,1.777301560568583e-05
5353,7,train/loss,1.3284687995910645
5353,7,train/lr,1.7760186766566984e-05
5354,7,train/loss,1.4536999464035034
5354,7,train/lr,1.774736098486488e-05
5355,7,train/loss,1.4022185802459717
5355,7,train/lr,1.773453826285414e-05
5356,7,train/loss,1.2668110132217407
5356,7,train/lr,1.7721718602808814e-05
5357,7,train/loss,1.3655059337615967
5357,7,train/lr,1.7708902007002426e-05
5358,7,train/loss,1.3447339534759521
5358,7,train/lr,1.769608847770795e-05
5359,7,train/loss,1.3035587072372437
5359,7,train/lr,1.76832780171978e-05
5360,7,train/loss,1.294830083847046
5360,7,train/lr,1.76704706277439e-05
5361,7,train/loss,1.3695619106292725
5361,7,train/lr,1.7657666311617572e-05
5362,7,train/loss,1.32109797000885
5362,7,train/lr,1.7644865071089604e-05
5363,7,train/loss,1.324262261390686
5363,7,train/lr,1.7632066908430277e-05
5364,7,train/loss,1.2840425968170166
5364,7,train/lr,1.7619271825909274e-05
5365,7,train/loss,1.3031511306762695
5365,7,train/lr,1.7606479825795755e-05
5366,7,train/loss,1.3870645761489868
5366,7,train/lr,1.759369091035835e-05
5367,7,train/loss,1.3798346519470215
5367,7,train/lr,1.758090508186512e-05
5368,7,train/loss,1.20424485206604
5368,7,train/lr,1.7568122342583582e-05
5369,7,train/loss,1.3396257162094116
5369,7,train/lr,1.7555342694780685e-05
5370,7,train/loss,1.2784302234649658
5370,7,train/lr,1.754256614072289e-05
5371,7,train/loss,1.2368323802947998
5371,7,train/lr,1.752979268267606e-05
5372,7,train/loss,1.3088045120239258
5372,7,train/lr,1.7517022322905496e-05
5373,7,train/loss,1.3292012214660645
5373,7,train/lr,1.7504255063676005e-05
5374,7,train/loss,1.22415292263031
5374,7,train/lr,1.74914909072518e-05
5375,7,train/loss,1.2671605348587036
5375,7,train/lr,1.747872985589656e-05
5376,7,train/loss,1.3575315475463867
5376,7,train/lr,1.746597191187339e-05
5377,7,train/loss,1.310164213180542
5377,7,train/lr,1.74532170774449e-05
5378,7,train/loss,1.3224554061889648
5378,7,train/lr,1.744046535487309e-05
5379,7,train/loss,1.3598551750183105
5379,7,train/lr,1.7427716746419432e-05
5380,7,train/loss,1.3220787048339844
5380,7,train/lr,1.741497125434485e-05
5381,7,train/loss,1.2445611953735352
5381,7,train/lr,1.7402228880909702e-05
5382,7,train/loss,1.5752954483032227
5382,7,train/lr,1.7389489628373794e-05
5383,7,train/loss,1.329901099205017
5383,7,train/lr,1.7376753498996404e-05
5384,7,train/loss,1.1889996528625488
5384,7,train/lr,1.7364020495036232e-05
5385,7,train/loss,1.1592062711715698
5385,7,train/lr,1.7351290618751426e-05
5386,7,train/loss,1.2684171199798584
5386,7,train/lr,1.733856387239957e-05
5387,7,train/loss,1.2936378717422485
5387,7,train/lr,1.732584025823773e-05
5388,7,train/loss,1.2934596538543701
5388,7,train/lr,1.7313119778522372e-05
5389,7,train/loss,1.3714972734451294
5389,7,train/lr,1.7300402435509427e-05
5390,7,train/loss,1.2385884523391724
5390,7,train/lr,1.728768823145428e-05
5391,7,train/loss,1.318100094795227
5391,7,train/lr,1.7274977168611747e-05
5392,7,train/loss,1.350284218788147
5392,7,train/lr,1.7262269249236064e-05
5393,7,train/loss,1.2784252166748047
5393,7,train/lr,1.724956447558097e-05
5394,7,train/loss,1.313734531402588
5394,7,train/lr,1.7236862849899588e-05
5395,7,train/loss,1.2339544296264648
5395,7,train/lr,1.7224164374444506e-05
5396,7,train/loss,1.3185756206512451
5396,7,train/lr,1.721146905146774e-05
5397,7,train/loss,1.4428411722183228
5397,7,train/lr,1.719877688322078e-05
5398,7,train/loss,1.4470807313919067
5398,7,train/lr,1.718608787195453e-05
5399,7,train/loss,1.2359120845794678
5399,7,train/lr,1.7173402019919334e-05
5400,7,train/loss,1.3283238410949707
5400,7,train/lr,1.716071932936498e-05
5401,7,train/loss,1.270829677581787
5401,7,train/lr,1.7148039802540698e-05
5402,7,train/loss,1.2993583679199219
5402,7,train/lr,1.7135363441695136e-05
5403,7,train/loss,1.451886773109436
5403,7,train/lr,1.7122690249076435e-05
5404,7,train/loss,1.261305332183838
5404,7,train/lr,1.711002022693212e-05
5405,7,train/loss,1.3929831981658936
5405,7,train/lr,1.7097353377509176e-05
5406,7,train/loss,1.3156747817993164
5406,7,train/lr,1.7084689703054e-05
5407,7,train/loss,1.3017443418502808
5407,7,train/lr,1.7072029205812483e-05
5408,7,train/loss,1.3489086627960205
5408,7,train/lr,1.7059371888029903e-05
5409,7,train/loss,1.4647870063781738
5409,7,train/lr,1.7046717751950965e-05
5410,7,train/loss,1.25020432472229
5410,7,train/lr,1.7034066799819873e-05
5411,7,train/loss,1.3486568927764893
5411,7,train/lr,1.7021419033880205e-05
5412,7,train/loss,1.3509111404418945
5412,7,train/lr,1.7008774456374983e-05
5413,7,train/loss,1.3298972845077515
5413,7,train/lr,1.6996133069546706e-05
5414,7,train/loss,1.3109095096588135
5414,7,train/lr,1.6983494875637258e-05
5415,7,train/loss,1.2816017866134644
5415,7,train/lr,1.697085987688798e-05
5416,7,train/loss,1.4265820980072021
5416,7,train/lr,1.695822807553963e-05
5417,7,train/loss,1.292212963104248
5417,7,train/lr,1.694559947383243e-05
5418,7,train/loss,1.2783417701721191
5418,7,train/lr,1.6932974074006015e-05
5419,7,train/loss,1.3590295314788818
5419,7,train/lr,1.6920351878299424e-05
5420,7,train/loss,1.5458111763000488
5420,7,train/lr,1.6907732888951193e-05
5421,7,train/loss,1.1535108089447021
5421,7,train/lr,1.6895117108199233e-05
5422,7,train/loss,1.3700615167617798
5422,7,train/lr,1.6882504538280918e-05
5423,7,train/loss,1.3932819366455078
5423,7,train/lr,1.6869895181433026e-05
5424,7,train/loss,1.2088061571121216
5424,7,train/lr,1.685728903989179e-05
5425,7,train/loss,1.1556003093719482
5425,7,train/lr,1.6844686115892857e-05
5426,7,train/loss,1.416782259941101
5426,7,train/lr,1.6832086411671293e-05
5427,7,train/loss,1.2287582159042358
5427,7,train/lr,1.681948992946164e-05
5428,7,train/loss,1.3626567125320435
5428,7,train/lr,1.6806896671497823e-05
5429,7,train/loss,1.2864221334457397
5429,7,train/lr,1.6794306640013198e-05
5430,7,train/loss,1.3161790370941162
5430,7,train/lr,1.6781719837240587e-05
5431,7,train/loss,1.3481643199920654
5431,7,train/lr,1.6769136265412194e-05
5432,7,train/loss,1.4931552410125732
5432,7,train/lr,1.6756555926759657e-05
5433,7,train/loss,1.409379482269287
5433,7,train/lr,1.6743978823514082e-05
5434,7,train/loss,1.4217745065689087
5434,7,train/lr,1.6731404957905956e-05
5435,7,train/loss,1.2571028470993042
5435,7,train/lr,1.671883433216521e-05
5436,7,train/loss,1.3649373054504395
5436,7,train/lr,1.670626694852118e-05
5437,7,train/loss,1.2222955226898193
5437,7,train/lr,1.6693702809202675e-05
5438,7,train/loss,1.4219958782196045
5438,7,train/lr,1.668114191643788e-05
5439,7,train/loss,1.4580821990966797
5439,7,train/lr,1.666858427245442e-05
5440,7,train/loss,1.272749900817871
5440,7,train/lr,1.665602987947936e-05
5441,7,train/loss,1.40098237991333
5441,7,train/lr,1.664347873973917e-05
5442,7,train/loss,1.3874707221984863
5442,7,train/lr,1.663093085545973e-05
5443,7,train/loss,1.3614673614501953
5443,7,train/lr,1.6618386228866393e-05
5444,7,train/loss,1.3125085830688477
5444,7,train/lr,1.6605844862183883e-05
5445,7,train/loss,1.428941011428833
5445,7,train/lr,1.6593306757636367e-05
5446,7,train/loss,1.29593825340271
5446,7,train/lr,1.658077191744743e-05
5447,7,train/loss,1.4413868188858032
5447,7,train/lr,1.656824034384008e-05
5448,7,train/loss,1.183788776397705
5448,7,train/lr,1.6555712039036748e-05
5449,7,train/loss,1.2860547304153442
5449,7,train/lr,1.6543187005259267e-05
5450,7,train/loss,1.224877119064331
5450,7,train/lr,1.6530665244728928e-05
5451,7,train/loss,1.2543878555297852
5451,7,train/lr,1.6518146759666408e-05
5452,7,train/loss,1.3574655055999756
5452,7,train/lr,1.65056315522918e-05
5453,7,train/loss,1.520405888557434
5453,7,train/lr,1.649311962482466e-05
5454,7,train/loss,1.313770055770874
5454,7,train/lr,1.6480610979483913e-05
5455,7,train/loss,1.278308629989624
5455,7,train/lr,1.6468105618487926e-05
5456,7,train/loss,1.2763900756835938
5456,7,train/lr,1.6455603544054456e-05
5457,7,train/loss,1.4576280117034912
5457,7,train/lr,1.6443104758400737e-05
5458,7,train/loss,1.2418193817138672
5458,7,train/lr,1.6430609263743362e-05
5459,7,train/loss,1.3661240339279175
5459,7,train/lr,1.641811706229835e-05
5460,7,train/loss,1.2835639715194702
5460,7,train/lr,1.640562815628117e-05
5461,7,train/loss,1.1292229890823364
5461,7,train/lr,1.639314254790668e-05
5462,7,train/loss,1.2538037300109863
5462,7,train/lr,1.6380660239389124e-05
5463,7,train/loss,1.3679323196411133
5463,7,train/lr,1.6368181232942234e-05
5464,7,train/loss,1.449491262435913
5464,7,train/lr,1.6355705530779102e-05
5465,7,train/loss,1.319185733795166
5465,7,train/lr,1.6343233135112238e-05
5466,7,train/loss,1.4019012451171875
5466,7,train/lr,1.6330764048153587e-05
5467,7,train/loss,1.3215935230255127
5467,7,train/lr,1.631829827211447e-05
5468,7,train/loss,1.5934624671936035
5468,7,train/lr,1.630583580920568e-05
5469,7,train/loss,1.3014289140701294
5469,7,train/lr,1.6293376661637374e-05
5470,7,train/loss,1.3148221969604492
5470,7,train/lr,1.6280920831619133e-05
5471,7,train/loss,1.224003553390503
5471,7,train/lr,1.6268468321359958e-05
5472,7,train/loss,1.2149739265441895
5472,7,train/lr,1.6256019133068236e-05
5473,7,train/loss,1.2371883392333984
5473,7,train/lr,1.6243573268951813e-05
5474,7,train/loss,1.3001765012741089
5474,7,train/lr,1.6231130731217902e-05
5475,7,train/loss,1.173344612121582
5475,7,train/lr,1.6218691522073144e-05
5476,7,train/loss,1.3423576354980469
5476,7,train/lr,1.620625564372357e-05
5477,7,train/loss,1.2947298288345337
5477,7,train/lr,1.6193823098374664e-05
5478,7,train/loss,1.2443110942840576
5478,7,train/lr,1.618139388823128e-05
5479,7,train/loss,1.2754725217819214
5479,7,train/lr,1.6168968015497677e-05
5480,7,train/loss,1.2370398044586182
5480,7,train/lr,1.615654548237757e-05
5481,7,train/loss,1.266964077949524
5481,7,train/lr,1.6144126291074024e-05
5482,7,train/loss,1.3391520977020264
5482,7,train/lr,1.6131710443789534e-05
5483,7,train/loss,1.3138444423675537
5483,7,train/lr,1.6119297942726025e-05
5484,7,train/loss,1.3480881452560425
5484,7,train/lr,1.6106888790084795e-05
5485,7,train/loss,1.237143874168396
5485,7,train/lr,1.609448298806656e-05
5486,7,train/loss,1.291279673576355
5486,7,train/lr,1.6082080538871436e-05
5487,7,train/loss,1.323785424232483
5487,7,train/lr,1.606968144469897e-05
5488,7,train/loss,1.2079185247421265
5488,7,train/lr,1.6057285707748088e-05
5489,7,train/loss,1.3101649284362793
5489,7,train/lr,1.6044893330217126e-05
5490,7,train/loss,1.3598577976226807
5490,7,train/lr,1.6032504314303827e-05
5491,7,train/loss,1.2993634939193726
5491,7,train/lr,1.6020118662205332e-05
5492,7,train/loss,1.5928881168365479
5492,7,train/lr,1.6007736376118178e-05
5493,7,train/loss,1.3089255094528198
5493,7,train/lr,1.5995357458238348e-05
5494,7,train/loss,1.3061155080795288
5494,7,train/lr,1.598298191076119e-05
5495,7,train/loss,1.2000808715820312
5495,7,train/lr,1.5970609735881442e-05
5496,7,train/loss,1.208163857460022
5496,7,train/lr,1.5958240935793267e-05
5497,7,train/loss,1.271615743637085
5497,7,train/lr,1.5945875512690246e-05
5498,7,train/loss,1.2531707286834717
5498,7,train/lr,1.5933513468765327e-05
5499,7,train/loss,1.3006682395935059
5499,7,train/lr,1.5921154806210862e-05
5500,7,train/loss,1.3883521556854248
5500,7,train/lr,1.5908799527218636e-05
5501,7,train/loss,1.2163245677947998
5501,7,train/lr,1.5896447633979805e-05
5502,7,train/loss,1.3370734453201294
5502,7,train/lr,1.5884099128684925e-05
5502,7,train/batches,3141.0
5502,7,train/compute_pct,99.7673571219113
5502,7,train/compute_sec,330.95831344023463
5502,7,train/data_wait_pct,0.23264287808869963
5502,7,train/data_wait_sec,0.7717463586013764
5502,7,train/examples,25128.0
5502,7,train/examples_per_sec,75.74833590672439
5502,7,train/input_tokens,2630749.0
5502,7,train/peak_vram_gb,6.712257385253906
5502,7,train/target_tokens,1953724.0
5502,7,train/tokens_per_sec,13819.890192586297
5502,7,train/total_sec,331.730059798836
5502,7,train/epoch_loss,1.332599926511029
5502,7,epoch7/batches,3141.0
5502,7,epoch7/compute_pct,99.7673571219113
5502,7,epoch7/compute_sec,330.95831344023463
5502,7,epoch7/data_wait_pct,0.23264287808869963
5502,7,epoch7/data_wait_sec,0.7717463586013764
5502,7,epoch7/examples,25128.0
5502,7,epoch7/examples_per_sec,75.74833590672439
5502,7,epoch7/input_tokens,2630749.0
5502,7,epoch7/peak_vram_gb,6.712257385253906
5502,7,epoch7/target_tokens,1953724.0
5502,7,epoch7/tokens_per_sec,13819.890192586297
5502,7,epoch7/total_sec,331.730059798836
5502,7,val/bleu,31.945972897790714
5502,7,val/chrf,51.834569430857556
5502,7,val/combined,40.692821851118
5502,7,val/eval_peak_vram_gb,6.712257385253906
5502,7,val/eval_samples_per_sec,11.56829130765321
5502,7,val/eval_seconds,250.08014779901714
5502,7,val/eval_tokens_per_sec,1366.190011510153
5503,8,train/loss,1.2854284048080444
5503,8,train/lr,1.5871754013523945e-05
5504,8,train/loss,1.3098974227905273
5504,8,train/lr,1.5859412290686256e-05
5505,8,train/loss,1.2128485441207886
5505,8,train/lr,1.5847073962360602e-05
5506,8,train/loss,1.3016688823699951
5506,8,train/lr,1.5834739030735125e-05
5507,8,train/loss,1.582936406135559
5507,8,train/lr,1.5822407497997404e-05
5508,8,train/loss,1.31985604763031
5508,8,train/lr,1.581007936633438e-05
5509,8,train/loss,1.3445087671279907
5509,8,train/lr,1.5797754637932385e-05
5510,8,train/loss,1.3993767499923706
5510,8,train/lr,1.5785433314977194e-05
5511,8,train/loss,1.18637216091156
5511,8,train/lr,1.5773115399653937e-05
5512,8,train/loss,1.3021998405456543
5512,8,train/lr,1.5760800894147142e-05
5513,8,train/loss,1.291372299194336
5513,8,train/lr,1.5748489800640746e-05
5514,8,train/loss,1.2719500064849854
5514,8,train/lr,1.5736182121318077e-05
5515,8,train/loss,1.5689706802368164
5515,8,train/lr,1.572387785836185e-05
5516,8,train/loss,1.2632129192352295
5516,8,train/lr,1.571157701395417e-05
5517,8,train/loss,1.289642095565796
5517,8,train/lr,1.569927959027658e-05
5518,8,train/loss,1.3656054735183716
5518,8,train/lr,1.5686985589509957e-05
5519,8,train/loss,1.3807814121246338
5519,8,train/lr,1.5674695013834593e-05
5520,8,train/loss,1.3360475301742554
5520,8,train/lr,1.5662407865430198e-05
5521,8,train/loss,1.4295482635498047
5521,8,train/lr,1.5650124146475836e-05
5522,8,train/loss,1.2259631156921387
5522,8,train/lr,1.5637843859149983e-05
5523,8,train/loss,1.2081477642059326
5523,8,train/lr,1.5625567005630487e-05
5524,8,train/loss,1.3248785734176636
5524,8,train/lr,1.561329358809463e-05
5525,8,train/loss,1.2723326683044434
5525,8,train/lr,1.5601023608719043e-05
5526,8,train/loss,1.158913016319275
5526,8,train/lr,1.558875706967975e-05
5527,8,train/loss,1.3666468858718872
5527,8,train/lr,1.5576493973152196e-05
5528,8,train/loss,1.5386103391647339
5528,8,train/lr,1.5564234321311193e-05
5529,8,train/loss,1.3487956523895264
5529,8,train/lr,1.5551978116330925e-05
5530,8,train/loss,1.2586321830749512
5530,8,train/lr,1.553972536038501e-05
5531,8,train/loss,1.2422277927398682
5531,8,train/lr,1.5527476055646413e-05
5532,8,train/loss,1.28351891040802
5532,8,train/lr,1.551523020428751e-05
5533,8,train/loss,1.2039884328842163
5533,8,train/lr,1.5502987808480038e-05
5534,8,train/loss,1.2066880464553833
5534,8,train/lr,1.549074887039517e-05
5535,8,train/loss,1.1848955154418945
5535,8,train/lr,1.5478513392203427e-05
5536,8,train/loss,1.2639069557189941
5536,8,train/lr,1.5466281376074717e-05
5537,8,train/loss,1.1970281600952148
5537,8,train/lr,1.5454052824178345e-05
5538,8,train/loss,1.3518702983856201
5538,8,train/lr,1.5441827738683006e-05
5539,8,train/loss,1.3631417751312256
5539,8,train/lr,1.542960612175675e-05
5540,8,train/loss,1.3259583711624146
5540,8,train/lr,1.5417387975567067e-05
5541,8,train/loss,1.3542604446411133
5541,8,train/lr,1.5405173302280782e-05
5542,8,train/loss,1.3619601726531982
5542,8,train/lr,1.5392962104064133e-05
5543,8,train/loss,1.2113233804702759
5543,8,train/lr,1.5380754383082706e-05
5544,8,train/loss,1.206329345703125
5544,8,train/lr,1.536855014150153e-05
5545,8,train/loss,1.2432868480682373
5545,8,train/lr,1.535634938148496e-05
5546,8,train/loss,1.3132649660110474
5546,8,train/lr,1.5344152105196745e-05
5547,8,train/loss,1.337385892868042
5547,8,train/lr,1.5331958314800056e-05
5548,8,train/loss,1.3236252069473267
5548,8,train/lr,1.5319768012457403e-05
5549,8,train/loss,1.3038134574890137
5549,8,train/lr,1.5307581200330675e-05
5550,8,train/loss,1.2181823253631592
5550,8,train/lr,1.5295397880581186e-05
5551,8,train/loss,1.3270753622055054
5551,8,train/lr,1.5283218055369587e-05
5552,8,train/loss,1.4175304174423218
5552,8,train/lr,1.5271041726855925e-05
5553,8,train/loss,1.3523815870285034
5553,8,train/lr,1.5258868897199622e-05
5554,8,train/loss,1.4046504497528076
5554,8,train/lr,1.5246699568559495e-05
5555,8,train/loss,1.2237393856048584
5555,8,train/lr,1.5234533743093726e-05
5556,8,train/loss,1.341640591621399
5556,8,train/lr,1.5222371422959877e-05
5557,8,train/loss,1.336900234222412
5557,8,train/lr,1.521021261031489e-05
5558,8,train/loss,1.1432273387908936
5558,8,train/lr,1.5198057307315075e-05
5559,8,train/loss,1.247645378112793
5559,8,train/lr,1.5185905516116153e-05
5560,8,train/loss,1.2372556924819946
5560,8,train/lr,1.5173757238873184e-05
5561,8,train/loss,1.1951313018798828
5561,8,train/lr,1.5161612477740623e-05
5562,8,train/loss,1.3126553297042847
5562,8,train/lr,1.5149471234872297e-05
5563,8,train/loss,1.3742469549179077
5563,8,train/lr,1.5137333512421396e-05
5564,8,train/loss,1.2300456762313843
5564,8,train/lr,1.5125199312540529e-05
5565,8,train/loss,1.3767857551574707
5565,8,train/lr,1.5113068637381637e-05
5566,8,train/loss,1.165145754814148
5566,8,train/lr,1.5100941489096033e-05
5567,8,train/loss,1.264632225036621
5567,8,train/lr,1.5088817869834456e-05
5568,8,train/loss,1.4095100164413452
5568,8,train/lr,1.5076697781746964e-05
5569,8,train/loss,1.3936357498168945
5569,8,train/lr,1.5064581226983e-05
5570,8,train/loss,1.402431845664978
5570,8,train/lr,1.5052468207691416e-05
5571,8,train/loss,1.221958041191101
5571,8,train/lr,1.5040358726020395e-05
5572,8,train/loss,1.4171719551086426
5572,8,train/lr,1.5028252784117517e-05
5573,8,train/loss,1.3794262409210205
5573,8,train/lr,1.50161503841297e-05
5574,8,train/loss,1.3210254907608032
5574,8,train/lr,1.5004051528203295e-05
5575,8,train/loss,1.3235666751861572
5575,8,train/lr,1.4991956218483976e-05
5576,8,train/loss,1.2314866781234741
5576,8,train/lr,1.4979864457116783e-05
5577,8,train/loss,1.3435351848602295
5577,8,train/lr,1.4967776246246175e-05
5578,8,train/loss,1.180741548538208
5578,8,train/lr,1.4955691588015934e-05
5579,8,train/loss,1.35392427444458
5579,8,train/lr,1.4943610484569232e-05
5580,8,train/loss,1.171899437904358
5580,8,train/lr,1.4931532938048613e-05
5581,8,train/loss,1.250783920288086
5581,8,train/lr,1.4919458950595975e-05
5582,8,train/loss,1.4065756797790527
5582,8,train/lr,1.4907388524352598e-05
5583,8,train/loss,1.2738375663757324
5583,8,train/lr,1.489532166145912e-05
5584,8,train/loss,1.360607624053955
5584,8,train/lr,1.4883258364055571e-05
5585,8,train/loss,1.2652242183685303
5585,8,train/lr,1.4871198634281328e-05
5586,8,train/loss,1.4232385158538818
5586,8,train/lr,1.4859142474275123e-05
5587,8,train/loss,1.3616924285888672
5587,8,train/lr,1.484708988617509e-05
5588,8,train/loss,1.4245789051055908
5588,8,train/lr,1.4835040872118711e-05
5589,8,train/loss,1.4144374132156372
5589,8,train/lr,1.4822995434242809e-05
5590,8,train/loss,1.4245761632919312
5590,8,train/lr,1.4810953574683629e-05
5591,8,train/loss,1.1693460941314697
5591,8,train/lr,1.4798915295576739e-05
5592,8,train/loss,1.2802903652191162
5592,8,train/lr,1.4786880599057078e-05
5593,8,train/loss,1.2955397367477417
5593,8,train/lr,1.4774849487258942e-05
5594,8,train/loss,1.2738319635391235
5594,8,train/lr,1.4762821962316035e-05
5595,8,train/loss,1.3781994581222534
5595,8,train/lr,1.4750798026361377e-05
5596,8,train/loss,1.193666696548462
5596,8,train/lr,1.4738777681527353e-05
5597,8,train/loss,1.3680603504180908
5597,8,train/lr,1.4726760929945757e-05
5598,8,train/loss,1.3865416049957275
5598,8,train/lr,1.4714747773747703e-05
5599,8,train/loss,1.1811209917068481
5599,8,train/lr,1.4702738215063664e-05
5600,8,train/loss,1.4147796630859375
5600,8,train/lr,1.4690732256023515e-05
5601,8,train/loss,1.347510814666748
5601,8,train/lr,1.4678729898756458e-05
5602,8,train/loss,1.3617042303085327
5602,8,train/lr,1.4666731145391064e-05
5603,8,train/loss,1.3518041372299194
5603,8,train/lr,1.4654735998055269e-05
5604,8,train/loss,1.3288774490356445
5604,8,train/lr,1.4642744458876367e-05
5605,8,train/loss,1.3422966003417969
5605,8,train/lr,1.4630756529981014e-05
5606,8,train/loss,1.4238905906677246
5606,8,train/lr,1.4618772213495211e-05
5607,8,train/loss,1.2222449779510498
5607,8,train/lr,1.4606791511544358e-05
5608,8,train/loss,1.2993385791778564
5608,8,train/lr,1.4594814426253174e-05
5609,8,train/loss,1.3490755558013916
5609,8,train/lr,1.4582840959745738e-05
5610,8,train/loss,1.2639073133468628
5610,8,train/lr,1.4570871114145525e-05
5611,8,train/loss,1.382527470588684
5611,8,train/lr,1.4558904891575333e-05
5612,8,train/loss,1.3607863187789917
5612,8,train/lr,1.4546942294157324e-05
5613,8,train/loss,1.1953845024108887
5613,8,train/lr,1.4534983324013007e-05
5614,8,train/loss,1.334330439567566
5614,8,train/lr,1.4523027983263288e-05
5615,8,train/loss,1.4468498229980469
5615,8,train/lr,1.4511076274028387e-05
5616,8,train/loss,1.4060100317001343
5616,8,train/lr,1.449912819842789e-05
5617,8,train/loss,1.2944798469543457
5617,8,train/lr,1.4487183758580755e-05
5618,8,train/loss,1.3415895700454712
5618,8,train/lr,1.4475242956605288e-05
5619,8,train/loss,1.184652328491211
5619,8,train/lr,1.4463305794619122e-05
5620,8,train/loss,1.2261453866958618
5620,8,train/lr,1.4451372274739296e-05
5621,8,train/loss,1.326101541519165
5621,8,train/lr,1.4439442399082161e-05
5622,8,train/loss,1.3921319246292114
5622,8,train/lr,1.4427516169763444e-05
5623,8,train/loss,1.1970120668411255
5623,8,train/lr,1.4415593588898207e-05
5624,8,train/loss,1.26987886428833
5624,8,train/lr,1.4403674658600867e-05
5625,8,train/loss,1.3216689825057983
5625,8,train/lr,1.439175938098523e-05
5626,8,train/loss,1.263959288597107
5626,8,train/lr,1.4379847758164411e-05
5627,8,train/loss,1.4541637897491455
5627,8,train/lr,1.4367939792250895e-05
5628,8,train/loss,1.4881683588027954
5628,8,train/lr,1.4356035485356508e-05
5629,8,train/loss,1.3260071277618408
5629,8,train/lr,1.4344134839592442e-05
5630,8,train/loss,1.2259368896484375
5630,8,train/lr,1.4332237857069216e-05
5631,8,train/loss,1.2568976879119873
5631,8,train/lr,1.432034453989674e-05
5632,8,train/loss,1.3257728815078735
5632,8,train/lr,1.430845489018424e-05
5633,8,train/loss,1.4157054424285889
5633,8,train/lr,1.4296568910040288e-05
5634,8,train/loss,1.1918047666549683
5634,8,train/lr,1.4284686601572844e-05
5635,8,train/loss,1.371140718460083
5635,8,train/lr,1.4272807966889176e-05
5636,8,train/loss,1.3533457517623901
5636,8,train/lr,1.4260933008095901e-05
5637,8,train/loss,1.187735676765442
5637,8,train/lr,1.424906172729903e-05
5638,8,train/loss,1.3158326148986816
5638,8,train/lr,1.4237194126603877e-05
5639,8,train/loss,1.2933658361434937
5639,8,train/lr,1.4225330208115115e-05
5640,8,train/loss,1.4571754932403564
5640,8,train/lr,1.4213469973936752e-05
5641,8,train/loss,1.8254566192626953
5641,8,train/lr,1.4201613426172181e-05
5642,8,train/loss,1.3457971811294556
5642,8,train/lr,1.418976056692411e-05
5643,8,train/loss,1.2618095874786377
5643,8,train/lr,1.4177911398294584e-05
5644,8,train/loss,1.318892002105713
5644,8,train/lr,1.4166065922385031e-05
5645,8,train/loss,1.20412278175354
5645,8,train/lr,1.4154224141296188e-05
5646,8,train/loss,1.2483487129211426
5646,8,train/lr,1.4142386057128158e-05
5647,8,train/loss,1.3380078077316284
5647,8,train/lr,1.4130551671980378e-05
5648,8,train/loss,1.2837867736816406
5648,8,train/lr,1.4118720987951629e-05
5649,8,train/loss,1.2480456829071045
5649,8,train/lr,1.4106894007140034e-05
5650,8,train/loss,1.2948260307312012
5650,8,train/lr,1.409507073164308e-05
5651,8,train/loss,1.3687107563018799
5651,8,train/lr,1.4083251163557572e-05
5652,8,train/loss,1.4609417915344238
5652,8,train/lr,1.4071435304979669e-05
5653,8,train/loss,1.327806830406189
5653,8,train/lr,1.4059623158004856e-05
5654,8,train/loss,1.258000373840332
5654,8,train/lr,1.4047814724727996e-05
5655,8,train/loss,1.494521141052246
5655,8,train/lr,1.4036010007243263e-05
5656,8,train/loss,1.1575602293014526
5656,8,train/lr,1.402420900764416e-05
5657,8,train/loss,1.3947319984436035
5657,8,train/lr,1.401241172802358e-05
5658,8,train/loss,1.2583270072937012
5658,8,train/lr,1.4000618170473714e-05
5659,8,train/loss,1.4597563743591309
5659,8,train/lr,1.3988828337086105e-05
5660,8,train/loss,1.4048678874969482
5660,8,train/lr,1.3977042229951622e-05
5661,8,train/loss,1.3334460258483887
5661,8,train/lr,1.3965259851160516e-05
5662,8,train/loss,1.2756575345993042
5662,8,train/lr,1.3953481202802333e-05
5663,8,train/loss,1.3659980297088623
5663,8,train/lr,1.3941706286965957e-05
5664,8,train/loss,1.4570691585540771
5664,8,train/lr,1.3929935105739659e-05
5665,8,train/loss,1.3420674800872803
5665,8,train/lr,1.3918167661210995e-05
5666,8,train/loss,1.4595774412155151
5666,8,train/lr,1.3906403955466864e-05
5667,8,train/loss,1.3113954067230225
5667,8,train/lr,1.3894643990593548e-05
5668,8,train/loss,1.3275187015533447
5668,8,train/lr,1.3882887768676613e-05
5669,8,train/loss,1.3289145231246948
5669,8,train/lr,1.3871135291800981e-05
5670,8,train/loss,1.3006174564361572
5670,8,train/lr,1.385938656205092e-05
5671,8,train/loss,1.3669476509094238
5671,8,train/lr,1.384764158151001e-05
5672,8,train/loss,1.3488085269927979
5672,8,train/lr,1.383590035226119e-05
5673,8,train/loss,1.1854352951049805
5673,8,train/lr,1.3824162876386703e-05
5674,8,train/loss,1.2360354661941528
5674,8,train/lr,1.3812429155968179e-05
5675,8,train/loss,1.3595776557922363
5675,8,train/lr,1.3800699193086531e-05
5676,8,train/loss,1.319351315498352
5676,8,train/lr,1.3788972989822014e-05
5677,8,train/loss,1.424306869506836
5677,8,train/lr,1.3777250548254256e-05
5678,8,train/loss,1.258661150932312
5678,8,train/lr,1.376553187046217e-05
5679,8,train/loss,1.5088430643081665
5679,8,train/lr,1.3753816958524022e-05
5680,8,train/loss,1.3154386281967163
5680,8,train/lr,1.3742105814517394e-05
5681,8,train/loss,1.299626111984253
5681,8,train/lr,1.3730398440519243e-05
5682,8,train/loss,1.225082278251648
5682,8,train/lr,1.3718694838605808e-05
5683,8,train/loss,1.296060562133789
5683,8,train/lr,1.3706995010852676e-05
5684,8,train/loss,1.3269588947296143
5684,8,train/lr,1.3695298959334788e-05
5685,8,train/loss,1.2501415014266968
5685,8,train/lr,1.3683606686126383e-05
5686,8,train/loss,1.3308271169662476
5686,8,train/lr,1.3671918193301031e-05
5687,8,train/loss,1.282033920288086
5687,8,train/lr,1.3660233482931664e-05
5688,8,train/loss,1.2993383407592773
5688,8,train/lr,1.3648552557090517e-05
5689,8,train/loss,1.2316728830337524
5689,8,train/lr,1.3636875417849149e-05
5690,8,train/loss,1.5265634059906006
5690,8,train/lr,1.3625202067278455e-05
5691,8,train/loss,1.2476582527160645
5691,8,train/lr,1.3613532507448674e-05
5692,8,train/loss,1.3024863004684448
5692,8,train/lr,1.3601866740429358e-05
5693,8,train/loss,1.3097424507141113
5693,8,train/lr,1.3590204768289378e-05
5694,8,train/loss,1.465749979019165
5694,8,train/lr,1.3578546593096948e-05
5695,8,train/loss,1.3207299709320068
5695,8,train/lr,1.3566892216919595e-05
5696,8,train/loss,1.4210443496704102
5696,8,train/lr,1.3555241641824173e-05
5697,8,train/loss,1.2620681524276733
5697,8,train/lr,1.3543594869876893e-05
5698,8,train/loss,1.1911683082580566
5698,8,train/lr,1.3531951903143252e-05
5699,8,train/loss,1.289522409439087
5699,8,train/lr,1.3520312743688086e-05
5700,8,train/loss,1.3046014308929443
5700,8,train/lr,1.350867739357555e-05
5701,8,train/loss,1.332892894744873
5701,8,train/lr,1.3497045854869143e-05
5702,8,train/loss,1.3393402099609375
5702,8,train/lr,1.3485418129631675e-05
5703,8,train/loss,1.3749589920043945
5703,8,train/lr,1.347379421992526e-05
5704,8,train/loss,1.5985698699951172
5704,8,train/lr,1.3462174127811387e-05
5705,8,train/loss,1.5554544925689697
5705,8,train/lr,1.3450557855350813e-05
5706,8,train/loss,1.4038938283920288
5706,8,train/lr,1.3438945404603638e-05
5707,8,train/loss,1.2554728984832764
5707,8,train/lr,1.3427336777629308e-05
5708,8,train/loss,1.1556272506713867
5708,8,train/lr,1.3415731976486555e-05
5709,8,train/loss,1.3374676704406738
5709,8,train/lr,1.3404131003233452e-05
5710,8,train/loss,1.327817678451538
5710,8,train/lr,1.3392533859927377e-05
5711,8,train/loss,1.2627792358398438
5711,8,train/lr,1.3380940548625056e-05
5712,8,train/loss,1.262049674987793
5712,8,train/lr,1.3369351071382518e-05
5713,8,train/loss,1.384154200553894
5713,8,train/lr,1.3357765430255107e-05
5714,8,train/loss,1.3607454299926758
5714,8,train/lr,1.3346183627297496e-05
5715,8,train/loss,1.2674100399017334
5715,8,train/lr,1.333460566456366e-05
5716,8,train/loss,1.1719598770141602
5716,8,train/lr,1.3323031544106936e-05
5717,8,train/loss,1.2394753694534302
5717,8,train/lr,1.3311461267979933e-05
5718,8,train/loss,1.4964609146118164
5718,8,train/lr,1.3299894838234604e-05
5719,8,train/loss,1.241155743598938
5719,8,train/lr,1.328833225692221e-05
5720,8,train/loss,1.248150110244751
5720,8,train/lr,1.3276773526093316e-05
5721,8,train/loss,1.2557529211044312
5721,8,train/lr,1.3265218647797846e-05
5722,8,train/loss,1.2553497552871704
5722,8,train/lr,1.3253667624085e-05
5723,8,train/loss,1.3691511154174805
5723,8,train/lr,1.3242120457003306e-05
5724,8,train/loss,1.3279181718826294
5724,8,train/lr,1.3230577148600621e-05
5725,8,train/loss,1.2371916770935059
5725,8,train/lr,1.321903770092411e-05
5726,8,train/loss,1.2771247625350952
5726,8,train/lr,1.3207502116020235e-05
5727,8,train/loss,1.2853974103927612
5727,8,train/lr,1.3195970395934806e-05
5728,8,train/loss,1.4882850646972656
5728,8,train/lr,1.3184442542712927e-05
5729,8,train/loss,1.442505121231079
5729,8,train/lr,1.3172918558399015e-05
5730,8,train/loss,1.202613353729248
5730,8,train/lr,1.3161398445036796e-05
5731,8,train/loss,1.3178123235702515
5731,8,train/lr,1.3149882204669342e-05
5732,8,train/loss,1.2676961421966553
5732,8,train/lr,1.3138369839339008e-05
5733,8,train/loss,1.4015064239501953
5733,8,train/lr,1.3126861351087448e-05
5734,8,train/loss,1.4930024147033691
5734,8,train/lr,1.3115356741955682e-05
5735,8,train/loss,1.355954647064209
5735,8,train/lr,1.3103856013983995e-05
5736,8,train/loss,1.2264823913574219
5736,8,train/lr,1.3092359169211994e-05
5737,8,train/loss,1.2337888479232788
5737,8,train/lr,1.3080866209678609e-05
5738,8,train/loss,1.3444126844406128
5738,8,train/lr,1.3069377137422069e-05
5739,8,train/loss,1.25777268409729
5739,8,train/lr,1.3057891954479918e-05
5740,8,train/loss,1.4086822271347046
5740,8,train/lr,1.3046410662889001e-05
5741,8,train/loss,1.2904458045959473
5741,8,train/lr,1.3034933264685505e-05
5742,8,train/loss,1.2740387916564941
5742,8,train/lr,1.3023459761904892e-05
5743,8,train/loss,1.3568501472473145
5743,8,train/lr,1.3011990156581934e-05
5744,8,train/loss,1.2675137519836426
5744,8,train/lr,1.3000524450750745e-05
5745,8,train/loss,1.3763911724090576
5745,8,train/lr,1.2989062646444717e-05
5746,8,train/loss,1.3269829750061035
5746,8,train/lr,1.2977604745696536e-05
5747,8,train/loss,1.3073655366897583
5747,8,train/lr,1.2966150750538255e-05
5748,8,train/loss,1.2646474838256836
5748,8,train/lr,1.2954700663001182e-05
5749,8,train/loss,1.3471494913101196
5749,8,train/lr,1.2943254485115943e-05
5750,8,train/loss,1.3887436389923096
5750,8,train/lr,1.2931812218912465e-05
5751,8,train/loss,1.3166669607162476
5751,8,train/lr,1.2920373866420016e-05
5752,8,train/loss,1.415366530418396
5752,8,train/lr,1.2908939429667133e-05
5753,8,train/loss,1.4531867504119873
5753,8,train/lr,1.2897508910681661e-05
5754,8,train/loss,1.3654131889343262
5754,8,train/lr,1.288608231149078e-05
5755,8,train/loss,1.2384239435195923
5755,8,train/lr,1.2874659634120947e-05
5756,8,train/loss,1.3262125253677368
5756,8,train/lr,1.2863240880597927e-05
5757,8,train/loss,1.4054138660430908
5757,8,train/lr,1.2851826052946783e-05
5758,8,train/loss,1.1715019941329956
5758,8,train/lr,1.284041515319192e-05
5759,8,train/loss,1.24050772190094
5759,8,train/lr,1.2829008183357002e-05
5760,8,train/loss,1.314894199371338
5760,8,train/lr,1.2817605145465015e-05
5761,8,train/loss,1.370290756225586
5761,8,train/lr,1.2806206041538246e-05
5762,8,train/loss,1.2951735258102417
5762,8,train/lr,1.2794810873598278e-05
5763,8,train/loss,1.4116637706756592
5763,8,train/lr,1.2783419643665997e-05
5764,8,train/loss,1.3128894567489624
5764,8,train/lr,1.2772032353761615e-05
5765,8,train/loss,1.5478827953338623
5765,8,train/lr,1.2760649005904616e-05
5766,8,train/loss,1.3710064888000488
5766,8,train/lr,1.2749269602113791e-05
5767,8,train/loss,1.3563066720962524
5767,8,train/lr,1.273789414440723e-05
5768,8,train/loss,1.3000102043151855
5768,8,train/lr,1.2726522634802342e-05
5769,8,train/loss,1.5607789754867554
5769,8,train/lr,1.2715155075315817e-05
5770,8,train/loss,1.2980148792266846
5770,8,train/lr,1.2703791467963632e-05
5771,8,train/loss,1.1933176517486572
5771,8,train/lr,1.2692431814761113e-05
5772,8,train/loss,1.310173511505127
5772,8,train/lr,1.2681076117722833e-05
5773,8,train/loss,1.21644926071167
5773,8,train/lr,1.2669724378862671e-05
5774,8,train/loss,1.2754942178726196
5774,8,train/lr,1.2658376600193843e-05
5775,8,train/loss,1.2462093830108643
5775,8,train/lr,1.264703278372882e-05
5776,8,train/loss,1.1810686588287354
5776,8,train/lr,1.2635692931479391e-05
5777,8,train/loss,1.4546444416046143
5777,8,train/lr,1.262435704545662e-05
5778,8,train/loss,1.290477991104126
5778,8,train/lr,1.2613025127670909e-05
5779,8,train/loss,1.3583390712738037
5779,8,train/lr,1.260169718013192e-05
5780,8,train/loss,1.2711366415023804
5780,8,train/lr,1.2590373204848622e-05
5781,8,train/loss,1.3526198863983154
5781,8,train/lr,1.2579053203829269e-05
5782,8,train/loss,1.157180905342102
5782,8,train/lr,1.2567737179081443e-05
5783,8,train/loss,1.4268786907196045
5783,8,train/lr,1.2556425132611985e-05
5784,8,train/loss,1.237167239189148
5784,8,train/lr,1.2545117066427054e-05
5785,8,train/loss,1.1627297401428223
5785,8,train/lr,1.253381298253208e-05
5786,8,train/loss,1.3951160907745361
5786,8,train/lr,1.2522512882931813e-05
5787,8,train/loss,1.3239376544952393
5787,8,train/lr,1.2511216769630262e-05
5788,8,train/loss,1.326056957244873
5788,8,train/lr,1.249992464463078e-05
5789,8,train/loss,1.3389534950256348
5789,8,train/lr,1.2488636509935967e-05
5790,8,train/loss,1.297884464263916
5790,8,train/lr,1.2477352367547725e-05
5791,8,train/loss,1.332137107849121
5791,8,train/lr,1.2466072219467276e-05
5792,8,train/loss,1.3635425567626953
5792,8,train/lr,1.2454796067695099e-05
5793,8,train/loss,1.338102102279663
5793,8,train/lr,1.244352391423097e-05
5794,8,train/loss,1.2841782569885254
5794,8,train/lr,1.2432255761073982e-05
5795,8,train/loss,1.4529356956481934
5795,8,train/lr,1.2420991610222492e-05
5796,8,train/loss,1.303696632385254
5796,8,train/lr,1.2409731463674152e-05
5797,8,train/loss,1.429280400276184
5797,8,train/lr,1.2398475323425897e-05
5798,8,train/loss,1.4417691230773926
5798,8,train/lr,1.2387223191473987e-05
5799,8,train/loss,1.2088462114334106
5799,8,train/lr,1.2375975069813932e-05
5800,8,train/loss,1.3051137924194336
5800,8,train/lr,1.2364730960440533e-05
5801,8,train/loss,1.2728955745697021
5801,8,train/lr,1.2353490865347914e-05
5802,8,train/loss,1.289417028427124
5802,8,train/lr,1.2342254786529451e-05
5803,8,train/loss,1.4806795120239258
5803,8,train/lr,1.2331022725977824e-05
5804,8,train/loss,1.2745537757873535
5804,8,train/lr,1.2319794685685e-05
5805,8,train/loss,1.2791557312011719
5805,8,train/lr,1.2308570667642222e-05
5806,8,train/loss,1.3304212093353271
5806,8,train/lr,1.2297350673840017e-05
5807,8,train/loss,1.3829376697540283
5807,8,train/lr,1.2286134706268242e-05
5808,8,train/loss,1.2085027694702148
5808,8,train/lr,1.2274922766915984e-05
5809,8,train/loss,1.319830060005188
5809,8,train/lr,1.2263714857771647e-05
5810,8,train/loss,1.3214762210845947
5810,8,train/lr,1.2252510980822896e-05
5811,8,train/loss,1.2855650186538696
5811,8,train/lr,1.2241311138056724e-05
5812,8,train/loss,1.3736722469329834
5812,8,train/lr,1.2230115331459362e-05
5813,8,train/loss,1.3331772089004517
5813,8,train/lr,1.2218923563016341e-05
5814,8,train/loss,1.2990834712982178
5814,8,train/lr,1.22077358347125e-05
5815,8,train/loss,1.4190750122070312
5815,8,train/lr,1.2196552148531928e-05
5816,8,train/loss,1.3119988441467285
5816,8,train/lr,1.2185372506458015e-05
5817,8,train/loss,1.2765899896621704
5817,8,train/lr,1.217419691047341e-05
5818,8,train/loss,1.389487862586975
5818,8,train/lr,1.2163025362560092e-05
5819,8,train/loss,1.2991819381713867
5819,8,train/lr,1.2151857864699278e-05
5820,8,train/loss,1.199436068534851
5820,8,train/lr,1.2140694418871474e-05
5821,8,train/loss,1.4119889736175537
5821,8,train/lr,1.2129535027056501e-05
5822,8,train/loss,1.5209163427352905
5822,8,train/lr,1.211837969123342e-05
5823,8,train/loss,1.3303130865097046
5823,8,train/lr,1.2107228413380576e-05
5824,8,train/loss,1.3398653268814087
5824,8,train/lr,1.209608119547563e-05
5825,8,train/loss,1.3530805110931396
5825,8,train/lr,1.208493803949549e-05
5826,8,train/loss,1.3489348888397217
5826,8,train/lr,1.2073798947416356e-05
5827,8,train/loss,1.3611204624176025
5827,8,train/lr,1.2062663921213695e-05
5828,8,train/loss,1.4041763544082642
5828,8,train/lr,1.205153296286227e-05
5829,8,train/loss,1.3269426822662354
5829,8,train/lr,1.2040406074336119e-05
5830,8,train/loss,1.4012030363082886
5830,8,train/lr,1.2029283257608532e-05
5831,8,train/loss,1.3859128952026367
5831,8,train/lr,1.201816451465213e-05
5832,8,train/loss,1.4135044813156128
5832,8,train/lr,1.2007049847438767e-05
5833,8,train/loss,1.2888492345809937
5833,8,train/lr,1.1995939257939576e-05
5834,8,train/loss,1.3114683628082275
5834,8,train/lr,1.1984832748125002e-05
5835,8,train/loss,1.2418322563171387
5835,8,train/lr,1.197373031996473e-05
5836,8,train/loss,1.3060576915740967
5836,8,train/lr,1.1962631975427736e-05
5837,8,train/loss,1.2531737089157104
5837,8,train/lr,1.1951537716482258e-05
5838,8,train/loss,1.3222887516021729
5838,8,train/lr,1.1940447545095846e-05
5839,8,train/loss,1.4205296039581299
5839,8,train/lr,1.192936146323529e-05
5840,8,train/loss,1.210532546043396
5840,8,train/lr,1.1918279472866653e-05
5841,8,train/loss,1.2116508483886719
5841,8,train/lr,1.1907201575955302e-05
5842,8,train/loss,1.3598191738128662
5842,8,train/lr,1.189612777446586e-05
5843,8,train/loss,1.237033486366272
5843,8,train/lr,1.1885058070362205e-05
5844,8,train/loss,1.3356362581253052
5844,8,train/lr,1.1873992465607533e-05
5845,8,train/loss,1.3821709156036377
5845,8,train/lr,1.1862930962164274e-05
5846,8,train/loss,1.3253676891326904
5846,8,train/lr,1.185187356199415e-05
5847,8,train/loss,1.3813080787658691
5847,8,train/lr,1.1840820267058135e-05
5848,8,train/loss,1.250659704208374
5848,8,train/lr,1.1829771079316513e-05
5849,8,train/loss,1.227247714996338
5849,8,train/lr,1.18187260007288e-05
5850,8,train/loss,1.3659405708312988
5850,8,train/lr,1.1807685033253812e-05
5851,8,train/loss,1.3077155351638794
5851,8,train/lr,1.1796648178849612e-05
5852,8,train/loss,1.3173553943634033
5852,8,train/lr,1.178561543947355e-05
5853,8,train/loss,1.5199956893920898
5853,8,train/lr,1.1774586817082227e-05
5854,8,train/loss,1.3031699657440186
5854,8,train/lr,1.1763562313631555e-05
5855,8,train/loss,1.282003402709961
5855,8,train/lr,1.1752541931076673e-05
5856,8,train/loss,1.2382923364639282
5856,8,train/lr,1.1741525671372008e-05
5857,8,train/loss,1.415087342262268
5857,8,train/lr,1.1730513536471239e-05
5858,8,train/loss,1.3540247678756714
5858,8,train/lr,1.1719505528327355e-05
5859,8,train/loss,1.2677814960479736
5859,8,train/lr,1.1708501648892567e-05
5860,8,train/loss,1.2602370977401733
5860,8,train/lr,1.1697501900118366e-05
5861,8,train/loss,1.4841104745864868
5861,8,train/lr,1.1686506283955533e-05
5862,8,train/loss,1.3131272792816162
5862,8,train/lr,1.1675514802354097e-05
5863,8,train/loss,1.275761365890503
5863,8,train/lr,1.1664527457263337e-05
5864,8,train/loss,1.3311516046524048
5864,8,train/lr,1.1653544250631848e-05
5865,8,train/loss,1.2242481708526611
5865,8,train/lr,1.1642565184407442e-05
5866,8,train/loss,1.4934664964675903
5866,8,train/lr,1.163159026053722e-05
5867,8,train/loss,1.20530104637146
5867,8,train/lr,1.162061948096753e-05
5868,8,train/loss,1.4642269611358643
5868,8,train/lr,1.1609652847644026e-05
5869,8,train/loss,1.367756724357605
5869,8,train/lr,1.1598690362511586e-05
5870,8,train/loss,1.2632830142974854
5870,8,train/lr,1.1587732027514363e-05
5871,8,train/loss,1.2650749683380127
5871,8,train/lr,1.1576777844595779e-05
5872,8,train/loss,1.3594393730163574
5872,8,train/lr,1.1565827815698504e-05
5873,8,train/loss,1.3590220212936401
5873,8,train/lr,1.1554881942764516e-05
5874,8,train/loss,1.2467557191848755
5874,8,train/lr,1.1543940227735005e-05
5875,8,train/loss,1.3674867153167725
5875,8,train/lr,1.1533002672550445e-05
5876,8,train/loss,1.3151599168777466
5876,8,train/lr,1.1522069279150575e-05
5877,8,train/loss,1.4501159191131592
5877,8,train/lr,1.1511140049474378e-05
5878,8,train/loss,1.3483021259307861
5878,8,train/lr,1.1500214985460129e-05
5879,8,train/loss,1.3427637815475464
5879,8,train/lr,1.1489294089045345e-05
5880,8,train/loss,1.3735564947128296
5880,8,train/lr,1.147837736216679e-05
5881,8,train/loss,1.3380435705184937
5881,8,train/lr,1.1467464806760528e-05
5882,8,train/loss,1.2736737728118896
5882,8,train/lr,1.1456556424761849e-05
5883,8,train/loss,1.4035229682922363
5883,8,train/lr,1.1445652218105317e-05
5884,8,train/loss,1.2329535484313965
5884,8,train/lr,1.1434752188724737e-05
5885,8,train/loss,1.3027337789535522
5885,8,train/lr,1.1423856338553213e-05
5886,8,train/loss,1.3161284923553467
5886,8,train/lr,1.1412964669523075e-05
5887,8,train/loss,1.3635897636413574
5887,8,train/lr,1.1402077183565905e-05
5888,8,train/loss,1.409200668334961
5888,8,train/lr,1.1391193882612581e-05
5889,8,train/loss,1.284968614578247
5889,8,train/lr,1.1380314768593204e-05
5890,8,train/loss,1.436046838760376
5890,8,train/lr,1.1369439843437135e-05
5891,8,train/loss,1.2414354085922241
5891,8,train/lr,1.1358569109073022e-05
5892,8,train/loss,1.198241949081421
5892,8,train/lr,1.1347702567428742e-05
5893,8,train/loss,1.2588096857070923
5893,8,train/lr,1.1336840220431431e-05
5894,8,train/loss,1.4021449089050293
5894,8,train/lr,1.132598207000749e-05
5895,8,train/loss,1.2946364879608154
5895,8,train/lr,1.131512811808257e-05
5896,8,train/loss,1.2650082111358643
5896,8,train/lr,1.130427836658158e-05
5897,8,train/loss,1.2538377046585083
5897,8,train/lr,1.1293432817428667e-05
5898,8,train/loss,1.1856528520584106
5898,8,train/lr,1.1282591472547277e-05
5899,8,train/loss,1.3872098922729492
5899,8,train/lr,1.127175433386007e-05
5900,8,train/loss,1.1842834949493408
5900,8,train/lr,1.1260921403288956e-05
5901,8,train/loss,1.2392677068710327
5901,8,train/lr,1.1250092682755143e-05
5902,8,train/loss,1.4381184577941895
5902,8,train/lr,1.1239268174179051e-05
5903,8,train/loss,1.2670027017593384
5903,8,train/lr,1.122844787948037e-05
5904,8,train/loss,1.275741696357727
5904,8,train/lr,1.1217631800578022e-05
5905,8,train/loss,1.1736993789672852
5905,8,train/lr,1.1206819939390223e-05
5906,8,train/loss,1.362196922302246
5906,8,train/lr,1.1196012297834401e-05
5907,8,train/loss,1.2129772901535034
5907,8,train/lr,1.118520887782725e-05
5908,8,train/loss,1.588310718536377
5908,8,train/lr,1.1174409681284731e-05
5909,8,train/loss,1.2960052490234375
5909,8,train/lr,1.116361471012203e-05
5910,8,train/loss,1.2434386014938354
5910,8,train/lr,1.1152823966253587e-05
5911,8,train/loss,1.2819595336914062
5911,8,train/lr,1.1142037451593124e-05
5912,8,train/loss,1.2758830785751343
5912,8,train/lr,1.1131255168053573e-05
5913,8,train/loss,1.1840856075286865
5913,8,train/lr,1.1120477117547136e-05
5914,8,train/loss,1.3399958610534668
5914,8,train/lr,1.1109703301985248e-05
5915,8,train/loss,1.391902208328247
5915,8,train/lr,1.1098933723278625e-05
5916,8,train/loss,1.3574955463409424
5916,8,train/lr,1.10881683833372e-05
5917,8,train/loss,1.224320888519287
5917,8,train/lr,1.1077407284070174e-05
5918,8,train/loss,1.3870257139205933
5918,8,train/lr,1.1066650427385981e-05
5919,8,train/loss,1.4546751976013184
5919,8,train/lr,1.1055897815192307e-05
5920,8,train/loss,1.3255980014801025
5920,8,train/lr,1.1045149449396086e-05
5921,8,train/loss,1.279101848602295
5921,8,train/lr,1.1034405331903515e-05
5922,8,train/loss,1.2031617164611816
5922,8,train/lr,1.1023665464620011e-05
5923,8,train/loss,1.3270175457000732
5923,8,train/lr,1.1012929849450258e-05
5924,8,train/loss,1.2490535974502563
5924,8,train/lr,1.1002198488298157e-05
5925,8,train/loss,1.3786864280700684
5925,8,train/lr,1.0991471383066907e-05
5926,8,train/loss,1.4055769443511963
5926,8,train/lr,1.09807485356589e-05
5927,8,train/loss,1.348870873451233
5927,8,train/lr,1.0970029947975787e-05
5928,8,train/loss,1.3567476272583008
5928,8,train/lr,1.0959315621918495e-05
5929,8,train/loss,1.4400349855422974
5929,8,train/lr,1.0948605559387147e-05
5930,8,train/loss,1.481308102607727
5930,8,train/lr,1.0937899762281134e-05
5931,8,train/loss,1.2300516366958618
5931,8,train/lr,1.0927198232499103e-05
5932,8,train/loss,1.2760025262832642
5932,8,train/lr,1.0916500971938926e-05
5933,8,train/loss,1.1808098554611206
5933,8,train/lr,1.0905807982497716e-05
5934,8,train/loss,1.2038073539733887
5934,8,train/lr,1.089511926607183e-05
5935,8,train/loss,1.2176506519317627
5935,8,train/lr,1.0884434824556892e-05
5936,8,train/loss,1.2300441265106201
5936,8,train/lr,1.0873754659847734e-05
5937,8,train/loss,1.2683185338974
5937,8,train/lr,1.0863078773838437e-05
5938,8,train/loss,1.3116137981414795
5938,8,train/lr,1.0852407168422344e-05
5939,8,train/loss,1.2777225971221924
5939,8,train/lr,1.0841739845492027e-05
5940,8,train/loss,1.5245685577392578
5940,8,train/lr,1.0831076806939283e-05
5941,8,train/loss,1.2758231163024902
5941,8,train/lr,1.0820418054655168e-05
5942,8,train/loss,1.2892261743545532
5942,8,train/lr,1.080976359052997e-05
5943,8,train/loss,1.3589775562286377
5943,8,train/lr,1.0799113416453224e-05
5944,8,train/loss,1.2586718797683716
5944,8,train/lr,1.0788467534313679e-05
5945,8,train/loss,1.3423407077789307
5945,8,train/lr,1.0777825945999373e-05
5946,8,train/loss,1.313260555267334
5946,8,train/lr,1.0767188653397532e-05
5947,8,train/loss,1.1565942764282227
5947,8,train/lr,1.075655565839464e-05
5948,8,train/loss,1.2905819416046143
5948,8,train/lr,1.0745926962876432e-05
5949,8,train/loss,1.2782635688781738
5949,8,train/lr,1.0735302568727863e-05
5950,8,train/loss,1.3311958312988281
5950,8,train/lr,1.0724682477833115e-05
5951,8,train/loss,1.2619630098342896
5951,8,train/lr,1.0714066692075647e-05
5952,8,train/loss,1.340671420097351
5952,8,train/lr,1.0703455213338111e-05
5953,8,train/loss,1.5319044589996338
5953,8,train/lr,1.0692848043502423e-05
5954,8,train/loss,1.4378976821899414
5954,8,train/lr,1.0682245184449707e-05
5955,8,train/loss,1.2957998514175415
5955,8,train/lr,1.0671646638060368e-05
5956,8,train/loss,1.2754359245300293
5956,8,train/lr,1.0661052406213998e-05
5957,8,train/loss,1.346440315246582
5957,8,train/lr,1.0650462490789445e-05
5958,8,train/loss,1.3323228359222412
5958,8,train/lr,1.0639876893664809e-05
5959,8,train/loss,1.278792381286621
5959,8,train/lr,1.0629295616717394e-05
5960,8,train/loss,1.4740469455718994
5960,8,train/lr,1.0618718661823748e-05
5961,8,train/loss,1.2456884384155273
5961,8,train/lr,1.0608146030859662e-05
5962,8,train/loss,1.3107504844665527
5962,8,train/lr,1.0597577725700143e-05
5963,8,train/loss,1.4032763242721558
5963,8,train/lr,1.0587013748219438e-05
5964,8,train/loss,1.2994532585144043
5964,8,train/lr,1.0576454100291044e-05
5965,8,train/loss,1.2273666858673096
5965,8,train/lr,1.0565898783787675e-05
5966,8,train/loss,1.3676064014434814
5966,8,train/lr,1.0555347800581266e-05
5967,8,train/loss,1.4378304481506348
5967,8,train/lr,1.0544801152542987e-05
5968,8,train/loss,1.2530083656311035
5968,8,train/lr,1.0534258841543271e-05
5969,8,train/loss,1.1732012033462524
5969,8,train/lr,1.0523720869451746e-05
5970,8,train/loss,1.384183406829834
5970,8,train/lr,1.051318723813727e-05
5971,8,train/loss,1.2936265468597412
5971,8,train/lr,1.0502657949467965e-05
5972,8,train/loss,1.2842910289764404
5972,8,train/lr,1.049213300531115e-05
5973,8,train/loss,1.4039969444274902
5973,8,train/lr,1.048161240753339e-05
5974,8,train/loss,1.2276716232299805
5974,8,train/lr,1.0471096158000453e-05
5975,8,train/loss,1.3427972793579102
5975,8,train/lr,1.0460584258577389e-05
5976,8,train/loss,1.3361074924468994
5976,8,train/lr,1.0450076711128428e-05
5977,8,train/loss,1.4472017288208008
5977,8,train/lr,1.0439573517517031e-05
5978,8,train/loss,1.2052316665649414
5978,8,train/lr,1.0429074679605925e-05
5979,8,train/loss,1.336279034614563
5979,8,train/lr,1.041858019925703e-05
5980,8,train/loss,1.2750308513641357
5980,8,train/lr,1.0408090078331497e-05
5981,8,train/loss,1.1645915508270264
5981,8,train/lr,1.039760431868972e-05
5982,8,train/loss,1.43527090549469
5982,8,train/lr,1.0387122922191305e-05
5983,8,train/loss,1.2536554336547852
5983,8,train/lr,1.0376645890695091e-05
5984,8,train/loss,1.2570271492004395
5984,8,train/lr,1.0366173226059136e-05
5985,8,train/loss,1.4594910144805908
5985,8,train/lr,1.0355704930140733e-05
5986,8,train/loss,1.2218958139419556
5986,8,train/lr,1.0345241004796388e-05
5987,8,train/loss,1.3544201850891113
5987,8,train/lr,1.0334781451881836e-05
5988,8,train/loss,1.214264154434204
5988,8,train/lr,1.0324326273252056e-05
5989,8,train/loss,1.292677402496338
5989,8,train/lr,1.0313875470761227e-05
5990,8,train/loss,1.3471870422363281
5990,8,train/lr,1.0303429046262747e-05
5991,8,train/loss,1.2872614860534668
5991,8,train/lr,1.0292987001609279e-05
5992,8,train/loss,1.2851810455322266
5992,8,train/lr,1.0282549338652662e-05
5993,8,train/loss,1.2724823951721191
5993,8,train/lr,1.0272116059243978e-05
5994,8,train/loss,1.2183899879455566
5994,8,train/lr,1.0261687165233522e-05
5995,8,train/loss,1.3335487842559814
5995,8,train/lr,1.0251262658470837e-05
5996,8,train/loss,1.1876928806304932
5996,8,train/lr,1.0240842540804667e-05
5997,8,train/loss,1.3654532432556152
5997,8,train/lr,1.0230426814082965e-05
5998,8,train/loss,1.3059992790222168
5998,8,train/lr,1.022001548015294e-05
5999,8,train/loss,1.2059974670410156
5999,8,train/lr,1.0209608540861003e-05
6000,8,train/loss,1.3058785200119019
6000,8,train/lr,1.0199205998052777e-05
6001,8,train/loss,1.3007739782333374
6001,8,train/lr,1.0188807853573106e-05
6002,8,train/loss,1.4412240982055664
6002,8,train/lr,1.0178414109266084e-05
6003,8,train/loss,1.3565843105316162
6003,8,train/lr,1.016802476697499e-05
6004,8,train/loss,1.247908353805542
6004,8,train/lr,1.0157639828542326e-05
6005,8,train/loss,1.2280327081680298
6005,8,train/lr,1.0147259295809848e-05
6006,8,train/loss,1.3634322881698608
6006,8,train/lr,1.013688317061849e-05
6007,8,train/loss,1.2982728481292725
6007,8,train/lr,1.0126511454808417e-05
6008,8,train/loss,1.35336434841156
6008,8,train/lr,1.0116144150219016e-05
6009,8,train/loss,1.2548365592956543
6009,8,train/lr,1.0105781258688894e-05
6010,8,train/loss,1.3229811191558838
6010,8,train/lr,1.0095422782055866e-05
6011,8,train/loss,1.1935847997665405
6011,8,train/lr,1.008506872215696e-05
6012,8,train/loss,1.3428642749786377
6012,8,train/lr,1.007471908082845e-05
6013,8,train/loss,1.2427165508270264
6013,8,train/lr,1.0064373859905799e-05
6014,8,train/loss,1.2542805671691895
6014,8,train/lr,1.0054033061223685e-05
6015,8,train/loss,1.3062901496887207
6015,8,train/lr,1.0043696686616026e-05
6016,8,train/loss,1.3069660663604736
6016,8,train/lr,1.0033364737915928e-05
6017,8,train/loss,1.2225061655044556
6017,8,train/lr,1.0023037216955717e-05
6018,8,train/loss,1.3018089532852173
6018,8,train/lr,1.001271412556696e-05
6019,8,train/loss,1.2060924768447876
6019,8,train/lr,1.0002395465580413e-05
6020,8,train/loss,1.1619250774383545
6020,8,train/lr,9.992081238826044e-06
6021,8,train/loss,1.2184926271438599
6021,8,train/lr,9.981771447133037e-06
6022,8,train/loss,1.2652571201324463
6022,8,train/lr,9.971466092329815e-06
6023,8,train/loss,1.2629115581512451
6023,8,train/lr,9.961165176243981e-06
6024,8,train/loss,1.2690210342407227
6024,8,train/lr,9.950868700702362e-06
6025,8,train/loss,1.3436558246612549
6025,8,train/lr,9.940576667531011e-06
6026,8,train/loss,1.2666306495666504
6026,8,train/lr,9.93028907855518e-06
6027,8,train/loss,1.2438628673553467
6027,8,train/lr,9.920005935599324e-06
6028,8,train/loss,1.4544684886932373
6028,8,train/lr,9.909727240487121e-06
6029,8,train/loss,1.265820026397705
6029,8,train/lr,9.899452995041473e-06
6030,8,train/loss,1.3278930187225342
6030,8,train/lr,9.889183201084473e-06
6031,8,train/loss,1.218622088432312
6031,8,train/lr,9.878917860437426e-06
6032,8,train/loss,1.1399972438812256
6032,8,train/lr,9.868656974920857e-06
6033,8,train/loss,1.2269396781921387
6033,8,train/lr,9.858400546354491e-06
6034,8,train/loss,1.2762209177017212
6034,8,train/lr,9.848148576557261e-06
6035,8,train/loss,1.394397497177124
6035,8,train/lr,9.837901067347334e-06
6036,8,train/loss,1.2395834922790527
6036,8,train/lr,9.827658020542061e-06
6037,8,train/loss,1.3058321475982666
6037,8,train/lr,9.817419437957993e-06
6038,8,train/loss,1.40200936794281
6038,8,train/lr,9.80718532141093e-06
6039,8,train/loss,1.2459955215454102
6039,8,train/lr,9.796955672715838e-06
6040,8,train/loss,1.3252897262573242
6040,8,train/lr,9.786730493686913e-06
6041,8,train/loss,1.3085566759109497
6041,8,train/lr,9.77650978613754e-06
6042,8,train/loss,1.189070224761963
6042,8,train/lr,9.766293551880347e-06
6043,8,train/loss,1.3074307441711426
6043,8,train/lr,9.756081792727125e-06
6044,8,train/loss,1.3075941801071167
6044,8,train/lr,9.745874510488895e-06
6045,8,train/loss,1.247741460800171
6045,8,train/lr,9.735671706975888e-06
6046,8,train/loss,1.3385577201843262
6046,8,train/lr,9.725473383997533e-06
6047,8,train/loss,1.4601460695266724
6047,8,train/lr,9.715279543362448e-06
6048,8,train/loss,1.1968647241592407
6048,8,train/lr,9.705090186878496e-06
6049,8,train/loss,1.3655874729156494
6049,8,train/lr,9.694905316352716e-06
6050,8,train/loss,1.2889506816864014
6050,8,train/lr,9.684724933591349e-06
6051,8,train/loss,1.2556530237197876
6051,8,train/lr,9.674549040399847e-06
6052,8,train/loss,1.3623473644256592
6052,8,train/lr,9.664377638582874e-06
6053,8,train/loss,1.3577613830566406
6053,8,train/lr,9.654210729944289e-06
6054,8,train/loss,1.3089581727981567
6054,8,train/lr,9.644048316287143e-06
6055,8,train/loss,1.211289882659912
6055,8,train/lr,9.63389039941372e-06
6056,8,train/loss,1.2251248359680176
6056,8,train/lr,9.623736981125482e-06
6057,8,train/loss,1.3172847032546997
6057,8,train/lr,9.613588063223091e-06
6058,8,train/loss,1.2881691455841064
6058,8,train/lr,9.603443647506438e-06
6059,8,train/loss,1.359732985496521
6059,8,train/lr,9.593303735774585e-06
6060,8,train/loss,1.3627010583877563
6060,8,train/lr,9.583168329825816e-06
6061,8,train/loss,1.3622863292694092
6061,8,train/lr,9.573037431457585e-06
6062,8,train/loss,1.3154724836349487
6062,8,train/lr,9.562911042466601e-06
6063,8,train/loss,1.3282345533370972
6063,8,train/lr,9.552789164648725e-06
6064,8,train/loss,1.323238492012024
6064,8,train/lr,9.542671799799024e-06
6065,8,train/loss,1.3855078220367432
6065,8,train/lr,9.532558949711797e-06
6066,8,train/loss,1.3061933517456055
6066,8,train/lr,9.522450616180512e-06
6067,8,train/loss,1.4549098014831543
6067,8,train/lr,9.512346800997833e-06
6068,8,train/loss,1.4363863468170166
6068,8,train/lr,9.502247505955653e-06
6069,8,train/loss,1.3428987264633179
6069,8,train/lr,9.492152732845034e-06
6070,8,train/loss,1.2741960287094116
6070,8,train/lr,9.482062483456246e-06
6071,8,train/loss,1.3177437782287598
6071,8,train/lr,9.47197675957875e-06
6072,8,train/loss,1.388134241104126
6072,8,train/lr,9.46189556300123e-06
6073,8,train/loss,1.4774292707443237
6073,8,train/lr,9.45181889551154e-06
6074,8,train/loss,1.272852897644043
6074,8,train/lr,9.44174675889674e-06
6075,8,train/loss,1.3083882331848145
6075,8,train/lr,9.431679154943082e-06
6076,8,train/loss,1.3346573114395142
6076,8,train/lr,9.421616085436024e-06
6077,8,train/loss,1.3896660804748535
6077,8,train/lr,9.411557552160198e-06
6078,8,train/loss,1.3809690475463867
6078,8,train/lr,9.401503556899466e-06
6079,8,train/loss,1.5119659900665283
6079,8,train/lr,9.391454101436867e-06
6080,8,train/loss,1.2468005418777466
6080,8,train/lr,9.381409187554625e-06
6081,8,train/loss,1.2697689533233643
6081,8,train/lr,9.37136881703416e-06
6082,8,train/loss,1.3787789344787598
6082,8,train/lr,9.361332991656116e-06
6083,8,train/loss,1.298701286315918
6083,8,train/lr,9.3513017132003e-06
6084,8,train/loss,1.5552817583084106
6084,8,train/lr,9.341274983445713e-06
6085,8,train/loss,1.2941311597824097
6085,8,train/lr,9.331252804170573e-06
6086,8,train/loss,1.3388316631317139
6086,8,train/lr,9.321235177152271e-06
6087,8,train/loss,1.3124005794525146
6087,8,train/lr,9.311222104167385e-06
6088,8,train/loss,1.3367260694503784
6088,8,train/lr,9.301213586991712e-06
6089,8,train/loss,1.2456245422363281
6089,8,train/lr,9.291209627400221e-06
6090,8,train/loss,1.4292044639587402
6090,8,train/lr,9.281210227167073e-06
6091,8,train/loss,1.369131326675415
6091,8,train/lr,9.27121538806562e-06
6092,8,train/loss,1.3011806011199951
6092,8,train/lr,9.261225111868421e-06
6093,8,train/loss,1.2699437141418457
6093,8,train/lr,9.251239400347213e-06
6094,8,train/loss,1.2682251930236816
6094,8,train/lr,9.241258255272907e-06
6095,8,train/loss,1.3595731258392334
6095,8,train/lr,9.23128167841565e-06
6096,8,train/loss,1.3379271030426025
6096,8,train/lr,9.221309671544735e-06
6097,8,train/loss,1.3200782537460327
6097,8,train/lr,9.21134223642866e-06
6098,8,train/loss,1.2016987800598145
6098,8,train/lr,9.201379374835116e-06
6099,8,train/loss,1.4050140380859375
6099,8,train/lr,9.191421088530976e-06
6100,8,train/loss,1.3662241697311401
6100,8,train/lr,9.18146737928231e-06
6101,8,train/loss,1.3716425895690918
6101,8,train/lr,9.171518248854358e-06
6102,8,train/loss,1.5060055255889893
6102,8,train/lr,9.161573699011578e-06
6103,8,train/loss,1.374187707901001
6103,8,train/lr,9.151633731517597e-06
6104,8,train/loss,1.410393238067627
6104,8,train/lr,9.141698348135214e-06
6105,8,train/loss,1.3381335735321045
6105,8,train/lr,9.131767550626455e-06
6106,8,train/loss,1.2298009395599365
6106,8,train/lr,9.121841340752502e-06
6107,8,train/loss,1.3118290901184082
6107,8,train/lr,9.111919720273715e-06
6108,8,train/loss,1.161912202835083
6108,8,train/lr,9.102002690949685e-06
6109,8,train/loss,1.2652521133422852
6109,8,train/lr,9.092090254539147e-06
6110,8,train/loss,1.2892625331878662
6110,8,train/lr,9.082182412800031e-06
6111,8,train/loss,1.2916760444641113
6111,8,train/lr,9.07227916748945e-06
6112,8,train/loss,1.3261164426803589
6112,8,train/lr,9.062380520363724e-06
6113,8,train/loss,1.2433290481567383
6113,8,train/lr,9.052486473178337e-06
6114,8,train/loss,1.3280774354934692
6114,8,train/lr,9.042597027687946e-06
6115,8,train/loss,1.264992117881775
6115,8,train/lr,9.032712185646429e-06
6116,8,train/loss,1.2979202270507812
6116,8,train/lr,9.022831948806818e-06
6117,8,train/loss,1.3344584703445435
6117,8,train/lr,9.012956318921336e-06
6118,8,train/loss,1.2403022050857544
6118,8,train/lr,9.003085297741389e-06
6119,8,train/loss,1.2597013711929321
6119,8,train/lr,8.993218887017549e-06
6120,8,train/loss,1.2671602964401245
6120,8,train/lr,8.983357088499617e-06
6121,8,train/loss,1.2291078567504883
6121,8,train/lr,8.973499903936533e-06
6122,8,train/loss,1.3150286674499512
6122,8,train/lr,8.963647335076432e-06
6123,8,train/loss,1.1740212440490723
6123,8,train/lr,8.953799383666626e-06
6124,8,train/loss,1.3332405090332031
6124,8,train/lr,8.94395605145361e-06
6125,8,train/loss,1.329655647277832
6125,8,train/lr,8.934117340183078e-06
6126,8,train/loss,1.3058085441589355
6126,8,train/lr,8.924283251599879e-06
6127,8,train/loss,1.3718044757843018
6127,8,train/lr,8.914453787448053e-06
6128,8,train/loss,1.3155794143676758
6128,8,train/lr,8.904628949470806e-06
6129,8,train/loss,1.2857425212860107
6129,8,train/lr,8.894808739410564e-06
6130,8,train/loss,1.2692550420761108
6130,8,train/lr,8.884993159008885e-06
6131,8,train/loss,1.321850299835205
6131,8,train/lr,8.875182210006522e-06
6132,8,train/loss,1.3224010467529297
6132,8,train/lr,8.86537589414343e-06
6133,8,train/loss,1.2147427797317505
6133,8,train/lr,8.85557421315871e-06
6134,8,train/loss,1.226242184638977
6134,8,train/lr,8.845777168790647e-06
6135,8,train/loss,1.4609357118606567
6135,8,train/lr,8.835984762776726e-06
6136,8,train/loss,1.409043788909912
6136,8,train/lr,8.826196996853588e-06
6137,8,train/loss,1.2264411449432373
6137,8,train/lr,8.816413872757055e-06
6138,8,train/loss,1.331315279006958
6138,8,train/lr,8.806635392222117e-06
6139,8,train/loss,1.2310099601745605
6139,8,train/lr,8.796861556982971e-06
6140,8,train/loss,1.3207814693450928
6140,8,train/lr,8.787092368772964e-06
6141,8,train/loss,1.3833999633789062
6141,8,train/lr,8.777327829324623e-06
6142,8,train/loss,1.289637804031372
6142,8,train/lr,8.767567940369648e-06
6143,8,train/loss,1.3463706970214844
6143,8,train/lr,8.757812703638927e-06
6144,8,train/loss,1.3131921291351318
6144,8,train/lr,8.748062120862497e-06
6145,8,train/loss,1.291724443435669
6145,8,train/lr,8.738316193769615e-06
6146,8,train/loss,1.4186336994171143
6146,8,train/lr,8.728574924088668e-06
6147,8,train/loss,1.3383334875106812
6147,8,train/lr,8.71883831354724e-06
6148,8,train/loss,1.2407982349395752
6148,8,train/lr,8.709106363872072e-06
6149,8,train/loss,1.3905081748962402
6149,8,train/lr,8.699379076789104e-06
6150,8,train/loss,1.3175480365753174
6150,8,train/lr,8.689656454023431e-06
6151,8,train/loss,1.3638865947723389
6151,8,train/lr,8.679938497299308e-06
6152,8,train/loss,1.3125877380371094
6152,8,train/lr,8.670225208340202e-06
6153,8,train/loss,1.31059992313385
6153,8,train/lr,8.66051658886872e-06
6154,8,train/loss,1.2974116802215576
6154,8,train/lr,8.65081264060663e-06
6155,8,train/loss,1.2885667085647583
6155,8,train/lr,8.641113365274925e-06
6156,8,train/loss,1.299916386604309
6156,8,train/lr,8.631418764593717e-06
6157,8,train/loss,1.1941977739334106
6157,8,train/lr,8.621728840282305e-06
6158,8,train/loss,1.4259223937988281
6158,8,train/lr,8.612043594059162e-06
6159,8,train/loss,1.2730331420898438
6159,8,train/lr,8.60236302764194e-06
6160,8,train/loss,1.3503124713897705
6160,8,train/lr,8.592687142747445e-06
6161,8,train/loss,1.3569616079330444
6161,8,train/lr,8.583015941091648e-06
6162,8,train/loss,1.2392569780349731
6162,8,train/lr,8.573349424389721e-06
6163,8,train/loss,1.3136084079742432
6163,8,train/lr,8.563687594355979e-06
6164,8,train/loss,1.3199788331985474
6164,8,train/lr,8.554030452703908e-06
6165,8,train/loss,1.3190782070159912
6165,8,train/lr,8.544378001146165e-06
6166,8,train/loss,1.316884994506836
6166,8,train/lr,8.534730241394575e-06
6167,8,train/loss,1.2209410667419434
6167,8,train/lr,8.525087175160139e-06
6168,8,train/loss,1.2566633224487305
6168,8,train/lr,8.515448804153003e-06
6169,8,train/loss,1.1871470212936401
6169,8,train/lr,8.505815130082518e-06
6170,8,train/loss,1.12565016746521
6170,8,train/lr,8.496186154657171e-06
6171,8,train/loss,1.2831709384918213
6171,8,train/lr,8.486561879584616e-06
6172,8,train/loss,1.403566837310791
6172,8,train/lr,8.4769423065717e-06
6173,8,train/loss,1.1897051334381104
6173,8,train/lr,8.467327437324407e-06
6174,8,train/loss,1.4114928245544434
6174,8,train/lr,8.457717273547893e-06
6175,8,train/loss,1.3291900157928467
6175,8,train/lr,8.448111816946501e-06
6176,8,train/loss,1.3697631359100342
6176,8,train/lr,8.438511069223712e-06
6177,8,train/loss,1.326148271560669
6177,8,train/lr,8.42891503208219e-06
6178,8,train/loss,1.6861441135406494
6178,8,train/lr,8.419323707223741e-06
6179,8,train/loss,1.2943187952041626
6179,8,train/lr,8.40973709634937e-06
6180,8,train/loss,1.2363100051879883
6180,8,train/lr,8.40015520115922e-06
6181,8,train/loss,1.4206711053848267
6181,8,train/lr,8.390578023352589e-06
6182,8,train/loss,1.291487216949463
6182,8,train/lr,8.381005564627984e-06
6183,8,train/loss,1.3177058696746826
6183,8,train/lr,8.371437826683025e-06
6184,8,train/loss,1.288501262664795
6184,8,train/lr,8.361874811214518e-06
6185,8,train/loss,1.3378828763961792
6185,8,train/lr,8.352316519918417e-06
6186,8,train/loss,1.336085557937622
6186,8,train/lr,8.342762954489873e-06
6187,8,train/loss,1.3864182233810425
6187,8,train/lr,8.333214116623164e-06
6188,8,train/loss,1.3043296337127686
6188,8,train/lr,8.323670008011742e-06
6189,8,train/loss,1.4000403881072998
6189,8,train/lr,8.314130630348212e-06
6190,8,train/loss,1.2663638591766357
6190,8,train/lr,8.304595985324359e-06
6191,8,train/loss,1.3721857070922852
6191,8,train/lr,8.295066074631094e-06
6192,8,train/loss,1.2375015020370483
6192,8,train/lr,8.285540899958539e-06
6193,8,train/loss,1.1974791288375854
6193,8,train/lr,8.276020462995939e-06
6194,8,train/loss,1.3068633079528809
6194,8,train/lr,8.266504765431694e-06
6195,8,train/loss,1.5394362211227417
6195,8,train/lr,8.256993808953402e-06
6196,8,train/loss,1.197741985321045
6196,8,train/lr,8.247487595247782e-06
6197,8,train/loss,1.31606125831604
6197,8,train/lr,8.237986126000725e-06
6198,8,train/loss,1.339206337928772
6198,8,train/lr,8.228489402897273e-06
6199,8,train/loss,1.2761439085006714
6199,8,train/lr,8.218997427621658e-06
6200,8,train/loss,1.341346025466919
6200,8,train/lr,8.209510201857232e-06
6201,8,train/loss,1.350709080696106
6201,8,train/lr,8.200027727286509e-06
6202,8,train/loss,1.347115397453308
6202,8,train/lr,8.190550005591192e-06
6203,8,train/loss,1.184893250465393
6203,8,train/lr,8.181077038452108e-06
6204,8,train/loss,1.3227412700653076
6204,8,train/lr,8.171608827549248e-06
6205,8,train/loss,1.27455472946167
6205,8,train/lr,8.16214537456178e-06
6206,8,train/loss,1.3590693473815918
6206,8,train/lr,8.152686681167996e-06
6207,8,train/loss,1.2620723247528076
6207,8,train/lr,8.143232749045373e-06
6208,8,train/loss,1.2096749544143677
6208,8,train/lr,8.133783579870521e-06
6209,8,train/loss,1.2282366752624512
6209,8,train/lr,8.12433917531922e-06
6210,8,train/loss,1.3089466094970703
6210,8,train/lr,8.114899537066385e-06
6211,8,train/loss,1.199761152267456
6211,8,train/lr,8.105464666786125e-06
6212,8,train/loss,1.2289024591445923
6212,8,train/lr,8.096034566151668e-06
6213,8,train/loss,1.3537304401397705
6213,8,train/lr,8.08660923683541e-06
6214,8,train/loss,1.331283450126648
6214,8,train/lr,8.077188680508885e-06
6215,8,train/loss,1.4029841423034668
6215,8,train/lr,8.067772898842811e-06
6216,8,train/loss,1.370079755783081
6216,8,train/lr,8.058361893507035e-06
6217,8,train/loss,1.3283387422561646
6217,8,train/lr,8.048955666170566e-06
6218,8,train/loss,1.3650236129760742
6218,8,train/lr,8.039554218501548e-06
6219,8,train/loss,1.3261911869049072
6219,8,train/lr,8.030157552167318e-06
6220,8,train/loss,1.3851449489593506
6220,8,train/lr,8.020765668834324e-06
6221,8,train/loss,1.3798799514770508
6221,8,train/lr,8.01137857016818e-06
6222,8,train/loss,1.2333904504776
6222,8,train/lr,8.001996257833666e-06
6223,8,train/loss,1.2412538528442383
6223,8,train/lr,7.992618733494692e-06
6224,8,train/loss,1.3686323165893555
6224,8,train/lr,7.983245998814319e-06
6225,8,train/loss,1.1518912315368652
6225,8,train/lr,7.973878055454783e-06
6226,8,train/loss,1.3937957286834717
6226,8,train/lr,7.96451490507745e-06
6227,8,train/loss,1.2906337976455688
6227,8,train/lr,7.955156549342831e-06
6228,8,train/loss,1.257237434387207
6228,8,train/lr,7.945802989910593e-06
6229,8,train/loss,1.2968531847000122
6229,8,train/lr,7.93645422843957e-06
6230,8,train/loss,1.2583338022232056
6230,8,train/lr,7.927110266587726e-06
6231,8,train/loss,1.2274892330169678
6231,8,train/lr,7.917771106012173e-06
6232,8,train/loss,1.261256217956543
6232,8,train/lr,7.908436748369176e-06
6233,8,train/loss,1.3186149597167969
6233,8,train/lr,7.899107195314154e-06
6234,8,train/loss,1.397315502166748
6234,8,train/lr,7.889782448501653e-06
6235,8,train/loss,1.272507905960083
6235,8,train/lr,7.880462509585404e-06
6236,8,train/loss,1.3423340320587158
6236,8,train/lr,7.871147380218255e-06
6237,8,train/loss,1.258381962776184
6237,8,train/lr,7.861837062052203e-06
6238,8,train/loss,1.3651845455169678
6238,8,train/lr,7.852531556738401e-06
6239,8,train/loss,1.3089299201965332
6239,8,train/lr,7.843230865927152e-06
6240,8,train/loss,1.3106120824813843
6240,8,train/lr,7.833934991267897e-06
6241,8,train/loss,1.3979970216751099
6241,8,train/lr,7.824643934409216e-06
6242,8,train/loss,1.2755638360977173
6242,8,train/lr,7.815357696998859e-06
6243,8,train/loss,1.2930667400360107
6243,8,train/lr,7.806076280683695e-06
6244,8,train/loss,1.327661395072937
6244,8,train/lr,7.796799687109749e-06
6245,8,train/loss,1.4510388374328613
6245,8,train/lr,7.787527917922185e-06
6246,8,train/loss,1.2220942974090576
6246,8,train/lr,7.778260974765331e-06
6247,8,train/loss,1.3172214031219482
6247,8,train/lr,7.768998859282644e-06
6248,8,train/loss,1.2758545875549316
6248,8,train/lr,7.759741573116702e-06
6249,8,train/loss,1.2905871868133545
6249,8,train/lr,7.750489117909281e-06
6250,8,train/loss,1.3341529369354248
6250,8,train/lr,7.741241495301256e-06
6251,8,train/loss,1.3586931228637695
6251,8,train/lr,7.731998706932649e-06
6252,8,train/loss,1.3281610012054443
6252,8,train/lr,7.722760754442652e-06
6253,8,train/loss,1.4396741390228271
6253,8,train/lr,7.713527639469576e-06
6254,8,train/loss,1.2113802433013916
6254,8,train/lr,7.704299363650874e-06
6255,8,train/loss,1.3013345003128052
6255,8,train/lr,7.695075928623152e-06
6256,8,train/loss,1.306225299835205
6256,8,train/lr,7.685857336022147e-06
6257,8,train/loss,1.3261642456054688
6257,8,train/lr,7.676643587482745e-06
6258,8,train/loss,1.2860201597213745
6258,8,train/lr,7.667434684638957e-06
6259,8,train/loss,1.4093060493469238
6259,8,train/lr,7.658230629123975e-06
6260,8,train/loss,1.3948051929473877
6260,8,train/lr,7.649031422570084e-06
6261,8,train/loss,1.2204900979995728
6261,8,train/lr,7.639837066608727e-06
6262,8,train/loss,1.3257803916931152
6262,8,train/lr,7.630647562870503e-06
6263,8,train/loss,1.4187653064727783
6263,8,train/lr,7.621462912985132e-06
6264,8,train/loss,1.3349586725234985
6264,8,train/lr,7.6122831185814745e-06
6265,8,train/loss,1.3563385009765625
6265,8,train/lr,7.603108181287524e-06
6266,8,train/loss,1.3358356952667236
6266,8,train/lr,7.593938102730439e-06
6267,8,train/loss,1.3602479696273804
6267,8,train/lr,7.584772884536489e-06
6268,8,train/loss,1.325687289237976
6268,8,train/lr,7.575612528331085e-06
6269,8,train/loss,1.5437204837799072
6269,8,train/lr,7.566457035738799e-06
6270,8,train/loss,1.3533895015716553
6270,8,train/lr,7.557306408383313e-06
6271,8,train/loss,1.4763247966766357
6271,8,train/lr,7.548160647887452e-06
6272,8,train/loss,1.266853928565979
6272,8,train/lr,7.539019755873194e-06
6273,8,train/loss,1.1889408826828003
6273,8,train/lr,7.529883733961641e-06
6274,8,train/loss,1.2353723049163818
6274,8,train/lr,7.5207525837730265e-06
6275,8,train/loss,1.3264156579971313
6275,8,train/lr,7.511626306926727e-06
6276,8,train/loss,1.340813159942627
6276,8,train/lr,7.502504905041243e-06
6277,8,train/loss,1.4511301517486572
6277,8,train/lr,7.493388379734246e-06
6278,8,train/loss,1.4412200450897217
6278,8,train/lr,7.484276732622507e-06
6279,8,train/loss,1.2613468170166016
6279,8,train/lr,7.4751699653219354e-06
6280,8,train/loss,1.2824883460998535
6280,8,train/lr,7.466068079447591e-06
6281,8,train/loss,1.1509270668029785
6281,8,train/lr,7.456971076613645e-06
6282,8,train/loss,1.297837257385254
6282,8,train/lr,7.4478789584334365e-06
6283,8,train/loss,1.2982367277145386
6283,8,train/lr,7.438791726519411e-06
6284,8,train/loss,1.2418224811553955
6284,8,train/lr,7.429709382483155e-06
6285,8,train/loss,1.3549277782440186
6285,8,train/lr,7.420631927935382e-06
6286,8,train/loss,1.2200225591659546
6286,8,train/lr,7.4115593644859545e-06
6287,8,train/loss,1.3705995082855225
6287,8,train/lr,7.4024916937438585e-06
6288,8,train/loss,1.5366308689117432
6288,8,train/lr,7.393428917317194e-06
6288,8,train/batches,3141.0
6288,8,train/compute_pct,99.86564865189527
6288,8,train/compute_sec,286.44843898978434
6288,8,train/data_wait_pct,0.13435134810472646
6288,8,train/data_wait_sec,0.3853650825913064
6288,8,train/examples,25128.0
6288,8,train/examples_per_sec,87.60473710992429
6288,8,train/input_tokens,2630749.0
6288,8,train/peak_vram_gb,6.712257385253906
6288,8,train/target_tokens,1953724.0
6288,8,train/tokens_per_sec,15983.028969776582
6288,8,train/total_sec,286.83380407237564
6288,8,train/epoch_loss,1.3213727529243997
6288,8,epoch8/batches,3141.0
6288,8,epoch8/compute_pct,99.86564865189527
6288,8,epoch8/compute_sec,286.44843898978434
6288,8,epoch8/data_wait_pct,0.13435134810472646
6288,8,epoch8/data_wait_sec,0.3853650825913064
6288,8,epoch8/examples,25128.0
6288,8,epoch8/examples_per_sec,87.60473710992429
6288,8,epoch8/input_tokens,2630749.0
6288,8,epoch8/peak_vram_gb,6.712257385253906
6288,8,epoch8/target_tokens,1953724.0
6288,8,epoch8/tokens_per_sec,15983.028969776582
6288,8,epoch8/total_sec,286.83380407237564
6288,8,val/bleu,32.309971479413434
6288,8,val/chrf,52.28779540136388
6288,8,val/combined,41.10252033804584
6288,8,val/eval_peak_vram_gb,6.712257385253906
6288,8,val/eval_samples_per_sec,11.285835773849776
6288,8,val/eval_seconds,256.3390127210005
6288,8,val/eval_tokens_per_sec,1288.485106086785
6289,9,train/loss,1.26780104637146
6289,9,train/lr,7.384371036813235e-06
6290,9,train/loss,1.2533135414123535
6290,9,train/lr,7.375318053838353e-06
6291,9,train/loss,1.2766300439834595
6291,9,train/lr,7.3662699699980495e-06
6292,9,train/loss,1.321053147315979
6292,9,train/lr,7.357226786896991e-06
6293,9,train/loss,1.3025413751602173
6293,9,train/lr,7.348188506138939e-06
6294,9,train/loss,1.2625073194503784
6294,9,train/lr,7.3391551293267965e-06
6295,9,train/loss,1.2468154430389404
6295,9,train/lr,7.3301266580625985e-06
6296,9,train/loss,1.2990211248397827
6296,9,train/lr,7.321103093947523e-06
6297,9,train/loss,1.3389978408813477
6297,9,train/lr,7.312084438581855e-06
6298,9,train/loss,1.3701879978179932
6298,9,train/lr,7.303070693565024e-06
6299,9,train/loss,1.3155664205551147
6299,9,train/lr,7.2940618604955874e-06
6300,9,train/loss,1.241830825805664
6300,9,train/lr,7.2850579409712175e-06
6301,9,train/loss,1.3354123830795288
6301,9,train/lr,7.276058936588725e-06
6302,9,train/loss,1.3059296607971191
6302,9,train/lr,7.267064848944063e-06
6303,9,train/loss,1.2843501567840576
6303,9,train/lr,7.258075679632298e-06
6304,9,train/loss,1.3876442909240723
6304,9,train/lr,7.249091430247617e-06
6305,9,train/loss,1.179659128189087
6305,9,train/lr,7.240112102383338e-06
6306,9,train/loss,1.2241196632385254
6306,9,train/lr,7.231137697631929e-06
6307,9,train/loss,1.3709169626235962
6307,9,train/lr,7.222168217584961e-06
6308,9,train/loss,1.2656207084655762
6308,9,train/lr,7.2132036638331264e-06
6309,9,train/loss,1.2157431840896606
6309,9,train/lr,7.204244037966272e-06
6310,9,train/loss,1.343900442123413
6310,9,train/lr,7.1952893415733496e-06
6311,9,train/loss,1.260059118270874
6311,9,train/lr,7.186339576242425e-06
6312,9,train/loss,1.2253947257995605
6312,9,train/lr,7.177394743560732e-06
6313,9,train/loss,1.3853906393051147
6313,9,train/lr,7.168454845114589e-06
6314,9,train/loss,1.22322416305542
6314,9,train/lr,7.159519882489458e-06
6315,9,train/loss,1.3386380672454834
6315,9,train/lr,7.150589857269905e-06
6316,9,train/loss,1.319918155670166
6316,9,train/lr,7.141664771039666e-06
6317,9,train/loss,1.3705002069473267
6317,9,train/lr,7.132744625381551e-06
6318,9,train/loss,1.1869357824325562
6318,9,train/lr,7.123829421877515e-06
6319,9,train/loss,1.40968656539917
6319,9,train/lr,7.114919162108646e-06
6320,9,train/loss,1.4290380477905273
6320,9,train/lr,7.106013847655144e-06
6321,9,train/loss,1.3470721244812012
6321,9,train/lr,7.097113480096331e-06
6322,9,train/loss,1.2235004901885986
6322,9,train/lr,7.088218061010652e-06
6323,9,train/loss,1.474104881286621
6323,9,train/lr,7.079327591975676e-06
6324,9,train/loss,1.2183732986450195
6324,9,train/lr,7.0704420745680966e-06
6325,9,train/loss,1.3273512125015259
6325,9,train/lr,7.061561510363721e-06
6326,9,train/loss,1.4367578029632568
6326,9,train/lr,7.052685900937494e-06
6327,9,train/loss,1.3083992004394531
6327,9,train/lr,7.043815247863473e-06
6328,9,train/loss,1.1722080707550049
6328,9,train/lr,7.034949552714819e-06
6329,9,train/loss,1.3432711362838745
6329,9,train/lr,7.026088817063852e-06
6330,9,train/loss,1.2785955667495728
6330,9,train/lr,7.017233042481977e-06
6331,9,train/loss,1.3204424381256104
6331,9,train/lr,7.008382230539729e-06
6332,9,train/loss,1.2944754362106323
6332,9,train/lr,6.999536382806782e-06
6333,9,train/loss,1.3317338228225708
6333,9,train/lr,6.990695500851906e-06
6334,9,train/loss,1.3082829713821411
6334,9,train/lr,6.981859586242999e-06
6335,9,train/loss,1.3036012649536133
6335,9,train/lr,6.973028640547063e-06
6336,9,train/loss,1.3692920207977295
6336,9,train/lr,6.964202665330259e-06
6337,9,train/loss,1.2547869682312012
6337,9,train/lr,6.9553816621578295e-06
6338,9,train/loss,1.5222187042236328
6338,9,train/lr,6.9465656325941356e-06
6339,9,train/loss,1.2968003749847412
6339,9,train/lr,6.937754578202687e-06
6340,9,train/loss,1.2583222389221191
6340,9,train/lr,6.928948500546084e-06
6341,9,train/loss,1.2181998491287231
6341,9,train/lr,6.920147401186045e-06
6342,9,train/loss,1.2543494701385498
6342,9,train/lr,6.911351281683412e-06
6343,9,train/loss,1.3467003107070923
6343,9,train/lr,6.902560143598157e-06
6344,9,train/loss,1.3961846828460693
6344,9,train/lr,6.893773988489349e-06
6345,9,train/loss,1.2626988887786865
6345,9,train/lr,6.884992817915177e-06
6346,9,train/loss,1.277561902999878
6346,9,train/lr,6.876216633432948e-06
6347,9,train/loss,1.205688238143921
6347,9,train/lr,6.867445436599094e-06
6348,9,train/loss,1.3558247089385986
6348,9,train/lr,6.858679228969137e-06
6349,9,train/loss,1.3394242525100708
6349,9,train/lr,6.849918012097748e-06
6350,9,train/loss,1.2840447425842285
6350,9,train/lr,6.8411617875386945e-06
6351,9,train/loss,1.3654131889343262
6351,9,train/lr,6.83241055684485e-06
6352,9,train/loss,1.3764021396636963
6352,9,train/lr,6.8236643215682245e-06
6353,9,train/loss,1.2948217391967773
6353,9,train/lr,6.814923083259927e-06
6354,9,train/loss,1.2073043584823608
6354,9,train/lr,6.806186843470184e-06
6355,9,train/loss,1.2849278450012207
6355,9,train/lr,6.797455603748323e-06
6356,9,train/loss,1.310207486152649
6356,9,train/lr,6.788729365642812e-06
6357,9,train/loss,1.2802828550338745
6357,9,train/lr,6.780008130701218e-06
6358,9,train/loss,1.3649442195892334
6358,9,train/lr,6.771291900470197e-06
6359,9,train/loss,1.1872559785842896
6359,9,train/lr,6.762580676495572e-06
6360,9,train/loss,1.3276219367980957
6360,9,train/lr,6.753874460322228e-06
6361,9,train/loss,1.328529715538025
6361,9,train/lr,6.745173253494171e-06
6362,9,train/loss,1.3515394926071167
6362,9,train/lr,6.7364770575545515e-06
6363,9,train/loss,1.387864351272583
6363,9,train/lr,6.727785874045596e-06
6364,9,train/loss,1.3347009420394897
6364,9,train/lr,6.719099704508653e-06
6365,9,train/loss,1.314098834991455
6365,9,train/lr,6.710418550484179e-06
6366,9,train/loss,1.433969497680664
6366,9,train/lr,6.701742413511751e-06
6367,9,train/loss,1.3416134119033813
6367,9,train/lr,6.693071295130033e-06
6368,9,train/loss,1.5475467443466187
6368,9,train/lr,6.684405196876842e-06
6369,9,train/loss,1.343063235282898
6369,9,train/lr,6.675744120289064e-06
6370,9,train/loss,1.271328330039978
6370,9,train/lr,6.667088066902707e-06
6371,9,train/loss,1.2996681928634644
6371,9,train/lr,6.6584370382528965e-06
6372,9,train/loss,1.3256032466888428
6372,9,train/lr,6.649791035873844e-06
6373,9,train/loss,1.3291583061218262
6373,9,train/lr,6.641150061298912e-06
6374,9,train/loss,1.223307490348816
6374,9,train/lr,6.632514116060525e-06
6375,9,train/loss,1.4105597734451294
6375,9,train/lr,6.623883201690237e-06
6376,9,train/loss,1.279986023902893
6376,9,train/lr,6.615257319718726e-06
6377,9,train/loss,1.3056282997131348
6377,9,train/lr,6.606636471675742e-06
6378,9,train/loss,1.2450788021087646
6378,9,train/lr,6.598020659090161e-06
6379,9,train/loss,1.3086071014404297
6379,9,train/lr,6.5894098834899776e-06
6380,9,train/loss,1.2473256587982178
6380,9,train/lr,6.580804146402276e-06
6381,9,train/loss,1.2406765222549438
6381,9,train/lr,6.572203449353246e-06
6382,9,train/loss,1.2583534717559814
6382,9,train/lr,6.563607793868187e-06
6383,9,train/loss,1.2430033683776855
6383,9,train/lr,6.55501718147152e-06
6384,9,train/loss,1.41825532913208
6384,9,train/lr,6.546431613686747e-06
6385,9,train/loss,1.3648487329483032
6385,9,train/lr,6.537851092036484e-06
6386,9,train/loss,1.3229730129241943
6386,9,train/lr,6.529275618042469e-06
6387,9,train/loss,1.278073787689209
6387,9,train/lr,6.520705193225523e-06
6388,9,train/loss,1.3480541706085205
6388,9,train/lr,6.512139819105577e-06
6389,9,train/loss,1.233612060546875
6389,9,train/lr,6.5035794972016704e-06
6390,9,train/loss,1.4337823390960693
6390,9,train/lr,6.495024229031941e-06
6391,9,train/loss,1.561725378036499
6391,9,train/lr,6.486474016113637e-06
6392,9,train/loss,1.2949275970458984
6392,9,train/lr,6.477928859963095e-06
6393,9,train/loss,1.280717372894287
6393,9,train/lr,6.469388762095789e-06
6394,9,train/loss,1.2071622610092163
6394,9,train/lr,6.460853724026261e-06
6395,9,train/loss,1.2577035427093506
6395,9,train/lr,6.452323747268159e-06
6396,9,train/loss,1.2113571166992188
6396,9,train/lr,6.443798833334261e-06
6397,9,train/loss,1.277976632118225
6397,9,train/lr,6.435278983736426e-06
6398,9,train/loss,1.3108881711959839
6398,9,train/lr,6.4267641999856e-06
6399,9,train/loss,1.2968982458114624
6399,9,train/lr,6.418254483591868e-06
6400,9,train/loss,1.375342607498169
6400,9,train/lr,6.409749836064392e-06
6401,9,train/loss,1.2269673347473145
6401,9,train/lr,6.401250258911434e-06
6402,9,train/loss,1.4141881465911865
6402,9,train/lr,6.392755753640356e-06
6403,9,train/loss,1.1990429162979126
6403,9,train/lr,6.3842663217576465e-06
6404,9,train/loss,1.3837060928344727
6404,9,train/lr,6.375781964768864e-06
6405,9,train/loss,1.3175197839736938
6405,9,train/lr,6.36730268417867e-06
6406,9,train/loss,1.4344193935394287
6406,9,train/lr,6.358828481490848e-06
6407,9,train/loss,1.377101182937622
6407,9,train/lr,6.350359358208262e-06
6408,9,train/loss,1.2954763174057007
6408,9,train/lr,6.341895315832867e-06
6409,9,train/loss,1.2285250425338745
6409,9,train/lr,6.333436355865747e-06
6410,9,train/loss,1.3707685470581055
6410,9,train/lr,6.324982479807061e-06
6411,9,train/loss,1.2863702774047852
6411,9,train/lr,6.316533689156071e-06
6412,9,train/loss,1.4008674621582031
6412,9,train/lr,6.308089985411138e-06
6413,9,train/loss,1.5167630910873413
6413,9,train/lr,6.299651370069722e-06
6414,9,train/loss,1.3046715259552002
6414,9,train/lr,6.29121784462838e-06
6415,9,train/loss,1.4307352304458618
6415,9,train/lr,6.282789410582758e-06
6416,9,train/loss,1.2481560707092285
6416,9,train/lr,6.274366069427625e-06
6417,9,train/loss,1.2392014265060425
6417,9,train/lr,6.26594782265682e-06
6418,9,train/loss,1.1487046480178833
6418,9,train/lr,6.257534671763278e-06
6419,9,train/loss,1.3684792518615723
6419,9,train/lr,6.24912661823906e-06
6420,9,train/loss,1.2774646282196045
6420,9,train/lr,6.240723663575294e-06
6421,9,train/loss,1.1819579601287842
6421,9,train/lr,6.23232580926221e-06
6422,9,train/loss,1.327562928199768
6422,9,train/lr,6.223933056789129e-06
6423,9,train/loss,1.2333576679229736
6423,9,train/lr,6.215545407644493e-06
6424,9,train/loss,1.3715293407440186
6424,9,train/lr,6.20716286331581e-06
6425,9,train/loss,1.2742304801940918
6425,9,train/lr,6.198785425289684e-06
6426,9,train/loss,1.353145956993103
6426,9,train/lr,6.190413095051842e-06
6427,9,train/loss,1.5523653030395508
6427,9,train/lr,6.182045874087078e-06
6428,9,train/loss,1.2254109382629395
6428,9,train/lr,6.1736837638792705e-06
6429,9,train/loss,1.6387438774108887
6429,9,train/lr,6.165326765911437e-06
6430,9,train/loss,1.2751023769378662
6430,9,train/lr,6.156974881665648e-06
6431,9,train/loss,1.2347651720046997
6431,9,train/lr,6.148628112623073e-06
6432,9,train/loss,1.2158987522125244
6432,9,train/lr,6.1402864602639904e-06
6433,9,train/loss,1.3303970098495483
6433,9,train/lr,6.131949926067743e-06
6434,9,train/loss,1.2680037021636963
6434,9,train/lr,6.123618511512808e-06
6435,9,train/loss,1.2019612789154053
6435,9,train/lr,6.115292218076718e-06
6436,9,train/loss,1.250075340270996
6436,9,train/lr,6.106971047236114e-06
6437,9,train/loss,1.332016944885254
6437,9,train/lr,6.09865500046672e-06
6438,9,train/loss,1.3845243453979492
6438,9,train/lr,6.090344079243352e-06
6439,9,train/loss,1.3126157522201538
6439,9,train/lr,6.0820382850399345e-06
6440,9,train/loss,1.3436001539230347
6440,9,train/lr,6.073737619329466e-06
6441,9,train/loss,1.4670854806900024
6441,9,train/lr,6.06544208358403e-06
6442,9,train/loss,1.22365140914917
6442,9,train/lr,6.057151679274808e-06
6443,9,train/loss,1.3822270631790161
6443,9,train/lr,6.048866407872087e-06
6444,9,train/loss,1.4336017370224
6444,9,train/lr,6.04058627084522e-06
6445,9,train/loss,1.2772246599197388
6445,9,train/lr,6.0323112696626524e-06
6446,9,train/loss,1.2574303150177002
6446,9,train/lr,6.024041405791938e-06
6447,9,train/loss,1.3022003173828125
6447,9,train/lr,6.0157766806996985e-06
6448,9,train/loss,1.3124908208847046
6448,9,train/lr,6.007517095851646e-06
6449,9,train/loss,1.266695499420166
6449,9,train/lr,5.9992626527126e-06
6450,9,train/loss,1.4086272716522217
6450,9,train/lr,5.991013352746455e-06
6451,9,train/loss,1.2448935508728027
6451,9,train/lr,5.982769197416187e-06
6452,9,train/loss,1.239464521408081
6452,9,train/lr,5.974530188183856e-06
6453,9,train/loss,1.4090514183044434
6453,9,train/lr,5.9662963265106435e-06
6454,9,train/loss,1.3610455989837646
6454,9,train/lr,5.9580676138567805e-06
6455,9,train/loss,1.1807012557983398
6455,9,train/lr,5.949844051681598e-06
6456,9,train/loss,1.2791469097137451
6456,9,train/lr,5.941625641443519e-06
6457,9,train/loss,1.4307618141174316
6457,9,train/lr,5.933412384600046e-06
6458,9,train/loss,1.3413528203964233
6458,9,train/lr,5.9252042826077585e-06
6459,9,train/loss,1.203078031539917
6459,9,train/lr,5.917001336922354e-06
6460,9,train/loss,1.210049033164978
6460,9,train/lr,5.908803548998584e-06
6461,9,train/loss,1.3107393980026245
6461,9,train/lr,5.900610920290292e-06
6462,9,train/loss,1.3828357458114624
6462,9,train/lr,5.892423452250406e-06
6463,9,train/loss,1.3243358135223389
6463,9,train/lr,5.8842411463309615e-06
6464,9,train/loss,1.3830623626708984
6464,9,train/lr,5.876064003983047e-06
6465,9,train/loss,1.4281272888183594
6465,9,train/lr,5.867892026656844e-06
6466,9,train/loss,1.1943693161010742
6466,9,train/lr,5.859725215801634e-06
6467,9,train/loss,1.230023980140686
6467,9,train/lr,5.85156357286577e-06
6468,9,train/loss,1.253279209136963
6468,9,train/lr,5.843407099296669e-06
6469,9,train/loss,1.3854212760925293
6469,9,train/lr,5.835255796540879e-06
6470,9,train/loss,1.2688438892364502
6470,9,train/lr,5.827109666043992e-06
6471,9,train/loss,1.3171504735946655
6471,9,train/lr,5.818968709250688e-06
6472,9,train/loss,1.2588169574737549
6472,9,train/lr,5.810832927604734e-06
6473,9,train/loss,1.2222130298614502
6473,9,train/lr,5.802702322548997e-06
6474,9,train/loss,1.3190957307815552
6474,9,train/lr,5.794576895525397e-06
6475,9,train/loss,1.2369844913482666
6475,9,train/lr,5.786456647974944e-06
6476,9,train/loss,1.3130578994750977
6476,9,train/lr,5.778341581337748e-06
6477,9,train/loss,1.2188278436660767
6477,9,train/lr,5.770231697052978e-06
6478,9,train/loss,1.4284993410110474
6478,9,train/lr,5.762126996558892e-06
6479,9,train/loss,1.2339773178100586
6479,9,train/lr,5.7540274812928264e-06
6480,9,train/loss,1.3769581317901611
6480,9,train/lr,5.745933152691202e-06
6481,9,train/loss,1.3140889406204224
6481,9,train/lr,5.73784401218952e-06
6482,9,train/loss,1.181787371635437
6482,9,train/lr,5.7297600612223475e-06
6483,9,train/loss,1.1875306367874146
6483,9,train/lr,5.721681301223362e-06
6484,9,train/loss,1.3968603610992432
6484,9,train/lr,5.713607733625292e-06
6485,9,train/loss,1.3183338642120361
6485,9,train/lr,5.705539359859949e-06
6486,9,train/loss,1.3321640491485596
6486,9,train/lr,5.697476181358241e-06
6487,9,train/loss,1.273175835609436
6487,9,train/lr,5.689418199550138e-06
6488,9,train/loss,1.4131262302398682
6488,9,train/lr,5.681365415864685e-06
6489,9,train/loss,1.3031402826309204
6489,9,train/lr,5.673317831730024e-06
6490,9,train/loss,1.576018214225769
6490,9,train/lr,5.665275448573366e-06
6491,9,train/loss,1.3321195840835571
6491,9,train/lr,5.657238267820987e-06
6492,9,train/loss,1.2661445140838623
6492,9,train/lr,5.649206290898254e-06
6493,9,train/loss,1.4758427143096924
6493,9,train/lr,5.641179519229613e-06
6494,9,train/loss,1.3056060075759888
6494,9,train/lr,5.633157954238583e-06
6495,9,train/loss,1.3991796970367432
6495,9,train/lr,5.6251415973477474e-06
6496,9,train/loss,1.257084846496582
6496,9,train/lr,5.617130449978789e-06
6497,9,train/loss,1.1842294931411743
6497,9,train/lr,5.609124513552453e-06
6498,9,train/loss,1.309807538986206
6498,9,train/lr,5.601123789488563e-06
6499,9,train/loss,1.1596136093139648
6499,9,train/lr,5.5931282792060065e-06
6500,9,train/loss,1.3464168310165405
6500,9,train/lr,5.585137984122771e-06
6501,9,train/loss,1.4577412605285645
6501,9,train/lr,5.577152905655905e-06
6502,9,train/loss,1.2792197465896606
6502,9,train/lr,5.569173045221529e-06
6503,9,train/loss,1.2060481309890747
6503,9,train/lr,5.5611984042348364e-06
6504,9,train/loss,1.3330572843551636
6504,9,train/lr,5.553228984110109e-06
6505,9,train/loss,1.210540771484375
6505,9,train/lr,5.545264786260678e-06
6506,9,train/loss,1.265485405921936
6506,9,train/lr,5.537305812098986e-06
6507,9,train/loss,1.1820709705352783
6507,9,train/lr,5.529352063036516e-06
6508,9,train/loss,1.4114818572998047
6508,9,train/lr,5.521403540483836e-06
6509,9,train/loss,1.2997148036956787
6509,9,train/lr,5.5134602458505815e-06
6510,9,train/loss,1.3420078754425049
6510,9,train/lr,5.505522180545481e-06
6511,9,train/loss,1.3664987087249756
6511,9,train/lr,5.4975893459763125e-06
6512,9,train/loss,1.506562352180481
6512,9,train/lr,5.489661743549926e-06
6513,9,train/loss,1.3276423215866089
6513,9,train/lr,5.481739374672266e-06
6514,9,train/loss,1.4440295696258545
6514,9,train/lr,5.473822240748334e-06
6515,9,train/loss,1.4265408515930176
6515,9,train/lr,5.465910343182192e-06
6516,9,train/loss,1.0774356126785278
6516,9,train/lr,5.458003683377002e-06
6517,9,train/loss,1.3939197063446045
6517,9,train/lr,5.450102262734971e-06
6518,9,train/loss,1.3575997352600098
6518,9,train/lr,5.44220608265739e-06
6519,9,train/loss,1.3093316555023193
6519,9,train/lr,5.434315144544605e-06
6520,9,train/loss,1.2179715633392334
6520,9,train/lr,5.426429449796067e-06
6521,9,train/loss,1.3700611591339111
6521,9,train/lr,5.418548999810257e-06
6522,9,train/loss,1.1834748983383179
6522,9,train/lr,5.410673795984756e-06
6523,9,train/loss,1.3692456483840942
6523,9,train/lr,5.4028038397161895e-06
6524,9,train/loss,1.272641658782959
6524,9,train/lr,5.3949391324002644e-06
6525,9,train/loss,1.2547739744186401
6525,9,train/lr,5.387079675431774e-06
6526,9,train/loss,1.3940575122833252
6526,9,train/lr,5.379225470204552e-06
6527,9,train/loss,1.451438307762146
6527,9,train/lr,5.37137651811151e-06
6528,9,train/loss,1.244795560836792
6528,9,train/lr,5.36353282054464e-06
6529,9,train/loss,1.445915699005127
6529,9,train/lr,5.355694378894973e-06
6530,9,train/loss,1.3332226276397705
6530,9,train/lr,5.347861194552653e-06
6531,9,train/loss,1.1948862075805664
6531,9,train/lr,5.340033268906856e-06
6532,9,train/loss,1.397704839706421
6532,9,train/lr,5.332210603345821e-06
6533,9,train/loss,1.2318308353424072
6533,9,train/lr,5.324393199256895e-06
6534,9,train/loss,1.1836228370666504
6534,9,train/lr,5.3165810580264475e-06
6535,9,train/loss,1.3985471725463867
6535,9,train/lr,5.308774181039931e-06
6536,9,train/loss,1.3936657905578613
6536,9,train/lr,5.300972569681879e-06
6537,9,train/loss,1.3561134338378906
6537,9,train/lr,5.293176225335875e-06
6538,9,train/loss,1.5265157222747803
6538,9,train/lr,5.285385149384568e-06
6539,9,train/loss,1.3294824361801147
6539,9,train/lr,5.277599343209664e-06
6540,9,train/loss,1.3321844339370728
6540,9,train/lr,5.269818808191969e-06
6541,9,train/loss,1.272241234779358
6541,9,train/lr,5.262043545711327e-06
6542,9,train/loss,1.385725498199463
6542,9,train/lr,5.254273557146634e-06
6543,9,train/loss,1.1638184785842896
6543,9,train/lr,5.246508843875891e-06
6544,9,train/loss,1.3756505250930786
6544,9,train/lr,5.238749407276136e-06
6545,9,train/loss,1.461843729019165
6545,9,train/lr,5.230995248723466e-06
6546,9,train/loss,1.3254876136779785
6546,9,train/lr,5.22324636959306e-06
6547,9,train/loss,1.3438847064971924
6547,9,train/lr,5.215502771259154e-06
6548,9,train/loss,1.2162036895751953
6548,9,train/lr,5.207764455095042e-06
6549,9,train/loss,1.2829360961914062
6549,9,train/lr,5.200031422473076e-06
6550,9,train/loss,1.4094703197479248
6550,9,train/lr,5.192303674764701e-06
6551,9,train/loss,1.3196457624435425
6551,9,train/lr,5.1845812133403995e-06
6552,9,train/loss,1.3384974002838135
6552,9,train/lr,5.176864039569703e-06
6553,9,train/loss,1.1805481910705566
6553,9,train/lr,5.169152154821247e-06
6554,9,train/loss,1.2674505710601807
6554,9,train/lr,5.161445560462697e-06
6555,9,train/loss,1.2565829753875732
6555,9,train/lr,5.153744257860779e-06
6556,9,train/loss,1.291886329650879
6556,9,train/lr,5.146048248381306e-06
6557,9,train/loss,1.3479206562042236
6557,9,train/lr,5.138357533389133e-06
6558,9,train/loss,1.3297611474990845
6558,9,train/lr,5.130672114248174e-06
6559,9,train/loss,1.2726562023162842
6559,9,train/lr,5.122991992321403e-06
6560,9,train/loss,1.241478681564331
6560,9,train/lr,5.11531716897088e-06
6561,9,train/loss,1.3262096643447876
6561,9,train/lr,5.107647645557695e-06
6562,9,train/loss,1.298365831375122
6562,9,train/lr,5.099983423442005e-06
6563,9,train/loss,1.401418924331665
6563,9,train/lr,5.092324503983043e-06
6564,9,train/loss,1.5644468069076538
6564,9,train/lr,5.084670888539085e-06
6565,9,train/loss,1.4160923957824707
6565,9,train/lr,5.07702257846746e-06
6566,9,train/loss,1.538803219795227
6566,9,train/lr,5.069379575124586e-06
6567,9,train/loss,1.3092985153198242
6567,9,train/lr,5.0617418798659135e-06
6568,9,train/loss,1.2978050708770752
6568,9,train/lr,5.054109494045961e-06
6569,9,train/loss,1.2830818891525269
6569,9,train/lr,5.0464824190183e-06
6570,9,train/loss,1.2135868072509766
6570,9,train/lr,5.0388606561355614e-06
6571,9,train/loss,1.1595685482025146
6571,9,train/lr,5.031244206749446e-06
6572,9,train/loss,1.1695060729980469
6572,9,train/lr,5.023633072210685e-06
6573,9,train/loss,1.3374817371368408
6573,9,train/lr,5.016027253869106e-06
6574,9,train/loss,1.197799563407898
6574,9,train/lr,5.008426753073564e-06
6575,9,train/loss,1.486031174659729
6575,9,train/lr,5.000831571171971e-06
6576,9,train/loss,1.2829068899154663
6576,9,train/lr,4.993241709511321e-06
6577,9,train/loss,1.3500714302062988
6577,9,train/lr,4.985657169437641e-06
6578,9,train/loss,1.262892484664917
6578,9,train/lr,4.9780779522960155e-06
6579,9,train/loss,1.4235203266143799
6579,9,train/lr,4.970504059430585e-06
6580,9,train/loss,1.2595326900482178
6580,9,train/lr,4.962935492184572e-06
6581,9,train/loss,1.2918848991394043
6581,9,train/lr,4.955372251900217e-06
6582,9,train/loss,1.2480385303497314
6582,9,train/lr,4.947814339918835e-06
6583,9,train/loss,1.2518502473831177
6583,9,train/lr,4.9402617575807995e-06
6584,9,train/loss,1.32741379737854
6584,9,train/lr,4.932714506225532e-06
6585,9,train/loss,1.3485138416290283
6585,9,train/lr,4.925172587191497e-06
6586,9,train/loss,1.2624002695083618
6586,9,train/lr,4.917636001816246e-06
6587,9,train/loss,1.2138473987579346
6587,9,train/lr,4.910104751436355e-06
6588,9,train/loss,1.334826946258545
6588,9,train/lr,4.902578837387456e-06
6589,9,train/loss,1.447577714920044
6589,9,train/lr,4.895058261004246e-06
6590,9,train/loss,1.37388277053833
6590,9,train/lr,4.8875430236204805e-06
6591,9,train/loss,1.352476954460144
6591,9,train/lr,4.8800331265689495e-06
6592,9,train/loss,1.14240562915802
6592,9,train/lr,4.872528571181509e-06
6593,9,train/loss,1.3844937086105347
6593,9,train/lr,4.865029358789063e-06
6594,9,train/loss,1.2853126525878906
6594,9,train/lr,4.857535490721568e-06
6595,9,train/loss,1.2578169107437134
6595,9,train/lr,4.850046968308026e-06
6596,9,train/loss,1.4212571382522583
6596,9,train/lr,4.842563792876517e-06
6597,9,train/loss,1.2681161165237427
6597,9,train/lr,4.835085965754142e-06
6598,9,train/loss,1.2193455696105957
6598,9,train/lr,4.8276134882670695e-06
6599,9,train/loss,1.395702838897705
6599,9,train/lr,4.820146361740502e-06
6600,9,train/loss,1.3153181076049805
6600,9,train/lr,4.812684587498731e-06
6601,9,train/loss,1.1855006217956543
6601,9,train/lr,4.805228166865061e-06
6602,9,train/loss,1.444202184677124
6602,9,train/lr,4.797777101161852e-06
6603,9,train/loss,1.4406991004943848
6603,9,train/lr,4.790331391710539e-06
6604,9,train/loss,1.288142204284668
6604,9,train/lr,4.782891039831587e-06
6605,9,train/loss,1.3041985034942627
6605,9,train/lr,4.775456046844505e-06
6606,9,train/loss,1.3254706859588623
6606,9,train/lr,4.768026414067873e-06
6607,9,train/loss,1.3410346508026123
6607,9,train/lr,4.760602142819303e-06
6608,9,train/loss,1.3310315608978271
6608,9,train/lr,4.753183234415467e-06
6609,9,train/loss,1.2696201801300049
6609,9,train/lr,4.745769690172067e-06
6610,9,train/loss,1.405809760093689
6610,9,train/lr,4.738361511403884e-06
6611,9,train/loss,1.3364953994750977
6611,9,train/lr,4.730958699424725e-06
6612,9,train/loss,1.318457841873169
6612,9,train/lr,4.7235612555474464e-06
6613,9,train/loss,1.34586501121521
6613,9,train/lr,4.716169181083966e-06
6614,9,train/loss,1.4503648281097412
6614,9,train/lr,4.708782477345234e-06
6615,9,train/loss,1.4513378143310547
6615,9,train/lr,4.70140114564125e-06
6616,9,train/loss,1.1966395378112793
6616,9,train/lr,4.694025187281081e-06
6617,9,train/loss,1.1103901863098145
6617,9,train/lr,4.686654603572816e-06
6618,9,train/loss,1.3299384117126465
6618,9,train/lr,4.6792893958236015e-06
6619,9,train/loss,1.4462981224060059
6619,9,train/lr,4.671929565339621e-06
6620,9,train/loss,1.2477614879608154
6620,9,train/lr,4.664575113426133e-06
6621,9,train/loss,1.2512493133544922
6621,9,train/lr,4.657226041387412e-06
6622,9,train/loss,1.3496854305267334
6622,9,train/lr,4.649882350526775e-06
6623,9,train/loss,1.209869146347046
6623,9,train/lr,4.642544042146623e-06
6624,9,train/loss,1.3314791917800903
6624,9,train/lr,4.635211117548365e-06
6625,9,train/loss,1.2028447389602661
6625,9,train/lr,4.62788357803247e-06
6626,9,train/loss,1.505585789680481
6626,9,train/lr,4.620561424898438e-06
6627,9,train/loss,1.2954678535461426
6627,9,train/lr,4.613244659444846e-06
6628,9,train/loss,1.302562952041626
6628,9,train/lr,4.605933282969286e-06
6629,9,train/loss,1.1779875755310059
6629,9,train/lr,4.598627296768395e-06
6630,9,train/loss,1.4081838130950928
6630,9,train/lr,4.591326702137875e-06
6631,9,train/loss,1.2870111465454102
6631,9,train/lr,4.5840315003724565e-06
6632,9,train/loss,1.44130277633667
6632,9,train/lr,4.5767416927659065e-06
6633,9,train/loss,1.4149930477142334
6633,9,train/lr,4.56945728061106e-06
6634,9,train/loss,1.2881369590759277
6634,9,train/lr,4.562178265199778e-06
6635,9,train/loss,1.4779777526855469
6635,9,train/lr,4.554904647822957e-06
6636,9,train/loss,1.3091135025024414
6636,9,train/lr,4.5476364297705545e-06
6637,9,train/loss,1.296349048614502
6637,9,train/lr,4.540373612331559e-06
6638,9,train/loss,1.4904944896697998
6638,9,train/lr,4.533116196794002e-06
6639,9,train/loss,1.5449450016021729
6639,9,train/lr,4.525864184444957e-06
6640,9,train/loss,1.298887848854065
6640,9,train/lr,4.518617576570549e-06
6641,9,train/loss,1.3905551433563232
6641,9,train/lr,4.511376374455935e-06
6642,9,train/loss,1.3143620491027832
6642,9,train/lr,4.504140579385308e-06
6643,9,train/loss,1.2279133796691895
6643,9,train/lr,4.496910192641922e-06
6644,9,train/loss,1.1811505556106567
6644,9,train/lr,4.4896852155080536e-06
6645,9,train/loss,1.3472394943237305
6645,9,train/lr,4.4824656492650214e-06
6646,9,train/loss,1.254654884338379
6646,9,train/lr,4.475251495193185e-06
6647,9,train/loss,1.2743948698043823
6647,9,train/lr,4.468042754571963e-06
6648,9,train/loss,1.3213114738464355
6648,9,train/lr,4.460839428679786e-06
6649,9,train/loss,1.1679002046585083
6649,9,train/lr,4.453641518794139e-06
6650,9,train/loss,1.3094743490219116
6650,9,train/lr,4.446449026191551e-06
6651,9,train/loss,1.352761149406433
6651,9,train/lr,4.43926195214758e-06
6652,9,train/loss,1.429131269454956
6652,9,train/lr,4.432080297936821e-06
6653,9,train/loss,1.2051043510437012
6653,9,train/lr,4.424904064832924e-06
6654,9,train/loss,1.3187416791915894
6654,9,train/lr,4.417733254108564e-06
6655,9,train/loss,1.4236571788787842
6655,9,train/lr,4.410567867035459e-06
6656,9,train/loss,1.379621148109436
6656,9,train/lr,4.403407904884348e-06
6657,9,train/loss,1.3880289793014526
6657,9,train/lr,4.396253368925044e-06
6658,9,train/loss,1.3228061199188232
6658,9,train/lr,4.3891042604263725e-06
6659,9,train/loss,1.3081777095794678
6659,9,train/lr,4.381960580656196e-06
6660,9,train/loss,1.2922844886779785
6660,9,train/lr,4.374822330881421e-06
6661,9,train/loss,1.3102376461029053
6661,9,train/lr,4.367689512367993e-06
6662,9,train/loss,1.360610008239746
6662,9,train/lr,4.360562126380881e-06
6663,9,train/loss,1.3507376909255981
6663,9,train/lr,4.353440174184114e-06
6664,9,train/loss,1.4047070741653442
6664,9,train/lr,4.346323657040738e-06
6665,9,train/loss,1.4151555299758911
6665,9,train/lr,4.339212576212839e-06
6666,9,train/loss,1.3361632823944092
6666,9,train/lr,4.332106932961538e-06
6667,9,train/loss,1.4007441997528076
6667,9,train/lr,4.325006728547003e-06
6668,9,train/loss,1.3376214504241943
6668,9,train/lr,4.317911964228424e-06
6669,9,train/loss,1.2913119792938232
6669,9,train/lr,4.310822641264026e-06
6670,9,train/loss,1.2030328512191772
6670,9,train/lr,4.303738760911086e-06
6671,9,train/loss,1.3110394477844238
6671,9,train/lr,4.296660324425899e-06
6672,9,train/loss,1.3010598421096802
6672,9,train/lr,4.289587333063787e-06
6673,9,train/loss,1.4389636516571045
6673,9,train/lr,4.282519788079136e-06
6674,9,train/loss,1.3286235332489014
6674,9,train/lr,4.2754576907253436e-06
6675,9,train/loss,1.4762358665466309
6675,9,train/lr,4.268401042254847e-06
6676,9,train/loss,1.483804702758789
6676,9,train/lr,4.261349843919103e-06
6677,9,train/loss,1.3628015518188477
6677,9,train/lr,4.25430409696864e-06
6678,9,train/loss,1.2597934007644653
6678,9,train/lr,4.24726380265298e-06
6679,9,train/loss,1.196939468383789
6679,9,train/lr,4.2402289622206905e-06
6680,9,train/loss,1.2388283014297485
6680,9,train/lr,4.233199576919375e-06
6681,9,train/loss,1.1816344261169434
6681,9,train/lr,4.226175647995682e-06
6682,9,train/loss,1.1841486692428589
6682,9,train/lr,4.219157176695267e-06
6683,9,train/loss,1.3922686576843262
6683,9,train/lr,4.212144164262833e-06
6684,9,train/loss,1.2932212352752686
6684,9,train/lr,4.205136611942111e-06
6685,9,train/loss,1.3907113075256348
6685,9,train/lr,4.1981345209758696e-06
6686,9,train/loss,1.3233903646469116
6686,9,train/lr,4.1911378926058854e-06
6687,9,train/loss,1.2994128465652466
6687,9,train/lr,4.184146728073005e-06
6688,9,train/loss,1.3634562492370605
6688,9,train/lr,4.177161028617082e-06
6689,9,train/loss,1.530327558517456
6689,9,train/lr,4.170180795476991e-06
6690,9,train/loss,1.3454958200454712
6690,9,train/lr,4.163206029890664e-06
6691,9,train/loss,1.2969372272491455
6691,9,train/lr,4.156236733095049e-06
6692,9,train/loss,1.4090814590454102
6692,9,train/lr,4.14927290632611e-06
6693,9,train/loss,1.3459833860397339
6693,9,train/lr,4.142314550818879e-06
6694,9,train/loss,1.3042553663253784
6694,9,train/lr,4.1353616678073785e-06
6695,9,train/loss,1.2321455478668213
6695,9,train/lr,4.128414258524684e-06
6696,9,train/loss,1.2686138153076172
6696,9,train/lr,4.12147232420288e-06
6697,9,train/loss,1.1738440990447998
6697,9,train/lr,4.114535866073108e-06
6698,9,train/loss,1.3044328689575195
6698,9,train/lr,4.1076048853655185e-06
6699,9,train/loss,1.281912088394165
6699,9,train/lr,4.100679383309285e-06
6700,9,train/loss,1.30378258228302
6700,9,train/lr,4.0937593611326385e-06
6701,9,train/loss,1.2365294694900513
6701,9,train/lr,4.086844820062804e-06
6702,9,train/loss,1.2333815097808838
6702,9,train/lr,4.0799357613260595e-06
6703,9,train/loss,1.2099171876907349
6703,9,train/lr,4.0730321861476915e-06
6704,9,train/loss,1.2623430490493774
6704,9,train/lr,4.066134095752029e-06
6705,9,train/loss,1.2218098640441895
6705,9,train/lr,4.059241491362421e-06
6706,9,train/loss,1.4659903049468994
6706,9,train/lr,4.05235437420124e-06
6707,9,train/loss,1.3541431427001953
6707,9,train/lr,4.0454727454898995e-06
6708,9,train/loss,1.3446881771087646
6708,9,train/lr,4.03859660644883e-06
6709,9,train/loss,1.519425392150879
6709,9,train/lr,4.031725958297479e-06
6710,9,train/loss,1.3353207111358643
6710,9,train/lr,4.024860802254346e-06
6711,9,train/loss,1.289924144744873
6711,9,train/lr,4.0180011395369345e-06
6712,9,train/loss,1.4085984230041504
6712,9,train/lr,4.011146971361768e-06
6713,9,train/loss,1.3630359172821045
6713,9,train/lr,4.004298298944428e-06
6714,9,train/loss,1.1331381797790527
6714,9,train/lr,3.997455123499487e-06
6715,9,train/loss,1.2558166980743408
6715,9,train/lr,3.990617446240568e-06
6716,9,train/loss,1.2635712623596191
6716,9,train/lr,3.983785268380287e-06
6717,9,train/loss,1.2405750751495361
6717,9,train/lr,3.97695859113033e-06
6718,9,train/loss,1.3173139095306396
6718,9,train/lr,3.970137415701372e-06
6719,9,train/loss,1.2433661222457886
6719,9,train/lr,3.963321743303114e-06
6720,9,train/loss,1.358928918838501
6720,9,train/lr,3.956511575144305e-06
6721,9,train/loss,1.2668274641036987
6721,9,train/lr,3.949706912432698e-06
6722,9,train/loss,1.3278367519378662
6722,9,train/lr,3.942907756375067e-06
6723,9,train/loss,1.1835532188415527
6723,9,train/lr,3.9361141081772326e-06
6724,9,train/loss,1.2853885889053345
6724,9,train/lr,3.929325969044013e-06
6725,9,train/loss,1.416483998298645
6725,9,train/lr,3.92254334017926e-06
6726,9,train/loss,1.306902289390564
6726,9,train/lr,3.9157662227858496e-06
6727,9,train/loss,1.2113178968429565
6727,9,train/lr,3.908994618065676e-06
6728,9,train/loss,1.4219465255737305
6728,9,train/lr,3.9022285272196606e-06
6729,9,train/loss,1.3186434507369995
6729,9,train/lr,3.89546795144773e-06
6730,9,train/loss,1.3299638032913208
6730,9,train/lr,3.888712891948872e-06
6731,9,train/loss,1.2977248430252075
6731,9,train/lr,3.881963349921059e-06
6732,9,train/loss,1.4284465312957764
6732,9,train/lr,3.87521932656129e-06
6733,9,train/loss,1.1407510042190552
6733,9,train/lr,3.868480823065607e-06
6734,9,train/loss,1.2127195596694946
6734,9,train/lr,3.861747840629051e-06
6735,9,train/loss,1.3268221616744995
6735,9,train/lr,3.8550203804456945e-06
6736,9,train/loss,1.2847840785980225
6736,9,train/lr,3.848298443708617e-06
6737,9,train/loss,1.2890470027923584
6737,9,train/lr,3.841582031609944e-06
6738,9,train/loss,1.4409867525100708
6738,9,train/lr,3.834871145340796e-06
6739,9,train/loss,1.2382456064224243
6739,9,train/lr,3.828165786091324e-06
6740,9,train/loss,1.3115025758743286
6740,9,train/lr,3.821465955050704e-06
6741,9,train/loss,1.3405143022537231
6741,9,train/lr,3.814771653407127e-06
6742,9,train/loss,1.1862037181854248
6742,9,train/lr,3.8080828823477955e-06
6743,9,train/loss,1.3108017444610596
6743,9,train/lr,3.801399643058937e-06
6744,9,train/loss,1.2781963348388672
6744,9,train/lr,3.7947219367258126e-06
6745,9,train/loss,1.2250876426696777
6745,9,train/lr,3.788049764532675e-06
6746,9,train/loss,1.3149936199188232
6746,9,train/lr,3.7813831276628116e-06
6747,9,train/loss,1.198087215423584
6747,9,train/lr,3.7747220272985325e-06
6748,9,train/loss,1.3133678436279297
6748,9,train/lr,3.768066464621158e-06
6749,9,train/loss,1.321067214012146
6749,9,train/lr,3.761416440811021e-06
6750,9,train/loss,1.2653493881225586
6750,9,train/lr,3.7547719570474794e-06
6751,9,train/loss,1.3509453535079956
6751,9,train/lr,3.7481330145089116e-06
6752,9,train/loss,1.5150365829467773
6752,9,train/lr,3.7414996143727095e-06
6753,9,train/loss,1.3568230867385864
6753,9,train/lr,3.734871757815269e-06
6754,9,train/loss,1.5418095588684082
6754,9,train/lr,3.728249446012036e-06
6755,9,train/loss,1.3412245512008667
6755,9,train/lr,3.7216326801374443e-06
6756,9,train/loss,1.2868669033050537
6756,9,train/lr,3.715021461364945e-06
6757,9,train/loss,1.2610642910003662
6757,9,train/lr,3.7084157908670257e-06
6758,9,train/loss,1.229148268699646
6758,9,train/lr,3.7018156698151763e-06
6759,9,train/loss,1.2714860439300537
6759,9,train/lr,3.6952210993798864e-06
6760,9,train/loss,1.373788595199585
6760,9,train/lr,3.6886320807307023e-06
6761,9,train/loss,1.3274563550949097
6761,9,train/lr,3.6820486150361483e-06
6762,9,train/loss,1.5166213512420654
6762,9,train/lr,3.6754707034637848e-06
6763,9,train/loss,1.3050761222839355
6763,9,train/lr,3.6688983471801658e-06
6764,9,train/loss,1.4309346675872803
6764,9,train/lr,3.6623315473508896e-06
6765,9,train/loss,1.4437015056610107
6765,9,train/lr,3.655770305140552e-06
6766,9,train/loss,1.2193266153335571
6766,9,train/lr,3.6492146217127496e-06
6767,9,train/loss,1.2515833377838135
6767,9,train/lr,3.6426644982301313e-06
6768,9,train/loss,1.3500816822052002
6768,9,train/lr,3.636119935854324e-06
6769,9,train/loss,1.4108176231384277
6769,9,train/lr,3.6295809357459797e-06
6770,9,train/loss,1.2247434854507446
6770,9,train/lr,3.6230474990647746e-06
6771,9,train/loss,1.3323055505752563
6771,9,train/lr,3.616519626969374e-06
6772,9,train/loss,1.3536732196807861
6772,9,train/lr,3.609997320617489e-06
6773,9,train/loss,1.1987242698669434
6773,9,train/lr,3.603480581165822e-06
6774,9,train/loss,1.3303085565567017
6774,9,train/lr,3.5969694097700863e-06
6775,9,train/loss,1.2739028930664062
6775,9,train/lr,3.5904638075850197e-06
6776,9,train/loss,1.249893307685852
6776,9,train/lr,3.5839637757643565e-06
6777,9,train/loss,1.3445316553115845
6777,9,train/lr,3.577469315460868e-06
6778,9,train/loss,1.2674007415771484
6778,9,train/lr,3.5709804278263154e-06
6779,9,train/loss,1.3887159824371338
6779,9,train/lr,3.5644971140114687e-06
6780,9,train/loss,1.3764841556549072
6780,9,train/lr,3.558019375166142e-06
6781,9,train/loss,1.2747621536254883
6781,9,train/lr,3.551547212439119e-06
6782,9,train/loss,1.322385311126709
6782,9,train/lr,3.5450806269782256e-06
6783,9,train/loss,1.1821976900100708
6783,9,train/lr,3.538619619930275e-06
6784,9,train/loss,1.325535774230957
6784,9,train/lr,3.532164192441115e-06
6785,9,train/loss,1.272174596786499
6785,9,train/lr,3.5257143456555847e-06
6786,9,train/loss,1.280366063117981
6786,9,train/lr,3.5192700807175345e-06
6787,9,train/loss,1.2630727291107178
6787,9,train/lr,3.512831398769846e-06
6788,9,train/loss,1.367948055267334
6788,9,train/lr,3.5063983009543908e-06
6789,9,train/loss,1.497418999671936
6789,9,train/lr,3.4999707884120416e-06
6790,9,train/loss,1.321794033050537
6790,9,train/lr,3.493548862282708e-06
6791,9,train/loss,1.2081724405288696
6791,9,train/lr,3.4871325237052925e-06
6792,9,train/loss,1.5026649236679077
6792,9,train/lr,3.480721773817708e-06
6793,9,train/loss,1.3683712482452393
6793,9,train/lr,3.4743166137568785e-06
6794,9,train/loss,1.292419672012329
6794,9,train/lr,3.4679170446587306e-06
6795,9,train/loss,1.2367781400680542
6795,9,train/lr,3.461523067658204e-06
6796,9,train/loss,1.27531898021698
6796,9,train/lr,3.455134683889243e-06
6797,9,train/loss,1.2760188579559326
6797,9,train/lr,3.448751894484821e-06
6798,9,train/loss,1.2425488233566284
6798,9,train/lr,3.442374700576885e-06
6799,9,train/loss,1.430768370628357
6799,9,train/lr,3.436003103296407e-06
6800,9,train/loss,1.3281829357147217
6800,9,train/lr,3.42963710377338e-06
6801,9,train/loss,1.363084077835083
6801,9,train/lr,3.4232767031367825e-06
6802,9,train/loss,1.225806713104248
6802,9,train/lr,3.416921902514606e-06
6803,9,train/loss,1.216764211654663
6803,9,train/lr,3.410572703033844e-06
6804,9,train/loss,1.288864254951477
6804,9,train/lr,3.404229105820517e-06
6805,9,train/loss,1.2332088947296143
6805,9,train/lr,3.3978911119996367e-06
6806,9,train/loss,1.2879940271377563
6806,9,train/lr,3.391558722695208e-06
6807,9,train/loss,1.2175770998001099
6807,9,train/lr,3.3852319390302756e-06
6808,9,train/loss,1.268691062927246
6808,9,train/lr,3.3789107621268667e-06
6809,9,train/loss,1.3960490226745605
6809,9,train/lr,3.372595193106002e-06
6810,9,train/loss,1.2625588178634644
6810,9,train/lr,3.3662852330877454e-06
6811,9,train/loss,1.1610660552978516
6811,9,train/lr,3.359980883191136e-06
6812,9,train/loss,1.2091671228408813
6812,9,train/lr,3.35368214453423e-06
6813,9,train/loss,1.4096027612686157
6813,9,train/lr,3.3473890182340717e-06
6814,9,train/loss,1.4223268032073975
6814,9,train/lr,3.3411015054067435e-06
6815,9,train/loss,1.2888133525848389
6815,9,train/lr,3.334819607167301e-06
6816,9,train/loss,1.2805225849151611
6816,9,train/lr,3.328543324629821e-06
6817,9,train/loss,1.3156507015228271
6817,9,train/lr,3.3222726589073693e-06
6818,9,train/loss,1.4189114570617676
6818,9,train/lr,3.3160076111120378e-06
6819,9,train/loss,1.3530807495117188
6819,9,train/lr,3.3097481823548944e-06
6820,9,train/loss,1.2222648859024048
6820,9,train/lr,3.3034943737460374e-06
6821,9,train/loss,1.3260422945022583
6821,9,train/lr,3.2972461863945577e-06
6822,9,train/loss,1.1472132205963135
6822,9,train/lr,3.29100362140854e-06
6823,9,train/loss,1.3246243000030518
6823,9,train/lr,3.284766679895078e-06
6824,9,train/loss,1.3073406219482422
6824,9,train/lr,3.2785353629602836e-06
6825,9,train/loss,1.43658447265625
6825,9,train/lr,3.272309671709248e-06
6826,9,train/loss,1.4276025295257568
6826,9,train/lr,3.2660896072460695e-06
6827,9,train/loss,1.3637787103652954
6827,9,train/lr,3.2598751706738675e-06
6828,9,train/loss,1.2748957872390747
6828,9,train/lr,3.253666363094742e-06
6829,9,train/loss,1.2676632404327393
6829,9,train/lr,3.247463185609795e-06
6830,9,train/loss,1.2576862573623657
6830,9,train/lr,3.2412656393191495e-06
6831,9,train/loss,1.4001660346984863
6831,9,train/lr,3.23507372532191e-06
6832,9,train/loss,1.283238172531128
6832,9,train/lr,3.2288874447161904e-06
6833,9,train/loss,1.3217811584472656
6833,9,train/lr,3.222706798599102e-06
6834,9,train/loss,1.3832426071166992
6834,9,train/lr,3.216531788066766e-06
6835,9,train/loss,1.2991195917129517
6835,9,train/lr,3.2103624142142947e-06
6836,9,train/loss,1.350569486618042
6836,9,train/lr,3.204198678135801e-06
6837,9,train/loss,1.2075382471084595
6837,9,train/lr,3.198040580924397e-06
6838,9,train/loss,1.4041420221328735
6838,9,train/lr,3.1918881236722126e-06
6839,9,train/loss,1.396583080291748
6839,9,train/lr,3.1857413074703518e-06
6840,9,train/loss,1.2595233917236328
6840,9,train/lr,3.179600133408932e-06
6841,9,train/loss,1.3020738363265991
6841,9,train/lr,3.173464602577066e-06
6842,9,train/loss,1.3489723205566406
6842,9,train/lr,3.167334716062871e-06
6843,9,train/loss,1.4709287881851196
6843,9,train/lr,3.1612104749534516e-06
6844,9,train/loss,1.2032538652420044
6844,9,train/lr,3.1550918803349307e-06
6845,9,train/loss,1.4474678039550781
6845,9,train/lr,3.148978933292416e-06
6846,9,train/loss,1.332545280456543
6846,9,train/lr,3.142871634910001e-06
6847,9,train/loss,1.3391201496124268
6847,9,train/lr,3.1367699862708133e-06
6848,9,train/loss,1.379227876663208
6848,9,train/lr,3.130673988456949e-06
6849,9,train/loss,1.333280324935913
6849,9,train/lr,3.1245836425495015e-06
6850,9,train/loss,1.3721526861190796
6850,9,train/lr,3.1184989496285863e-06
6851,9,train/loss,1.3326555490493774
6851,9,train/lr,3.1124199107732963e-06
6852,9,train/loss,1.246800184249878
6852,9,train/lr,3.1063465270617217e-06
6853,9,train/loss,1.3649183511734009
6853,9,train/lr,3.1002787995709507e-06
6854,9,train/loss,1.2047512531280518
6854,9,train/lr,3.0942167293770876e-06
6855,9,train/loss,1.1742169857025146
6855,9,train/lr,3.0881603175552037e-06
6856,9,train/loss,1.3924403190612793
6856,9,train/lr,3.0821095651793876e-06
6857,9,train/loss,1.3163204193115234
6857,9,train/lr,3.0760644733227164e-06
6858,9,train/loss,1.2436625957489014
6858,9,train/lr,3.0700250430572693e-06
6859,9,train/loss,1.2797776460647583
6859,9,train/lr,3.0639912754541113e-06
6860,9,train/loss,1.386204481124878
6860,9,train/lr,3.0579631715833085e-06
6861,9,train/loss,1.345045804977417
6861,9,train/lr,3.051940732513921e-06
6862,9,train/loss,1.3010587692260742
6862,9,train/lr,3.0459239593140062e-06
6863,9,train/loss,1.4435490369796753
6863,9,train/lr,3.039912853050626e-06
6864,9,train/loss,1.437821865081787
6864,9,train/lr,3.033907414789818e-06
6865,9,train/loss,1.2517645359039307
6865,9,train/lr,3.0279076455966313e-06
6866,9,train/loss,1.2709519863128662
6866,9,train/lr,3.02191354653509e-06
6867,9,train/loss,1.2722628116607666
6867,9,train/lr,3.0159251186682383e-06
6868,9,train/loss,1.2925504446029663
6868,9,train/lr,3.0099423630580995e-06
6869,9,train/loss,1.3511041402816772
6869,9,train/lr,3.0039652807656896e-06
6870,9,train/loss,1.5328887701034546
6870,9,train/lr,2.9979938728510146e-06
6871,9,train/loss,1.5352504253387451
6871,9,train/lr,2.992028140373097e-06
6872,9,train/loss,1.2616240978240967
6872,9,train/lr,2.986068084389935e-06
6873,9,train/loss,1.2239354848861694
6873,9,train/lr,2.980113705958506e-06
6874,9,train/loss,1.2739903926849365
6874,9,train/lr,2.9741650061348148e-06
6875,9,train/loss,1.2884199619293213
6875,9,train/lr,2.968221985973835e-06
6876,9,train/loss,1.577659249305725
6876,9,train/lr,2.9622846465295337e-06
6877,9,train/loss,1.2105417251586914
6877,9,train/lr,2.9563529888548874e-06
6878,9,train/loss,1.334855079650879
6878,9,train/lr,2.9504270140018475e-06
6879,9,train/loss,1.326741337776184
6879,9,train/lr,2.944506723021362e-06
6880,9,train/loss,1.3550341129302979
6880,9,train/lr,2.9385921169633686e-06
6881,9,train/loss,1.3593318462371826
6881,9,train/lr,2.9326831968768107e-06
6882,9,train/loss,1.1743971109390259
6882,9,train/lr,2.926779963809613e-06
6883,9,train/loss,1.3097803592681885
6883,9,train/lr,2.9208824188086825e-06
6884,9,train/loss,1.3331888914108276
6884,9,train/lr,2.9149905629199323e-06
6885,9,train/loss,1.281869649887085
6885,9,train/lr,2.9091043971882632e-06
6886,9,train/loss,1.2045575380325317
6886,9,train/lr,2.9032239226575523e-06
6887,9,train/loss,1.3569972515106201
6887,9,train/lr,2.8973491403706995e-06
6888,9,train/loss,1.5462090969085693
6888,9,train/lr,2.8914800513695646e-06
6889,9,train/loss,1.2875815629959106
6889,9,train/lr,2.8856166566950086e-06
6890,9,train/loss,1.29646635055542
6890,9,train/lr,2.8797589573868772e-06
6891,9,train/loss,1.2681282758712769
6891,9,train/lr,2.873906954484027e-06
6892,9,train/loss,1.318311333656311
6892,9,train/lr,2.8680606490242798e-06
6893,9,train/loss,1.3369548320770264
6893,9,train/lr,2.862220042044451e-06
6894,9,train/loss,1.3028287887573242
6894,9,train/lr,2.856385134580361e-06
6895,9,train/loss,1.3328640460968018
6895,9,train/lr,2.850555927666806e-06
6896,9,train/loss,1.5168945789337158
6896,9,train/lr,2.844732422337566e-06
6897,9,train/loss,1.2780430316925049
6897,9,train/lr,2.8389146196254316e-06
6898,9,train/loss,1.2343640327453613
6898,9,train/lr,2.8331025205621583e-06
6899,9,train/loss,1.3065905570983887
6899,9,train/lr,2.8272961261785043e-06
6900,9,train/loss,1.3956141471862793
6900,9,train/lr,2.8214954375042055e-06
6901,9,train/loss,1.324666976928711
6901,9,train/lr,2.8157004555680026e-06
6902,9,train/loss,1.2471661567687988
6902,9,train/lr,2.8099111813976106e-06
6903,9,train/loss,1.2056810855865479
6903,9,train/lr,2.8041276160197267e-06
6904,9,train/loss,1.2412223815917969
6904,9,train/lr,2.7983497604600613e-06
6905,9,train/loss,1.4169292449951172
6905,9,train/lr,2.7925776157432866e-06
6906,9,train/loss,1.4540342092514038
6906,9,train/lr,2.786811182893069e-06
6907,9,train/loss,1.232764720916748
6907,9,train/lr,2.781050462932068e-06
6908,9,train/loss,1.2487751245498657
6908,9,train/lr,2.775295456881925e-06
6909,9,train/loss,1.536414623260498
6909,9,train/lr,2.7695461657632643e-06
6910,9,train/loss,1.3577524423599243
6910,9,train/lr,2.763802590595703e-06
6911,9,train/loss,1.3400217294692993
6911,9,train/lr,2.758064732397847e-06
6912,9,train/loss,1.3577781915664673
6912,9,train/lr,2.752332592187286e-06
6913,9,train/loss,1.2838411331176758
6913,9,train/lr,2.7466061709805794e-06
6914,9,train/loss,1.5670920610427856
6914,9,train/lr,2.7408854697933057e-06
6915,9,train/loss,1.2326537370681763
6915,9,train/lr,2.735170489640001e-06
6916,9,train/loss,1.3163652420043945
6916,9,train/lr,2.729461231534188e-06
6917,9,train/loss,1.3221042156219482
6917,9,train/lr,2.7237576964883974e-06
6918,9,train/loss,1.3215854167938232
6918,9,train/lr,2.7180598855141206e-06
6919,9,train/loss,1.4222991466522217
6919,9,train/lr,2.7123677996218474e-06
6920,9,train/loss,1.3180404901504517
6920,9,train/lr,2.7066814398210413e-06
6921,9,train/loss,1.2446184158325195
6921,9,train/lr,2.701000807120167e-06
6922,9,train/loss,1.412980556488037
6922,9,train/lr,2.6953259025266567e-06
6923,9,train/loss,1.328385353088379
6923,9,train/lr,2.689656727046934e-06
6924,9,train/loss,1.311648964881897
6924,9,train/lr,2.6839932816864073e-06
6925,9,train/loss,1.2438715696334839
6925,9,train/lr,2.6783355674494723e-06
6926,9,train/loss,1.261230230331421
6926,9,train/lr,2.672683585339496e-06
6927,9,train/loss,1.2926645278930664
6927,9,train/lr,2.667037336358842e-06
6928,9,train/loss,1.2581119537353516
6928,9,train/lr,2.661396821508842e-06
6929,9,train/loss,1.4149703979492188
6929,9,train/lr,2.655762041789832e-06
6930,9,train/loss,1.2459747791290283
6930,9,train/lr,2.6501329982011173e-06
6931,9,train/loss,1.3802239894866943
6931,9,train/lr,2.6445096917409827e-06
6932,9,train/loss,1.3335511684417725
6932,9,train/lr,2.6388921234067018e-06
6933,9,train/loss,1.1992361545562744
6933,9,train/lr,2.6332802941945268e-06
6934,9,train/loss,1.3284858465194702
6934,9,train/lr,2.6276742050997036e-06
6935,9,train/loss,1.2958265542984009
6935,9,train/lr,2.6220738571164473e-06
6936,9,train/loss,1.5436463356018066
6936,9,train/lr,2.6164792512379486e-06
6937,9,train/loss,1.348379373550415
6937,9,train/lr,2.61089038845641e-06
6938,9,train/loss,1.3960752487182617
6938,9,train/lr,2.6053072697629813e-06
6939,9,train/loss,1.3029817342758179
6939,9,train/lr,2.59972989614781e-06
6940,9,train/loss,1.4338220357894897
6940,9,train/lr,2.5941582686000224e-06
6941,9,train/loss,1.205399751663208
6941,9,train/lr,2.5885923881077286e-06
6942,9,train/loss,1.2982521057128906
6942,9,train/lr,2.5830322556580187e-06
6943,9,train/loss,1.5085432529449463
6943,9,train/lr,2.5774778722369516e-06
6944,9,train/loss,1.2776480913162231
6944,9,train/lr,2.5719292388295886e-06
6945,9,train/loss,1.3065992593765259
6945,9,train/lr,2.566386356419953e-06
6946,9,train/loss,1.223189115524292
6946,9,train/lr,2.560849225991051e-06
6947,9,train/loss,1.2293715476989746
6947,9,train/lr,2.5553178485248837e-06
6948,9,train/loss,1.3249056339263916
6948,9,train/lr,2.54979222500241e-06
6949,9,train/loss,1.3794264793395996
6949,9,train/lr,2.5442723564035803e-06
6950,9,train/loss,1.2970317602157593
6950,9,train/lr,2.5387582437073284e-06
6951,9,train/loss,1.263195276260376
6951,9,train/lr,2.533249887891553e-06
6952,9,train/loss,1.313578724861145
6952,9,train/lr,2.5277472899331473e-06
6953,9,train/loss,1.18343186378479
6953,9,train/lr,2.522250450807971e-06
6954,9,train/loss,1.4057537317276
6954,9,train/lr,2.516759371490873e-06
6955,9,train/loss,1.445732593536377
6955,9,train/lr,2.5112740529556762e-06
6956,9,train/loss,1.2471141815185547
6956,9,train/lr,2.505794496175171e-06
6957,9,train/loss,1.3388503789901733
6957,9,train/lr,2.5003207021211515e-06
6958,9,train/loss,1.3243753910064697
6958,9,train/lr,2.4948526717643676e-06
6959,9,train/loss,1.2941702604293823
6959,9,train/lr,2.4893904060745545e-06
6960,9,train/loss,1.1700565814971924
6960,9,train/lr,2.4839339060204224e-06
6961,9,train/loss,1.2158128023147583
6961,9,train/lr,2.4784831725696657e-06
6962,9,train/loss,1.313018560409546
6962,9,train/lr,2.473038206688951e-06
6963,9,train/loss,1.469403624534607
6963,9,train/lr,2.4675990093439136e-06
6964,9,train/loss,1.5393106937408447
6964,9,train/lr,2.462165581499187e-06
6965,9,train/loss,1.2908166646957397
6965,9,train/lr,2.456737924118367e-06
6966,9,train/loss,1.26827871799469
6966,9,train/lr,2.451316038164024e-06
6967,9,train/loss,1.3490139245986938
6967,9,train/lr,2.4458999245977133e-06
6968,9,train/loss,1.1800521612167358
6968,9,train/lr,2.4404895843799617e-06
6969,9,train/loss,1.3820127248764038
6969,9,train/lr,2.4350850184702725e-06
6970,9,train/loss,1.2871181964874268
6970,9,train/lr,2.429686227827121e-06
6971,9,train/loss,1.3472936153411865
6971,9,train/lr,2.42429321340797e-06
6972,9,train/loss,1.3261723518371582
6972,9,train/lr,2.4189059761692477e-06
6973,9,train/loss,1.271532416343689
6973,9,train/lr,2.4135245170663614e-06
6974,9,train/loss,1.2638475894927979
6974,9,train/lr,2.4081488370536903e-06
6975,9,train/loss,1.4076577425003052
6975,9,train/lr,2.4027789370845917e-06
6976,9,train/loss,1.2507059574127197
6976,9,train/lr,2.3974148181113923e-06
6977,9,train/loss,1.3592050075531006
6977,9,train/lr,2.3920564810854126e-06
6978,9,train/loss,1.213071584701538
6978,9,train/lr,2.3867039269569245e-06
6979,9,train/loss,1.3832159042358398
6979,9,train/lr,2.381357156675185e-06
6980,9,train/loss,1.1585127115249634
6980,9,train/lr,2.376016171188418e-06
6981,9,train/loss,1.2321757078170776
6981,9,train/lr,2.370680971443837e-06
6982,9,train/loss,1.2984732389450073
6982,9,train/lr,2.3653515583876176e-06
6983,9,train/loss,1.1941388845443726
6983,9,train/lr,2.3600279329649026e-06
6984,9,train/loss,1.2869858741760254
6984,9,train/lr,2.3547100961198313e-06
6985,9,train/loss,1.388619065284729
6985,9,train/lr,2.3493980487954944e-06
6986,9,train/loss,1.2985379695892334
6986,9,train/lr,2.3440917919339607e-06
6987,9,train/loss,1.2950901985168457
6987,9,train/lr,2.3387913264762807e-06
6988,9,train/loss,1.626220464706421
6988,9,train/lr,2.3334966533624757e-06
6989,9,train/loss,1.2733783721923828
6989,9,train/lr,2.328207773531528e-06
6990,9,train/loss,1.2443485260009766
6990,9,train/lr,2.3229246879213996e-06
6991,9,train/loss,1.281137228012085
6991,9,train/lr,2.3176473974690343e-06
6992,9,train/loss,1.3228354454040527
6992,9,train/lr,2.3123759031103367e-06
6993,9,train/loss,1.46470046043396
6993,9,train/lr,2.3071102057801876e-06
6994,9,train/loss,1.2853779792785645
6994,9,train/lr,2.3018503064124295e-06
6995,9,train/loss,1.2644057273864746
6995,9,train/lr,2.296596205939898e-06
6996,9,train/loss,1.3561298847198486
6996,9,train/lr,2.291347905294388e-06
6997,9,train/loss,1.339955449104309
6997,9,train/lr,2.28610540540666e-06
6998,9,train/loss,1.314258098602295
6998,9,train/lr,2.2808687072064543e-06
6999,9,train/loss,1.2026171684265137
6999,9,train/lr,2.275637811622479e-06
7000,9,train/loss,1.4936964511871338
7000,9,train/lr,2.2704127195824063e-06
7001,9,train/loss,1.3197259902954102
7001,9,train/lr,2.2651934320129056e-06
7002,9,train/loss,1.2890594005584717
7002,9,train/lr,2.2599799498395854e-06
7003,9,train/loss,1.3002674579620361
7003,9,train/lr,2.2547722739870324e-06
7004,9,train/loss,1.3150068521499634
7004,9,train/lr,2.249570405378822e-06
7005,9,train/loss,1.2092797756195068
7005,9,train/lr,2.2443743449374823e-06
7006,9,train/loss,1.3651764392852783
7006,9,train/lr,2.2391840935845102e-06
7007,9,train/loss,1.5604379177093506
7007,9,train/lr,2.233999652240373e-06
7008,9,train/loss,1.3552498817443848
7008,9,train/lr,2.228821021824528e-06
7009,9,train/loss,1.3718814849853516
7009,9,train/lr,2.2236482032553764e-06
7010,9,train/loss,1.3834083080291748
7010,9,train/lr,2.2184811974502957e-06
7011,9,train/loss,1.2394121885299683
7011,9,train/lr,2.2133200053256428e-06
7012,9,train/loss,1.337951898574829
7012,9,train/lr,2.2081646277967285e-06
7013,9,train/loss,1.4051573276519775
7013,9,train/lr,2.2030150657778425e-06
7014,9,train/loss,1.1948003768920898
7014,9,train/lr,2.1978713201822433e-06
7015,9,train/loss,1.3993659019470215
7015,9,train/lr,2.192733391922154e-06
7016,9,train/loss,1.310495138168335
7016,9,train/lr,2.1876012819087663e-06
7017,9,train/loss,1.2808177471160889
7017,9,train/lr,2.182474991052239e-06
7018,9,train/loss,1.1973803043365479
7018,9,train/lr,2.1773545202617043e-06
7019,9,train/loss,1.4027199745178223
7019,9,train/lr,2.17223987044525e-06
7020,9,train/loss,1.1545696258544922
7020,9,train/lr,2.167131042509954e-06
7021,9,train/loss,1.3934783935546875
7021,9,train/lr,2.162028037361836e-06
7022,9,train/loss,1.269153356552124
7022,9,train/lr,2.1569308559059016e-06
7023,9,train/loss,1.308265209197998
7023,9,train/lr,2.1518394990461126e-06
7024,9,train/loss,1.3772342205047607
7024,9,train/lr,2.1467539676854067e-06
7025,9,train/loss,1.2564527988433838
7025,9,train/lr,2.141674262725682e-06
7026,9,train/loss,1.4476301670074463
7026,9,train/lr,2.1366003850678067e-06
7027,9,train/loss,1.513609766960144
7027,9,train/lr,2.13153233561161e-06
7028,9,train/loss,1.2992342710494995
7028,9,train/lr,2.126470115255893e-06
7029,9,train/loss,1.3977479934692383
7029,9,train/lr,2.1214137248984258e-06
7030,9,train/loss,1.2729305028915405
7030,9,train/lr,2.1163631654359347e-06
7031,9,train/loss,1.2574023008346558
7031,9,train/lr,2.111318437764123e-06
7032,9,train/loss,1.2652394771575928
7032,9,train/lr,2.1062795427776522e-06
7033,9,train/loss,1.2693769931793213
7033,9,train/lr,2.101246481370148e-06
7034,9,train/loss,1.241456151008606
7034,9,train/lr,2.0962192544342083e-06
7035,9,train/loss,1.2956010103225708
7035,9,train/lr,2.0911978628613983e-06
7036,9,train/loss,1.3963894844055176
7036,9,train/lr,2.0861823075422344e-06
7037,9,train/loss,1.355851650238037
7037,9,train/lr,2.0811725893662067e-06
7038,9,train/loss,1.315976619720459
7038,9,train/lr,2.0761687092217795e-06
7039,9,train/loss,1.3827731609344482
7039,9,train/lr,2.0711706679963676e-06
7040,9,train/loss,1.549870491027832
7040,9,train/lr,2.0661784665763524e-06
7041,9,train/loss,1.1712092161178589
7041,9,train/lr,2.0611921058470824e-06
7042,9,train/loss,1.2700132131576538
7042,9,train/lr,2.056211586692872e-06
7043,9,train/loss,1.3340510129928589
7043,9,train/lr,2.0512369099969894e-06
7044,9,train/loss,1.2565544843673706
7044,9,train/lr,2.046268076641694e-06
7045,9,train/loss,1.380563735961914
7045,9,train/lr,2.0413050875081755e-06
7046,9,train/loss,1.2478569746017456
7046,9,train/lr,2.0363479434766024e-06
7047,9,train/loss,1.371541976928711
7047,9,train/lr,2.0313966454261047e-06
7048,9,train/loss,1.4750415086746216
7048,9,train/lr,2.0264511942347884e-06
7049,9,train/loss,1.3165074586868286
7049,9,train/lr,2.0215115907796963e-06
7050,9,train/loss,1.3525868654251099
7050,9,train/lr,2.016577835936855e-06
7051,9,train/loss,1.4791364669799805
7051,9,train/lr,2.0116499305812526e-06
7052,9,train/loss,1.347853660583496
7052,9,train/lr,2.006727875586829e-06
7053,9,train/loss,1.3425326347351074
7053,9,train/lr,2.001811671826485e-06
7054,9,train/loss,1.258802890777588
7054,9,train/lr,1.9969013201721044e-06
7055,9,train/loss,1.1285796165466309
7055,9,train/lr,1.9919968214945185e-06
7056,9,train/loss,1.2471938133239746
7056,9,train/lr,1.9870981766635162e-06
7057,9,train/loss,1.3107454776763916
7057,9,train/lr,1.982205386547849e-06
7058,9,train/loss,1.2233819961547852
7058,9,train/lr,1.9773184520152476e-06
7059,9,train/loss,1.320852279663086
7059,9,train/lr,1.9724373739323875e-06
7060,9,train/loss,1.2704484462738037
7060,9,train/lr,1.9675621531649006e-06
7061,9,train/loss,1.2870527505874634
7061,9,train/lr,1.9626927905774043e-06
7062,9,train/loss,1.3023974895477295
7062,9,train/lr,1.957829287033451e-06
7063,9,train/loss,1.3048675060272217
7063,9,train/lr,1.9529716433955715e-06
7064,9,train/loss,1.3116275072097778
7064,9,train/lr,1.9481198605252435e-06
7065,9,train/loss,1.268653154373169
7065,9,train/lr,1.9432739392829184e-06
7066,9,train/loss,1.3676652908325195
7066,9,train/lr,1.9384338805280027e-06
7067,9,train/loss,1.188547134399414
7067,9,train/lr,1.9335996851188536e-06
7068,9,train/loss,1.293844223022461
7068,9,train/lr,1.9287713539128104e-06
7069,9,train/loss,1.175580382347107
7069,9,train/lr,1.9239488877661514e-06
7070,9,train/loss,1.2915419340133667
7070,9,train/lr,1.9191322875341253e-06
7071,9,train/loss,1.3396947383880615
7071,9,train/lr,1.9143215540709395e-06
7072,9,train/loss,1.3045068979263306
7072,9,train/lr,1.90951668822976e-06
7073,9,train/loss,1.3390510082244873
7073,9,train/lr,1.9047176908627066e-06
7074,9,train/loss,1.3938689231872559
7074,9,train/lr,1.8999245628208708e-06
7074,9,train/batches,3141.0
7074,9,train/compute_pct,99.86749783742525
7074,9,train/compute_sec,290.08011480091955
7074,9,train/data_wait_pct,0.13250216257475433
7074,9,train/data_wait_sec,0.38487238954985514
7074,9,train/examples,25128.0
7074,9,train/examples_per_sec,86.50956606870685
7074,9,train/input_tokens,2630749.0
7074,9,train/peak_vram_gb,6.712257385253906
7074,9,train/target_tokens,1953724.0
7074,9,train/tokens_per_sec,15783.220705336782
7074,9,train/total_sec,290.4649871904694
7074,9,train/epoch_loss,1.3142477888014998
7074,9,epoch9/batches,3141.0
7074,9,epoch9/compute_pct,99.86749783742525
7074,9,epoch9/compute_sec,290.08011480091955
7074,9,epoch9/data_wait_pct,0.13250216257475433
7074,9,epoch9/data_wait_sec,0.38487238954985514
7074,9,epoch9/examples,25128.0
7074,9,epoch9/examples_per_sec,86.50956606870685
7074,9,epoch9/input_tokens,2630749.0
7074,9,epoch9/peak_vram_gb,6.712257385253906
7074,9,epoch9/target_tokens,1953724.0
7074,9,epoch9/tokens_per_sec,15783.220705336782
7074,9,epoch9/total_sec,290.4649871904694
7074,9,val/bleu,32.46190155819267
7074,9,val/chrf,52.41318194608796
7074,9,val/combined,41.24841272928631
7074,9,val/eval_peak_vram_gb,6.712257385253906
7074,9,val/eval_samples_per_sec,11.888361581505299
7074,9,val/eval_seconds,243.34724176800228
7074,9,val/eval_tokens_per_sec,1358.9469829096013
7075,10,train/loss,1.377284288406372
7075,10,train/lr,1.8951373049542945e-06
7076,10,train/loss,1.3755427598953247
7076,10,train/lr,1.8903559181119777e-06
7077,10,train/loss,1.2372673749923706
7077,10,train/lr,1.8855804031418792e-06
7078,10,train/loss,1.299821376800537
7078,10,train/lr,1.8808107608909246e-06
7079,10,train/loss,1.275895357131958
7079,10,train/lr,1.8760469922049897e-06
7080,10,train/loss,1.3109967708587646
7080,10,train/lr,1.8712890979289096e-06
7081,10,train/loss,1.4768598079681396
7081,10,train/lr,1.8665370789064816e-06
7082,10,train/loss,1.3184198141098022
7082,10,train/lr,1.8617909359804611e-06
7083,10,train/loss,1.200943112373352
7083,10,train/lr,1.8570506699925514e-06
7084,10,train/loss,1.3235282897949219
7084,10,train/lr,1.8523162817834253e-06
7085,10,train/loss,1.432490587234497
7085,10,train/lr,1.8475877721927068e-06
7086,10,train/loss,1.3880906105041504
7086,10,train/lr,1.8428651420589863e-06
7087,10,train/loss,1.3266125917434692
7087,10,train/lr,1.838148392219797e-06
7088,10,train/loss,1.1968504190444946
7088,10,train/lr,1.8334375235116388e-06
7089,10,train/loss,1.3061957359313965
7089,10,train/lr,1.8287325367699701e-06
7090,10,train/loss,1.330610990524292
7090,10,train/lr,1.824033432829196e-06
7091,10,train/loss,1.2013330459594727
7091,10,train/lr,1.8193402125226925e-06
7092,10,train/loss,1.1606991291046143
7092,10,train/lr,1.8146528766827817e-06
7093,10,train/loss,1.4714984893798828
7093,10,train/lr,1.809971426140741e-06
7094,10,train/loss,1.3224374055862427
7094,10,train/lr,1.8052958617268182e-06
7095,10,train/loss,1.3161801099777222
7095,10,train/lr,1.8006261842702036e-06
7096,10,train/loss,1.2569420337677002
7096,10,train/lr,1.7959623945990386e-06
7097,10,train/loss,1.266530990600586
7097,10,train/lr,1.7913044935404352e-06
7098,10,train/loss,1.560342788696289
7098,10,train/lr,1.7866524819204598e-06
7099,10,train/loss,1.4694228172302246
7099,10,train/lr,1.7820063605641217e-06
7100,10,train/loss,1.4724845886230469
7100,10,train/lr,1.7773661302953929e-06
7101,10,train/loss,1.376986026763916
7101,10,train/lr,1.772731791937208e-06
7102,10,train/loss,1.2738516330718994
7102,10,train/lr,1.7681033463114486e-06
7103,10,train/loss,1.2874817848205566
7103,10,train/lr,1.7634807942389428e-06
7104,10,train/loss,1.2556228637695312
7104,10,train/lr,1.7588641365394934e-06
7105,10,train/loss,1.370422601699829
7105,10,train/lr,1.754253374031846e-06
7106,10,train/loss,1.2747151851654053
7106,10,train/lr,1.7496485075336969e-06
7107,10,train/loss,1.2460980415344238
7107,10,train/lr,1.745049537861709e-06
7108,10,train/loss,1.2844990491867065
7108,10,train/lr,1.7404564658314885e-06
7109,10,train/loss,1.408486247062683
7109,10,train/lr,1.7358692922575956e-06
7110,10,train/loss,1.2908227443695068
7110,10,train/lr,1.73128801795355e-06
7111,10,train/loss,1.5012893676757812
7111,10,train/lr,1.726712643731833e-06
7112,10,train/loss,1.299199104309082
7112,10,train/lr,1.7221431704038618e-06
7113,10,train/loss,1.4189646244049072
7113,10,train/lr,1.7175795987800123e-06
7114,10,train/loss,1.2669191360473633
7114,10,train/lr,1.7130219296696263e-06
7115,10,train/loss,1.3131904602050781
7115,10,train/lr,1.708470163880985e-06
7116,10,train/loss,1.4209811687469482
7116,10,train/lr,1.7039243022213284e-06
7117,10,train/loss,1.213162899017334
7117,10,train/lr,1.6993843454968393e-06
7118,10,train/loss,1.5347716808319092
7118,10,train/lr,1.6948502945126785e-06
7119,10,train/loss,1.3026758432388306
7119,10,train/lr,1.6903221500729308e-06
7120,10,train/loss,1.2408881187438965
7120,10,train/lr,1.685799912980647e-06
7121,10,train/loss,1.1971046924591064
7121,10,train/lr,1.681283584037833e-06
7122,10,train/loss,1.2102816104888916
7122,10,train/lr,1.676773164045445e-06
7123,10,train/loss,1.4793128967285156
7123,10,train/lr,1.672268653803383e-06
7124,10,train/loss,1.3846293687820435
7124,10,train/lr,1.667770054110505e-06
7125,10,train/loss,1.233853816986084
7125,10,train/lr,1.6632773657646236e-06
7126,10,train/loss,1.3704535961151123
7126,10,train/lr,1.658790589562503e-06
7127,10,train/loss,1.230034351348877
7127,10,train/lr,1.65430972629985e-06
7128,10,train/loss,1.214707851409912
7128,10,train/lr,1.6498347767713376e-06
7129,10,train/loss,1.2805861234664917
7129,10,train/lr,1.6453657417705745e-06
7130,10,train/loss,1.169413447380066
7130,10,train/lr,1.6409026220901317e-06
7131,10,train/loss,1.3491287231445312
7131,10,train/lr,1.6364454185215232e-06
7132,10,train/loss,1.3313802480697632
7132,10,train/lr,1.6319941318552176e-06
7133,10,train/loss,1.3621711730957031
7133,10,train/lr,1.627548762880635e-06
7134,10,train/loss,1.2866932153701782
7134,10,train/lr,1.6231093123861416e-06
7135,10,train/loss,1.2947955131530762
7135,10,train/lr,1.6186757811590666e-06
7136,10,train/loss,1.225750207901001
7136,10,train/lr,1.6142481699856747e-06
7137,10,train/loss,1.2647762298583984
7137,10,train/lr,1.6098264796511806e-06
7138,10,train/loss,1.3054563999176025
7138,10,train/lr,1.6054107109397663e-06
7139,10,train/loss,1.239659070968628
7139,10,train/lr,1.6010008646345445e-06
7140,10,train/loss,1.1646877527236938
7140,10,train/lr,1.5965969415175834e-06
7141,10,train/loss,1.2895921468734741
7141,10,train/lr,1.5921989423699088e-06
7142,10,train/loss,1.1999754905700684
7142,10,train/lr,1.5878068679714867e-06
7143,10,train/loss,1.3093079328536987
7143,10,train/lr,1.5834207191012372e-06
7144,10,train/loss,1.211474895477295
7144,10,train/lr,1.5790404965370157e-06
7145,10,train/loss,1.4170136451721191
7145,10,train/lr,1.574666201055656e-06
7146,10,train/loss,1.4056713581085205
7146,10,train/lr,1.5702978334329153e-06
7147,10,train/loss,1.2786285877227783
7147,10,train/lr,1.5659353944434977e-06
7148,10,train/loss,1.3071362972259521
7148,10,train/lr,1.5615788848610855e-06
7149,10,train/loss,1.3358981609344482
7149,10,train/lr,1.557228305458273e-06
7150,10,train/loss,1.381004810333252
7150,10,train/lr,1.5528836570066243e-06
7151,10,train/loss,1.1974492073059082
7151,10,train/lr,1.5485449402766476e-06
7152,10,train/loss,1.2315056324005127
7152,10,train/lr,1.5442121560378008e-06
7153,10,train/loss,1.2457002401351929
7153,10,train/lr,1.5398853050584853e-06
7154,10,train/loss,1.3259391784667969
7154,10,train/lr,1.5355643881060497e-06
7155,10,train/loss,1.2315200567245483
7155,10,train/lr,1.5312494059467933e-06
7156,10,train/loss,1.4076135158538818
7156,10,train/lr,1.5269403593459623e-06
7157,10,train/loss,1.3073354959487915
7157,10,train/lr,1.5226372490677459e-06
7158,10,train/loss,1.301160216331482
7158,10,train/lr,1.5183400758752956e-06
7159,10,train/loss,1.3381359577178955
7159,10,train/lr,1.514048840530691e-06
7160,10,train/loss,1.392168402671814
7160,10,train/lr,1.5097635437949624e-06
7161,10,train/loss,1.2217772006988525
7161,10,train/lr,1.505484186428102e-06
7162,10,train/loss,1.6379468441009521
7162,10,train/lr,1.501210769189034e-06
7163,10,train/loss,1.2101726531982422
7163,10,train/lr,1.4969432928356335e-06
7164,10,train/loss,1.2809991836547852
7164,10,train/lr,1.4926817581247142e-06
7165,10,train/loss,1.3117445707321167
7165,10,train/lr,1.4884261658120566e-06
7166,10,train/loss,1.1985528469085693
7166,10,train/lr,1.484176516652365e-06
7167,10,train/loss,1.472855567932129
7167,10,train/lr,1.4799328113992942e-06
7168,10,train/loss,1.2768605947494507
7168,10,train/lr,1.4756950508054616e-06
7169,10,train/loss,1.1838138103485107
7169,10,train/lr,1.471463235622416e-06
7170,10,train/loss,1.3416194915771484
7170,10,train/lr,1.4672373666006416e-06
7171,10,train/loss,1.4083772897720337
7171,10,train/lr,1.4630174444895965e-06
7172,10,train/loss,1.3187779188156128
7172,10,train/lr,1.4588034700376627e-06
7173,10,train/loss,1.286057472229004
7173,10,train/lr,1.454595443992173e-06
7174,10,train/loss,1.4686603546142578
7174,10,train/lr,1.4503933670993994e-06
7175,10,train/loss,1.451686143875122
7175,10,train/lr,1.4461972401045723e-06
7176,10,train/loss,1.4358913898468018
7176,10,train/lr,1.4420070637518538e-06
7177,10,train/loss,1.1292061805725098
7177,10,train/lr,1.4378228387843604e-06
7178,10,train/loss,1.3716470003128052
7178,10,train/lr,1.4336445659441443e-06
7179,10,train/loss,1.3768044710159302
7179,10,train/lr,1.429472245972212e-06
7180,10,train/loss,1.387941837310791
7180,10,train/lr,1.4253058796085015e-06
7181,10,train/loss,1.3323687314987183
7181,10,train/lr,1.42114546759191e-06
7182,10,train/loss,1.222718358039856
7182,10,train/lr,1.416991010660269e-06
7183,10,train/loss,1.3189032077789307
7183,10,train/lr,1.4128425095503575e-06
7184,10,train/loss,1.2761144638061523
7184,10,train/lr,1.4086999649978864e-06
7185,10,train/loss,1.3914794921875
7185,10,train/lr,1.4045633777375358e-06
7186,10,train/loss,1.315300703048706
7186,10,train/lr,1.4004327485029027e-06
7187,10,train/loss,1.3307526111602783
7187,10,train/lr,1.3963080780265417e-06
7188,10,train/loss,1.2855695486068726
7188,10,train/lr,1.3921893670399514e-06
7189,10,train/loss,1.3152588605880737
7189,10,train/lr,1.388076616273569e-06
7190,10,train/loss,1.4203920364379883
7190,10,train/lr,1.3839698264567672e-06
7191,10,train/loss,1.4202697277069092
7191,10,train/lr,1.379868998317885e-06
7192,10,train/loss,1.2629717588424683
7192,10,train/lr,1.3757741325841777e-06
7193,10,train/loss,1.2558975219726562
7193,10,train/lr,1.3716852299818582e-06
7194,10,train/loss,1.2430164813995361
7194,10,train/lr,1.3676022912360719e-06
7195,10,train/loss,1.2613471746444702
7195,10,train/lr,1.3635253170709259e-06
7196,10,train/loss,1.2091847658157349
7196,10,train/lr,1.3594543082094438e-06
7197,10,train/loss,1.3156418800354004
7197,10,train/lr,1.3553892653736115e-06
7198,10,train/loss,1.24082350730896
7198,10,train/lr,1.3513301892843498e-06
7199,10,train/loss,1.4042057991027832
7199,10,train/lr,1.3472770806615112e-06
7200,10,train/loss,1.3642494678497314
7200,10,train/lr,1.3432299402239071e-06
7201,10,train/loss,1.4077048301696777
7201,10,train/lr,1.3391887686892838e-06
7202,10,train/loss,1.1710162162780762
7202,10,train/lr,1.3351535667743229e-06
7203,10,train/loss,1.2330752611160278
7203,10,train/lr,1.331124335194661e-06
7204,10,train/loss,1.4628684520721436
7204,10,train/lr,1.3271010746648542e-06
7205,10,train/loss,1.1802870035171509
7205,10,train/lr,1.323083785898425e-06
7206,10,train/loss,1.330305576324463
7206,10,train/lr,1.3190724696078198e-06
7207,10,train/loss,1.2294130325317383
7207,10,train/lr,1.3150671265044239e-06
7208,10,train/loss,1.349006175994873
7208,10,train/lr,1.3110677572985851e-06
7209,10,train/loss,1.236542820930481
7209,10,train/lr,1.3070743626995634e-06
7210,10,train/loss,1.2092922925949097
7210,10,train/lr,1.3030869434155773e-06
7211,10,train/loss,1.4031858444213867
7211,10,train/lr,1.2991055001537842e-06
7212,10,train/loss,1.4724540710449219
7212,10,train/lr,1.2951300336202736e-06
7213,10,train/loss,1.5095391273498535
7213,10,train/lr,1.291160544520085e-06
7214,10,train/loss,1.4505610466003418
7214,10,train/lr,1.2871970335571786e-06
7215,10,train/loss,1.218390941619873
7215,10,train/lr,1.2832395014344875e-06
7216,10,train/loss,1.2364377975463867
7216,10,train/lr,1.2792879488538544e-06
7217,10,train/loss,1.2070982456207275
7217,10,train/lr,1.2753423765160676e-06
7218,10,train/loss,1.2342735528945923
7218,10,train/lr,1.2714027851208746e-06
7219,10,train/loss,1.2058897018432617
7219,10,train/lr,1.2674691753669353e-06
7220,10,train/loss,1.2668591737747192
7220,10,train/lr,1.2635415479518674e-06
7221,10,train/loss,1.3949294090270996
7221,10,train/lr,1.2596199035722166e-06
7222,10,train/loss,1.3321938514709473
7222,10,train/lr,1.2557042429234716e-06
7223,10,train/loss,1.2299702167510986
7223,10,train/lr,1.2517945667000638e-06
7224,10,train/loss,1.5052275657653809
7224,10,train/lr,1.2478908755953532e-06
7225,10,train/loss,1.4542044401168823
7225,10,train/lr,1.243993170301653e-06
7226,10,train/loss,1.2270480394363403
7226,10,train/lr,1.2401014515102053e-06
7227,10,train/loss,1.298619270324707
7227,10,train/lr,1.2362157199111826e-06
7228,10,train/loss,1.2722959518432617
7228,10,train/lr,1.2323359761937208e-06
7229,10,train/loss,1.2872061729431152
7229,10,train/lr,1.2284622210458667e-06
7230,10,train/loss,1.2811936140060425
7230,10,train/lr,1.224594455154615e-06
7231,10,train/loss,1.2658917903900146
7231,10,train/lr,1.2207326792059108e-06
7232,10,train/loss,1.315975546836853
7232,10,train/lr,1.2168768938846153e-06
7233,10,train/loss,1.2205142974853516
7233,10,train/lr,1.213027099874544e-06
7234,10,train/loss,1.3751991987228394
7234,10,train/lr,1.2091832978584326e-06
7235,10,train/loss,1.3723797798156738
7235,10,train/lr,1.2053454885179793e-06
7236,10,train/loss,1.3193202018737793
7236,10,train/lr,1.2015136725338015e-06
7237,10,train/loss,1.2314136028289795
7237,10,train/lr,1.1976878505854486e-06
7238,10,train/loss,1.1437335014343262
7238,10,train/lr,1.1938680233514247e-06
7239,10,train/loss,1.330012559890747
7239,10,train/lr,1.1900541915091648e-06
7240,10,train/loss,1.2206697463989258
7240,10,train/lr,1.1862463557350282e-06
7241,10,train/loss,1.4512211084365845
7241,10,train/lr,1.1824445167043244e-06
7242,10,train/loss,1.309051275253296
7242,10,train/lr,1.178648675091295e-06
7243,10,train/loss,1.1912904977798462
7243,10,train/lr,1.1748588315691238e-06
7244,10,train/loss,1.3289529085159302
7244,10,train/lr,1.171074986809919e-06
7245,10,train/loss,1.2403206825256348
7245,10,train/lr,1.1672971414847355e-06
7246,10,train/loss,1.3818399906158447
7246,10,train/lr,1.1635252962635556e-06
7247,10,train/loss,1.427415132522583
7247,10,train/lr,1.1597594518153008e-06
7248,10,train/loss,1.2194591760635376
7248,10,train/lr,1.155999608807836e-06
7249,10,train/loss,1.3767623901367188
7249,10,train/lr,1.1522457679079571e-06
7250,10,train/loss,1.3662734031677246
7250,10,train/lr,1.148497929781384e-06
7251,10,train/loss,1.363666296005249
7251,10,train/lr,1.144756095092787e-06
7252,10,train/loss,1.2066932916641235
7252,10,train/lr,1.141020264505768e-06
7253,10,train/loss,1.2628729343414307
7253,10,train/lr,1.1372904386828607e-06
7254,10,train/loss,1.514904260635376
7254,10,train/lr,1.1335666182855374e-06
7255,10,train/loss,1.3591389656066895
7255,10,train/lr,1.129848803974202e-06
7256,10,train/loss,1.1868008375167847
7256,10,train/lr,1.126136996408198e-06
7257,10,train/loss,1.223592758178711
7257,10,train/lr,1.1224311962457955e-06
7258,10,train/loss,1.3104853630065918
7258,10,train/lr,1.1187314041442086e-06
7259,10,train/loss,1.2880604267120361
7259,10,train/lr,1.1150376207595823e-06
7260,10,train/loss,1.2425053119659424
7260,10,train/lr,1.1113498467469933e-06
7261,10,train/loss,1.3508973121643066
7261,10,train/lr,1.1076680827604495e-06
7262,10,train/loss,1.4974888563156128
7262,10,train/lr,1.1039923294529095e-06
7263,10,train/loss,1.5708863735198975
7263,10,train/lr,1.1003225874762483e-06
7264,10,train/loss,1.4075281620025635
7264,10,train/lr,1.0966588574812796e-06
7265,10,train/loss,1.3818039894104004
7265,10,train/lr,1.0930011401177563e-06
7266,10,train/loss,1.2571759223937988
7266,10,train/lr,1.0893494360343553e-06
7267,10,train/loss,1.5108568668365479
7267,10,train/lr,1.085703745878696e-06
7268,10,train/loss,1.225080132484436
7268,10,train/lr,1.082064070297326e-06
7269,10,train/loss,1.1264779567718506
7269,10,train/lr,1.0784304099357355e-06
7270,10,train/loss,1.261547327041626
7270,10,train/lr,1.0748027654383345e-06
7271,10,train/loss,1.2293299436569214
7271,10,train/lr,1.0711811374484646e-06
7272,10,train/loss,1.2261371612548828
7272,10,train/lr,1.067565526608426e-06
7273,10,train/loss,1.5117425918579102
7273,10,train/lr,1.063955933559419e-06
7274,10,train/loss,1.4046236276626587
7274,10,train/lr,1.0603523589415985e-06
7275,10,train/loss,1.2333052158355713
7275,10,train/lr,1.0567548033940438e-06
7276,10,train/loss,1.3423887491226196
7276,10,train/lr,1.0531632675547684e-06
7277,10,train/loss,1.224082350730896
7277,10,train/lr,1.0495777520607107e-06
7278,10,train/loss,1.394361972808838
7278,10,train/lr,1.0459982575477626e-06
7279,10,train/loss,1.4121465682983398
7279,10,train/lr,1.0424247846507249e-06
7280,10,train/loss,1.3478386402130127
7280,10,train/lr,1.0388573340033413e-06
7281,10,train/loss,1.2970696687698364
7281,10,train/lr,1.0352959062382827e-06
7282,10,train/loss,1.3441541194915771
7282,10,train/lr,1.0317405019871594e-06
7283,10,train/loss,1.276649832725525
7283,10,train/lr,1.0281911218805094e-06
7284,10,train/loss,1.3201470375061035
7284,10,train/lr,1.0246477665477942e-06
7285,10,train/loss,1.3672821521759033
7285,10,train/lr,1.02111043661743e-06
7286,10,train/loss,1.3294326066970825
7286,10,train/lr,1.0175791327167372e-06
7287,10,train/loss,1.375258207321167
7287,10,train/lr,1.014053855471983e-06
7288,10,train/loss,1.1745798587799072
7288,10,train/lr,1.0105346055083584e-06
7289,10,train/loss,1.3552145957946777
7289,10,train/lr,1.007021383449994e-06
7290,10,train/loss,1.2313512563705444
7290,10,train/lr,1.0035141899199472e-06
7291,10,train/loss,1.181917667388916
7291,10,train/lr,1.0000130255401994e-06
7292,10,train/loss,1.3056907653808594
7292,10,train/lr,9.96517890931675e-07
7293,10,train/loss,1.341030478477478
7293,10,train/lr,9.930287867142223e-07
7294,10,train/loss,1.325840950012207
7294,10,train/lr,9.895457135066165e-07
7295,10,train/loss,1.2773220539093018
7295,10,train/lr,9.860686719265765e-07
7296,10,train/loss,1.3019232749938965
7296,10,train/lr,9.825976625907368e-07
7297,10,train/loss,1.2777599096298218
7297,10,train/lr,9.791326861146631e-07
7298,10,train/loss,1.4395354986190796
7298,10,train/lr,9.756737431128686e-07
7299,10,train/loss,1.3768842220306396
7299,10,train/lr,9.722208341987742e-07
7300,10,train/loss,1.4698426723480225
7300,10,train/lr,9.687739599847438e-07
7301,10,train/loss,1.6545195579528809
7301,10,train/lr,9.653331210820615e-07
7302,10,train/loss,1.2741329669952393
7302,10,train/lr,9.618983181009616e-07
7303,10,train/loss,1.284822940826416
7303,10,train/lr,9.58469551650579e-07
7304,10,train/loss,1.1730091571807861
7304,10,train/lr,9.550468223390001e-07
7305,10,train/loss,1.4444605112075806
7305,10,train/lr,9.516301307732338e-07
7306,10,train/loss,1.2036046981811523
7306,10,train/lr,9.482194775592134e-07
7307,10,train/loss,1.4915318489074707
7307,10,train/lr,9.448148633018071e-07
7308,10,train/loss,1.3782143592834473
7308,10,train/lr,9.414162886048149e-07
7309,10,train/loss,1.2893345355987549
7309,10,train/lr,9.380237540709562e-07
7310,10,train/loss,1.260011911392212
7310,10,train/lr,9.346372603018859e-07
7311,10,train/loss,1.2233262062072754
7311,10,train/lr,9.312568078981863e-07
7312,10,train/loss,1.1927669048309326
7312,10,train/lr,9.278823974593674e-07
7313,10,train/loss,1.2446107864379883
7313,10,train/lr,9.245140295838705e-07
7314,10,train/loss,1.354475498199463
7314,10,train/lr,9.211517048690564e-07
7315,10,train/loss,1.2514839172363281
7315,10,train/lr,9.177954239112295e-07
7316,10,train/loss,1.5511637926101685
7316,10,train/lr,9.144451873056097e-07
7317,10,train/loss,1.2038376331329346
7317,10,train/lr,9.111009956463444e-07
7318,10,train/loss,1.2373110055923462
7318,10,train/lr,9.077628495265243e-07
7319,10,train/loss,1.2523531913757324
7319,10,train/lr,9.04430749538152e-07
7320,10,train/loss,1.2052369117736816
7320,10,train/lr,9.011046962721614e-07
7321,10,train/loss,1.2593858242034912
7321,10,train/lr,8.977846903184138e-07
7322,10,train/loss,1.3109413385391235
7322,10,train/lr,8.944707322657063e-07
7323,10,train/loss,1.3363467454910278
7323,10,train/lr,8.911628227017553e-07
7324,10,train/loss,1.3495712280273438
7324,10,train/lr,8.878609622131971e-07
7325,10,train/loss,1.19135320186615
7325,10,train/lr,8.845651513856189e-07
7326,10,train/loss,1.303362488746643
7326,10,train/lr,8.81275390803512e-07
7327,10,train/loss,1.2581427097320557
7327,10,train/lr,8.77991681050303e-07
7328,10,train/loss,1.2873451709747314
7328,10,train/lr,8.74714022708346e-07
7329,10,train/loss,1.180237054824829
7329,10,train/lr,8.714424163589268e-07
7330,10,train/loss,1.3500350713729858
7330,10,train/lr,8.681768625822466e-07
7331,10,train/loss,1.2407441139221191
7331,10,train/lr,8.649173619574424e-07
7332,10,train/loss,1.1836309432983398
7332,10,train/lr,8.616639150625703e-07
7333,10,train/loss,1.386164665222168
7333,10,train/lr,8.584165224746225e-07
7334,10,train/loss,1.3494539260864258
7334,10,train/lr,8.551751847695104e-07
7335,10,train/loss,1.3213051557540894
7335,10,train/lr,8.51939902522073e-07
7336,10,train/loss,1.3864481449127197
7336,10,train/lr,8.48710676306073e-07
7337,10,train/loss,1.2635743618011475
7337,10,train/lr,8.454875066942008e-07
7338,10,train/loss,1.317183494567871
7338,10,train/lr,8.422703942580777e-07
7339,10,train/loss,1.4135808944702148
7339,10,train/lr,8.390593395682493e-07
7340,10,train/loss,1.4321060180664062
7340,10,train/lr,8.358543431941767e-07
7341,10,train/loss,1.1500153541564941
7341,10,train/lr,8.326554057042561e-07
7342,10,train/loss,1.2763034105300903
7342,10,train/lr,8.294625276658118e-07
7343,10,train/loss,1.373286247253418
7343,10,train/lr,8.262757096450834e-07
7344,10,train/loss,1.4206066131591797
7344,10,train/lr,8.230949522072422e-07
7345,10,train/loss,1.3211137056350708
7345,10,train/lr,8.19920255916387e-07
7346,10,train/loss,1.1632906198501587
7346,10,train/lr,8.167516213355363e-07
7347,10,train/loss,1.367476463317871
7347,10,train/lr,8.135890490266322e-07
7348,10,train/loss,1.2120383977890015
7348,10,train/lr,8.104325395505562e-07
7349,10,train/loss,1.4709972143173218
7349,10,train/lr,8.072820934670898e-07
7350,10,train/loss,1.5122735500335693
7350,10,train/lr,8.041377113349618e-07
7351,10,train/loss,1.3302738666534424
7351,10,train/lr,8.009993937118126e-07
7352,10,train/loss,1.3346556425094604
7352,10,train/lr,7.978671411542103e-07
7353,10,train/loss,1.3177624940872192
7353,10,train/lr,7.947409542176548e-07
7354,10,train/loss,1.2535555362701416
7354,10,train/lr,7.916208334565572e-07
7355,10,train/loss,1.3940329551696777
7355,10,train/lr,7.885067794242645e-07
7356,10,train/loss,1.4358785152435303
7356,10,train/lr,7.853987926730354e-07
7357,10,train/loss,1.1705007553100586
7357,10,train/lr,7.822968737540641e-07
7358,10,train/loss,1.3060719966888428
7358,10,train/lr,7.792010232174645e-07
7359,10,train/loss,1.2289493083953857
7359,10,train/lr,7.761112416122739e-07
7360,10,train/loss,1.4822382926940918
7360,10,train/lr,7.730275294864574e-07
7361,10,train/loss,1.2777522802352905
7361,10,train/lr,7.699498873868882e-07
7362,10,train/loss,1.1980247497558594
7362,10,train/lr,7.6687831585939e-07
7363,10,train/loss,1.3452403545379639
7363,10,train/lr,7.638128154486833e-07
7364,10,train/loss,1.1779534816741943
7364,10,train/lr,7.607533866984239e-07
7365,10,train/loss,1.2278467416763306
7365,10,train/lr,7.577000301511987e-07
7366,10,train/loss,1.191379427909851
7366,10,train/lr,7.546527463485031e-07
7367,10,train/loss,1.2200111150741577
7367,10,train/lr,7.516115358307595e-07
7368,10,train/loss,1.19248366355896
7368,10,train/lr,7.485763991373184e-07
7369,10,train/loss,1.1809701919555664
7369,10,train/lr,7.455473368064497e-07
7370,10,train/loss,1.2478185892105103
7370,10,train/lr,7.425243493753469e-07
7371,10,train/loss,1.4241690635681152
7371,10,train/lr,7.395074373801236e-07
7372,10,train/loss,1.1939458847045898
7372,10,train/lr,7.364966013558205e-07
7373,10,train/loss,1.437875509262085
7373,10,train/lr,7.334918418363983e-07
7374,10,train/loss,1.3759968280792236
7374,10,train/lr,7.304931593547336e-07
7375,10,train/loss,1.174619197845459
7375,10,train/lr,7.275005544426383e-07
7376,10,train/loss,1.4368900060653687
7376,10,train/lr,7.245140276308397e-07
7377,10,train/loss,1.2073309421539307
7377,10,train/lr,7.215335794489818e-07
7378,10,train/loss,1.3191170692443848
7378,10,train/lr,7.185592104256432e-07
7379,10,train/loss,1.1856958866119385
7379,10,train/lr,7.155909210883148e-07
7380,10,train/loss,1.2577111721038818
7380,10,train/lr,7.126287119634072e-07
7381,10,train/loss,1.2026783227920532
7381,10,train/lr,7.096725835762585e-07
7382,10,train/loss,1.3177576065063477
7382,10,train/lr,7.067225364511303e-07
7383,10,train/loss,1.2373909950256348
7383,10,train/lr,7.037785711112043e-07
7384,10,train/loss,1.4932291507720947
7384,10,train/lr,7.008406880785739e-07
7385,10,train/loss,1.2394441366195679
7385,10,train/lr,6.979088878742678e-07
7386,10,train/loss,1.2686898708343506
7386,10,train/lr,6.949831710182308e-07
7387,10,train/loss,1.3012495040893555
7387,10,train/lr,6.920635380293232e-07
7388,10,train/loss,1.2746710777282715
7388,10,train/lr,6.891499894253333e-07
7389,10,train/loss,1.3240649700164795
7389,10,train/lr,6.862425257229687e-07
7390,10,train/loss,1.3135080337524414
7390,10,train/lr,6.833411474378569e-07
7391,10,train/loss,1.2795531749725342
7391,10,train/lr,6.804458550845454e-07
7392,10,train/loss,1.2972229719161987
7392,10,train/lr,6.77556649176505e-07
7393,10,train/loss,1.2907931804656982
7393,10,train/lr,6.746735302261303e-07
7394,10,train/loss,1.2900148630142212
7394,10,train/lr,6.7179649874472e-07
7395,10,train/loss,1.2890715599060059
7395,10,train/lr,6.689255552425121e-07
7396,10,train/loss,1.3295037746429443
7396,10,train/lr,6.660607002286606e-07
7397,10,train/loss,1.2430670261383057
7397,10,train/lr,6.632019342112349e-07
7398,10,train/loss,1.384608268737793
7398,10,train/lr,6.603492576972169e-07
7399,10,train/loss,1.3859593868255615
7399,10,train/lr,6.575026711925351e-07
7400,10,train/loss,1.277356743812561
7400,10,train/lr,6.54662175202007e-07
7401,10,train/loss,1.2698782682418823
7401,10,train/lr,6.518277702293928e-07
7402,10,train/loss,1.1896331310272217
7402,10,train/lr,6.48999456777361e-07
7403,10,train/loss,1.270363688468933
7403,10,train/lr,6.461772353474998e-07
7404,10,train/loss,1.3293769359588623
7404,10,train/lr,6.433611064403172e-07
7405,10,train/loss,1.343883752822876
7405,10,train/lr,6.405510705552525e-07
7406,10,train/loss,1.2570375204086304
7406,10,train/lr,6.377471281906493e-07
7407,10,train/loss,1.4218145608901978
7407,10,train/lr,6.349492798437788e-07
7408,10,train/loss,1.285656452178955
7408,10,train/lr,6.321575260108242e-07
7409,10,train/loss,1.2760156393051147
7409,10,train/lr,6.293718671868958e-07
7410,10,train/loss,1.318871021270752
7410,10,train/lr,6.265923038660243e-07
7411,10,train/loss,1.3037240505218506
7411,10,train/lr,6.238188365411439e-07
7412,10,train/loss,1.4074232578277588
7412,10,train/lr,6.210514657041287e-07
7413,10,train/loss,1.4792604446411133
7413,10,train/lr,6.182901918457606e-07
7414,10,train/loss,1.5049192905426025
7414,10,train/lr,6.155350154557331e-07
7415,10,train/loss,1.3968102931976318
7415,10,train/lr,6.127859370226756e-07
7416,10,train/loss,1.1318024396896362
7416,10,train/lr,6.100429570341253e-07
7417,10,train/loss,1.2881659269332886
7417,10,train/lr,6.073060759765391e-07
7418,10,train/loss,1.8518695831298828
7418,10,train/lr,6.045752943352861e-07
7419,10,train/loss,1.2343699932098389
7419,10,train/lr,6.018506125946665e-07
7420,10,train/loss,1.181099534034729
7420,10,train/lr,5.991320312378928e-07
7421,10,train/loss,1.3823909759521484
7421,10,train/lr,5.96419550747097e-07
7422,10,train/loss,1.2914376258850098
7422,10,train/lr,5.937131716033194e-07
7423,10,train/loss,1.3298321962356567
7423,10,train/lr,5.910128942865317e-07
7424,10,train/loss,1.399693489074707
7424,10,train/lr,5.883187192756211e-07
7425,10,train/loss,1.319694995880127
7425,10,train/lr,5.856306470483834e-07
7426,10,train/loss,1.5070111751556396
7426,10,train/lr,5.829486780815418e-07
7427,10,train/loss,1.1932286024093628
7427,10,train/lr,5.80272812850735e-07
7428,10,train/loss,1.2255690097808838
7428,10,train/lr,5.776030518305102e-07
7429,10,train/loss,1.3192694187164307
7429,10,train/lr,5.74939395494346e-07
7430,10,train/loss,1.4257936477661133
7430,10,train/lr,5.722818443146326e-07
7431,10,train/loss,1.3250677585601807
7431,10,train/lr,5.696303987626727e-07
7432,10,train/loss,1.4181426763534546
7432,10,train/lr,5.669850593086961e-07
7433,10,train/loss,1.263667106628418
7433,10,train/lr,5.64345826421837e-07
7434,10,train/loss,1.2738205194473267
7434,10,train/lr,5.617127005701571e-07
7435,10,train/loss,1.3967006206512451
7435,10,train/lr,5.590856822206341e-07
7436,10,train/loss,1.2631632089614868
7436,10,train/lr,5.564647718391535e-07
7437,10,train/loss,1.4360604286193848
7437,10,train/lr,5.538499698905285e-07
7438,10,train/loss,1.462436318397522
7438,10,train/lr,5.512412768384844e-07
7439,10,train/loss,1.4637874364852905
7439,10,train/lr,5.486386931456621e-07
7440,10,train/loss,1.311195731163025
7440,10,train/lr,5.460422192736224e-07
7441,10,train/loss,1.3715746402740479
7441,10,train/lr,5.434518556828304e-07
7442,10,train/loss,1.2800358533859253
7442,10,train/lr,5.408676028326941e-07
7443,10,train/loss,1.1585651636123657
7443,10,train/lr,5.382894611815103e-07
7444,10,train/loss,1.3244372606277466
7444,10,train/lr,5.357174311865031e-07
7445,10,train/loss,1.2451114654541016
7445,10,train/lr,5.331515133038167e-07
7446,10,train/loss,1.4169433116912842
7446,10,train/lr,5.305917079885031e-07
7447,10,train/loss,1.456850290298462
7447,10,train/lr,5.280380156945341e-07
7448,10,train/loss,1.394692301750183
7448,10,train/lr,5.254904368748015e-07
7449,10,train/loss,1.1970561742782593
7449,10,train/lr,5.229489719811048e-07
7450,10,train/loss,1.4222373962402344
7450,10,train/lr,5.204136214641674e-07
7451,10,train/loss,1.4268908500671387
7451,10,train/lr,5.178843857736171e-07
7452,10,train/loss,1.1510831117630005
7452,10,train/lr,5.153612653580163e-07
7453,10,train/loss,1.397597312927246
7453,10,train/lr,5.128442606648208e-07
7454,10,train/loss,1.2968072891235352
7454,10,train/lr,5.103333721404134e-07
7455,10,train/loss,1.2737618684768677
7455,10,train/lr,5.078286002300968e-07
7456,10,train/loss,1.2988277673721313
7456,10,train/lr,5.053299453780741e-07
7457,10,train/loss,1.406463384628296
7457,10,train/lr,5.028374080274833e-07
7458,10,train/loss,1.2682989835739136
7458,10,train/lr,5.003509886203555e-07
7459,10,train/loss,1.418168544769287
7459,10,train/lr,4.978706875976529e-07
7460,10,train/loss,1.35636568069458
7460,10,train/lr,4.953965053992537e-07
7461,10,train/loss,1.2983392477035522
7461,10,train/lr,4.929284424639324e-07
7462,10,train/loss,1.3633841276168823
7462,10,train/lr,4.904664992293989e-07
7463,10,train/loss,1.2727999687194824
7463,10,train/lr,4.880106761322711e-07
7464,10,train/loss,1.2879835367202759
7464,10,train/lr,4.855609736080752e-07
7465,10,train/loss,1.1526670455932617
7465,10,train/lr,4.831173920912607e-07
7466,10,train/loss,1.2807552814483643
7466,10,train/lr,4.806799320151856e-07
7467,10,train/loss,1.3411860466003418
7467,10,train/lr,4.782485938121233e-07
7468,10,train/loss,1.4933607578277588
7468,10,train/lr,4.758233779132636e-07
7469,10,train/loss,1.3068991899490356
7469,10,train/lr,4.734042847487118e-07
7470,10,train/loss,1.2790591716766357
7470,10,train/lr,4.7099131474748144e-07
7471,10,train/loss,1.370171308517456
7471,10,train/lr,4.6858446833750175e-07
7472,10,train/loss,1.299735188484192
7472,10,train/lr,4.6618374594562577e-07
7473,10,train/loss,1.4048442840576172
7473,10,train/lr,4.637891479976108e-07
7474,10,train/loss,1.28486168384552
7474,10,train/lr,4.6140067491812204e-07
7475,10,train/loss,1.4900081157684326
7475,10,train/lr,4.590183271307563e-07
7476,10,train/loss,1.3621940612792969
7476,10,train/lr,4.5664210505800657e-07
7477,10,train/loss,1.4427509307861328
7477,10,train/lr,4.542720091212937e-07
7478,10,train/loss,1.3132299184799194
7478,10,train/lr,4.519080397409386e-07
7479,10,train/loss,1.4026559591293335
7479,10,train/lr,4.495501973361859e-07
7480,10,train/loss,1.2499444484710693
7480,10,train/lr,4.471984823251923e-07
7481,10,train/loss,1.1558210849761963
7481,10,train/lr,4.4485289512501855e-07
7482,10,train/loss,1.3912112712860107
7482,10,train/lr,4.425134361516569e-07
7483,10,train/loss,1.1797407865524292
7483,10,train/lr,4.401801058199922e-07
7484,10,train/loss,1.3900902271270752
7484,10,train/lr,4.378529045438328e-07
7485,10,train/loss,1.311624526977539
7485,10,train/lr,4.3553183273590695e-07
7486,10,train/loss,1.2999827861785889
7486,10,train/lr,4.3321689080783926e-07
7487,10,train/loss,1.2907263040542603
7487,10,train/lr,4.309080791701819e-07
7488,10,train/loss,1.5413687229156494
7488,10,train/lr,4.2860539823238725e-07
7489,10,train/loss,1.2129392623901367
7489,10,train/lr,4.2630884840283544e-07
7490,10,train/loss,1.3268498182296753
7490,10,train/lr,4.2401843008880275e-07
7491,10,train/loss,1.2150115966796875
7491,10,train/lr,4.2173414369649714e-07
7492,10,train/loss,1.3434417247772217
7492,10,train/lr,4.19455989631019e-07
7493,10,train/loss,1.2057654857635498
7493,10,train/lr,4.171839682963923e-07
7494,10,train/loss,1.2501676082611084
7494,10,train/lr,4.149180800955532e-07
7495,10,train/loss,1.212536334991455
7495,10,train/lr,4.1265832543034563e-07
7496,10,train/loss,1.280707597732544
7496,10,train/lr,4.1040470470153353e-07
7497,10,train/loss,1.414656400680542
7497,10,train/lr,4.0815721830878887e-07
7498,10,train/loss,1.2766324281692505
7498,10,train/lr,4.0591586665068786e-07
7499,10,train/loss,1.3302148580551147
7499,10,train/lr,4.0368065012473026e-07
7500,10,train/loss,1.3905048370361328
7500,10,train/lr,4.01451569127324e-07
7501,10,train/loss,1.2932393550872803
7501,10,train/lr,3.992286240537851e-07
7502,10,train/loss,1.1179039478302002
7502,10,train/lr,3.970118152983454e-07
7503,10,train/loss,1.3712778091430664
7503,10,train/lr,3.948011432541526e-07
7504,10,train/loss,1.3467413187026978
7504,10,train/lr,3.9259660831325866e-07
7505,10,train/loss,1.3355824947357178
7505,10,train/lr,3.9039821086662373e-07
7506,10,train/loss,1.2500593662261963
7506,10,train/lr,3.882059513041352e-07
7507,10,train/loss,1.358450174331665
7507,10,train/lr,3.8601983001457726e-07
7508,10,train/loss,1.2125285863876343
7508,10,train/lr,3.838398473856458e-07
7509,10,train/loss,1.3676106929779053
7509,10,train/lr,3.816660038039604e-07
7510,10,train/loss,1.2843644618988037
7510,10,train/lr,3.7949829965504107e-07
7511,10,train/loss,1.3176639080047607
7511,10,train/lr,3.773367353233236e-07
7512,10,train/loss,1.449988842010498
7512,10,train/lr,3.751813111921481e-07
7513,10,train/loss,1.3902243375778198
7513,10,train/lr,3.730320276437782e-07
7514,10,train/loss,1.2525050640106201
7514,10,train/lr,3.7088888505937387e-07
7515,10,train/loss,1.2646605968475342
7515,10,train/lr,3.68751883819019e-07
7516,10,train/loss,1.2957184314727783
7516,10,train/lr,3.6662102430170535e-07
7517,10,train/loss,1.3478367328643799
7517,10,train/lr,3.6449630688532514e-07
7518,10,train/loss,1.4124555587768555
7518,10,train/lr,3.623777319466903e-07
7519,10,train/loss,1.3250641822814941
7519,10,train/lr,3.602652998615285e-07
7520,10,train/loss,1.265620231628418
7520,10,train/lr,3.581590110044641e-07
7521,10,train/loss,1.1519644260406494
7521,10,train/lr,3.560588657490448e-07
7522,10,train/loss,1.2757612466812134
7522,10,train/lr,3.539648644677229e-07
7523,10,train/loss,1.3779008388519287
7523,10,train/lr,3.518770075318622e-07
7524,10,train/loss,1.5011154413223267
7524,10,train/lr,3.49795295311735e-07
7525,10,train/loss,1.1930365562438965
7525,10,train/lr,3.477197281765215e-07
7526,10,train/loss,1.1892411708831787
7526,10,train/lr,3.4565030649432554e-07
7527,10,train/loss,1.3370585441589355
7527,10,train/lr,3.4358703063214365e-07
7528,10,train/loss,1.2426955699920654
7528,10,train/lr,3.4152990095588803e-07
7529,10,train/loss,1.384019374847412
7529,10,train/lr,3.394789178303908e-07
7530,10,train/loss,1.464102864265442
7530,10,train/lr,3.3743408161938046e-07
7531,10,train/loss,1.2974247932434082
7531,10,train/lr,3.353953926855013e-07
7532,10,train/loss,1.1568652391433716
7532,10,train/lr,3.333628513903136e-07
7533,10,train/loss,1.2858604192733765
7533,10,train/lr,3.31336458094274e-07
7534,10,train/loss,1.3013916015625
7534,10,train/lr,3.293162131567589e-07
7535,10,train/loss,1.2886544466018677
7535,10,train/lr,3.2730211693604904e-07
7536,10,train/loss,1.280869483947754
7536,10,train/lr,3.2529416978934074e-07
7537,10,train/loss,1.3137342929840088
7537,10,train/lr,3.2329237207273097e-07
7538,10,train/loss,1.4602718353271484
7538,10,train/lr,3.212967241412323e-07
7539,10,train/loss,1.1878947019577026
7539,10,train/lr,3.193072263487695e-07
7540,10,train/loss,1.3827013969421387
7540,10,train/lr,3.1732387904817137e-07
7541,10,train/loss,1.255335807800293
7541,10,train/lr,3.1534668259117104e-07
7542,10,train/loss,1.3296027183532715
7542,10,train/lr,3.133756373284252e-07
7543,10,train/loss,1.2533860206604004
7543,10,train/lr,3.1141074360948706e-07
7544,10,train/loss,1.2606593370437622
7544,10,train/lr,3.094520017828217e-07
7545,10,train/loss,1.2978451251983643
7545,10,train/lr,3.0749941219580634e-07
7546,10,train/loss,1.3091669082641602
7546,10,train/lr,3.0555297519473e-07
7547,10,train/loss,1.3184272050857544
7547,10,train/lr,3.0361269112478217e-07
7548,10,train/loss,1.324445128440857
7548,10,train/lr,3.016785603300603e-07
7549,10,train/loss,1.4825100898742676
7549,10,train/lr,2.9975058315358567e-07
7550,10,train/loss,1.2286839485168457
7550,10,train/lr,2.9782875993726807e-07
7551,10,train/loss,1.3240224123001099
7551,10,train/lr,2.9591309102194096e-07
7552,10,train/loss,1.2594255208969116
7552,10,train/lr,2.940035767473381e-07
7553,10,train/loss,1.4483426809310913
7553,10,train/lr,2.921002174521092e-07
7554,10,train/loss,1.3652751445770264
7554,10,train/lr,2.902030134738081e-07
7555,10,train/loss,1.3394923210144043
7555,10,train/lr,2.883119651488891e-07
7556,10,train/loss,1.4087228775024414
7556,10,train/lr,2.86427072812726e-07
7557,10,train/loss,1.3743112087249756
7557,10,train/lr,2.8454833679960486e-07
7558,10,train/loss,1.2476974725723267
7558,10,train/lr,2.826757574427041e-07
7559,10,train/loss,1.1468790769577026
7559,10,train/lr,2.8080933507412195e-07
7560,10,train/loss,1.4007854461669922
7560,10,train/lr,2.789490700248609e-07
7561,10,train/loss,1.3380768299102783
7561,10,train/lr,2.7709496262482757e-07
7562,10,train/loss,1.1548879146575928
7562,10,train/lr,2.7524701320284835e-07
7563,10,train/loss,1.3787094354629517
7563,10,train/lr,2.7340522208665003e-07
7564,10,train/loss,1.3161025047302246
7564,10,train/lr,2.7156958960286356e-07
7565,10,train/loss,1.2737913131713867
7565,10,train/lr,2.6974011607702793e-07
7566,10,train/loss,1.3975096940994263
7566,10,train/lr,2.67916801833602e-07
7567,10,train/loss,1.3285753726959229
7567,10,train/lr,2.660996471959409e-07
7568,10,train/loss,1.3209601640701294
7568,10,train/lr,2.6428865248630414e-07
7569,10,train/loss,1.334394931793213
7569,10,train/lr,2.6248381802587483e-07
7570,10,train/loss,1.313307762145996
7570,10,train/lr,2.6068514413472853e-07
7571,10,train/loss,1.3784739971160889
7571,10,train/lr,2.588926311318529e-07
7572,10,train/loss,1.2758560180664062
7572,10,train/lr,2.571062793351436e-07
7573,10,train/loss,1.3165662288665771
7573,10,train/lr,2.553260890614045e-07
7574,10,train/loss,1.38787841796875
7574,10,train/lr,2.535520606263436e-07
7575,10,train/loss,1.246337890625
7575,10,train/lr,2.5178419434458085e-07
7576,10,train/loss,1.2769010066986084
7576,10,train/lr,2.5002249052964053e-07
7577,10,train/loss,1.3821818828582764
7577,10,train/lr,2.4826694949395487e-07
7578,10,train/loss,1.4492924213409424
7578,10,train/lr,2.4651757154886045e-07
7579,10,train/loss,1.3710558414459229
7579,10,train/lr,2.447743570046057e-07
7580,10,train/loss,1.2597706317901611
7580,10,train/lr,2.430373061703356e-07
7581,10,train/loss,1.2735118865966797
7581,10,train/lr,2.4130641935411866e-07
7582,10,train/loss,1.25095534324646
7582,10,train/lr,2.3958169686291994e-07
7583,10,train/loss,1.2158873081207275
7583,10,train/lr,2.3786313900260867e-07
7584,10,train/loss,1.3800863027572632
7584,10,train/lr,2.3615074607796603e-07
7585,10,train/loss,1.3454561233520508
7585,10,train/lr,2.344445183926774e-07
7586,10,train/loss,1.3080295324325562
7586,10,train/lr,2.3274445624934024e-07
7587,10,train/loss,1.3177285194396973
7587,10,train/lr,2.3105055994944832e-07
7588,10,train/loss,1.1875829696655273
7588,10,train/lr,2.2936282979341526e-07
7589,10,train/loss,1.307920217514038
7589,10,train/lr,2.2768126608054717e-07
7590,10,train/loss,1.3064775466918945
7590,10,train/lr,2.2600586910906605e-07
7591,10,train/loss,1.243330955505371
7591,10,train/lr,2.2433663917609423e-07
7592,10,train/loss,1.2676485776901245
7592,10,train/lr,2.2267357657766993e-07
7593,10,train/loss,1.2186479568481445
7593,10,train/lr,2.2101668160872775e-07
7594,10,train/loss,1.3208415508270264
7594,10,train/lr,2.1936595456310658e-07
7595,10,train/loss,1.3114681243896484
7595,10,train/lr,2.1772139573356494e-07
7596,10,train/loss,1.1581182479858398
7596,10,train/lr,2.1608300541175405e-07
7597,10,train/loss,1.285405158996582
7597,10,train/lr,2.144507838882409e-07
7598,10,train/loss,1.3551948070526123
7598,10,train/lr,2.1282473145248503e-07
7599,10,train/loss,1.2568012475967407
7599,10,train/lr,2.1120484839286965e-07
7600,10,train/loss,1.6395316123962402
7600,10,train/lr,2.0959113499667447e-07
7601,10,train/loss,1.343499779701233
7601,10,train/lr,2.0798359155008325e-07
7602,10,train/loss,1.2891106605529785
7602,10,train/lr,2.0638221833818412e-07
7603,10,train/loss,1.3223885297775269
7603,10,train/lr,2.0478701564498101e-07
7604,10,train/loss,1.1480215787887573
7604,10,train/lr,2.0319798375337427e-07
7605,10,train/loss,1.3613777160644531
7605,10,train/lr,2.0161512294517234e-07
7606,10,train/loss,1.452884554862976
7606,10,train/lr,2.0003843350109184e-07
7607,10,train/loss,1.3991471529006958
7607,10,train/lr,1.984679157007496e-07
7608,10,train/loss,1.3665258884429932
7608,10,train/lr,1.9690356982267064e-07
7609,10,train/loss,1.2887638807296753
7609,10,train/lr,1.953453961442919e-07
7610,10,train/loss,1.2531142234802246
7610,10,train/lr,1.937933949419429e-07
7611,10,train/loss,1.347429871559143
7611,10,train/lr,1.9224756649086904e-07
7612,10,train/loss,1.2267160415649414
7612,10,train/lr,1.9070791106521988e-07
7613,10,train/loss,1.3201384544372559
7613,10,train/lr,1.8917442893804146e-07
7614,10,train/loss,1.4949865341186523
7614,10,train/lr,1.8764712038129183e-07
7615,10,train/loss,1.3581266403198242
7615,10,train/lr,1.8612598566583704e-07
7616,10,train/loss,1.215821385383606
7616,10,train/lr,1.8461102506144353e-07
7617,10,train/loss,1.293110728263855
7617,10,train/lr,1.8310223883678587e-07
7618,10,train/loss,1.2203757762908936
7618,10,train/lr,1.81599627259435e-07
7619,10,train/loss,1.2723205089569092
7619,10,train/lr,1.8010319059587773e-07
7620,10,train/loss,1.1523544788360596
7620,10,train/lr,1.7861292911150516e-07
7621,10,train/loss,1.2719188928604126
7621,10,train/lr,1.771288430706047e-07
7622,10,train/loss,1.2609952688217163
7622,10,train/lr,1.75650932736372e-07
7623,10,train/loss,1.3507592678070068
7623,10,train/lr,1.7417919837091455e-07
7624,10,train/loss,1.3327807188034058
7624,10,train/lr,1.7271364023523636e-07
7625,10,train/loss,1.3390545845031738
7625,10,train/lr,1.7125425858924958e-07
7626,10,train/loss,1.3273699283599854
7626,10,train/lr,1.6980105369176655e-07
7627,10,train/loss,1.4042503833770752
7627,10,train/lr,1.683540258005117e-07
7628,10,train/loss,1.3187168836593628
7628,10,train/lr,1.6691317517210977e-07
7629,10,train/loss,1.2226141691207886
7629,10,train/lr,1.6547850206208578e-07
7630,10,train/loss,1.26374089717865
7630,10,train/lr,1.6405000672488067e-07
7631,10,train/loss,1.3062752485275269
7631,10,train/lr,1.6262768941382787e-07
7632,10,train/loss,1.2872487306594849
7632,10,train/lr,1.6121155038116897e-07
7633,10,train/loss,1.296746850013733
7633,10,train/lr,1.5980158987805747e-07
7634,10,train/loss,1.2434839010238647
7634,10,train/lr,1.583978081545395e-07
7635,10,train/loss,1.2351182699203491
7635,10,train/lr,1.5700020545956926e-07
7636,10,train/loss,1.308595061302185
7636,10,train/lr,1.5560878204100902e-07
7637,10,train/loss,1.2416505813598633
7637,10,train/lr,1.5422353814562138e-07
7638,10,train/loss,1.4536068439483643
7638,10,train/lr,1.5284447401907708e-07
7639,10,train/loss,1.2618752717971802
7639,10,train/lr,1.514715899059432e-07
7640,10,train/loss,1.299973726272583
7640,10,train/lr,1.5010488604970282e-07
7641,10,train/loss,1.261293888092041
7641,10,train/lr,1.487443626927276e-07
7642,10,train/loss,1.3683075904846191
7642,10,train/lr,1.4739002007630506e-07
7643,10,train/loss,1.2460458278656006
7643,10,train/lr,1.4604185844062698e-07
7644,10,train/loss,1.162063717842102
7644,10,train/lr,1.4469987802477767e-07
7645,10,train/loss,1.1768805980682373
7645,10,train/lr,1.433640790667534e-07
7646,10,train/loss,1.241029143333435
7646,10,train/lr,1.4203446180345468e-07
7647,10,train/loss,1.339726209640503
7647,10,train/lr,1.407110264706901e-07
7648,10,train/loss,1.3434419631958008
7648,10,train/lr,1.3939377330315694e-07
7649,10,train/loss,1.44514799118042
7649,10,train/lr,1.380827025344683e-07
7650,10,train/loss,1.1323624849319458
7650,10,train/lr,1.3677781439713764e-07
7651,10,train/loss,1.2872596979141235
7651,10,train/lr,1.3547910912258265e-07
7652,10,train/loss,1.3327749967575073
7652,10,train/lr,1.3418658694112517e-07
7653,10,train/loss,1.233400583267212
7653,10,train/lr,1.329002480819874e-07
7654,10,train/loss,1.23703932762146
7654,10,train/lr,1.3162009277329576e-07
7655,10,train/loss,1.2566499710083008
7655,10,train/lr,1.303461212420809e-07
7656,10,train/loss,1.2967801094055176
7656,10,train/lr,1.2907833371428145e-07
7657,10,train/loss,1.3909616470336914
7657,10,train/lr,1.2781673041473262e-07
7658,10,train/loss,1.412911295890808
7658,10,train/lr,1.2656131156716985e-07
7659,10,train/loss,1.2765848636627197
7659,10,train/lr,1.2531207739424454e-07
7660,10,train/loss,1.2388122081756592
7660,10,train/lr,1.2406902811750054e-07
7661,10,train/loss,1.2970879077911377
7661,10,train/lr,1.2283216395738594e-07
7662,10,train/loss,1.395275354385376
7662,10,train/lr,1.2160148513325696e-07
7663,10,train/loss,1.2803131341934204
7663,10,train/lr,1.2037699186337014e-07
7664,10,train/loss,1.4566293954849243
7664,10,train/lr,1.1915868436488229e-07
7665,10,train/loss,1.237858533859253
7665,10,train/lr,1.179465628538545e-07
7666,10,train/loss,1.247681975364685
7666,10,train/lr,1.1674062754525981e-07
7667,10,train/loss,1.3945969343185425
7667,10,train/lr,1.1554087865295603e-07
7668,10,train/loss,1.4900211095809937
7668,10,train/lr,1.143473163897246e-07
7669,10,train/loss,1.184452772140503
7669,10,train/lr,1.131599409672318e-07
7670,10,train/loss,1.2320835590362549
7670,10,train/lr,1.1197875259605581e-07
7671,10,train/loss,1.2353272438049316
7671,10,train/lr,1.1080375148567522e-07
7672,10,train/loss,1.2769421339035034
7672,10,train/lr,1.0963493784447664e-07
7673,10,train/loss,1.3530845642089844
7673,10,train/lr,1.0847231187973926e-07
7674,10,train/loss,1.3684959411621094
7674,10,train/lr,1.0731587379765427e-07
7675,10,train/loss,1.3539719581604004
7675,10,train/lr,1.0616562380330929e-07
7676,10,train/loss,1.2430546283721924
7676,10,train/lr,1.0502156210070001e-07
7677,10,train/loss,1.2358603477478027
7677,10,train/lr,1.038836888927147e-07
7678,10,train/loss,1.194813847541809
7678,10,train/lr,1.0275200438116138e-07
7679,10,train/loss,1.133347511291504
7679,10,train/lr,1.0162650876672896e-07
7680,10,train/loss,1.2228021621704102
7680,10,train/lr,1.0050720224902997e-07
7681,10,train/loss,1.2255783081054688
7681,10,train/lr,9.939408502656176e-08
7682,10,train/loss,1.2796082496643066
7682,10,train/lr,9.828715729673364e-08
7683,10,train/loss,1.300301432609558
7683,10,train/lr,9.718641925585913e-08
7684,10,train/loss,1.3590303659439087
7684,10,train/lr,9.609187109914429e-08
7685,10,train/loss,1.2636444568634033
7685,10,train/lr,9.500351302070719e-08
7686,10,train/loss,1.325544834136963
7686,10,train/lr,9.392134521356232e-08
7687,10,train/loss,1.2716314792633057
7687,10,train/lr,9.284536786962837e-08
7688,10,train/loss,1.3198997974395752
7688,10,train/lr,9.177558117972439e-08
7689,10,train/loss,1.3814117908477783
7689,10,train/lr,9.07119853335736e-08
7690,10,train/loss,1.4590269327163696
7690,10,train/lr,8.965458051980345e-08
7691,10,train/loss,1.2062230110168457
7691,10,train/lr,8.860336692594172e-08
7692,10,train/loss,1.3807430267333984
7692,10,train/lr,8.755834473840873e-08
7693,10,train/loss,1.3081209659576416
7693,10,train/lr,8.651951414254455e-08
7694,10,train/loss,1.3076040744781494
7694,10,train/lr,8.548687532257791e-08
7695,10,train/loss,1.320556402206421
7695,10,train/lr,8.44604284616457e-08
7696,10,train/loss,1.3064079284667969
7696,10,train/lr,8.344017374178114e-08
7697,10,train/loss,1.2652087211608887
7697,10,train/lr,8.242611134392175e-08
7698,10,train/loss,1.2765566110610962
7698,10,train/lr,8.14182414479131e-08
7699,10,train/loss,1.3464927673339844
7699,10,train/lr,8.041656423249332e-08
7700,10,train/loss,1.5056588649749756
7700,10,train/lr,7.942107987530866e-08
7701,10,train/loss,1.2029905319213867
7701,10,train/lr,7.843178855290177e-08
7702,10,train/loss,1.3906924724578857
7702,10,train/lr,7.744869044071955e-08
7703,10,train/loss,1.2430440187454224
7703,10,train/lr,7.647178571311308e-08
7704,10,train/loss,1.3519269227981567
7704,10,train/lr,7.550107454333376e-08
7705,10,train/loss,1.3069262504577637
7705,10,train/lr,7.453655710352946e-08
7706,10,train/loss,1.1908626556396484
7706,10,train/lr,7.357823356475612e-08
7707,10,train/loss,1.3793933391571045
7707,10,train/lr,7.262610409697001e-08
7708,10,train/loss,1.3579797744750977
7708,10,train/lr,7.168016886902772e-08
7709,10,train/loss,1.3307315111160278
7709,10,train/lr,7.074042804868229e-08
7710,10,train/loss,1.3570477962493896
7710,10,train/lr,6.980688180259874e-08
7711,10,train/loss,1.3366940021514893
7711,10,train/lr,6.887953029633852e-08
7712,10,train/loss,1.1598784923553467
7712,10,train/lr,6.795837369435953e-08
7713,10,train/loss,1.2185508012771606
7713,10,train/lr,6.704341216003161e-08
7714,10,train/loss,1.3106987476348877
7714,10,train/lr,6.613464585561335e-08
7715,10,train/loss,1.3497099876403809
7715,10,train/lr,6.523207494227134e-08
7716,10,train/loss,1.3312814235687256
7716,10,train/lr,6.433569958008033e-08
7717,10,train/loss,1.1599828004837036
7717,10,train/lr,6.344551992799985e-08
7718,10,train/loss,1.307209849357605
7718,10,train/lr,6.256153614390525e-08
7719,10,train/loss,1.369612455368042
7719,10,train/lr,6.168374838456836e-08
7720,10,train/loss,1.2074147462844849
7720,10,train/lr,6.081215680566132e-08
7721,10,train/loss,1.2452237606048584
7721,10,train/lr,5.99467615617566e-08
7722,10,train/loss,1.2030655145645142
7722,10,train/lr,5.9087562806326984e-08
7723,10,train/loss,1.3660171031951904
7723,10,train/lr,5.823456069174948e-08
7724,10,train/loss,1.4936118125915527
7724,10,train/lr,5.7387755369301404e-08
7725,10,train/loss,1.3550610542297363
7725,10,train/lr,5.654714698916041e-08
7726,10,train/loss,1.2320059537887573
7726,10,train/lr,5.571273570040835e-08
7727,10,train/loss,1.1733191013336182
7727,10,train/lr,5.4884521651019644e-08
7728,10,train/loss,1.2440847158432007
7728,10,train/lr,5.40625049878729e-08
7729,10,train/loss,1.2500560283660889
7729,10,train/lr,5.324668585675873e-08
7730,10,train/loss,1.1371800899505615
7730,10,train/lr,5.24370644023564e-08
7731,10,train/loss,1.3367929458618164
7731,10,train/lr,5.16336407682455e-08
7732,10,train/loss,1.3060835599899292
7732,10,train/lr,5.083641509691372e-08
7733,10,train/loss,1.3479735851287842
7733,10,train/lr,5.004538752974518e-08
7734,10,train/loss,1.316301941871643
7734,10,train/lr,4.9260558207024347e-08
7735,10,train/loss,1.3423116207122803
7735,10,train/lr,4.848192726793598e-08
7736,10,train/loss,1.333398461341858
7736,10,train/lr,4.7709494850576846e-08
7737,10,train/loss,1.3078757524490356
7737,10,train/lr,4.69432610919207e-08
7738,10,train/loss,1.3142549991607666
7738,10,train/lr,4.6183226127868845e-08
7739,10,train/loss,1.2189821004867554
7739,10,train/lr,4.542939009320346e-08
7740,10,train/loss,1.3055119514465332
7740,10,train/lr,4.4681753121618705e-08
7741,10,train/loss,1.3467168807983398
7741,10,train/lr,4.394031534570519e-08
7742,10,train/loss,1.191136360168457
7742,10,train/lr,4.320507689694608e-08
7743,10,train/loss,1.2900036573410034
7743,10,train/lr,4.247603790574427e-08
7744,10,train/loss,1.2371257543563843
7744,10,train/lr,4.1753198501387475e-08
7745,10,train/loss,1.2365624904632568
7745,10,train/lr,4.103655881206369e-08
7746,10,train/loss,1.2818987369537354
7746,10,train/lr,4.032611896487681e-08
7747,10,train/loss,1.3042579889297485
7747,10,train/lr,3.9621879085811604e-08
7748,10,train/loss,1.2701078653335571
7748,10,train/lr,3.892383929976484e-08
7749,10,train/loss,1.3742668628692627
7749,10,train/lr,3.823199973053359e-08
7750,10,train/loss,1.2554140090942383
7750,10,train/lr,3.75463605008075e-08
7751,10,train/loss,1.2480204105377197
7751,10,train/lr,3.686692173219208e-08
7752,10,train/loss,1.29665207862854
7752,10,train/lr,3.619368354517371e-08
7753,10,train/loss,1.3246854543685913
7753,10,train/lr,3.5526646059154674e-08
7754,10,train/loss,1.2308346033096313
7754,10,train/lr,3.486580939242589e-08
7755,10,train/loss,1.2322940826416016
7755,10,train/lr,3.421117366219028e-08
7756,10,train/loss,1.2419432401657104
7756,10,train/lr,3.3562738984539426e-08
7757,10,train/loss,1.281972885131836
7757,10,train/lr,3.2920505474476886e-08
7758,10,train/loss,1.326991081237793
7758,10,train/lr,3.228447324589489e-08
7759,10,train/loss,1.1427966356277466
7759,10,train/lr,3.1654642411597654e-08
7760,10,train/loss,1.2807008028030396
7760,10,train/lr,3.103101308327416e-08
7761,10,train/loss,1.3070844411849976
7761,10,train/lr,3.0413585371533155e-08
7762,10,train/loss,1.2320499420166016
7762,10,train/lr,2.980235938586428e-08
7763,10,train/loss,1.2112284898757935
7763,10,train/lr,2.9197335234669162e-08
7764,10,train/loss,1.1597635746002197
7764,10,train/lr,2.8598513025249735e-08
7765,10,train/loss,1.2381706237792969
7765,10,train/lr,2.8005892863800505e-08
7766,10,train/loss,1.2712610960006714
7766,10,train/lr,2.741947485542406e-08
7767,10,train/loss,1.3646025657653809
7767,10,train/lr,2.6839259104115552e-08
7768,10,train/loss,1.248660683631897
7768,10,train/lr,2.6265245712778214e-08
7769,10,train/loss,1.3668107986450195
7769,10,train/lr,2.5697434783211736e-08
7770,10,train/loss,1.2687666416168213
7770,10,train/lr,2.5135826416108342e-08
7771,10,train/loss,1.2108054161071777
7771,10,train/lr,2.4580420711076133e-08
7772,10,train/loss,1.2511953115463257
7772,10,train/lr,2.4031217766604107e-08
7773,10,train/loss,1.3186838626861572
7773,10,train/lr,2.3488217680101006e-08
7774,10,train/loss,1.4586063623428345
7774,10,train/lr,2.2951420547860367e-08
7775,10,train/loss,1.179399847984314
7775,10,train/lr,2.242082646508381e-08
7776,10,train/loss,1.2896151542663574
7776,10,train/lr,2.1896435525869393e-08
7777,10,train/loss,1.2052631378173828
7777,10,train/lr,2.137824782321551e-08
7778,10,train/loss,1.3222296237945557
7778,10,train/lr,2.086626344902087e-08
7779,10,train/loss,1.4431447982788086
7779,10,train/lr,2.0360482494084505e-08
7780,10,train/loss,1.3747423887252808
7780,10,train/lr,1.9860905048101894e-08
7781,10,train/loss,1.3952043056488037
7781,10,train/lr,1.93675311996766e-08
7782,10,train/loss,1.1171081066131592
7782,10,train/lr,1.888036103630086e-08
7783,10,train/loss,1.2034838199615479
7783,10,train/lr,1.8399394644378897e-08
7784,10,train/loss,1.270081639289856
7784,10,train/lr,1.7924632109203586e-08
7785,10,train/loss,1.2815033197402954
7785,10,train/lr,1.7456073514972025e-08
7786,10,train/loss,1.346590280532837
7786,10,train/lr,1.699371894478552e-08
7787,10,train/loss,1.2875213623046875
7787,10,train/lr,1.6537568480634033e-08
7788,10,train/loss,1.2910151481628418
7788,10,train/lr,1.6087622203423413e-08
7789,10,train/loss,1.2451485395431519
7789,10,train/lr,1.5643880192940383e-08
7790,10,train/loss,1.274778127670288
7790,10,train/lr,1.520634252788755e-08
7791,10,train/loss,1.3697926998138428
7791,10,train/lr,1.4775009285860062e-08
7792,10,train/loss,1.5080339908599854
7792,10,train/lr,1.4349880543349513e-08
7793,10,train/loss,1.3018938302993774
7793,10,train/lr,1.39309563757517e-08
7794,10,train/loss,1.417863130569458
7794,10,train/lr,1.3518236857366638e-08
7795,10,train/loss,1.3081592321395874
7795,10,train/lr,1.3111722061379115e-08
7796,10,train/loss,1.3113313913345337
7796,10,train/lr,1.2711412059893678e-08
7797,10,train/loss,1.3440353870391846
7797,10,train/lr,1.2317306923895765e-08
7798,10,train/loss,1.2280710935592651
7798,10,train/lr,1.1929406723282798e-08
7799,10,train/loss,1.3722336292266846
7799,10,train/lr,1.154771152684475e-08
7800,10,train/loss,1.4926995038986206
7800,10,train/lr,1.1172221402275806e-08
7801,10,train/loss,1.484845519065857
7801,10,train/lr,1.0802936416170472e-08
7802,10,train/loss,1.4804731607437134
7802,10,train/lr,1.0439856634011923e-08
7803,10,train/loss,1.3856885433197021
7803,10,train/lr,1.0082982120195316e-08
7804,10,train/loss,1.2841248512268066
7804,10,train/lr,9.732312938012243e-09
7805,10,train/loss,1.2714259624481201
7805,10,train/lr,9.387849149654624e-09
7806,10,train/loss,1.4183423519134521
7806,10,train/lr,9.04959081620693e-09
7807,10,train/loss,1.349069595336914
7807,10,train/lr,8.717537997661728e-09
7808,10,train/loss,1.4388576745986938
7808,10,train/lr,8.391690752904135e-09
7809,10,train/loss,1.2744394540786743
7809,10,train/lr,8.072049139719594e-09
7810,10,train/loss,1.296325445175171
7810,10,train/lr,7.758613214805531e-09
7811,10,train/loss,1.3440883159637451
7811,10,train/lr,7.451383033740265e-09
7812,10,train/loss,1.4913156032562256
7812,10,train/lr,7.150358651010213e-09
7813,10,train/loss,1.4291123151779175
7813,10,train/lr,6.8555401200021124e-09
7814,10,train/loss,1.407602310180664
7814,10,train/lr,6.566927493006913e-09
7815,10,train/loss,1.4132534265518188
7815,10,train/lr,6.284520821196459e-09
7816,10,train/loss,1.3571850061416626
7816,10,train/lr,6.008320154666235e-09
7817,10,train/loss,1.1167912483215332
7817,10,train/lr,5.738325542396505e-09
7818,10,train/loss,1.2954068183898926
7818,10,train/lr,5.47453703226397e-09
7819,10,train/loss,1.1597814559936523
7819,10,train/lr,5.216954671057316e-09
7820,10,train/loss,1.3270206451416016
7820,10,train/lr,4.965578504453893e-09
7821,10,train/loss,1.2701506614685059
7821,10,train/lr,4.7204085770352616e-09
7822,10,train/loss,1.2730835676193237
7822,10,train/lr,4.481444932283307e-09
7823,10,train/loss,1.2539474964141846
7823,10,train/lr,4.2486876125724656e-09
7824,10,train/loss,1.3517417907714844
7824,10,train/lr,4.022136659189157e-09
7825,10,train/loss,1.181191325187683
7825,10,train/lr,3.80179211230458e-09
7826,10,train/loss,1.1302499771118164
7826,10,train/lr,3.587654010998031e-09
7827,10,train/loss,1.4410539865493774
7827,10,train/lr,3.379722393249129e-09
7828,10,train/loss,1.1676990985870361
7828,10,train/lr,3.1779972959261603e-09
7829,10,train/loss,1.251462697982788
7829,10,train/lr,2.9824787548132778e-09
7830,10,train/loss,1.1472833156585693
7830,10,train/lr,2.7931668045794166e-09
7831,10,train/loss,1.2287007570266724
7831,10,train/lr,2.610061478801606e-09
7832,10,train/loss,1.1745719909667969
7832,10,train/lr,2.4331628099494293e-09
7833,10,train/loss,1.268717885017395
7833,10,train/lr,2.2624708293966786e-09
7834,10,train/loss,1.1891283988952637
7834,10,train/lr,2.0979855674174706e-09
7835,10,train/loss,1.3629710674285889
7835,10,train/lr,1.939707053178474e-09
7836,10,train/loss,1.277401328086853
7836,10,train/lr,1.7876353147544543e-09
7837,10,train/loss,1.4667701721191406
7837,10,train/lr,1.6417703791088422e-09
7838,10,train/loss,1.3174073696136475
7838,10,train/lr,1.502112272113165e-09
7839,10,train/loss,1.2290172576904297
7839,10,train/lr,1.3686610185353885e-09
7840,10,train/loss,1.4008536338806152
7840,10,train/lr,1.2414166420476878e-09
7841,10,train/loss,1.231031894683838
7841,10,train/lr,1.1203791652070192e-09
7842,10,train/loss,1.4796086549758911
7842,10,train/lr,1.0055486094823207e-09
7843,10,train/loss,1.2449023723602295
7843,10,train/lr,8.969249952428537e-10
7844,10,train/loss,1.3723671436309814
7844,10,train/lr,7.94508341746547e-10
7845,10,train/loss,1.3121774196624756
7845,10,train/lr,6.982986671594248e-10
7846,10,train/loss,1.1544305086135864
7846,10,train/lr,6.082959885439498e-10
7847,10,train/loss,1.271714448928833
7847,10,train/lr,5.245003218629084e-10
7848,10,train/loss,1.3300633430480957
7848,10,train/lr,4.4691168197552583e-10
7849,10,train/loss,1.4608805179595947
7849,10,train/lr,3.75530082641351e-10
7850,10,train/loss,1.2947129011154175
7850,10,train/lr,3.10355536520257e-10
7851,10,train/loss,1.231372356414795
7851,10,train/lr,2.5138805516855544e-10
7852,10,train/loss,1.391075611114502
7852,10,train/lr,1.986276490506533e-10
7853,10,train/loss,1.2039669752120972
7853,10,train/lr,1.5207432751573878e-10
7854,10,train/loss,1.2887506484985352
7854,10,train/lr,1.1172809882498135e-10
7855,10,train/loss,1.2299686670303345
7855,10,train/lr,7.758897013210308e-11
7856,10,train/loss,1.2355207204818726
7856,10,train/lr,4.9656947487264345e-11
7857,10,train/loss,1.460663914680481
7857,10,train/lr,2.7932035852606948e-11
7858,10,train/loss,1.3151161670684814
7858,10,train/lr,1.2414239075053679e-11
7859,10,train/loss,1.3091928958892822
7859,10,train/lr,3.103559905737185e-12
7860,10,train/loss,1.4252634048461914
7860,10,train/lr,0.0
7860,10,train/batches,3141.0
7860,10,train/compute_pct,99.88314753207216
7860,10,train/compute_sec,288.7105622201925
7860,10,train/data_wait_pct,0.11685246792784776
7860,10,train/data_wait_sec,0.33776009813300334
7860,10,train/examples,25128.0
7860,10,train/examples_per_sec,86.93356113766622
7860,10,train/input_tokens,2630749.0
7860,10,train/peak_vram_gb,6.712257385253906
7860,10,train/target_tokens,1953724.0
7860,10,train/tokens_per_sec,15860.576402000956
7860,10,train/total_sec,289.0483223183255
7860,10,train/epoch_loss,1.3119355415850071
7860,10,epoch10/batches,3141.0
7860,10,epoch10/compute_pct,99.88314753207216
7860,10,epoch10/compute_sec,288.7105622201925
7860,10,epoch10/data_wait_pct,0.11685246792784776
7860,10,epoch10/data_wait_sec,0.33776009813300334
7860,10,epoch10/examples,25128.0
7860,10,epoch10/examples_per_sec,86.93356113766622
7860,10,epoch10/input_tokens,2630749.0
7860,10,epoch10/peak_vram_gb,6.712257385253906
7860,10,epoch10/target_tokens,1953724.0
7860,10,epoch10/tokens_per_sec,15860.576402000956
7860,10,epoch10/total_sec,289.0483223183255
7860,10,val/bleu,32.40534569985554
7860,10,val/chrf,52.406243534724716
7860,10,val/combined,41.209737181563945
7860,10,val/eval_peak_vram_gb,6.712257385253906
7860,10,val/eval_samples_per_sec,11.907932784415339
7860,10,val/eval_seconds,242.94729004401597
7860,10,val/eval_tokens_per_sec,1369.2887866323983
