step,epoch,metric,value
1,1,train/loss,5.0076751708984375
1,1,train/lr,5.000000000000001e-07
2,1,train/loss,5.404507637023926
2,1,train/lr,1.0000000000000002e-06
3,1,train/loss,4.846444129943848
3,1,train/lr,1.5e-06
4,1,train/loss,5.145320415496826
4,1,train/lr,2.0000000000000003e-06
5,1,train/loss,5.061941146850586
5,1,train/lr,2.5e-06
6,1,train/loss,4.935809135437012
6,1,train/lr,3e-06
7,1,train/loss,5.028763294219971
7,1,train/lr,3.5000000000000004e-06
8,1,train/loss,4.805129051208496
8,1,train/lr,4.000000000000001e-06
9,1,train/loss,4.811267852783203
9,1,train/lr,4.5e-06
10,1,train/loss,4.524993896484375
10,1,train/lr,5e-06
11,1,train/loss,4.86246919631958
11,1,train/lr,5.500000000000001e-06
12,1,train/loss,4.709531784057617
12,1,train/lr,6e-06
13,1,train/loss,4.702061653137207
13,1,train/lr,6.5000000000000004e-06
14,1,train/loss,4.981251239776611
14,1,train/lr,7.000000000000001e-06
15,1,train/loss,4.644985675811768
15,1,train/lr,7.5e-06
16,1,train/loss,4.7884907722473145
16,1,train/lr,8.000000000000001e-06
17,1,train/loss,4.541399955749512
17,1,train/lr,8.500000000000002e-06
18,1,train/loss,4.837010383605957
18,1,train/lr,9e-06
19,1,train/loss,5.539493560791016
19,1,train/lr,9.5e-06
20,1,train/loss,4.968462944030762
20,1,train/lr,1e-05
21,1,train/loss,4.289680480957031
21,1,train/lr,1.05e-05
22,1,train/loss,5.5445475578308105
22,1,train/lr,1.1000000000000001e-05
23,1,train/loss,4.5100178718566895
23,1,train/lr,1.1500000000000002e-05
24,1,train/loss,5.801782131195068
24,1,train/lr,1.2e-05
25,1,train/loss,9.217819213867188
25,1,train/lr,1.25e-05
26,1,train/loss,5.172187805175781
26,1,train/lr,1.3000000000000001e-05
27,1,train/loss,4.892442226409912
27,1,train/lr,1.3500000000000001e-05
28,1,train/loss,6.878491401672363
28,1,train/lr,1.4000000000000001e-05
29,1,train/loss,4.957651138305664
29,1,train/lr,1.45e-05
30,1,train/loss,5.095772743225098
30,1,train/lr,1.5e-05
31,1,train/loss,5.056474208831787
31,1,train/lr,1.55e-05
32,1,train/loss,5.0328216552734375
32,1,train/lr,1.6000000000000003e-05
33,1,train/loss,4.891597270965576
33,1,train/lr,1.65e-05
34,1,train/loss,4.95716667175293
34,1,train/lr,1.7000000000000003e-05
35,1,train/loss,4.616608619689941
35,1,train/lr,1.75e-05
36,1,train/loss,5.540667533874512
36,1,train/lr,1.8e-05
37,1,train/loss,4.600968360900879
37,1,train/lr,1.85e-05
38,1,train/loss,4.467872619628906
38,1,train/lr,1.9e-05
39,1,train/loss,4.634057998657227
39,1,train/lr,1.9500000000000003e-05
40,1,train/loss,4.531300067901611
40,1,train/lr,2e-05
41,1,train/loss,4.120741367340088
41,1,train/lr,2.05e-05
42,1,train/loss,5.65196418762207
42,1,train/lr,2.1e-05
43,1,train/loss,4.666264057159424
43,1,train/lr,2.15e-05
44,1,train/loss,4.40866756439209
44,1,train/lr,2.2000000000000003e-05
45,1,train/loss,3.9804553985595703
45,1,train/lr,2.25e-05
46,1,train/loss,4.127677917480469
46,1,train/lr,2.3000000000000003e-05
47,1,train/loss,4.19295072555542
47,1,train/lr,2.35e-05
48,1,train/loss,4.544231414794922
48,1,train/lr,2.4e-05
49,1,train/loss,3.8585333824157715
49,1,train/lr,2.45e-05
50,1,train/loss,5.113514423370361
50,1,train/lr,2.5e-05
51,1,train/loss,4.9834465980529785
51,1,train/lr,2.5500000000000003e-05
52,1,train/loss,4.590991973876953
52,1,train/lr,2.6000000000000002e-05
53,1,train/loss,4.683128356933594
53,1,train/lr,2.6500000000000004e-05
54,1,train/loss,4.856749057769775
54,1,train/lr,2.7000000000000002e-05
55,1,train/loss,4.331892967224121
55,1,train/lr,2.7500000000000004e-05
56,1,train/loss,4.424143314361572
56,1,train/lr,2.8000000000000003e-05
57,1,train/loss,4.273626327514648
57,1,train/lr,2.8499999999999998e-05
58,1,train/loss,4.370431423187256
58,1,train/lr,2.9e-05
59,1,train/loss,4.089646339416504
59,1,train/lr,2.95e-05
60,1,train/loss,4.169445037841797
60,1,train/lr,3e-05
61,1,train/loss,4.015911102294922
61,1,train/lr,3.05e-05
62,1,train/loss,4.126492023468018
62,1,train/lr,3.1e-05
63,1,train/loss,4.051334381103516
63,1,train/lr,3.15e-05
64,1,train/loss,3.8729333877563477
64,1,train/lr,3.2000000000000005e-05
65,1,train/loss,3.7636117935180664
65,1,train/lr,3.2500000000000004e-05
66,1,train/loss,3.6483664512634277
66,1,train/lr,3.3e-05
67,1,train/loss,3.668823719024658
67,1,train/lr,3.35e-05
68,1,train/loss,3.470888137817383
68,1,train/lr,3.4000000000000007e-05
69,1,train/loss,3.8169872760772705
69,1,train/lr,3.45e-05
70,1,train/loss,3.473376750946045
70,1,train/lr,3.5e-05
71,1,train/loss,3.911623954772949
71,1,train/lr,3.55e-05
72,1,train/loss,3.5586414337158203
72,1,train/lr,3.6e-05
73,1,train/loss,3.4594311714172363
73,1,train/lr,3.65e-05
74,1,train/loss,3.425107002258301
74,1,train/lr,3.7e-05
75,1,train/loss,3.305016040802002
75,1,train/lr,3.7500000000000003e-05
76,1,train/loss,4.111969947814941
76,1,train/lr,3.8e-05
77,1,train/loss,3.91339373588562
77,1,train/lr,3.85e-05
78,1,train/loss,3.7200472354888916
78,1,train/lr,3.9000000000000006e-05
79,1,train/loss,3.7837367057800293
79,1,train/lr,3.9500000000000005e-05
80,1,train/loss,3.853921890258789
80,1,train/lr,4e-05
81,1,train/loss,3.668515682220459
81,1,train/lr,4.05e-05
82,1,train/loss,3.4662179946899414
82,1,train/lr,4.1e-05
83,1,train/loss,3.568659543991089
83,1,train/lr,4.15e-05
84,1,train/loss,3.4499921798706055
84,1,train/lr,4.2e-05
85,1,train/loss,3.410574436187744
85,1,train/lr,4.25e-05
86,1,train/loss,3.4493231773376465
86,1,train/lr,4.3e-05
87,1,train/loss,3.2276992797851562
87,1,train/lr,4.35e-05
88,1,train/loss,3.356938362121582
88,1,train/lr,4.4000000000000006e-05
89,1,train/loss,3.350301742553711
89,1,train/lr,4.4500000000000004e-05
90,1,train/loss,3.2043042182922363
90,1,train/lr,4.5e-05
91,1,train/loss,3.053913116455078
91,1,train/lr,4.55e-05
92,1,train/loss,3.1582632064819336
92,1,train/lr,4.600000000000001e-05
93,1,train/loss,3.1322779655456543
93,1,train/lr,4.6500000000000005e-05
94,1,train/loss,3.1474223136901855
94,1,train/lr,4.7e-05
95,1,train/loss,3.077289342880249
95,1,train/lr,4.75e-05
96,1,train/loss,3.0820822715759277
96,1,train/lr,4.8e-05
97,1,train/loss,3.054460048675537
97,1,train/lr,4.85e-05
98,1,train/loss,2.9110474586486816
98,1,train/lr,4.9e-05
99,1,train/loss,2.896109104156494
99,1,train/lr,4.9500000000000004e-05
100,1,train/loss,2.921212911605835
100,1,train/lr,5e-05
101,1,train/loss,3.545696258544922
101,1,train/lr,5.05e-05
102,1,train/loss,3.4459304809570312
102,1,train/lr,5.1000000000000006e-05
103,1,train/loss,3.2422454357147217
103,1,train/lr,5.1500000000000005e-05
104,1,train/loss,3.2882189750671387
104,1,train/lr,5.2000000000000004e-05
105,1,train/loss,3.148624897003174
105,1,train/lr,5.25e-05
106,1,train/loss,3.214477062225342
106,1,train/lr,5.300000000000001e-05
107,1,train/loss,3.1349618434906006
107,1,train/lr,5.3500000000000006e-05
108,1,train/loss,2.908395767211914
108,1,train/lr,5.4000000000000005e-05
109,1,train/loss,3.0317625999450684
109,1,train/lr,5.45e-05
110,1,train/loss,2.864114284515381
110,1,train/lr,5.500000000000001e-05
111,1,train/loss,2.930532932281494
111,1,train/lr,5.550000000000001e-05
112,1,train/loss,3.0352730751037598
112,1,train/lr,5.6000000000000006e-05
113,1,train/loss,2.9409656524658203
113,1,train/lr,5.65e-05
114,1,train/loss,2.883324146270752
114,1,train/lr,5.6999999999999996e-05
115,1,train/loss,2.642043113708496
115,1,train/lr,5.7499999999999995e-05
116,1,train/loss,2.6751768589019775
116,1,train/lr,5.8e-05
117,1,train/loss,2.4692001342773438
117,1,train/lr,5.85e-05
118,1,train/loss,2.714778423309326
118,1,train/lr,5.9e-05
119,1,train/loss,2.7229506969451904
119,1,train/lr,5.95e-05
120,1,train/loss,2.5344276428222656
120,1,train/lr,6e-05
121,1,train/loss,2.584649085998535
121,1,train/lr,6.05e-05
122,1,train/loss,2.4292948246002197
122,1,train/lr,6.1e-05
123,1,train/loss,2.5049080848693848
123,1,train/lr,6.15e-05
124,1,train/loss,2.57900071144104
124,1,train/lr,6.2e-05
125,1,train/loss,2.6864476203918457
125,1,train/lr,6.25e-05
126,1,train/loss,3.160098075866699
126,1,train/lr,6.3e-05
127,1,train/loss,2.882420063018799
127,1,train/lr,6.35e-05
128,1,train/loss,2.9021897315979004
128,1,train/lr,6.400000000000001e-05
129,1,train/loss,2.7962822914123535
129,1,train/lr,6.450000000000001e-05
130,1,train/loss,2.645087718963623
130,1,train/lr,6.500000000000001e-05
131,1,train/loss,2.7700071334838867
131,1,train/lr,6.55e-05
132,1,train/loss,2.5478408336639404
132,1,train/lr,6.6e-05
133,1,train/loss,2.570749282836914
133,1,train/lr,6.65e-05
134,1,train/loss,2.62843656539917
134,1,train/lr,6.7e-05
135,1,train/loss,2.619581937789917
135,1,train/lr,6.750000000000001e-05
136,1,train/loss,2.723926067352295
136,1,train/lr,6.800000000000001e-05
137,1,train/loss,2.4391088485717773
137,1,train/lr,6.850000000000001e-05
138,1,train/loss,2.4426825046539307
138,1,train/lr,6.9e-05
139,1,train/loss,2.3911561965942383
139,1,train/lr,6.95e-05
140,1,train/loss,2.576132297515869
140,1,train/lr,7e-05
141,1,train/loss,2.3212389945983887
141,1,train/lr,7.05e-05
142,1,train/loss,2.2859575748443604
142,1,train/lr,7.1e-05
143,1,train/loss,2.4621963500976562
143,1,train/lr,7.15e-05
144,1,train/loss,2.3358066082000732
144,1,train/lr,7.2e-05
145,1,train/loss,2.3801321983337402
145,1,train/lr,7.25e-05
146,1,train/loss,2.383452892303467
146,1,train/lr,7.3e-05
147,1,train/loss,2.372121810913086
147,1,train/lr,7.35e-05
148,1,train/loss,2.3524057865142822
148,1,train/lr,7.4e-05
149,1,train/loss,2.26413631439209
149,1,train/lr,7.450000000000001e-05
150,1,train/loss,2.400569438934326
150,1,train/lr,7.500000000000001e-05
151,1,train/loss,2.8805081844329834
151,1,train/lr,7.55e-05
152,1,train/loss,2.4568357467651367
152,1,train/lr,7.6e-05
153,1,train/loss,2.5420258045196533
153,1,train/lr,7.65e-05
154,1,train/loss,2.51704740524292
154,1,train/lr,7.7e-05
155,1,train/loss,2.4967522621154785
155,1,train/lr,7.75e-05
156,1,train/loss,2.3356635570526123
156,1,train/lr,7.800000000000001e-05
157,1,train/loss,2.333610773086548
157,1,train/lr,7.850000000000001e-05
158,1,train/loss,2.6293091773986816
158,1,train/lr,7.900000000000001e-05
159,1,train/loss,2.3773417472839355
159,1,train/lr,7.950000000000001e-05
160,1,train/loss,2.3607177734375
160,1,train/lr,8e-05
161,1,train/loss,2.5456182956695557
161,1,train/lr,8.05e-05
162,1,train/loss,2.3842015266418457
162,1,train/lr,8.1e-05
163,1,train/loss,2.3998453617095947
163,1,train/lr,8.15e-05
164,1,train/loss,2.4637842178344727
164,1,train/lr,8.2e-05
165,1,train/loss,2.2620670795440674
165,1,train/lr,8.25e-05
166,1,train/loss,2.1045022010803223
166,1,train/lr,8.3e-05
167,1,train/loss,2.1619482040405273
167,1,train/lr,8.35e-05
168,1,train/loss,2.2196388244628906
168,1,train/lr,8.4e-05
169,1,train/loss,2.1636648178100586
169,1,train/lr,8.450000000000001e-05
170,1,train/loss,2.297579288482666
170,1,train/lr,8.5e-05
171,1,train/loss,2.26889705657959
171,1,train/lr,8.55e-05
172,1,train/loss,2.089555501937866
172,1,train/lr,8.6e-05
173,1,train/loss,2.2910561561584473
173,1,train/lr,8.65e-05
174,1,train/loss,2.33921217918396
174,1,train/lr,8.7e-05
175,1,train/loss,2.3010003566741943
175,1,train/lr,8.75e-05
176,1,train/loss,2.643068552017212
176,1,train/lr,8.800000000000001e-05
177,1,train/loss,2.4340713024139404
177,1,train/lr,8.850000000000001e-05
178,1,train/loss,2.4263229370117188
178,1,train/lr,8.900000000000001e-05
179,1,train/loss,2.4334282875061035
179,1,train/lr,8.950000000000001e-05
180,1,train/loss,2.205336570739746
180,1,train/lr,9e-05
181,1,train/loss,2.3944668769836426
181,1,train/lr,9.05e-05
182,1,train/loss,2.23703932762146
182,1,train/lr,9.1e-05
183,1,train/loss,2.248765468597412
183,1,train/lr,9.15e-05
184,1,train/loss,2.236083507537842
184,1,train/lr,9.200000000000001e-05
185,1,train/loss,2.45920729637146
185,1,train/lr,9.250000000000001e-05
186,1,train/loss,2.2296650409698486
186,1,train/lr,9.300000000000001e-05
187,1,train/loss,2.268171548843384
187,1,train/lr,9.350000000000001e-05
188,1,train/loss,2.514039993286133
188,1,train/lr,9.4e-05
189,1,train/loss,2.3496007919311523
189,1,train/lr,9.449999999999999e-05
190,1,train/loss,2.248917579650879
190,1,train/lr,9.5e-05
191,1,train/loss,2.2289037704467773
191,1,train/lr,9.55e-05
192,1,train/loss,2.084796905517578
192,1,train/lr,9.6e-05
193,1,train/loss,2.2041611671447754
193,1,train/lr,9.65e-05
194,1,train/loss,2.271958589553833
194,1,train/lr,9.7e-05
195,1,train/loss,2.1072258949279785
195,1,train/lr,9.75e-05
196,1,train/loss,2.04170560836792
196,1,train/lr,9.8e-05
197,1,train/loss,2.1239161491394043
197,1,train/lr,9.850000000000001e-05
198,1,train/loss,2.132889747619629
198,1,train/lr,9.900000000000001e-05
199,1,train/loss,2.080021381378174
199,1,train/lr,9.95e-05
200,1,train/loss,2.3597097396850586
200,1,train/lr,0.0001
201,1,train/loss,2.270913600921631
201,1,train/lr,9.999998997056688e-05
202,1,train/loss,2.454951047897339
202,1,train/lr,9.999995988227156e-05
203,1,train/loss,2.4235877990722656
203,1,train/lr,9.99999097351261e-05
204,1,train/loss,2.200417995452881
204,1,train/lr,9.99998395291506e-05
205,1,train/loss,2.1319327354431152
205,1,train/lr,9.999974926437326e-05
206,1,train/loss,2.1713850498199463
206,1,train/lr,9.999963894083026e-05
207,1,train/loss,2.13485050201416
207,1,train/lr,9.999950855856588e-05
208,1,train/loss,2.145688772201538
208,1,train/lr,9.999935811763241e-05
209,1,train/loss,2.12869930267334
209,1,train/lr,9.999918761809024e-05
210,1,train/loss,2.021973133087158
210,1,train/lr,9.999899706000773e-05
211,1,train/loss,2.1259725093841553
211,1,train/lr,9.999878644346134e-05
212,1,train/loss,2.0136265754699707
212,1,train/lr,9.999855576853556e-05
213,1,train/loss,2.1521027088165283
213,1,train/lr,9.999830503532294e-05
214,1,train/loss,2.248624801635742
214,1,train/lr,9.999803424392409e-05
215,1,train/loss,2.0403928756713867
215,1,train/lr,9.99977433944476e-05
215,1,train/batches,429.0
215,1,train/compute_pct,99.9114944425533
215,1,train/compute_sec,47.785994683072204
215,1,train/data_wait_pct,0.08850555744669426
215,1,train/data_wait_sec,0.04233072602073662
215,1,train/examples,5148.0
215,1,train/examples_per_sec,107.63496225233263
215,1,train/input_tokens,1561228.0
215,1,train/peak_vram_gb,4.927029609680176
215,1,train/target_tokens,417019.0
215,1,train/tokens_per_sec,41361.410483836495
215,1,train/total_sec,47.82832540909294
215,1,train/epoch_loss,3.3303055168587568
215,1,epoch1/batches,429.0
215,1,epoch1/compute_pct,99.9114944425533
215,1,epoch1/compute_sec,47.785994683072204
215,1,epoch1/data_wait_pct,0.08850555744669426
215,1,epoch1/data_wait_sec,0.04233072602073662
215,1,epoch1/examples,5148.0
215,1,epoch1/examples_per_sec,107.63496225233263
215,1,epoch1/input_tokens,1561228.0
215,1,epoch1/peak_vram_gb,4.927029609680176
215,1,epoch1/target_tokens,417019.0
215,1,epoch1/tokens_per_sec,41361.410483836495
215,1,epoch1/total_sec,47.82832540909294
215,1,val/bleu,10.737383137193333
215,1,val/chrf,25.981557231500563
215,1,val/combined,16.70251281979863
215,1,val/eval_peak_vram_gb,4.927029609680176
215,1,val/eval_samples_per_sec,6.3710938951701594
215,1,val/eval_seconds,90.09441854798933
215,1,val/eval_tokens_per_sec,2146.414873602797
216,2,train/loss,2.492363929748535
216,2,train/lr,9.999743248701019e-05
217,2,train/loss,2.206969738006592
217,2,train/lr,9.999710152173656e-05
218,2,train/loss,2.1862387657165527
218,2,train/lr,9.99967504987595e-05
219,2,train/loss,2.124009132385254
219,2,train/lr,9.999637941821985e-05
220,2,train/loss,2.1547818183898926
220,2,train/lr,9.999598828026644e-05
221,2,train/loss,2.186678886413574
221,2,train/lr,9.999557708505621e-05
222,2,train/loss,2.0986196994781494
222,2,train/lr,9.999514583275411e-05
223,2,train/loss,2.1314873695373535
223,2,train/lr,9.999469452353317e-05
224,2,train/loss,2.1154708862304688
224,2,train/lr,9.999422315757443e-05
225,2,train/loss,2.0812339782714844
225,2,train/lr,9.999373173506699e-05
226,2,train/loss,1.9285906553268433
226,2,train/lr,9.999322025620801e-05
227,2,train/loss,2.1011829376220703
227,2,train/lr,9.999268872120268e-05
228,2,train/loss,2.1834511756896973
228,2,train/lr,9.999213713026422e-05
229,2,train/loss,2.105833053588867
229,2,train/lr,9.999156548361394e-05
230,2,train/loss,2.0079383850097656
230,2,train/lr,9.999097378148115e-05
231,2,train/loss,2.014047622680664
231,2,train/lr,9.999036202410325e-05
232,2,train/loss,1.9200140237808228
232,2,train/lr,9.998973021172563e-05
233,2,train/loss,2.091139554977417
233,2,train/lr,9.998907834460181e-05
234,2,train/loss,2.1080756187438965
234,2,train/lr,9.998840642299327e-05
235,2,train/loss,1.886264443397522
235,2,train/lr,9.998771444716957e-05
236,2,train/loss,2.0461652278900146
236,2,train/lr,9.998700241740833e-05
237,2,train/loss,1.9501953125
237,2,train/lr,9.99862703339952e-05
238,2,train/loss,1.9724571704864502
238,2,train/lr,9.998551819722383e-05
239,2,train/loss,2.11448073387146
239,2,train/lr,9.998474600739602e-05
240,2,train/loss,2.1903886795043945
240,2,train/lr,9.998395376482152e-05
241,2,train/loss,2.417693614959717
241,2,train/lr,9.99831414698182e-05
242,2,train/loss,2.3220386505126953
242,2,train/lr,9.998230912271188e-05
243,2,train/loss,2.048281669616699
243,2,train/lr,9.99814567238365e-05
244,2,train/loss,2.145432949066162
244,2,train/lr,9.998058427353404e-05
245,2,train/loss,2.1919097900390625
245,2,train/lr,9.997969177215449e-05
246,2,train/loss,2.1174092292785645
246,2,train/lr,9.997877922005591e-05
247,2,train/loss,2.0416293144226074
247,2,train/lr,9.997784661760439e-05
248,2,train/loss,2.037656307220459
248,2,train/lr,9.997689396517407e-05
249,2,train/loss,1.9651768207550049
249,2,train/lr,9.997592126314713e-05
250,2,train/loss,2.1037399768829346
250,2,train/lr,9.997492851191379e-05
251,2,train/loss,2.066319227218628
251,2,train/lr,9.997391571187234e-05
252,2,train/loss,2.00235652923584
252,2,train/lr,9.997288286342908e-05
253,2,train/loss,2.001504421234131
253,2,train/lr,9.997182996699836e-05
254,2,train/loss,2.0609145164489746
254,2,train/lr,9.997075702300259e-05
255,2,train/loss,2.103038787841797
255,2,train/lr,9.99696640318722e-05
256,2,train/loss,1.8597571849822998
256,2,train/lr,9.996855099404568e-05
257,2,train/loss,2.0392096042633057
257,2,train/lr,9.996741790996956e-05
258,2,train/loss,1.8665649890899658
258,2,train/lr,9.996626478009838e-05
259,2,train/loss,2.050229549407959
259,2,train/lr,9.99650916048948e-05
260,2,train/loss,2.047091484069824
260,2,train/lr,9.996389838482942e-05
261,2,train/loss,2.002875328063965
261,2,train/lr,9.996268512038096e-05
262,2,train/loss,2.019648313522339
262,2,train/lr,9.996145181203615e-05
263,2,train/loss,2.0365636348724365
263,2,train/lr,9.996019846028977e-05
264,2,train/loss,2.1135094165802
264,2,train/lr,9.995892506564462e-05
265,2,train/loss,2.075540065765381
265,2,train/lr,9.995763162861157e-05
266,2,train/loss,2.071390390396118
266,2,train/lr,9.995631814970953e-05
267,2,train/loss,1.9830468893051147
267,2,train/lr,9.99549846294654e-05
268,2,train/loss,2.0921788215637207
268,2,train/lr,9.99536310684142e-05
269,2,train/loss,2.0270333290100098
269,2,train/lr,9.995225746709893e-05
270,2,train/loss,2.037494659423828
270,2,train/lr,9.995086382607064e-05
271,2,train/loss,2.2065491676330566
271,2,train/lr,9.994945014588843e-05
272,2,train/loss,2.10652494430542
272,2,train/lr,9.994801642711944e-05
273,2,train/loss,2.074603796005249
273,2,train/lr,9.994656267033885e-05
274,2,train/loss,2.117018938064575
274,2,train/lr,9.994508887612988e-05
275,2,train/loss,2.0199809074401855
275,2,train/lr,9.994359504508377e-05
276,2,train/loss,2.052924156188965
276,2,train/lr,9.994208117779979e-05
277,2,train/loss,1.9410254955291748
277,2,train/lr,9.994054727488532e-05
278,2,train/loss,2.0328872203826904
278,2,train/lr,9.993899333695569e-05
279,2,train/loss,1.8779244422912598
279,2,train/lr,9.993741936463432e-05
280,2,train/loss,2.034705638885498
280,2,train/lr,9.993582535855263e-05
281,2,train/loss,1.9750969409942627
281,2,train/lr,9.993421131935014e-05
282,2,train/loss,1.9204232692718506
282,2,train/lr,9.993257724767435e-05
283,2,train/loss,1.804523229598999
283,2,train/lr,9.993092314418078e-05
284,2,train/loss,1.8852031230926514
284,2,train/lr,9.992924900953306e-05
285,2,train/loss,1.8119559288024902
285,2,train/lr,9.992755484440278e-05
286,2,train/loss,1.873809576034546
286,2,train/lr,9.992584064946963e-05
287,2,train/loss,1.8052020072937012
287,2,train/lr,9.992410642542129e-05
288,2,train/loss,1.8845752477645874
288,2,train/lr,9.992235217295352e-05
289,2,train/loss,2.045314073562622
289,2,train/lr,9.992057789277003e-05
290,2,train/loss,1.8875703811645508
290,2,train/lr,9.991878358558268e-05
291,2,train/loss,1.9327723979949951
291,2,train/lr,9.991696925211127e-05
292,2,train/loss,2.1654794216156006
292,2,train/lr,9.991513489308368e-05
293,2,train/loss,2.152374029159546
293,2,train/lr,9.991328050923581e-05
294,2,train/loss,2.205115795135498
294,2,train/lr,9.99114061013116e-05
295,2,train/loss,2.084449052810669
295,2,train/lr,9.9909511670063e-05
296,2,train/loss,1.873971700668335
296,2,train/lr,9.990759721625005e-05
297,2,train/loss,1.970278024673462
297,2,train/lr,9.990566274064077e-05
298,2,train/loss,2.1420440673828125
298,2,train/lr,9.990370824401122e-05
299,2,train/loss,1.8921475410461426
299,2,train/lr,9.99017337271455e-05
300,2,train/loss,2.1540286540985107
300,2,train/lr,9.989973919083575e-05
301,2,train/loss,2.157094955444336
301,2,train/lr,9.989772463588212e-05
302,2,train/loss,2.0439019203186035
302,2,train/lr,9.989569006309283e-05
303,2,train/loss,2.0298118591308594
303,2,train/lr,9.989363547328407e-05
304,2,train/loss,1.9136555194854736
304,2,train/lr,9.989156086728013e-05
305,2,train/loss,1.9613511562347412
305,2,train/lr,9.988946624591326e-05
306,2,train/loss,1.7268433570861816
306,2,train/lr,9.98873516100238e-05
307,2,train/loss,1.8687876462936401
307,2,train/lr,9.988521696046008e-05
308,2,train/loss,1.7993426322937012
308,2,train/lr,9.988306229807849e-05
309,2,train/loss,2.056581735610962
309,2,train/lr,9.98808876237434e-05
310,2,train/loss,1.7598190307617188
310,2,train/lr,9.987869293832728e-05
311,2,train/loss,1.9556703567504883
311,2,train/lr,9.987647824271056e-05
312,2,train/loss,1.8812100887298584
312,2,train/lr,9.987424353778172e-05
313,2,train/loss,1.9398000240325928
313,2,train/lr,9.98719888244373e-05
314,2,train/loss,1.8609662055969238
314,2,train/lr,9.986971410358182e-05
315,2,train/loss,2.036348581314087
315,2,train/lr,9.986741937612787e-05
316,2,train/loss,2.123499870300293
316,2,train/lr,9.986510464299602e-05
317,2,train/loss,2.4332098960876465
317,2,train/lr,9.986276990511487e-05
318,2,train/loss,2.1184308528900146
318,2,train/lr,9.986041516342111e-05
319,2,train/loss,1.9514544010162354
319,2,train/lr,9.985804041885937e-05
320,2,train/loss,2.1104178428649902
320,2,train/lr,9.985564567238237e-05
321,2,train/loss,1.9743707180023193
321,2,train/lr,9.985323092495083e-05
322,2,train/loss,1.943709135055542
322,2,train/lr,9.985079617753346e-05
323,2,train/loss,1.924421787261963
323,2,train/lr,9.984834143110706e-05
324,2,train/loss,2.002729892730713
324,2,train/lr,9.98458666866564e-05
325,2,train/loss,1.9843566417694092
325,2,train/lr,9.98433719451743e-05
326,2,train/loss,1.8960747718811035
326,2,train/lr,9.984085720766159e-05
327,2,train/loss,1.9512178897857666
327,2,train/lr,9.983832247512712e-05
328,2,train/loss,1.8769176006317139
328,2,train/lr,9.983576774858776e-05
329,2,train/loss,1.8838937282562256
329,2,train/lr,9.983319302906844e-05
330,2,train/loss,1.8861922025680542
330,2,train/lr,9.983059831760206e-05
331,2,train/loss,1.7188360691070557
331,2,train/lr,9.982798361522955e-05
332,2,train/loss,1.857107162475586
332,2,train/lr,9.982534892299988e-05
333,2,train/loss,1.8996601104736328
333,2,train/lr,9.982269424197003e-05
334,2,train/loss,1.8400688171386719
334,2,train/lr,9.9820019573205e-05
335,2,train/loss,1.7932006120681763
335,2,train/lr,9.981732491777778e-05
336,2,train/loss,1.6586918830871582
336,2,train/lr,9.981461027676944e-05
337,2,train/loss,1.9137580394744873
337,2,train/lr,9.981187565126902e-05
338,2,train/loss,1.9076292514801025
338,2,train/lr,9.980912104237359e-05
339,2,train/loss,1.8915324211120605
339,2,train/lr,9.980634645118823e-05
340,2,train/loss,2.0381972789764404
340,2,train/lr,9.980355187882605e-05
341,2,train/loss,2.0426833629608154
341,2,train/lr,9.980073732640818e-05
342,2,train/loss,2.0223309993743896
342,2,train/lr,9.979790279506372e-05
343,2,train/loss,2.105886459350586
343,2,train/lr,9.979504828592985e-05
344,2,train/loss,2.070863723754883
344,2,train/lr,9.979217380015173e-05
345,2,train/loss,1.9599313735961914
345,2,train/lr,9.978927933888254e-05
346,2,train/loss,2.194357395172119
346,2,train/lr,9.978636490328345e-05
347,2,train/loss,1.8809895515441895
347,2,train/lr,9.978343049452369e-05
348,2,train/loss,1.8545982837677002
348,2,train/lr,9.978047611378048e-05
349,2,train/loss,1.969603419303894
349,2,train/lr,9.977750176223901e-05
350,2,train/loss,2.0208077430725098
350,2,train/lr,9.977450744109257e-05
351,2,train/loss,1.9407076835632324
351,2,train/lr,9.977149315154242e-05
352,2,train/loss,1.986594557762146
352,2,train/lr,9.976845889479778e-05
353,2,train/loss,1.835623025894165
353,2,train/lr,9.976540467207594e-05
354,2,train/loss,1.983039379119873
354,2,train/lr,9.97623304846022e-05
355,2,train/loss,1.7687833309173584
355,2,train/lr,9.975923633360985e-05
356,2,train/loss,1.814250111579895
356,2,train/lr,9.975612222034018e-05
357,2,train/loss,1.7814135551452637
357,2,train/lr,9.975298814604252e-05
358,2,train/loss,1.7948307991027832
358,2,train/lr,9.974983411197419e-05
359,2,train/loss,1.8954497575759888
359,2,train/lr,9.974666011940048e-05
360,2,train/loss,1.8264096975326538
360,2,train/lr,9.974346616959476e-05
361,2,train/loss,1.9781439304351807
361,2,train/lr,9.974025226383836e-05
362,2,train/loss,1.9128413200378418
362,2,train/lr,9.973701840342064e-05
363,2,train/loss,1.8515052795410156
363,2,train/lr,9.973376458963892e-05
364,2,train/loss,1.9556467533111572
364,2,train/lr,9.973049082379859e-05
365,2,train/loss,2.0151798725128174
365,2,train/lr,9.9727197107213e-05
366,2,train/loss,2.121840476989746
366,2,train/lr,9.97238834412035e-05
367,2,train/loss,2.003458023071289
367,2,train/lr,9.972054982709946e-05
368,2,train/loss,2.0617711544036865
368,2,train/lr,9.971719626623828e-05
369,2,train/loss,2.1357555389404297
369,2,train/lr,9.97138227599653e-05
370,2,train/loss,1.8922313451766968
370,2,train/lr,9.97104293096339e-05
371,2,train/loss,2.1898932456970215
371,2,train/lr,9.970701591660546e-05
372,2,train/loss,1.925201654434204
372,2,train/lr,9.970358258224936e-05
373,2,train/loss,2.033007860183716
373,2,train/lr,9.970012930794297e-05
374,2,train/loss,2.017716407775879
374,2,train/lr,9.969665609507168e-05
375,2,train/loss,1.9511672258377075
375,2,train/lr,9.969316294502884e-05
376,2,train/loss,1.8852657079696655
376,2,train/lr,9.968964985921582e-05
377,2,train/loss,1.9640977382659912
377,2,train/lr,9.968611683904203e-05
378,2,train/loss,1.9909604787826538
378,2,train/lr,9.968256388592481e-05
379,2,train/loss,1.9187707901000977
379,2,train/lr,9.967899100128951e-05
380,2,train/loss,1.7897145748138428
380,2,train/lr,9.967539818656953e-05
381,2,train/loss,1.7914512157440186
381,2,train/lr,9.967178544320618e-05
382,2,train/loss,1.725978136062622
382,2,train/lr,9.966815277264884e-05
383,2,train/loss,1.6646769046783447
383,2,train/lr,9.966450017635484e-05
384,2,train/loss,1.947725534439087
384,2,train/lr,9.966082765578954e-05
385,2,train/loss,1.800147533416748
385,2,train/lr,9.965713521242626e-05
386,2,train/loss,1.744490385055542
386,2,train/lr,9.965342284774632e-05
387,2,train/loss,1.784845232963562
387,2,train/lr,9.964969056323905e-05
388,2,train/loss,1.9470117092132568
388,2,train/lr,9.964593836040172e-05
389,2,train/loss,1.9022290706634521
389,2,train/lr,9.964216624073967e-05
390,2,train/loss,1.9589622020721436
390,2,train/lr,9.963837420576618e-05
391,2,train/loss,1.8247487545013428
391,2,train/lr,9.963456225700254e-05
392,2,train/loss,1.9813594818115234
392,2,train/lr,9.963073039597797e-05
393,2,train/loss,1.9246864318847656
393,2,train/lr,9.96268786242298e-05
394,2,train/loss,1.9148876667022705
394,2,train/lr,9.962300694330318e-05
395,2,train/loss,2.060776710510254
395,2,train/lr,9.961911535475141e-05
396,2,train/loss,1.955195665359497
396,2,train/lr,9.96152038601357e-05
397,2,train/loss,1.8379826545715332
397,2,train/lr,9.961127246102524e-05
398,2,train/loss,1.8591184616088867
398,2,train/lr,9.96073211589972e-05
399,2,train/loss,1.7374842166900635
399,2,train/lr,9.96033499556368e-05
400,2,train/loss,1.985982894897461
400,2,train/lr,9.959935885253716e-05
401,2,train/loss,2.0005860328674316
401,2,train/lr,9.959534785129943e-05
402,2,train/loss,1.8944225311279297
402,2,train/lr,9.959131695353272e-05
403,2,train/loss,1.7686209678649902
403,2,train/lr,9.958726616085415e-05
404,2,train/loss,1.881899118423462
404,2,train/lr,9.958319547488881e-05
405,2,train/loss,2.1701104640960693
405,2,train/lr,9.957910489726975e-05
406,2,train/loss,2.0010883808135986
406,2,train/lr,9.957499442963803e-05
407,2,train/loss,1.6452815532684326
407,2,train/lr,9.957086407364267e-05
408,2,train/loss,1.7419190406799316
408,2,train/lr,9.956671383094069e-05
409,2,train/loss,1.691056251525879
409,2,train/lr,9.956254370319707e-05
410,2,train/loss,1.8203480243682861
410,2,train/lr,9.955835369208473e-05
411,2,train/loss,1.809277057647705
411,2,train/lr,9.955414379928466e-05
412,2,train/loss,1.7183082103729248
412,2,train/lr,9.954991402648574e-05
413,2,train/loss,1.783299207687378
413,2,train/lr,9.954566437538489e-05
414,2,train/loss,1.8507120609283447
414,2,train/lr,9.954139484768695e-05
415,2,train/loss,1.8254821300506592
415,2,train/lr,9.953710544510478e-05
416,2,train/loss,2.082595109939575
416,2,train/lr,9.953279616935914e-05
417,2,train/loss,1.937991976737976
417,2,train/lr,9.952846702217886e-05
418,2,train/loss,2.177125930786133
418,2,train/lr,9.95241180053007e-05
419,2,train/loss,2.0247983932495117
419,2,train/lr,9.951974912046936e-05
420,2,train/loss,1.9619351625442505
420,2,train/lr,9.951536036943754e-05
421,2,train/loss,1.876767635345459
421,2,train/lr,9.951095175396592e-05
422,2,train/loss,1.9748730659484863
422,2,train/lr,9.950652327582315e-05
423,2,train/loss,1.961024522781372
423,2,train/lr,9.95020749367858e-05
424,2,train/loss,1.963881492614746
424,2,train/lr,9.949760673863846e-05
425,2,train/loss,1.6639714241027832
425,2,train/lr,9.949311868317369e-05
426,2,train/loss,1.8676130771636963
426,2,train/lr,9.948861077219194e-05
427,2,train/loss,1.8182300329208374
427,2,train/lr,9.948408300750174e-05
428,2,train/loss,1.6717274188995361
428,2,train/lr,9.947953539091949e-05
429,2,train/loss,1.8338532447814941
429,2,train/lr,9.947496792426963e-05
430,2,train/loss,2.0891690254211426
430,2,train/lr,9.94703806093845e-05
430,2,train/batches,429.0
430,2,train/compute_pct,99.91677024172486
430,2,train/compute_sec,47.99687544372864
430,2,train/data_wait_pct,0.08322975827514184
430,2,train/data_wait_sec,0.039980959467357025
430,2,train/examples,5148.0
430,2,train/examples_per_sec,107.16771215814805
430,2,train/input_tokens,1561075.0
430,2,train/peak_vram_gb,4.927029609680176
430,2,train/target_tokens,417324.0
430,2,train/tokens_per_sec,41185.02225446153
430,2,train/total_sec,48.036856403196
430,2,train/epoch_loss,1.9752979595344384
430,2,epoch2/batches,429.0
430,2,epoch2/compute_pct,99.91677024172486
430,2,epoch2/compute_sec,47.99687544372864
430,2,epoch2/data_wait_pct,0.08322975827514184
430,2,epoch2/data_wait_sec,0.039980959467357025
430,2,epoch2/examples,5148.0
430,2,epoch2/examples_per_sec,107.16771215814805
430,2,epoch2/input_tokens,1561075.0
430,2,epoch2/peak_vram_gb,4.927029609680176
430,2,epoch2/target_tokens,417324.0
430,2,epoch2/tokens_per_sec,41185.02225446153
430,2,epoch2/total_sec,48.036856403196
430,2,val/bleu,12.51866536859678
430,2,val/chrf,28.953600535691326
430,2,val/combined,19.03839374323223
430,2,val/eval_peak_vram_gb,4.927029609680176
430,2,val/eval_samples_per_sec,6.660780068137019
430,2,val/eval_seconds,86.17609260900645
430,2,val/eval_tokens_per_sec,2099.677468795903
431,3,train/loss,2.1739981174468994
431,3,train/lr,9.946577344810439e-05
432,3,train/loss,2.0155673027038574
432,3,train/lr,9.946114644227766e-05
433,3,train/loss,1.9233232736587524
433,3,train/lr,9.94564995937605e-05
434,3,train/loss,1.8065874576568604
434,3,train/lr,9.945183290441716e-05
435,3,train/loss,2.01513671875
435,3,train/lr,9.944714637611979e-05
436,3,train/loss,1.9229135513305664
436,3,train/lr,9.944244001074851e-05
437,3,train/loss,1.8376860618591309
437,3,train/lr,9.943771381019145e-05
438,3,train/loss,1.8244627714157104
438,3,train/lr,9.94329677763446e-05
439,3,train/loss,1.8716157674789429
439,3,train/lr,9.9428201911112e-05
440,3,train/loss,2.021026134490967
440,3,train/lr,9.942341621640558e-05
441,3,train/loss,1.9603896141052246
441,3,train/lr,9.941861069414527e-05
442,3,train/loss,1.7930583953857422
442,3,train/lr,9.941378534625892e-05
443,3,train/loss,1.768486738204956
443,3,train/lr,9.940894017468239e-05
444,3,train/loss,1.755051612854004
444,3,train/lr,9.94040751813594e-05
445,3,train/loss,1.9269345998764038
445,3,train/lr,9.939919036824171e-05
446,3,train/loss,1.657228708267212
446,3,train/lr,9.939428573728898e-05
447,3,train/loss,1.734825611114502
447,3,train/lr,9.938936129046885e-05
448,3,train/loss,1.8260018825531006
448,3,train/lr,9.938441702975689e-05
449,3,train/loss,1.9251415729522705
449,3,train/lr,9.937945295713663e-05
450,3,train/loss,1.800286054611206
450,3,train/lr,9.937446907459953e-05
451,3,train/loss,1.8951613903045654
451,3,train/lr,9.936946538414502e-05
452,3,train/loss,1.7513840198516846
452,3,train/lr,9.936444188778046e-05
453,3,train/loss,1.9090524911880493
453,3,train/lr,9.935939858752117e-05
454,3,train/loss,1.7789332866668701
454,3,train/lr,9.935433548539042e-05
455,3,train/loss,1.9655946493148804
455,3,train/lr,9.934925258341938e-05
456,3,train/loss,1.8719830513000488
456,3,train/lr,9.934414988364722e-05
457,3,train/loss,1.8966293334960938
457,3,train/lr,9.933902738812102e-05
458,3,train/loss,1.7830791473388672
458,3,train/lr,9.93338850988958e-05
459,3,train/loss,2.210761070251465
459,3,train/lr,9.932872301803456e-05
460,3,train/loss,1.9649372100830078
460,3,train/lr,9.932354114760818e-05
461,3,train/loss,1.9049482345581055
461,3,train/lr,9.931833948969551e-05
462,3,train/loss,1.8196277618408203
462,3,train/lr,9.931311804638334e-05
463,3,train/loss,1.8658828735351562
463,3,train/lr,9.930787681976643e-05
464,3,train/loss,1.9054968357086182
464,3,train/lr,9.930261581194738e-05
465,3,train/loss,1.894120216369629
465,3,train/lr,9.929733502503684e-05
466,3,train/loss,1.8939464092254639
466,3,train/lr,9.929203446115332e-05
467,3,train/loss,1.7176960706710815
467,3,train/lr,9.928671412242328e-05
468,3,train/loss,1.8651636838912964
468,3,train/lr,9.928137401098111e-05
469,3,train/loss,1.775597333908081
469,3,train/lr,9.927601412896917e-05
470,3,train/loss,1.742502212524414
470,3,train/lr,9.92706344785377e-05
471,3,train/loss,1.8086521625518799
471,3,train/lr,9.926523506184493e-05
472,3,train/loss,1.7138676643371582
472,3,train/lr,9.925981588105693e-05
473,3,train/loss,1.732792854309082
473,3,train/lr,9.92543769383478e-05
474,3,train/loss,1.7985703945159912
474,3,train/lr,9.92489182358995e-05
475,3,train/loss,1.837138295173645
475,3,train/lr,9.924343977590193e-05
476,3,train/loss,1.908121943473816
476,3,train/lr,9.923794156055293e-05
477,3,train/loss,1.7426979541778564
477,3,train/lr,9.923242359205827e-05
478,3,train/loss,1.7161787748336792
478,3,train/lr,9.922688587263161e-05
479,3,train/loss,1.856858253479004
479,3,train/lr,9.922132840449459e-05
480,3,train/loss,2.026933193206787
480,3,train/lr,9.921575118987672e-05
481,3,train/loss,1.7375829219818115
481,3,train/lr,9.921015423101544e-05
482,3,train/loss,2.0187275409698486
482,3,train/lr,9.920453753015615e-05
483,3,train/loss,1.8733386993408203
483,3,train/lr,9.919890108955213e-05
484,3,train/loss,1.8043910264968872
484,3,train/lr,9.91932449114646e-05
485,3,train/loss,2.161424398422241
485,3,train/lr,9.918756899816267e-05
486,3,train/loss,1.9078712463378906
486,3,train/lr,9.91818733519234e-05
487,3,train/loss,1.9462478160858154
487,3,train/lr,9.917615797503177e-05
488,3,train/loss,1.936448335647583
488,3,train/lr,9.917042286978064e-05
489,3,train/loss,1.8458914756774902
489,3,train/lr,9.91646680384708e-05
490,3,train/loss,1.839829921722412
490,3,train/lr,9.915889348341097e-05
491,3,train/loss,1.7318611145019531
491,3,train/lr,9.915309920691778e-05
492,3,train/loss,1.8197755813598633
492,3,train/lr,9.914728521131574e-05
493,3,train/loss,1.8966469764709473
493,3,train/lr,9.91414514989373e-05
494,3,train/loss,1.8132306337356567
494,3,train/lr,9.913559807212282e-05
495,3,train/loss,1.8251664638519287
495,3,train/lr,9.912972493322057e-05
496,3,train/loss,1.420074462890625
496,3,train/lr,9.912383208458669e-05
497,3,train/loss,1.6086034774780273
497,3,train/lr,9.91179195285853e-05
498,3,train/loss,1.630418062210083
498,3,train/lr,9.911198726758833e-05
499,3,train/loss,1.7580280303955078
499,3,train/lr,9.910603530397571e-05
500,3,train/loss,1.6408252716064453
500,3,train/lr,9.910006364013522e-05
501,3,train/loss,1.6956400871276855
501,3,train/lr,9.909407227846255e-05
502,3,train/loss,1.6498907804489136
502,3,train/lr,9.908806122136131e-05
503,3,train/loss,1.8463619947433472
503,3,train/lr,9.9082030471243e-05
504,3,train/loss,1.7915081977844238
504,3,train/lr,9.907598003052701e-05
505,3,train/loss,1.8259010314941406
505,3,train/lr,9.906990990164064e-05
506,3,train/loss,1.9223246574401855
506,3,train/lr,9.906382008701911e-05
507,3,train/loss,2.341360330581665
507,3,train/lr,9.905771058910548e-05
508,3,train/loss,1.897695541381836
508,3,train/lr,9.905158141035078e-05
509,3,train/loss,2.011343479156494
509,3,train/lr,9.904543255321385e-05
510,3,train/loss,1.8122265338897705
510,3,train/lr,9.903926402016153e-05
511,3,train/loss,1.7634458541870117
511,3,train/lr,9.903307581366845e-05
512,3,train/loss,1.8022496700286865
512,3,train/lr,9.90268679362172e-05
513,3,train/loss,1.8170428276062012
513,3,train/lr,9.902064039029823e-05
514,3,train/loss,1.8463010787963867
514,3,train/lr,9.901439317840988e-05
515,3,train/loss,1.928391695022583
515,3,train/lr,9.900812630305842e-05
516,3,train/loss,1.7469449043273926
516,3,train/lr,9.900183976675796e-05
517,3,train/loss,1.7468643188476562
517,3,train/lr,9.899553357203051e-05
518,3,train/loss,1.74934983253479
518,3,train/lr,9.898920772140599e-05
519,3,train/loss,1.811244010925293
519,3,train/lr,9.898286221742217e-05
520,3,train/loss,1.6849133968353271
520,3,train/lr,9.897649706262473e-05
521,3,train/loss,1.8188581466674805
521,3,train/lr,9.897011225956723e-05
522,3,train/loss,1.8088324069976807
522,3,train/lr,9.89637078108111e-05
523,3,train/loss,1.7217576503753662
523,3,train/lr,9.895728371892567e-05
524,3,train/loss,1.819828748703003
524,3,train/lr,9.895083998648811e-05
525,3,train/loss,1.743769884109497
525,3,train/lr,9.894437661608355e-05
526,3,train/loss,1.8058242797851562
526,3,train/lr,9.893789361030491e-05
527,3,train/loss,1.7626854181289673
527,3,train/lr,9.893139097175304e-05
528,3,train/loss,1.769463062286377
528,3,train/lr,9.892486870303665e-05
529,3,train/loss,1.7350187301635742
529,3,train/lr,9.891832680677231e-05
530,3,train/loss,1.809861421585083
530,3,train/lr,9.89117652855845e-05
531,3,train/loss,1.8556805849075317
531,3,train/lr,9.890518414210555e-05
532,3,train/loss,1.8046214580535889
532,3,train/lr,9.889858337897565e-05
533,3,train/loss,2.0144402980804443
533,3,train/lr,9.88919629988429e-05
534,3,train/loss,1.970575213432312
534,3,train/lr,9.888532300436325e-05
535,3,train/loss,1.7482199668884277
535,3,train/lr,9.887866339820047e-05
536,3,train/loss,1.790895700454712
536,3,train/lr,9.887198418302628e-05
537,3,train/loss,1.7845569849014282
537,3,train/lr,9.886528536152023e-05
538,3,train/loss,1.6784194707870483
538,3,train/lr,9.885856693636973e-05
539,3,train/loss,1.678631067276001
539,3,train/lr,9.885182891027005e-05
540,3,train/loss,1.7845046520233154
540,3,train/lr,9.884507128592435e-05
541,3,train/loss,1.617616891860962
541,3,train/lr,9.883829406604363e-05
542,3,train/loss,1.8238664865493774
542,3,train/lr,9.883149725334675e-05
543,3,train/loss,1.8157318830490112
543,3,train/lr,9.882468085056043e-05
544,3,train/loss,1.7094409465789795
544,3,train/lr,9.881784486041928e-05
545,3,train/loss,1.7191894054412842
545,3,train/lr,9.881098928566574e-05
546,3,train/loss,1.661635398864746
546,3,train/lr,9.880411412905008e-05
547,3,train/loss,1.5915127992630005
547,3,train/lr,9.879721939333048e-05
548,3,train/loss,1.8059186935424805
548,3,train/lr,9.879030508127298e-05
549,3,train/loss,1.6670830249786377
549,3,train/lr,9.87833711956514e-05
550,3,train/loss,1.6806516647338867
550,3,train/lr,9.877641773924747e-05
551,3,train/loss,1.6322129964828491
551,3,train/lr,9.876944471485076e-05
552,3,train/loss,1.6820192337036133
552,3,train/lr,9.876245212525871e-05
553,3,train/loss,1.7723414897918701
553,3,train/lr,9.875543997327656e-05
554,3,train/loss,1.6921190023422241
554,3,train/lr,9.874840826171743e-05
555,3,train/loss,1.7989068031311035
555,3,train/lr,9.87413569934023e-05
556,3,train/loss,1.7104181051254272
556,3,train/lr,9.873428617115998e-05
557,3,train/loss,2.0368998050689697
557,3,train/lr,9.87271957978271e-05
558,3,train/loss,1.8915725946426392
558,3,train/lr,9.872008587624817e-05
559,3,train/loss,1.9955966472625732
559,3,train/lr,9.871295640927552e-05
560,3,train/loss,1.9071444272994995
560,3,train/lr,9.870580739976935e-05
561,3,train/loss,1.8000283241271973
561,3,train/lr,9.869863885059768e-05
562,3,train/loss,1.7708604335784912
562,3,train/lr,9.869145076463635e-05
563,3,train/loss,1.8321865797042847
563,3,train/lr,9.868424314476907e-05
564,3,train/loss,1.728204607963562
564,3,train/lr,9.867701599388737e-05
565,3,train/loss,1.7401363849639893
565,3,train/lr,9.866976931489061e-05
566,3,train/loss,1.9726941585540771
566,3,train/lr,9.8662503110686e-05
567,3,train/loss,1.6839711666107178
567,3,train/lr,9.865521738418861e-05
568,3,train/loss,1.8110861778259277
568,3,train/lr,9.864791213832125e-05
569,3,train/loss,1.7230730056762695
569,3,train/lr,9.864058737601467e-05
570,3,train/loss,1.7458107471466064
570,3,train/lr,9.863324310020734e-05
571,3,train/loss,1.6929972171783447
571,3,train/lr,9.862587931384568e-05
572,3,train/loss,1.6199939250946045
572,3,train/lr,9.861849601988383e-05
573,3,train/loss,1.6714000701904297
573,3,train/lr,9.861109322128384e-05
574,3,train/loss,1.677156686782837
574,3,train/lr,9.86036709210155e-05
575,3,train/loss,1.5742981433868408
575,3,train/lr,9.859622912205648e-05
576,3,train/loss,1.7132983207702637
576,3,train/lr,9.85887678273923e-05
577,3,train/loss,1.7654240131378174
577,3,train/lr,9.858128704001621e-05
578,3,train/loss,1.882239580154419
578,3,train/lr,9.857378676292936e-05
579,3,train/loss,1.8280794620513916
579,3,train/lr,9.856626699914068e-05
580,3,train/loss,1.945662021636963
580,3,train/lr,9.855872775166695e-05
581,3,train/loss,1.8881951570510864
581,3,train/lr,9.855116902353273e-05
582,3,train/loss,1.799525499343872
582,3,train/lr,9.854359081777041e-05
583,3,train/loss,1.7082810401916504
583,3,train/lr,9.85359931374202e-05
584,3,train/loss,1.8145768642425537
584,3,train/lr,9.852837598553008e-05
585,3,train/loss,1.541342854499817
585,3,train/lr,9.852073936515593e-05
586,3,train/loss,1.820221185684204
586,3,train/lr,9.851308327936139e-05
587,3,train/loss,1.7654733657836914
587,3,train/lr,9.850540773121785e-05
588,3,train/loss,1.7866206169128418
588,3,train/lr,9.849771272380463e-05
589,3,train/loss,1.8033643960952759
589,3,train/lr,9.848999826020877e-05
590,3,train/loss,1.697732925415039
590,3,train/lr,9.848226434352512e-05
591,3,train/loss,1.709213137626648
591,3,train/lr,9.847451097685636e-05
592,3,train/loss,1.843815803527832
592,3,train/lr,9.846673816331297e-05
593,3,train/loss,1.7138594388961792
593,3,train/lr,9.845894590601325e-05
594,3,train/loss,1.8222771883010864
594,3,train/lr,9.845113420808323e-05
595,3,train/loss,1.6355807781219482
595,3,train/lr,9.844330307265683e-05
596,3,train/loss,1.784050703048706
596,3,train/lr,9.84354525028757e-05
597,3,train/loss,1.5708389282226562
597,3,train/lr,9.84275825018893e-05
598,3,train/loss,1.703794002532959
598,3,train/lr,9.841969307285492e-05
599,3,train/loss,1.7850699424743652
599,3,train/lr,9.841178421893761e-05
600,3,train/loss,1.5558415651321411
600,3,train/lr,9.840385594331022e-05
601,3,train/loss,1.6298261880874634
601,3,train/lr,9.83959082491534e-05
602,3,train/loss,1.5231620073318481
602,3,train/lr,9.838794113965558e-05
603,3,train/loss,1.6642143726348877
603,3,train/lr,9.837995461801299e-05
604,3,train/loss,1.7878448963165283
604,3,train/lr,9.837194868742965e-05
605,3,train/loss,1.8585810661315918
605,3,train/lr,9.836392335111732e-05
606,3,train/loss,1.8299121856689453
606,3,train/lr,9.835587861229563e-05
607,3,train/loss,1.9585938453674316
607,3,train/lr,9.834781447419192e-05
608,3,train/loss,1.948563814163208
608,3,train/lr,9.833973094004134e-05
609,3,train/loss,1.8761038780212402
609,3,train/lr,9.833162801308682e-05
610,3,train/loss,1.7875466346740723
610,3,train/lr,9.83235056965791e-05
611,3,train/loss,1.8543524742126465
611,3,train/lr,9.83153639937766e-05
612,3,train/loss,1.646683692932129
612,3,train/lr,9.830720290794566e-05
613,3,train/loss,1.8360862731933594
613,3,train/lr,9.82990224423603e-05
614,3,train/loss,1.8593600988388062
614,3,train/lr,9.829082260030232e-05
615,3,train/loss,1.901389718055725
615,3,train/lr,9.828260338506132e-05
616,3,train/loss,1.8102970123291016
616,3,train/lr,9.827436479993469e-05
617,3,train/loss,1.7805094718933105
617,3,train/lr,9.82661068482275e-05
618,3,train/loss,1.8554961681365967
618,3,train/lr,9.825782953325272e-05
619,3,train/loss,1.8364291191101074
619,3,train/lr,9.824953285833099e-05
620,3,train/loss,1.6834808588027954
620,3,train/lr,9.824121682679073e-05
621,3,train/loss,1.7253382205963135
621,3,train/lr,9.823288144196818e-05
622,3,train/loss,1.5634009838104248
622,3,train/lr,9.822452670720728e-05
623,3,train/loss,1.8752659559249878
623,3,train/lr,9.82161526258598e-05
624,3,train/loss,1.9015015363693237
624,3,train/lr,9.820775920128518e-05
625,3,train/loss,1.7156305313110352
625,3,train/lr,9.81993464368507e-05
626,3,train/loss,1.5607901811599731
626,3,train/lr,9.819091433593136e-05
627,3,train/loss,1.504367709159851
627,3,train/lr,9.818246290190991e-05
628,3,train/loss,1.760789155960083
628,3,train/lr,9.817399213817694e-05
629,3,train/loss,1.8471989631652832
629,3,train/lr,9.816550204813064e-05
630,3,train/loss,1.829267144203186
630,3,train/lr,9.815699263517711e-05
631,3,train/loss,1.679717779159546
631,3,train/lr,9.814846390273011e-05
632,3,train/loss,1.8424901962280273
632,3,train/lr,9.813991585421117e-05
633,3,train/loss,1.8377021551132202
633,3,train/lr,9.813134849304959e-05
634,3,train/loss,1.7778064012527466
634,3,train/lr,9.812276182268236e-05
635,3,train/loss,1.6176888942718506
635,3,train/lr,9.81141558465543e-05
636,3,train/loss,1.6895320415496826
636,3,train/lr,9.810553056811793e-05
637,3,train/loss,1.844177484512329
637,3,train/lr,9.809688599083349e-05
638,3,train/loss,1.621954083442688
638,3,train/lr,9.8088222118169e-05
639,3,train/loss,1.7821500301361084
639,3,train/lr,9.807953895360022e-05
640,3,train/loss,1.5763136148452759
640,3,train/lr,9.807083650061063e-05
641,3,train/loss,1.6043956279754639
641,3,train/lr,9.806211476269145e-05
642,3,train/loss,1.6264716386795044
642,3,train/lr,9.805337374334166e-05
643,3,train/loss,1.6565037965774536
643,3,train/lr,9.804461344606795e-05
644,3,train/loss,1.7889955043792725
644,3,train/lr,9.803583387438474e-05
645,3,train/loss,1.7499133348464966
645,3,train/lr,9.80270350318142e-05
645,3,train/batches,429.0
645,3,train/compute_pct,99.91541729004108
645,3,train/compute_sec,47.7532162120624
645,3,train/data_wait_pct,0.08458270995892662
645,3,train/data_wait_sec,0.04042515705805272
645,3,train/examples,5148.0
645,3,train/examples_per_sec,107.71307338231254
645,3,train/input_tokens,1561359.0
645,3,train/peak_vram_gb,4.9281439781188965
645,3,train/target_tokens,417169.0
645,3,train/tokens_per_sec,41397.306070893566
645,3,train/total_sec,47.79364136912045
645,3,train/epoch_loss,1.7985060170535996
645,3,epoch3/batches,429.0
645,3,epoch3/compute_pct,99.91541729004108
645,3,epoch3/compute_sec,47.7532162120624
645,3,epoch3/data_wait_pct,0.08458270995892662
645,3,epoch3/data_wait_sec,0.04042515705805272
645,3,epoch3/examples,5148.0
645,3,epoch3/examples_per_sec,107.71307338231254
645,3,epoch3/input_tokens,1561359.0
645,3,epoch3/peak_vram_gb,4.9281439781188965
645,3,epoch3/target_tokens,417169.0
645,3,epoch3/tokens_per_sec,41397.306070893566
645,3,epoch3/total_sec,47.79364136912045
645,3,val/bleu,17.23034696445083
645,3,val/chrf,32.779801334208855
645,3,val/combined,23.765675888015195
645,3,val/eval_peak_vram_gb,4.9281439781188965
645,3,val/eval_samples_per_sec,7.298456306251608
645,3,val/eval_seconds,78.64676801700261
645,3,val/eval_tokens_per_sec,2043.2880339756462
646,4,train/loss,1.7228796482086182
646,4,train/lr,9.801821692188625e-05
647,4,train/loss,1.7041339874267578
647,4,train/lr,9.800937954813849e-05
648,4,train/loss,2.0229287147521973
648,4,train/lr,9.80005229141163e-05
649,4,train/loss,1.8441696166992188
649,4,train/lr,9.799164702337272e-05
650,4,train/loss,1.8587274551391602
650,4,train/lr,9.79827518794686e-05
651,4,train/loss,1.8732118606567383
651,4,train/lr,9.797383748597244e-05
652,4,train/loss,1.7804350852966309
652,4,train/lr,9.796490384646048e-05
653,4,train/loss,1.609067440032959
653,4,train/lr,9.795595096451675e-05
654,4,train/loss,1.7284965515136719
654,4,train/lr,9.794697884373289e-05
655,4,train/loss,1.844602108001709
655,4,train/lr,9.793798748770835e-05
656,4,train/loss,1.8317521810531616
656,4,train/lr,9.792897690005022e-05
657,4,train/loss,1.696618676185608
657,4,train/lr,9.791994708437336e-05
658,4,train/loss,1.7372918128967285
658,4,train/lr,9.791089804430033e-05
659,4,train/loss,1.7137175798416138
659,4,train/lr,9.790182978346142e-05
660,4,train/loss,1.7042959928512573
660,4,train/lr,9.789274230549457e-05
661,4,train/loss,1.5941729545593262
661,4,train/lr,9.78836356140455e-05
662,4,train/loss,1.624999761581421
662,4,train/lr,9.787450971276759e-05
663,4,train/loss,1.5972304344177246
663,4,train/lr,9.786536460532197e-05
664,4,train/loss,1.773567795753479
664,4,train/lr,9.78562002953774e-05
665,4,train/loss,1.6578936576843262
665,4,train/lr,9.784701678661045e-05
666,4,train/loss,1.687723159790039
666,4,train/lr,9.78378140827053e-05
667,4,train/loss,1.5924311876296997
667,4,train/lr,9.782859218735388e-05
668,4,train/loss,1.765331506729126
668,4,train/lr,9.781935110425581e-05
669,4,train/loss,1.6924184560775757
669,4,train/lr,9.781009083711839e-05
670,4,train/loss,1.9061882495880127
670,4,train/lr,9.780081138965663e-05
671,4,train/loss,1.679033875465393
671,4,train/lr,9.779151276559324e-05
672,4,train/loss,1.9156100749969482
672,4,train/lr,9.778219496865863e-05
673,4,train/loss,1.7370636463165283
673,4,train/lr,9.777285800259086e-05
674,4,train/loss,1.778926968574524
674,4,train/lr,9.776350187113572e-05
675,4,train/loss,1.910822868347168
675,4,train/lr,9.77541265780467e-05
676,4,train/loss,1.8435571193695068
676,4,train/lr,9.774473212708491e-05
677,4,train/loss,1.6793212890625
677,4,train/lr,9.773531852201924e-05
678,4,train/loss,1.638115644454956
678,4,train/lr,9.772588576662617e-05
679,4,train/loss,1.684603214263916
679,4,train/lr,9.771643386468995e-05
680,4,train/loss,1.6556649208068848
680,4,train/lr,9.770696282000244e-05
681,4,train/loss,1.6486574411392212
681,4,train/lr,9.769747263636322e-05
682,4,train/loss,1.845467448234558
682,4,train/lr,9.768796331757954e-05
683,4,train/loss,1.7653601169586182
683,4,train/lr,9.76784348674663e-05
684,4,train/loss,1.5845692157745361
684,4,train/lr,9.766888728984613e-05
685,4,train/loss,1.8341286182403564
685,4,train/lr,9.765932058854927e-05
686,4,train/loss,1.5693299770355225
686,4,train/lr,9.76497347674137e-05
687,4,train/loss,1.6606712341308594
687,4,train/lr,9.7640129830285e-05
688,4,train/loss,1.7232811450958252
688,4,train/lr,9.763050578101647e-05
689,4,train/loss,1.7751861810684204
689,4,train/lr,9.762086262346905e-05
690,4,train/loss,1.5512415170669556
690,4,train/lr,9.761120036151137e-05
691,4,train/loss,1.5833076238632202
691,4,train/lr,9.760151899901971e-05
692,4,train/loss,1.7296278476715088
692,4,train/lr,9.759181853987799e-05
693,4,train/loss,1.6563811302185059
693,4,train/lr,9.758209898797784e-05
694,4,train/loss,1.7255433797836304
694,4,train/lr,9.757236034721852e-05
695,4,train/loss,1.7910345792770386
695,4,train/lr,9.756260262150693e-05
696,4,train/loss,1.7999335527420044
696,4,train/lr,9.755282581475769e-05
697,4,train/loss,1.826113224029541
697,4,train/lr,9.7543029930893e-05
698,4,train/loss,1.8837158679962158
698,4,train/lr,9.753321497384274e-05
699,4,train/loss,2.0079660415649414
699,4,train/lr,9.752338094754447e-05
700,4,train/loss,1.7580585479736328
700,4,train/lr,9.751352785594336e-05
701,4,train/loss,1.7152994871139526
701,4,train/lr,9.750365570299227e-05
702,4,train/loss,1.9225075244903564
702,4,train/lr,9.749376449265169e-05
703,4,train/loss,1.8465697765350342
703,4,train/lr,9.74838542288897e-05
704,4,train/loss,1.794365406036377
704,4,train/lr,9.747392491568212e-05
705,4,train/loss,1.6740168333053589
705,4,train/lr,9.746397655701236e-05
706,4,train/loss,1.790580153465271
706,4,train/lr,9.745400915687145e-05
707,4,train/loss,1.6479068994522095
707,4,train/lr,9.744402271925811e-05
708,4,train/loss,1.6960803270339966
708,4,train/lr,9.743401724817865e-05
709,4,train/loss,1.8021804094314575
709,4,train/lr,9.742399274764706e-05
710,4,train/loss,1.7502082586288452
710,4,train/lr,9.741394922168495e-05
711,4,train/loss,1.690732479095459
711,4,train/lr,9.740388667432149e-05
712,4,train/loss,1.465193271636963
712,4,train/lr,9.739380510959364e-05
713,4,train/loss,1.4900904893875122
713,4,train/lr,9.738370453154584e-05
714,4,train/loss,1.5785303115844727
714,4,train/lr,9.737358494423021e-05
715,4,train/loss,1.538870096206665
715,4,train/lr,9.736344635170651e-05
716,4,train/loss,1.619338035583496
716,4,train/lr,9.735328875804212e-05
717,4,train/loss,1.5939750671386719
717,4,train/lr,9.734311216731204e-05
718,4,train/loss,1.817248821258545
718,4,train/lr,9.733291658359886e-05
719,4,train/loss,1.6821330785751343
719,4,train/lr,9.732270201099285e-05
720,4,train/loss,1.8513853549957275
720,4,train/lr,9.731246845359186e-05
721,4,train/loss,1.7598130702972412
721,4,train/lr,9.730221591550132e-05
722,4,train/loss,1.8663125038146973
722,4,train/lr,9.729194440083436e-05
723,4,train/loss,1.9129643440246582
723,4,train/lr,9.728165391371166e-05
724,4,train/loss,1.7571117877960205
724,4,train/lr,9.727134445826155e-05
725,4,train/loss,1.792476773262024
725,4,train/lr,9.726101603861995e-05
726,4,train/loss,1.8278412818908691
726,4,train/lr,9.725066865893034e-05
727,4,train/loss,1.6687028408050537
727,4,train/lr,9.724030232334391e-05
728,4,train/loss,1.4655811786651611
728,4,train/lr,9.722991703601936e-05
729,4,train/loss,1.6342785358428955
729,4,train/lr,9.721951280112306e-05
730,4,train/loss,1.8409082889556885
730,4,train/lr,9.720908962282893e-05
731,4,train/loss,1.6802048683166504
731,4,train/lr,9.719864750531853e-05
732,4,train/loss,1.7106046676635742
732,4,train/lr,9.718818645278101e-05
733,4,train/loss,1.567723274230957
733,4,train/lr,9.717770646941306e-05
734,4,train/loss,1.9646005630493164
734,4,train/lr,9.716720755941907e-05
735,4,train/loss,1.7193081378936768
735,4,train/lr,9.715668972701093e-05
736,4,train/loss,1.6621501445770264
736,4,train/lr,9.714615297640816e-05
737,4,train/loss,1.6177945137023926
737,4,train/lr,9.713559731183787e-05
738,4,train/loss,1.5590705871582031
738,4,train/lr,9.712502273753477e-05
739,4,train/loss,1.6730828285217285
739,4,train/lr,9.71144292577411e-05
740,4,train/loss,1.5759748220443726
740,4,train/lr,9.710381687670675e-05
741,4,train/loss,1.5433907508850098
741,4,train/lr,9.709318559868917e-05
742,4,train/loss,1.6721588373184204
742,4,train/lr,9.708253542795337e-05
743,4,train/loss,1.6955379247665405
743,4,train/lr,9.707186636877198e-05
744,4,train/loss,1.7226080894470215
744,4,train/lr,9.706117842542518e-05
745,4,train/loss,1.8028531074523926
745,4,train/lr,9.705047160220069e-05
746,4,train/loss,2.034424304962158
746,4,train/lr,9.703974590339389e-05
747,4,train/loss,1.59420645236969
747,4,train/lr,9.702900133330769e-05
748,4,train/loss,1.6168007850646973
748,4,train/lr,9.701823789625254e-05
749,4,train/loss,1.8092131614685059
749,4,train/lr,9.700745559654649e-05
750,4,train/loss,1.750859260559082
750,4,train/lr,9.699665443851518e-05
751,4,train/loss,1.716263771057129
751,4,train/lr,9.698583442649178e-05
752,4,train/loss,1.7717193365097046
752,4,train/lr,9.697499556481701e-05
753,4,train/loss,1.702134609222412
753,4,train/lr,9.696413785783919e-05
754,4,train/loss,1.843104600906372
754,4,train/lr,9.69532613099142e-05
755,4,train/loss,1.4829373359680176
755,4,train/lr,9.694236592540544e-05
756,4,train/loss,1.6961696147918701
756,4,train/lr,9.693145170868391e-05
757,4,train/loss,1.7016042470932007
757,4,train/lr,9.692051866412814e-05
758,4,train/loss,1.9566197395324707
758,4,train/lr,9.690956679612421e-05
759,4,train/loss,1.7428560256958008
759,4,train/lr,9.689859610906577e-05
760,4,train/loss,1.5116055011749268
760,4,train/lr,9.688760660735402e-05
761,4,train/loss,1.590040683746338
761,4,train/lr,9.687659829539771e-05
762,4,train/loss,1.6299524307250977
762,4,train/lr,9.686557117761306e-05
763,4,train/loss,1.6390035152435303
763,4,train/lr,9.685452525842397e-05
764,4,train/loss,1.6909642219543457
764,4,train/lr,9.684346054226179e-05
765,4,train/loss,1.5624268054962158
765,4,train/lr,9.683237703356543e-05
766,4,train/loss,1.6906847953796387
766,4,train/lr,9.682127473678134e-05
767,4,train/loss,1.6044387817382812
767,4,train/lr,9.681015365636351e-05
768,4,train/loss,1.6598286628723145
768,4,train/lr,9.679901379677348e-05
769,4,train/loss,1.8333756923675537
769,4,train/lr,9.678785516248028e-05
770,4,train/loss,1.7309179306030273
770,4,train/lr,9.677667775796052e-05
771,4,train/loss,1.8935965299606323
771,4,train/lr,9.676548158769832e-05
772,4,train/loss,1.6304575204849243
772,4,train/lr,9.675426665618535e-05
773,4,train/loss,1.9211516380310059
773,4,train/lr,9.674303296792073e-05
774,4,train/loss,1.8478219509124756
774,4,train/lr,9.673178052741121e-05
775,4,train/loss,1.9106817245483398
775,4,train/lr,9.6720509339171e-05
776,4,train/loss,1.7729483842849731
776,4,train/lr,9.670921940772186e-05
777,4,train/loss,1.876436710357666
777,4,train/lr,9.669791073759302e-05
778,4,train/loss,1.819307565689087
778,4,train/lr,9.668658333332129e-05
779,4,train/loss,1.8580139875411987
779,4,train/lr,9.667523719945095e-05
780,4,train/loss,1.711266279220581
780,4,train/lr,9.666387234053384e-05
781,4,train/loss,1.8015657663345337
781,4,train/lr,9.665248876112925e-05
782,4,train/loss,1.580265760421753
782,4,train/lr,9.664108646580404e-05
783,4,train/loss,1.7514617443084717
783,4,train/lr,9.662966545913253e-05
784,4,train/loss,1.6559866666793823
784,4,train/lr,9.661822574569659e-05
785,4,train/loss,1.6573867797851562
785,4,train/lr,9.660676733008554e-05
786,4,train/loss,1.6044126749038696
786,4,train/lr,9.659529021689628e-05
787,4,train/loss,1.3898108005523682
787,4,train/lr,9.658379441073315e-05
788,4,train/loss,1.6596767902374268
788,4,train/lr,9.657227991620799e-05
789,4,train/loss,1.7250316143035889
789,4,train/lr,9.656074673794018e-05
790,4,train/loss,1.707737684249878
790,4,train/lr,9.654919488055656e-05
791,4,train/loss,1.6531282663345337
791,4,train/lr,9.653762434869147e-05
792,4,train/loss,1.6574945449829102
792,4,train/lr,9.652603514698674e-05
793,4,train/loss,1.6451125144958496
793,4,train/lr,9.65144272800917e-05
794,4,train/loss,1.7354655265808105
794,4,train/lr,9.650280075266317e-05
795,4,train/loss,1.783025860786438
795,4,train/lr,9.649115556936544e-05
796,4,train/loss,1.8851265907287598
796,4,train/lr,9.64794917348703e-05
797,4,train/loss,1.9702638387680054
797,4,train/lr,9.646780925385701e-05
798,4,train/loss,1.6948578357696533
798,4,train/lr,9.645610813101231e-05
799,4,train/loss,1.8328006267547607
799,4,train/lr,9.644438837103044e-05
800,4,train/loss,1.7506543397903442
800,4,train/lr,9.643264997861312e-05
801,4,train/loss,1.7688708305358887
801,4,train/lr,9.642089295846947e-05
802,4,train/loss,1.698455810546875
802,4,train/lr,9.640911731531618e-05
803,4,train/loss,1.743579626083374
803,4,train/lr,9.639732305387738e-05
804,4,train/loss,1.6351902484893799
804,4,train/lr,9.638551017888465e-05
805,4,train/loss,1.9206135272979736
805,4,train/lr,9.637367869507702e-05
806,4,train/loss,1.7682913541793823
806,4,train/lr,9.636182860720105e-05
807,4,train/loss,1.5724141597747803
807,4,train/lr,9.63499599200107e-05
808,4,train/loss,1.712507963180542
808,4,train/lr,9.633807263826744e-05
809,4,train/loss,1.5791757106781006
809,4,train/lr,9.632616676674016e-05
810,4,train/loss,1.5171787738800049
810,4,train/lr,9.631424231020523e-05
811,4,train/loss,1.4892280101776123
811,4,train/lr,9.630229927344647e-05
812,4,train/loss,1.7878592014312744
812,4,train/lr,9.629033766125519e-05
813,4,train/loss,1.7144606113433838
813,4,train/lr,9.627835747843007e-05
814,4,train/loss,1.8832205533981323
814,4,train/lr,9.626635872977729e-05
815,4,train/loss,1.5966392755508423
815,4,train/lr,9.62543414201105e-05
816,4,train/loss,1.6875555515289307
816,4,train/lr,9.624230555425078e-05
817,4,train/loss,1.5236074924468994
817,4,train/lr,9.623025113702661e-05
818,4,train/loss,1.7247599363327026
818,4,train/lr,9.621817817327399e-05
819,4,train/loss,1.7175921201705933
819,4,train/lr,9.620608666783629e-05
820,4,train/loss,1.7386937141418457
820,4,train/lr,9.619397662556435e-05
821,4,train/loss,1.685274362564087
821,4,train/lr,9.618184805131645e-05
822,4,train/loss,1.8362648487091064
822,4,train/lr,9.61697009499583e-05
823,4,train/loss,1.705836534500122
823,4,train/lr,9.615753532636305e-05
824,4,train/loss,1.7843661308288574
824,4,train/lr,9.614535118541126e-05
825,4,train/loss,1.838508129119873
825,4,train/lr,9.613314853199093e-05
826,4,train/loss,1.843480110168457
826,4,train/lr,9.61209273709975e-05
827,4,train/loss,1.6751751899719238
827,4,train/lr,9.610868770733378e-05
828,4,train/loss,1.7546117305755615
828,4,train/lr,9.609642954591012e-05
829,4,train/loss,1.5396859645843506
829,4,train/lr,9.608415289164418e-05
830,4,train/loss,1.8657536506652832
830,4,train/lr,9.607185774946105e-05
831,4,train/loss,1.667267084121704
831,4,train/lr,9.60595441242933e-05
832,4,train/loss,1.6930830478668213
832,4,train/lr,9.604721202108085e-05
833,4,train/loss,1.7213358879089355
833,4,train/lr,9.603486144477108e-05
834,4,train/loss,1.749699592590332
834,4,train/lr,9.602249240031876e-05
835,4,train/loss,1.6368660926818848
835,4,train/lr,9.601010489268603e-05
836,4,train/loss,1.5306670665740967
836,4,train/lr,9.599769892684255e-05
837,4,train/loss,1.6410515308380127
837,4,train/lr,9.598527450776524e-05
838,4,train/loss,1.5343563556671143
838,4,train/lr,9.597283164043856e-05
839,4,train/loss,1.7890863418579102
839,4,train/lr,9.596037032985425e-05
840,4,train/loss,1.6223270893096924
840,4,train/lr,9.594789058101153e-05
841,4,train/loss,1.6294801235198975
841,4,train/lr,9.5935392398917e-05
842,4,train/loss,1.5804201364517212
842,4,train/lr,9.592287578858465e-05
843,4,train/loss,1.8012220859527588
843,4,train/lr,9.591034075503582e-05
844,4,train/loss,1.7134530544281006
844,4,train/lr,9.589778730329933e-05
845,4,train/loss,1.7743611335754395
845,4,train/lr,9.588521543841133e-05
846,4,train/loss,1.7112312316894531
846,4,train/lr,9.587262516541533e-05
847,4,train/loss,1.8136446475982666
847,4,train/lr,9.586001648936232e-05
848,4,train/loss,1.8619580268859863
848,4,train/lr,9.584738941531055e-05
849,4,train/loss,1.8182235956192017
849,4,train/lr,9.583474394832577e-05
850,4,train/loss,1.7792422771453857
850,4,train/lr,9.582208009348103e-05
851,4,train/loss,1.716632604598999
851,4,train/lr,9.580939785585681e-05
852,4,train/loss,1.7736377716064453
852,4,train/lr,9.579669724054087e-05
853,4,train/loss,1.6861226558685303
853,4,train/lr,9.578397825262848e-05
854,4,train/loss,1.6187386512756348
854,4,train/lr,9.577124089722218e-05
855,4,train/loss,1.648163080215454
855,4,train/lr,9.575848517943191e-05
856,4,train/loss,1.6402205228805542
856,4,train/lr,9.574571110437495e-05
857,4,train/loss,1.7445425987243652
857,4,train/lr,9.573291867717602e-05
858,4,train/loss,1.569934368133545
858,4,train/lr,9.572010790296712e-05
859,4,train/loss,1.7590774297714233
859,4,train/lr,9.570727878688763e-05
860,4,train/loss,1.6599444150924683
860,4,train/lr,9.569443133408433e-05
860,4,train/batches,429.0
860,4,train/compute_pct,99.90546011134919
860,4,train/compute_sec,47.8804427018913
860,4,train/data_wait_pct,0.09453988865081048
860,4,train/data_wait_sec,0.04530895224888809
860,4,train/examples,5148.0
860,4,train/examples_per_sec,107.41615566409749
860,4,train/input_tokens,1561201.0
860,4,train/peak_vram_gb,4.9281439781188965
860,4,train/target_tokens,417182.0
860,4,train/tokens_per_sec,41280.16633473275
860,4,train/total_sec,47.925751654140186
860,4,train/epoch_loss,1.7167516174294175
860,4,epoch4/batches,429.0
860,4,epoch4/compute_pct,99.90546011134919
860,4,epoch4/compute_sec,47.8804427018913
860,4,epoch4/data_wait_pct,0.09453988865081048
860,4,epoch4/data_wait_sec,0.04530895224888809
860,4,epoch4/examples,5148.0
860,4,epoch4/examples_per_sec,107.41615566409749
860,4,epoch4/input_tokens,1561201.0
860,4,epoch4/peak_vram_gb,4.9281439781188965
860,4,epoch4/target_tokens,417182.0
860,4,epoch4/tokens_per_sec,41280.16633473275
860,4,epoch4/total_sec,47.925751654140186
860,4,val/bleu,17.65116484694251
860,4,val/chrf,33.48697422169836
860,4,val/combined,24.312221252129806
860,4,val/eval_peak_vram_gb,4.9281439781188965
860,4,val/eval_samples_per_sec,8.16904370483295
860,4,val/eval_seconds,70.26526246400317
860,4,val/eval_tokens_per_sec,1909.4499229791413
861,5,train/loss,1.9839165210723877
861,5,train/lr,9.568156554971133e-05
862,5,train/loss,1.830539345741272
862,5,train/lr,9.566868143893006e-05
863,5,train/loss,1.9360417127609253
863,5,train/lr,9.565577900690935e-05
864,5,train/loss,2.022087574005127
864,5,train/lr,9.564285825882535e-05
865,5,train/loss,1.8435041904449463
865,5,train/lr,9.562991919986159e-05
866,5,train/loss,1.6457114219665527
866,5,train/lr,9.561696183520892e-05
867,5,train/loss,1.718397855758667
867,5,train/lr,9.560398617006554e-05
868,5,train/loss,1.7939554452896118
868,5,train/lr,9.559099220963699e-05
869,5,train/loss,1.723844051361084
869,5,train/lr,9.557797995913616e-05
870,5,train/loss,1.7756072282791138
870,5,train/lr,9.556494942378327e-05
871,5,train/loss,1.8026087284088135
871,5,train/lr,9.555190060880585e-05
872,5,train/loss,1.7780299186706543
872,5,train/lr,9.553883351943882e-05
873,5,train/loss,1.8852434158325195
873,5,train/lr,9.55257481609244e-05
874,5,train/loss,1.7899467945098877
874,5,train/lr,9.551264453851212e-05
875,5,train/loss,1.5687706470489502
875,5,train/lr,9.549952265745887e-05
876,5,train/loss,1.3429486751556396
876,5,train/lr,9.548638252302884e-05
877,5,train/loss,1.4933756589889526
877,5,train/lr,9.547322414049356e-05
878,5,train/loss,1.4913697242736816
878,5,train/lr,9.546004751513187e-05
879,5,train/loss,1.8623950481414795
879,5,train/lr,9.544685265222994e-05
880,5,train/loss,1.7054320573806763
880,5,train/lr,9.543363955708125e-05
881,5,train/loss,1.5877172946929932
881,5,train/lr,9.542040823498659e-05
882,5,train/loss,1.6712355613708496
882,5,train/lr,9.540715869125407e-05
883,5,train/loss,1.5768309831619263
883,5,train/lr,9.539389093119911e-05
884,5,train/loss,1.6712045669555664
884,5,train/lr,9.538060496014441e-05
885,5,train/loss,1.7622785568237305
885,5,train/lr,9.536730078342005e-05
886,5,train/loss,1.6612623929977417
886,5,train/lr,9.53539784063633e-05
887,5,train/loss,1.6347434520721436
887,5,train/lr,9.534063783431884e-05
888,5,train/loss,1.7061808109283447
888,5,train/lr,9.532727907263859e-05
889,5,train/loss,1.6868622303009033
889,5,train/lr,9.531390212668182e-05
890,5,train/loss,1.723564863204956
890,5,train/lr,9.530050700181499e-05
891,5,train/loss,1.6103990077972412
891,5,train/lr,9.528709370341196e-05
892,5,train/loss,1.6324682235717773
892,5,train/lr,9.527366223685382e-05
893,5,train/loss,1.5883817672729492
893,5,train/lr,9.5260212607529e-05
894,5,train/loss,1.8548707962036133
894,5,train/lr,9.524674482083317e-05
895,5,train/loss,1.722588300704956
895,5,train/lr,9.523325888216931e-05
896,5,train/loss,1.5525383949279785
896,5,train/lr,9.521975479694765e-05
897,5,train/loss,1.715486764907837
897,5,train/lr,9.520623257058575e-05
898,5,train/loss,1.632002353668213
898,5,train/lr,9.51926922085084e-05
899,5,train/loss,1.6442937850952148
899,5,train/lr,9.517913371614771e-05
900,5,train/loss,1.7972487211227417
900,5,train/lr,9.516555709894299e-05
901,5,train/loss,1.539384126663208
901,5,train/lr,9.515196236234094e-05
902,5,train/loss,1.416871428489685
902,5,train/lr,9.513834951179541e-05
903,5,train/loss,1.5170830488204956
903,5,train/lr,9.512471855276757e-05
904,5,train/loss,1.5699689388275146
904,5,train/lr,9.511106949072588e-05
905,5,train/loss,1.497392177581787
905,5,train/lr,9.509740233114601e-05
906,5,train/loss,1.655131459236145
906,5,train/lr,9.508371707951093e-05
907,5,train/loss,1.6501615047454834
907,5,train/lr,9.507001374131083e-05
908,5,train/loss,1.6838726997375488
908,5,train/lr,9.505629232204323e-05
909,5,train/loss,1.7534377574920654
909,5,train/lr,9.504255282721278e-05
910,5,train/loss,1.6246256828308105
910,5,train/lr,9.50287952623315e-05
911,5,train/loss,1.6241592168807983
911,5,train/lr,9.50150196329186e-05
912,5,train/loss,1.7989169359207153
912,5,train/lr,9.500122594450056e-05
913,5,train/loss,1.6708524227142334
913,5,train/lr,9.498741420261108e-05
914,5,train/loss,1.6692044734954834
914,5,train/lr,9.497358441279112e-05
915,5,train/loss,1.5839171409606934
915,5,train/lr,9.49597365805889e-05
916,5,train/loss,1.8089468479156494
916,5,train/lr,9.494587071155983e-05
917,5,train/loss,1.642194390296936
917,5,train/lr,9.493198681126659e-05
918,5,train/loss,1.6401115655899048
918,5,train/lr,9.491808488527909e-05
919,5,train/loss,1.6884510517120361
919,5,train/lr,9.490416493917447e-05
920,5,train/loss,1.6488391160964966
920,5,train/lr,9.489022697853709e-05
921,5,train/loss,1.5966510772705078
921,5,train/lr,9.487627100895855e-05
922,5,train/loss,1.7521157264709473
922,5,train/lr,9.486229703603765e-05
923,5,train/loss,1.695056676864624
923,5,train/lr,9.484830506538045e-05
924,5,train/loss,1.5958046913146973
924,5,train/lr,9.483429510260023e-05
925,5,train/loss,1.5644515752792358
925,5,train/lr,9.482026715331742e-05
926,5,train/loss,1.57737135887146
926,5,train/lr,9.480622122315975e-05
927,5,train/loss,1.486738920211792
927,5,train/lr,9.479215731776213e-05
928,5,train/loss,1.634809970855713
928,5,train/lr,9.477807544276665e-05
929,5,train/loss,1.4067885875701904
929,5,train/lr,9.476397560382266e-05
930,5,train/loss,1.574052333831787
930,5,train/lr,9.47498578065867e-05
931,5,train/loss,1.794494390487671
931,5,train/lr,9.473572205672253e-05
932,5,train/loss,1.5647566318511963
932,5,train/lr,9.472156835990103e-05
933,5,train/loss,1.6964116096496582
933,5,train/lr,9.47073967218004e-05
934,5,train/loss,1.724084496498108
934,5,train/lr,9.469320714810594e-05
935,5,train/loss,1.7106845378875732
935,5,train/lr,9.467899964451023e-05
936,5,train/loss,1.5491639375686646
936,5,train/lr,9.466477421671296e-05
937,5,train/loss,1.6835566759109497
937,5,train/lr,9.465053087042107e-05
938,5,train/loss,1.6338510513305664
938,5,train/lr,9.463626961134863e-05
939,5,train/loss,1.8148159980773926
939,5,train/lr,9.4621990445217e-05
940,5,train/loss,1.74942147731781
940,5,train/lr,9.46076933777546e-05
941,5,train/loss,1.7654600143432617
941,5,train/lr,9.459337841469711e-05
942,5,train/loss,1.8567209243774414
942,5,train/lr,9.457904556178738e-05
943,5,train/loss,1.4750369787216187
943,5,train/lr,9.456469482477542e-05
944,5,train/loss,1.7560838460922241
944,5,train/lr,9.45503262094184e-05
945,5,train/loss,1.7251163721084595
945,5,train/lr,9.453593972148069e-05
946,5,train/loss,1.6857492923736572
946,5,train/lr,9.452153536673385e-05
947,5,train/loss,1.7982101440429688
947,5,train/lr,9.450711315095655e-05
948,5,train/loss,1.638371467590332
948,5,train/lr,9.449267307993467e-05
949,5,train/loss,1.7691065073013306
949,5,train/lr,9.447821515946122e-05
950,5,train/loss,1.5374209880828857
950,5,train/lr,9.446373939533643e-05
951,5,train/loss,1.456159234046936
951,5,train/lr,9.444924579336761e-05
952,5,train/loss,1.444915533065796
952,5,train/lr,9.443473435936928e-05
953,5,train/loss,1.6825021505355835
953,5,train/lr,9.44202050991631e-05
954,5,train/loss,1.591213583946228
954,5,train/lr,9.440565801857787e-05
955,5,train/loss,1.5917949676513672
955,5,train/lr,9.439109312344956e-05
956,5,train/loss,1.6986939907073975
956,5,train/lr,9.437651041962126e-05
957,5,train/loss,1.5724074840545654
957,5,train/lr,9.436190991294325e-05
958,5,train/loss,1.6957751512527466
958,5,train/lr,9.434729160927289e-05
959,5,train/loss,1.5419762134552002
959,5,train/lr,9.433265551447472e-05
960,5,train/loss,1.7577859163284302
960,5,train/lr,9.431800163442041e-05
961,5,train/loss,1.7143266201019287
961,5,train/lr,9.430332997498879e-05
962,5,train/loss,1.5900503396987915
962,5,train/lr,9.428864054206576e-05
963,5,train/loss,1.673583745956421
963,5,train/lr,9.42739333415444e-05
964,5,train/loss,1.6794177293777466
964,5,train/lr,9.425920837932492e-05
965,5,train/loss,1.7555396556854248
965,5,train/lr,9.424446566131463e-05
966,5,train/loss,1.7245509624481201
966,5,train/lr,9.422970519342798e-05
967,5,train/loss,1.7096703052520752
967,5,train/lr,9.421492698158652e-05
968,5,train/loss,1.6429191827774048
968,5,train/lr,9.420013103171892e-05
969,5,train/loss,1.7845267057418823
969,5,train/lr,9.418531734976103e-05
970,5,train/loss,1.5973432064056396
970,5,train/lr,9.417048594165572e-05
971,5,train/loss,1.62434983253479
971,5,train/lr,9.415563681335305e-05
972,5,train/loss,1.8687999248504639
972,5,train/lr,9.414076997081012e-05
973,5,train/loss,1.5839672088623047
973,5,train/lr,9.412588541999116e-05
974,5,train/loss,1.5757253170013428
974,5,train/lr,9.411098316686757e-05
975,5,train/loss,1.6620185375213623
975,5,train/lr,9.409606321741775e-05
976,5,train/loss,1.5851504802703857
976,5,train/lr,9.408112557762727e-05
977,5,train/loss,1.678147315979004
977,5,train/lr,9.406617025348876e-05
978,5,train/loss,1.5596165657043457
978,5,train/lr,9.405119725100195e-05
979,5,train/loss,1.6101844310760498
979,5,train/lr,9.403620657617367e-05
980,5,train/loss,1.4473636150360107
980,5,train/lr,9.402119823501786e-05
981,5,train/loss,1.5337011814117432
981,5,train/lr,9.400617223355551e-05
982,5,train/loss,1.4290907382965088
982,5,train/lr,9.399112857781471e-05
983,5,train/loss,1.6608879566192627
983,5,train/lr,9.397606727383064e-05
984,5,train/loss,1.6352038383483887
984,5,train/lr,9.396098832764556e-05
985,5,train/loss,1.7253189086914062
985,5,train/lr,9.394589174530876e-05
986,5,train/loss,1.6308462619781494
986,5,train/lr,9.393077753287671e-05
987,5,train/loss,1.770972728729248
987,5,train/lr,9.391564569641285e-05
988,5,train/loss,1.5786559581756592
988,5,train/lr,9.390049624198773e-05
989,5,train/loss,1.8942160606384277
989,5,train/lr,9.388532917567898e-05
990,5,train/loss,1.6529735326766968
990,5,train/lr,9.387014450357128e-05
991,5,train/loss,1.6012797355651855
991,5,train/lr,9.385494223175638e-05
992,5,train/loss,1.5699710845947266
992,5,train/lr,9.383972236633307e-05
993,5,train/loss,1.7849090099334717
993,5,train/lr,9.382448491340723e-05
994,5,train/loss,1.7062280178070068
994,5,train/lr,9.380922987909178e-05
995,5,train/loss,1.5898836851119995
995,5,train/lr,9.379395726950668e-05
996,5,train/loss,1.638744592666626
996,5,train/lr,9.377866709077896e-05
997,5,train/loss,1.6855511665344238
997,5,train/lr,9.376335934904271e-05
998,5,train/loss,1.4890929460525513
998,5,train/lr,9.374803405043903e-05
999,5,train/loss,1.5316479206085205
999,5,train/lr,9.37326912011161e-05
1000,5,train/loss,1.6604714393615723
1000,5,train/lr,9.371733080722911e-05
1001,5,train/loss,1.6961681842803955
1001,5,train/lr,9.37019528749403e-05
1002,5,train/loss,1.5231506824493408
1002,5,train/lr,9.368655741041897e-05
1003,5,train/loss,1.4443556070327759
1003,5,train/lr,9.367114441984138e-05
1004,5,train/loss,1.6936769485473633
1004,5,train/lr,9.365571390939092e-05
1005,5,train/loss,1.5713324546813965
1005,5,train/lr,9.364026588525795e-05
1006,5,train/loss,1.4785335063934326
1006,5,train/lr,9.362480035363986e-05
1007,5,train/loss,1.6980140209197998
1007,5,train/lr,9.360931732074107e-05
1008,5,train/loss,1.7037246227264404
1008,5,train/lr,9.359381679277304e-05
1009,5,train/loss,1.7028653621673584
1009,5,train/lr,9.35782987759542e-05
1010,5,train/loss,1.7196428775787354
1010,5,train/lr,9.356276327651005e-05
1011,5,train/loss,1.8904087543487549
1011,5,train/lr,9.354721030067307e-05
1012,5,train/loss,1.7983964681625366
1012,5,train/lr,9.353163985468276e-05
1013,5,train/loss,1.963850498199463
1013,5,train/lr,9.351605194478565e-05
1014,5,train/loss,1.8671371936798096
1014,5,train/lr,9.350044657723523e-05
1015,5,train/loss,1.7757771015167236
1015,5,train/lr,9.348482375829202e-05
1016,5,train/loss,1.9120392799377441
1016,5,train/lr,9.346918349422355e-05
1017,5,train/loss,1.8259772062301636
1017,5,train/lr,9.345352579130435e-05
1018,5,train/loss,1.6719485521316528
1018,5,train/lr,9.343785065581592e-05
1019,5,train/loss,1.5957090854644775
1019,5,train/lr,9.342215809404678e-05
1020,5,train/loss,1.6764237880706787
1020,5,train/lr,9.340644811229242e-05
1021,5,train/loss,1.626953125
1021,5,train/lr,9.339072071685534e-05
1022,5,train/loss,1.7675299644470215
1022,5,train/lr,9.337497591404499e-05
1023,5,train/loss,1.7048897743225098
1023,5,train/lr,9.335921371017785e-05
1024,5,train/loss,1.7481379508972168
1024,5,train/lr,9.334343411157735e-05
1025,5,train/loss,1.587805986404419
1025,5,train/lr,9.332763712457393e-05
1026,5,train/loss,1.6574652194976807
1026,5,train/lr,9.331182275550494e-05
1027,5,train/loss,1.549057960510254
1027,5,train/lr,9.329599101071478e-05
1028,5,train/loss,1.59023118019104
1028,5,train/lr,9.328014189655477e-05
1029,5,train/loss,1.5801153182983398
1029,5,train/lr,9.326427541938323e-05
1030,5,train/loss,1.6757762432098389
1030,5,train/lr,9.324839158556542e-05
1031,5,train/loss,1.542785406112671
1031,5,train/lr,9.323249040147357e-05
1032,5,train/loss,1.5762310028076172
1032,5,train/lr,9.321657187348689e-05
1033,5,train/loss,1.515891671180725
1033,5,train/lr,9.320063600799151e-05
1034,5,train/loss,1.6402297019958496
1034,5,train/lr,9.318468281138056e-05
1035,5,train/loss,1.723799228668213
1035,5,train/lr,9.31687122900541e-05
1036,5,train/loss,1.6865602731704712
1036,5,train/lr,9.315272445041912e-05
1037,5,train/loss,1.6939849853515625
1037,5,train/lr,9.31367192988896e-05
1038,5,train/loss,1.5930123329162598
1038,5,train/lr,9.312069684188643e-05
1039,5,train/loss,1.5396068096160889
1039,5,train/lr,9.310465708583746e-05
1040,5,train/loss,1.7881169319152832
1040,5,train/lr,9.308860003717748e-05
1041,5,train/loss,1.7162504196166992
1041,5,train/lr,9.307252570234822e-05
1042,5,train/loss,1.8492310047149658
1042,5,train/lr,9.305643408779832e-05
1043,5,train/loss,1.7560036182403564
1043,5,train/lr,9.30403251999834e-05
1044,5,train/loss,1.7768120765686035
1044,5,train/lr,9.302419904536595e-05
1045,5,train/loss,1.8691104650497437
1045,5,train/lr,9.300805563041544e-05
1046,5,train/loss,1.882542371749878
1046,5,train/lr,9.29918949616082e-05
1047,5,train/loss,1.5430359840393066
1047,5,train/lr,9.297571704542759e-05
1048,5,train/loss,1.5275294780731201
1048,5,train/lr,9.295952188836379e-05
1049,5,train/loss,1.6872460842132568
1049,5,train/lr,9.29433094969139e-05
1050,5,train/loss,1.591610312461853
1050,5,train/lr,9.2927079877582e-05
1051,5,train/loss,1.5861364603042603
1051,5,train/lr,9.291083303687906e-05
1052,5,train/loss,1.6442897319793701
1052,5,train/lr,9.289456898132292e-05
1053,5,train/loss,1.6328105926513672
1053,5,train/lr,9.287828771743834e-05
1054,5,train/loss,1.7360979318618774
1054,5,train/lr,9.2861989251757e-05
1055,5,train/loss,1.5454163551330566
1055,5,train/lr,9.284567359081748e-05
1056,5,train/loss,1.4168442487716675
1056,5,train/lr,9.282934074116527e-05
1057,5,train/loss,1.4648747444152832
1057,5,train/lr,9.281299070935272e-05
1058,5,train/loss,1.5385969877243042
1058,5,train/lr,9.27966235019391e-05
1059,5,train/loss,1.5919232368469238
1059,5,train/lr,9.278023912549054e-05
1060,5,train/loss,1.888501524925232
1060,5,train/lr,9.276383758658011e-05
1061,5,train/loss,1.7749457359313965
1061,5,train/lr,9.274741889178772e-05
1062,5,train/loss,1.6549031734466553
1062,5,train/lr,9.273098304770018e-05
1063,5,train/loss,1.6313177347183228
1063,5,train/lr,9.271453006091117e-05
1064,5,train/loss,1.3995110988616943
1064,5,train/lr,9.269805993802129e-05
1065,5,train/loss,1.8921502828598022
1065,5,train/lr,9.268157268563793e-05
1066,5,train/loss,1.6935758590698242
1066,5,train/lr,9.266506831037544e-05
1067,5,train/loss,1.7370023727416992
1067,5,train/lr,9.264854681885499e-05
1068,5,train/loss,1.5838663578033447
1068,5,train/lr,9.263200821770461e-05
1069,5,train/loss,1.3840585947036743
1069,5,train/lr,9.261545251355924e-05
1070,5,train/loss,1.517866849899292
1070,5,train/lr,9.259887971306064e-05
1071,5,train/loss,1.8574326038360596
1071,5,train/lr,9.258228982285743e-05
1072,5,train/loss,1.713619589805603
1072,5,train/lr,9.256568284960511e-05
1073,5,train/loss,1.6055572032928467
1073,5,train/lr,9.254905879996605e-05
1074,5,train/loss,1.690865159034729
1074,5,train/lr,9.253241768060938e-05
1075,5,train/loss,1.7069995403289795
1075,5,train/lr,9.251575949821118e-05
1075,5,train/batches,429.0
1075,5,train/compute_pct,99.91733634280746
1075,5,train/compute_sec,47.394213417719584
1075,5,train/data_wait_pct,0.0826636571925435
1075,5,train/data_wait_sec,0.039210202696267515
1075,5,train/examples,5148.0
1075,5,train/examples_per_sec,108.53106537695174
1075,5,train/input_tokens,1561634.0
1075,5,train/peak_vram_gb,4.9281439781188965
1075,5,train/target_tokens,417600.0
1075,5,train/tokens_per_sec,41726.5685023865
1075,5,train/total_sec,47.43342362041585
1075,5,train/epoch_loss,1.662363079322246
1075,5,epoch5/batches,429.0
1075,5,epoch5/compute_pct,99.91733634280746
1075,5,epoch5/compute_sec,47.394213417719584
1075,5,epoch5/data_wait_pct,0.0826636571925435
1075,5,epoch5/data_wait_sec,0.039210202696267515
1075,5,epoch5/examples,5148.0
1075,5,epoch5/examples_per_sec,108.53106537695174
1075,5,epoch5/input_tokens,1561634.0
1075,5,epoch5/peak_vram_gb,4.9281439781188965
1075,5,epoch5/target_tokens,417600.0
1075,5,epoch5/tokens_per_sec,41726.5685023865
1075,5,epoch5/total_sec,47.43342362041585
1075,5,val/bleu,15.829598160959597
1075,5,val/chrf,34.81962103055003
1075,5,val/combined,23.47723597509947
1075,5,val/eval_peak_vram_gb,4.9281439781188965
1075,5,val/eval_samples_per_sec,6.874460544493671
1075,5,val/eval_seconds,83.49746082400088
1075,5,val/eval_tokens_per_sec,2035.774481313803
1076,6,train/loss,1.5796988010406494
1076,6,train/lr,9.249908425945434e-05
1077,6,train/loss,1.8018258810043335
1077,6,train/lr,9.248239197102857e-05
1078,6,train/loss,1.6568375825881958
1078,6,train/lr,9.246568263963044e-05
1079,6,train/loss,1.8785147666931152
1079,6,train/lr,9.244895627196335e-05
1080,6,train/loss,1.6373703479766846
1080,6,train/lr,9.243221287473756e-05
1081,6,train/loss,1.6447038650512695
1081,6,train/lr,9.241545245467011e-05
1082,6,train/loss,1.6772782802581787
1082,6,train/lr,9.239867501848493e-05
1083,6,train/loss,1.6637332439422607
1083,6,train/lr,9.238188057291273e-05
1084,6,train/loss,1.781313419342041
1084,6,train/lr,9.236506912469108e-05
1085,6,train/loss,1.6309512853622437
1085,6,train/lr,9.234824068056434e-05
1086,6,train/loss,1.7370710372924805
1086,6,train/lr,9.233139524728367e-05
1087,6,train/loss,1.6227513551712036
1087,6,train/lr,9.231453283160713e-05
1088,6,train/loss,1.4224052429199219
1088,6,train/lr,9.22976534402995e-05
1089,6,train/loss,1.4960002899169922
1089,6,train/lr,9.228075708013244e-05
1090,6,train/loss,1.6259057521820068
1090,6,train/lr,9.226384375788436e-05
1091,6,train/loss,1.514069676399231
1091,6,train/lr,9.22469134803405e-05
1092,6,train/loss,1.7446162700653076
1092,6,train/lr,9.222996625429291e-05
1093,6,train/loss,1.5633931159973145
1093,6,train/lr,9.221300208654045e-05
1094,6,train/loss,1.6929137706756592
1094,6,train/lr,9.219602098388874e-05
1095,6,train/loss,1.5111396312713623
1095,6,train/lr,9.217902295315022e-05
1096,6,train/loss,1.5946986675262451
1096,6,train/lr,9.216200800114412e-05
1097,6,train/loss,1.4766415357589722
1097,6,train/lr,9.214497613469643e-05
1098,6,train/loss,1.567969560623169
1098,6,train/lr,9.212792736063997e-05
1099,6,train/loss,1.6237132549285889
1099,6,train/lr,9.211086168581433e-05
1100,6,train/loss,1.6042119264602661
1100,6,train/lr,9.209377911706585e-05
1101,6,train/loss,1.5439105033874512
1101,6,train/lr,9.207667966124768e-05
1102,6,train/loss,1.7161259651184082
1102,6,train/lr,9.205956332521973e-05
1103,6,train/loss,1.6518994569778442
1103,6,train/lr,9.204243011584868e-05
1104,6,train/loss,1.6473866701126099
1104,6,train/lr,9.202528004000802e-05
1105,6,train/loss,1.6291043758392334
1105,6,train/lr,9.200811310457791e-05
1106,6,train/loss,1.830371379852295
1106,6,train/lr,9.199092931644539e-05
1107,6,train/loss,1.6775517463684082
1107,6,train/lr,9.197372868250418e-05
1108,6,train/loss,1.6339995861053467
1108,6,train/lr,9.195651120965478e-05
1109,6,train/loss,1.5644267797470093
1109,6,train/lr,9.193927690480447e-05
1110,6,train/loss,1.55739426612854
1110,6,train/lr,9.192202577486724e-05
1111,6,train/loss,1.877628207206726
1111,6,train/lr,9.190475782676389e-05
1112,6,train/loss,1.5621705055236816
1112,6,train/lr,9.188747306742189e-05
1113,6,train/loss,1.7971422672271729
1113,6,train/lr,9.187017150377551e-05
1114,6,train/loss,1.6098170280456543
1114,6,train/lr,9.185285314276573e-05
1115,6,train/loss,1.7185633182525635
1115,6,train/lr,9.18355179913403e-05
1116,6,train/loss,1.5247409343719482
1116,6,train/lr,9.181816605645368e-05
1117,6,train/loss,1.4760043621063232
1117,6,train/lr,9.180079734506708e-05
1118,6,train/loss,1.5776032209396362
1118,6,train/lr,9.178341186414844e-05
1119,6,train/loss,1.6728259325027466
1119,6,train/lr,9.176600962067241e-05
1120,6,train/loss,1.3907341957092285
1120,6,train/lr,9.174859062162038e-05
1121,6,train/loss,1.5438863039016724
1121,6,train/lr,9.173115487398045e-05
1122,6,train/loss,1.604395866394043
1122,6,train/lr,9.171370238474744e-05
1123,6,train/loss,1.6466012001037598
1123,6,train/lr,9.169623316092291e-05
1124,6,train/loss,1.734824538230896
1124,6,train/lr,9.167874720951513e-05
1125,6,train/loss,1.706766128540039
1125,6,train/lr,9.166124453753904e-05
1126,6,train/loss,1.7551147937774658
1126,6,train/lr,9.164372515201632e-05
1127,6,train/loss,1.6342346668243408
1127,6,train/lr,9.162618905997534e-05
1128,6,train/loss,1.6653695106506348
1128,6,train/lr,9.16086362684512e-05
1129,6,train/loss,1.8221371173858643
1129,6,train/lr,9.15910667844857e-05
1130,6,train/loss,1.6577616930007935
1130,6,train/lr,9.157348061512727e-05
1131,6,train/loss,1.5960323810577393
1131,6,train/lr,9.155587776743111e-05
1132,6,train/loss,1.663022756576538
1132,6,train/lr,9.153825824845909e-05
1133,6,train/loss,1.6595144271850586
1133,6,train/lr,9.152062206527976e-05
1134,6,train/loss,1.6436519622802734
1134,6,train/lr,9.150296922496836e-05
1135,6,train/loss,1.6002755165100098
1135,6,train/lr,9.148529973460677e-05
1136,6,train/loss,1.6699461936950684
1136,6,train/lr,9.146761360128363e-05
1137,6,train/loss,1.5268652439117432
1137,6,train/lr,9.144991083209421e-05
1138,6,train/loss,1.6806015968322754
1138,6,train/lr,9.143219143414046e-05
1139,6,train/loss,1.5199508666992188
1139,6,train/lr,9.141445541453097e-05
1140,6,train/loss,1.5938444137573242
1140,6,train/lr,9.139670278038108e-05
1141,6,train/loss,1.5319304466247559
1141,6,train/lr,9.13789335388127e-05
1142,6,train/loss,1.6380620002746582
1142,6,train/lr,9.136114769695447e-05
1143,6,train/loss,1.6345088481903076
1143,6,train/lr,9.134334526194166e-05
1144,6,train/loss,1.5681135654449463
1144,6,train/lr,9.132552624091621e-05
1145,6,train/loss,1.6061427593231201
1145,6,train/lr,9.13076906410267e-05
1146,6,train/loss,1.5753533840179443
1146,6,train/lr,9.128983846942835e-05
1147,6,train/loss,1.5073673725128174
1147,6,train/lr,9.12719697332831e-05
1148,6,train/loss,1.6235742568969727
1148,6,train/lr,9.125408443975943e-05
1149,6,train/loss,1.6140718460083008
1149,6,train/lr,9.123618259603251e-05
1150,6,train/loss,1.719228744506836
1150,6,train/lr,9.12182642092842e-05
1151,6,train/loss,1.6054065227508545
1151,6,train/lr,9.120032928670292e-05
1152,6,train/loss,1.4352505207061768
1152,6,train/lr,9.118237783548376e-05
1153,6,train/loss,1.8577854633331299
1153,6,train/lr,9.116440986282845e-05
1154,6,train/loss,1.7086292505264282
1154,6,train/lr,9.114642537594531e-05
1155,6,train/loss,1.5533225536346436
1155,6,train/lr,9.112842438204932e-05
1156,6,train/loss,1.8484339714050293
1156,6,train/lr,9.111040688836206e-05
1157,6,train/loss,1.6615777015686035
1157,6,train/lr,9.109237290211174e-05
1158,6,train/loss,1.6819087266921997
1158,6,train/lr,9.10743224305332e-05
1159,6,train/loss,1.556016445159912
1159,6,train/lr,9.105625548086788e-05
1160,6,train/loss,1.6608045101165771
1160,6,train/lr,9.103817206036382e-05
1161,6,train/loss,1.6714262962341309
1161,6,train/lr,9.102007217627568e-05
1162,6,train/loss,1.633855938911438
1162,6,train/lr,9.100195583586473e-05
1163,6,train/loss,1.6085059642791748
1163,6,train/lr,9.098382304639884e-05
1164,6,train/loss,1.4598708152770996
1164,6,train/lr,9.096567381515244e-05
1165,6,train/loss,1.4701536893844604
1165,6,train/lr,9.094750814940665e-05
1166,6,train/loss,1.4190772771835327
1166,6,train/lr,9.092932605644906e-05
1167,6,train/loss,1.5111331939697266
1167,6,train/lr,9.091112754357395e-05
1168,6,train/loss,1.5074537992477417
1168,6,train/lr,9.089291261808212e-05
1169,6,train/loss,1.5890636444091797
1169,6,train/lr,9.087468128728105e-05
1170,6,train/loss,1.6365348100662231
1170,6,train/lr,9.085643355848467e-05
1171,6,train/loss,1.4158506393432617
1171,6,train/lr,9.083816943901357e-05
1172,6,train/loss,1.4276561737060547
1172,6,train/lr,9.081988893619493e-05
1173,6,train/loss,1.5772607326507568
1173,6,train/lr,9.080159205736243e-05
1174,6,train/loss,1.664201021194458
1174,6,train/lr,9.07832788098564e-05
1175,6,train/loss,1.6764116287231445
1175,6,train/lr,9.076494920102368e-05
1176,6,train/loss,1.6440672874450684
1176,6,train/lr,9.074660323821771e-05
1177,6,train/loss,1.7357263565063477
1177,6,train/lr,9.072824092879844e-05
1178,6,train/loss,1.6076228618621826
1178,6,train/lr,9.070986228013246e-05
1179,6,train/loss,1.592014193534851
1179,6,train/lr,9.069146729959281e-05
1180,6,train/loss,1.5775007009506226
1180,6,train/lr,9.06730559945592e-05
1181,6,train/loss,1.4870898723602295
1181,6,train/lr,9.065462837241778e-05
1182,6,train/loss,1.5247917175292969
1182,6,train/lr,9.063618444056133e-05
1183,6,train/loss,1.6057722568511963
1183,6,train/lr,9.061772420638912e-05
1184,6,train/loss,1.6700258255004883
1184,6,train/lr,9.059924767730696e-05
1185,6,train/loss,1.6858530044555664
1185,6,train/lr,9.058075486072725e-05
1186,6,train/loss,1.766521692276001
1186,6,train/lr,9.056224576406886e-05
1187,6,train/loss,1.5278432369232178
1187,6,train/lr,9.054372039475724e-05
1188,6,train/loss,1.6891701221466064
1188,6,train/lr,9.052517876022433e-05
1189,6,train/loss,1.748988389968872
1189,6,train/lr,9.050662086790862e-05
1190,6,train/loss,1.3623361587524414
1190,6,train/lr,9.048804672525513e-05
1191,6,train/loss,1.5244237184524536
1191,6,train/lr,9.046945633971537e-05
1192,6,train/loss,1.518808126449585
1192,6,train/lr,9.045084971874738e-05
1193,6,train/loss,1.5716030597686768
1193,6,train/lr,9.043222686981572e-05
1194,6,train/loss,1.4302377700805664
1194,6,train/lr,9.041358780039144e-05
1195,6,train/loss,1.5457086563110352
1195,6,train/lr,9.039493251795214e-05
1196,6,train/loss,1.5595307350158691
1196,6,train/lr,9.03762610299819e-05
1197,6,train/loss,1.5426254272460938
1197,6,train/lr,9.035757334397123e-05
1198,6,train/loss,1.7586379051208496
1198,6,train/lr,9.03388694674173e-05
1199,6,train/loss,1.5689246654510498
1199,6,train/lr,9.032014940782361e-05
1200,6,train/loss,1.7204158306121826
1200,6,train/lr,9.030141317270026e-05
1201,6,train/loss,1.5965112447738647
1201,6,train/lr,9.028266076956378e-05
1202,6,train/loss,1.6939446926116943
1202,6,train/lr,9.026389220593722e-05
1203,6,train/loss,1.749800682067871
1203,6,train/lr,9.024510748935013e-05
1204,6,train/loss,1.8401275873184204
1204,6,train/lr,9.022630662733847e-05
1205,6,train/loss,1.6045777797698975
1205,6,train/lr,9.020748962744475e-05
1206,6,train/loss,1.7050946950912476
1206,6,train/lr,9.018865649721789e-05
1207,6,train/loss,1.6613543033599854
1207,6,train/lr,9.016980724421333e-05
1208,6,train/loss,1.5889744758605957
1208,6,train/lr,9.015094187599297e-05
1209,6,train/loss,1.669966459274292
1209,6,train/lr,9.013206040012517e-05
1210,6,train/loss,1.6734893321990967
1210,6,train/lr,9.011316282418474e-05
1211,6,train/loss,1.6473249197006226
1211,6,train/lr,9.009424915575296e-05
1212,6,train/loss,1.5635900497436523
1212,6,train/lr,9.007531940241758e-05
1213,6,train/loss,1.7131450176239014
1213,6,train/lr,9.005637357177277e-05
1214,6,train/loss,1.7305784225463867
1214,6,train/lr,9.003741167141917e-05
1215,6,train/loss,1.3805954456329346
1215,6,train/lr,9.001843370896386e-05
1216,6,train/loss,1.3329570293426514
1216,6,train/lr,8.99994396920204e-05
1217,6,train/loss,1.3114160299301147
1217,6,train/lr,8.998042962820872e-05
1218,6,train/loss,1.5616329908370972
1218,6,train/lr,8.996140352515523e-05
1219,6,train/loss,1.5407700538635254
1219,6,train/lr,8.994236139049281e-05
1220,6,train/loss,1.5498127937316895
1220,6,train/lr,8.99233032318607e-05
1221,6,train/loss,1.6677942276000977
1221,6,train/lr,8.990422905690459e-05
1222,6,train/loss,1.5634021759033203
1222,6,train/lr,8.988513887327663e-05
1223,6,train/loss,1.6143544912338257
1223,6,train/lr,8.986603268863536e-05
1224,6,train/loss,1.7370100021362305
1224,6,train/lr,8.984691051064575e-05
1225,6,train/loss,1.704099416732788
1225,6,train/lr,8.982777234697918e-05
1226,6,train/loss,1.7734099626541138
1226,6,train/lr,8.980861820531348e-05
1227,6,train/loss,1.7928051948547363
1227,6,train/lr,8.97894480933328e-05
1228,6,train/loss,1.7026360034942627
1228,6,train/lr,8.977026201872779e-05
1229,6,train/loss,1.5226709842681885
1229,6,train/lr,8.975105998919546e-05
1230,6,train/loss,1.653339147567749
1230,6,train/lr,8.973184201243922e-05
1231,6,train/loss,1.766664981842041
1231,6,train/lr,8.971260809616893e-05
1232,6,train/loss,1.4505497217178345
1232,6,train/lr,8.969335824810075e-05
1233,6,train/loss,1.5167932510375977
1233,6,train/lr,8.967409247595728e-05
1234,6,train/loss,1.7347838878631592
1234,6,train/lr,8.965481078746755e-05
1235,6,train/loss,1.616145133972168
1235,6,train/lr,8.963551319036692e-05
1236,6,train/loss,1.680196762084961
1236,6,train/lr,8.961619969239714e-05
1237,6,train/loss,1.791046380996704
1237,6,train/lr,8.959687030130635e-05
1238,6,train/loss,1.4966814517974854
1238,6,train/lr,8.957752502484906e-05
1239,6,train/loss,1.583881139755249
1239,6,train/lr,8.955816387078617e-05
1240,6,train/loss,1.59824538230896
1240,6,train/lr,8.953878684688493e-05
1241,6,train/loss,1.421546220779419
1241,6,train/lr,8.951939396091898e-05
1242,6,train/loss,1.5047614574432373
1242,6,train/lr,8.949998522066825e-05
1243,6,train/loss,1.49027681350708
1243,6,train/lr,8.948056063391913e-05
1244,6,train/loss,1.6715346574783325
1244,6,train/lr,8.946112020846435e-05
1245,6,train/loss,1.5271600484848022
1245,6,train/lr,8.944166395210292e-05
1246,6,train/loss,1.3873388767242432
1246,6,train/lr,8.942219187264025e-05
1247,6,train/loss,1.767805814743042
1247,6,train/lr,8.940270397788812e-05
1248,6,train/loss,1.469923734664917
1248,6,train/lr,8.938320027566463e-05
1249,6,train/loss,1.6823304891586304
1249,6,train/lr,8.93636807737942e-05
1250,6,train/loss,1.804990291595459
1250,6,train/lr,8.934414548010763e-05
1251,6,train/loss,1.8075294494628906
1251,6,train/lr,8.932459440244205e-05
1252,6,train/loss,1.7150291204452515
1252,6,train/lr,8.930502754864087e-05
1253,6,train/loss,1.5825221538543701
1253,6,train/lr,8.92854449265539e-05
1254,6,train/loss,1.697561502456665
1254,6,train/lr,8.926584654403724e-05
1255,6,train/loss,1.6501315832138062
1255,6,train/lr,8.924623240895332e-05
1256,6,train/loss,1.674217939376831
1256,6,train/lr,8.922660252917087e-05
1257,6,train/loss,1.6431379318237305
1257,6,train/lr,8.920695691256496e-05
1258,6,train/loss,1.649033546447754
1258,6,train/lr,8.918729556701697e-05
1259,6,train/loss,1.4182803630828857
1259,6,train/lr,8.916761850041458e-05
1260,6,train/loss,1.718299150466919
1260,6,train/lr,8.914792572065178e-05
1261,6,train/loss,1.5962823629379272
1261,6,train/lr,8.912821723562888e-05
1262,6,train/loss,1.5357065200805664
1262,6,train/lr,8.910849305325246e-05
1263,6,train/loss,1.573639988899231
1263,6,train/lr,8.908875318143543e-05
1264,6,train/loss,1.7120734453201294
1264,6,train/lr,8.906899762809698e-05
1265,6,train/loss,1.650738000869751
1265,6,train/lr,8.904922640116257e-05
1266,6,train/loss,1.6934638023376465
1266,6,train/lr,8.902943950856399e-05
1267,6,train/loss,1.4621251821517944
1267,6,train/lr,8.900963695823927e-05
1268,6,train/loss,1.5668468475341797
1268,6,train/lr,8.898981875813277e-05
1269,6,train/loss,1.3521654605865479
1269,6,train/lr,8.896998491619509e-05
1270,6,train/loss,1.4844259023666382
1270,6,train/lr,8.89501354403831e-05
1271,6,train/loss,1.4948303699493408
1271,6,train/lr,8.893027033866002e-05
1272,6,train/loss,1.6084070205688477
1272,6,train/lr,8.89103896189952e-05
1273,6,train/loss,1.5724513530731201
1273,6,train/lr,8.889049328936439e-05
1274,6,train/loss,1.5069246292114258
1274,6,train/lr,8.88705813577495e-05
1275,6,train/loss,1.720236897468567
1275,6,train/lr,8.88506538321388e-05
1276,6,train/loss,1.672142505645752
1276,6,train/lr,8.883071072052672e-05
1277,6,train/loss,1.6376217603683472
1277,6,train/lr,8.881075203091401e-05
1278,6,train/loss,1.5680062770843506
1278,6,train/lr,8.87907777713076e-05
1279,6,train/loss,1.6828409433364868
1279,6,train/lr,8.877078794972078e-05
1280,6,train/loss,1.676257610321045
1280,6,train/lr,8.875078257417295e-05
1281,6,train/loss,1.6249430179595947
1281,6,train/lr,8.873076165268984e-05
1282,6,train/loss,1.6777551174163818
1282,6,train/lr,8.87107251933034e-05
1283,6,train/loss,1.6482646465301514
1283,6,train/lr,8.869067320405176e-05
1284,6,train/loss,1.3869969844818115
1284,6,train/lr,8.867060569297938e-05
1285,6,train/loss,1.3983235359191895
1285,6,train/lr,8.865052266813685e-05
1286,6,train/loss,1.604144811630249
1286,6,train/lr,8.863042413758105e-05
1287,6,train/loss,1.535942792892456
1287,6,train/lr,8.861031010937504e-05
1288,6,train/loss,1.5591952800750732
1288,6,train/lr,8.85901805915881e-05
1289,6,train/loss,1.6382286548614502
1289,6,train/lr,8.857003559229578e-05
1290,6,train/loss,1.6693439483642578
1290,6,train/lr,8.854987511957974e-05
1290,6,train/batches,429.0
1290,6,train/compute_pct,99.90565047829675
1290,6,train/compute_sec,47.86936206743121
1290,6,train/data_wait_pct,0.0943495217032498
1290,6,train/data_wait_sec,0.04520716689876281
1290,6,train/examples,5148.0
1290,6,train/examples_per_sec,107.44122471024002
1290,6,train/input_tokens,1561555.0
1290,6,train/peak_vram_gb,4.9281439781188965
1290,6,train/target_tokens,417604.0
1290,6,train/tokens_per_sec,41305.995892830986
1290,6,train/total_sec,47.914569234329974
1290,6,train/epoch_loss,1.6214263419727069
1290,6,epoch6/batches,429.0
1290,6,epoch6/compute_pct,99.90565047829675
1290,6,epoch6/compute_sec,47.86936206743121
1290,6,epoch6/data_wait_pct,0.0943495217032498
1290,6,epoch6/data_wait_sec,0.04520716689876281
1290,6,epoch6/examples,5148.0
1290,6,epoch6/examples_per_sec,107.44122471024002
1290,6,epoch6/input_tokens,1561555.0
1290,6,epoch6/peak_vram_gb,4.9281439781188965
1290,6,epoch6/target_tokens,417604.0
1290,6,epoch6/tokens_per_sec,41305.995892830986
1290,6,epoch6/total_sec,47.914569234329974
1290,6,val/bleu,19.47198570307385
1290,6,val/chrf,36.02506434526479
1290,6,val/combined,26.48545898947782
1290,6,val/eval_peak_vram_gb,4.9281439781188965
1290,6,val/eval_samples_per_sec,7.758747791096807
1290,6,val/eval_seconds,73.98101026800578
1290,6,val/eval_tokens_per_sec,1920.8983424961102
1291,7,train/loss,1.649286150932312
1291,7,train/lr,8.852969918152793e-05
1292,7,train/loss,1.8335905075073242
1292,7,train/lr,8.85095077862345e-05
1293,7,train/loss,1.519850730895996
1293,7,train/lr,8.848930094179977e-05
1294,7,train/loss,1.6539616584777832
1294,7,train/lr,8.846907865633024e-05
1295,7,train/loss,1.6543294191360474
1295,7,train/lr,8.844884093793866e-05
1296,7,train/loss,1.7235372066497803
1296,7,train/lr,8.842858779474392e-05
1297,7,train/loss,1.5278315544128418
1297,7,train/lr,8.840831923487116e-05
1298,7,train/loss,1.7023088932037354
1298,7,train/lr,8.838803526645163e-05
1299,7,train/loss,1.524407148361206
1299,7,train/lr,8.83677358976228e-05
1300,7,train/loss,1.5714107751846313
1300,7,train/lr,8.834742113652835e-05
1301,7,train/loss,1.6495323181152344
1301,7,train/lr,8.832709099131806e-05
1302,7,train/loss,1.6084587574005127
1302,7,train/lr,8.830674547014796e-05
1303,7,train/loss,1.7199532985687256
1303,7,train/lr,8.828638458118019e-05
1304,7,train/loss,1.6108548641204834
1304,7,train/lr,8.826600833258308e-05
1305,7,train/loss,1.5807690620422363
1305,7,train/lr,8.824561673253111e-05
1306,7,train/loss,1.6690089702606201
1306,7,train/lr,8.822520978920496e-05
1307,7,train/loss,1.6913293600082397
1307,7,train/lr,8.82047875107914e-05
1308,7,train/loss,1.3522120714187622
1308,7,train/lr,8.81843499054834e-05
1309,7,train/loss,1.6249308586120605
1309,7,train/lr,8.816389698148005e-05
1310,7,train/loss,1.5403461456298828
1310,7,train/lr,8.81434287469866e-05
1311,7,train/loss,1.3766316175460815
1311,7,train/lr,8.812294521021447e-05
1312,7,train/loss,1.5797841548919678
1312,7,train/lr,8.810244637938116e-05
1313,7,train/loss,1.4607653617858887
1313,7,train/lr,8.808193226271036e-05
1314,7,train/loss,1.6105616092681885
1314,7,train/lr,8.806140286843185e-05
1315,7,train/loss,1.6932485103607178
1315,7,train/lr,8.804085820478156e-05
1316,7,train/loss,1.835411548614502
1316,7,train/lr,8.802029828000156e-05
1317,7,train/loss,1.7490544319152832
1317,7,train/lr,8.799972310233999e-05
1318,7,train/loss,1.6779356002807617
1318,7,train/lr,8.797913268005118e-05
1319,7,train/loss,1.6016886234283447
1319,7,train/lr,8.795852702139553e-05
1320,7,train/loss,1.6827312707901
1320,7,train/lr,8.793790613463955e-05
1321,7,train/loss,1.7932147979736328
1321,7,train/lr,8.791727002805588e-05
1322,7,train/loss,1.6856873035430908
1322,7,train/lr,8.789661870992327e-05
1323,7,train/loss,1.6460926532745361
1323,7,train/lr,8.787595218852656e-05
1324,7,train/loss,1.631128191947937
1324,7,train/lr,8.785527047215667e-05
1325,7,train/loss,1.5728565454483032
1325,7,train/lr,8.783457356911065e-05
1326,7,train/loss,1.6130119562149048
1326,7,train/lr,8.781386148769162e-05
1327,7,train/loss,1.6883732080459595
1327,7,train/lr,8.77931342362088e-05
1328,7,train/loss,1.5298552513122559
1328,7,train/lr,8.777239182297749e-05
1329,7,train/loss,1.650484561920166
1329,7,train/lr,8.775163425631909e-05
1330,7,train/loss,1.4510889053344727
1330,7,train/lr,8.773086154456106e-05
1331,7,train/loss,1.6327109336853027
1331,7,train/lr,8.771007369603694e-05
1332,7,train/loss,1.5050320625305176
1332,7,train/lr,8.768927071908633e-05
1333,7,train/loss,1.4988175630569458
1333,7,train/lr,8.766845262205492e-05
1334,7,train/loss,1.8296871185302734
1334,7,train/lr,8.764761941329448e-05
1335,7,train/loss,1.6115388870239258
1335,7,train/lr,8.76267711011628e-05
1336,7,train/loss,1.5037965774536133
1336,7,train/lr,8.760590769402373e-05
1337,7,train/loss,1.5079877376556396
1337,7,train/lr,8.758502920024724e-05
1338,7,train/loss,1.4971762895584106
1338,7,train/lr,8.756413562820928e-05
1339,7,train/loss,1.5541436672210693
1339,7,train/lr,8.754322698629189e-05
1340,7,train/loss,1.6713340282440186
1340,7,train/lr,8.752230328288313e-05
1341,7,train/loss,1.5287734270095825
1341,7,train/lr,8.750136452637712e-05
1342,7,train/loss,1.7347832918167114
1342,7,train/lr,8.748041072517403e-05
1343,7,train/loss,1.599897861480713
1343,7,train/lr,8.745944188768003e-05
1344,7,train/loss,1.6934895515441895
1344,7,train/lr,8.743845802230735e-05
1345,7,train/loss,1.6115384101867676
1345,7,train/lr,8.741745913747424e-05
1346,7,train/loss,1.7509379386901855
1346,7,train/lr,8.739644524160497e-05
1347,7,train/loss,1.8260159492492676
1347,7,train/lr,8.737541634312985e-05
1348,7,train/loss,1.525629997253418
1348,7,train/lr,8.735437245048518e-05
1349,7,train/loss,1.6791341304779053
1349,7,train/lr,8.733331357211332e-05
1350,7,train/loss,1.6085610389709473
1350,7,train/lr,8.73122397164626e-05
1351,7,train/loss,1.5945329666137695
1351,7,train/lr,8.729115089198736e-05
1352,7,train/loss,1.5778892040252686
1352,7,train/lr,8.727004710714799e-05
1353,7,train/loss,1.646451473236084
1353,7,train/lr,8.724892837041081e-05
1354,7,train/loss,1.5928030014038086
1354,7,train/lr,8.722779469024821e-05
1355,7,train/loss,1.4703545570373535
1355,7,train/lr,8.720664607513853e-05
1356,7,train/loss,1.3761082887649536
1356,7,train/lr,8.718548253356612e-05
1357,7,train/loss,1.4026473760604858
1357,7,train/lr,8.71643040740213e-05
1358,7,train/loss,1.5056517124176025
1358,7,train/lr,8.714311070500041e-05
1359,7,train/loss,1.6039681434631348
1359,7,train/lr,8.712190243500573e-05
1360,7,train/loss,1.5298988819122314
1360,7,train/lr,8.710067927254555e-05
1361,7,train/loss,1.7216873168945312
1361,7,train/lr,8.70794412261341e-05
1362,7,train/loss,1.5881807804107666
1362,7,train/lr,8.705818830429163e-05
1363,7,train/loss,1.6680021286010742
1363,7,train/lr,8.703692051554432e-05
1364,7,train/loss,1.7097408771514893
1364,7,train/lr,8.701563786842432e-05
1365,7,train/loss,1.6473660469055176
1365,7,train/lr,8.699434037146974e-05
1366,7,train/loss,1.4642302989959717
1366,7,train/lr,8.697302803322466e-05
1367,7,train/loss,1.6401731967926025
1367,7,train/lr,8.695170086223911e-05
1368,7,train/loss,1.6447011232376099
1368,7,train/lr,8.693035886706909e-05
1369,7,train/loss,1.4464503526687622
1369,7,train/lr,8.690900205627647e-05
1370,7,train/loss,1.6026346683502197
1370,7,train/lr,8.688763043842916e-05
1371,7,train/loss,1.578177571296692
1371,7,train/lr,8.686624402210097e-05
1372,7,train/loss,1.6063768863677979
1372,7,train/lr,8.68448428158716e-05
1373,7,train/loss,1.5866371393203735
1373,7,train/lr,8.682342682832678e-05
1374,7,train/loss,1.707826852798462
1374,7,train/lr,8.68019960680581e-05
1375,7,train/loss,1.6322870254516602
1375,7,train/lr,8.678055054366309e-05
1376,7,train/loss,1.6666462421417236
1376,7,train/lr,8.675909026374521e-05
1377,7,train/loss,1.5900763273239136
1377,7,train/lr,8.673761523691384e-05
1378,7,train/loss,1.5683460235595703
1378,7,train/lr,8.671612547178428e-05
1379,7,train/loss,1.7875142097473145
1379,7,train/lr,8.669462097697773e-05
1380,7,train/loss,1.3089255094528198
1380,7,train/lr,8.66731017611213e-05
1381,7,train/loss,1.6336395740509033
1381,7,train/lr,8.665156783284802e-05
1382,7,train/loss,1.4629628658294678
1382,7,train/lr,8.663001920079681e-05
1383,7,train/loss,1.5943236351013184
1383,7,train/lr,8.66084558736125e-05
1384,7,train/loss,1.6879353523254395
1384,7,train/lr,8.658687785994579e-05
1385,7,train/loss,1.5991383790969849
1385,7,train/lr,8.65652851684533e-05
1386,7,train/loss,1.5609421730041504
1386,7,train/lr,8.654367780779755e-05
1387,7,train/loss,1.5217030048370361
1387,7,train/lr,8.652205578664688e-05
1388,7,train/loss,1.562917709350586
1388,7,train/lr,8.650041911367558e-05
1389,7,train/loss,1.3607670068740845
1389,7,train/lr,8.64787677975638e-05
1390,7,train/loss,1.58030104637146
1390,7,train/lr,8.645710184699755e-05
1391,7,train/loss,1.6952258348464966
1391,7,train/lr,8.643542127066871e-05
1392,7,train/loss,1.939859390258789
1392,7,train/lr,8.641372607727503e-05
1393,7,train/loss,1.7974933385849
1393,7,train/lr,8.639201627552017e-05
1394,7,train/loss,1.6129262447357178
1394,7,train/lr,8.637029187411354e-05
1395,7,train/loss,1.6154828071594238
1395,7,train/lr,8.634855288177055e-05
1396,7,train/loss,1.6787116527557373
1396,7,train/lr,8.632679930721235e-05
1397,7,train/loss,1.6678075790405273
1397,7,train/lr,8.630503115916597e-05
1398,7,train/loss,1.5946900844573975
1398,7,train/lr,8.628324844636433e-05
1399,7,train/loss,1.503725528717041
1399,7,train/lr,8.626145117754616e-05
1400,7,train/loss,1.6845567226409912
1400,7,train/lr,8.6239639361456e-05
1401,7,train/loss,1.5049799680709839
1401,7,train/lr,8.621781300684428e-05
1402,7,train/loss,1.5452635288238525
1402,7,train/lr,8.619597212246724e-05
1403,7,train/loss,1.5751783847808838
1403,7,train/lr,8.617411671708693e-05
1404,7,train/loss,1.5650947093963623
1404,7,train/lr,8.615224679947125e-05
1405,7,train/loss,1.7429618835449219
1405,7,train/lr,8.613036237839391e-05
1406,7,train/loss,1.4694299697875977
1406,7,train/lr,8.610846346263446e-05
1407,7,train/loss,1.378185510635376
1407,7,train/lr,8.608655006097825e-05
1408,7,train/loss,1.669594407081604
1408,7,train/lr,8.606462218221643e-05
1409,7,train/loss,1.4959089756011963
1409,7,train/lr,8.604267983514594e-05
1410,7,train/loss,1.3541523218154907
1410,7,train/lr,8.60207230285696e-05
1411,7,train/loss,1.546081304550171
1411,7,train/lr,8.599875177129596e-05
1412,7,train/loss,1.5661988258361816
1412,7,train/lr,8.597676607213938e-05
1413,7,train/loss,1.464351773262024
1413,7,train/lr,8.595476593992005e-05
1414,7,train/loss,1.6348836421966553
1414,7,train/lr,8.59327513834639e-05
1415,7,train/loss,1.6627261638641357
1415,7,train/lr,8.59107224116027e-05
1416,7,train/loss,1.7590725421905518
1416,7,train/lr,8.588867903317394e-05
1417,7,train/loss,1.8274245262145996
1417,7,train/lr,8.586662125702095e-05
1418,7,train/loss,1.6340820789337158
1418,7,train/lr,8.584454909199278e-05
1419,7,train/loss,1.667841911315918
1419,7,train/lr,8.58224625469443e-05
1420,7,train/loss,1.5484381914138794
1420,7,train/lr,8.580036163073615e-05
1421,7,train/loss,1.7499537467956543
1421,7,train/lr,8.577824635223469e-05
1422,7,train/loss,1.465064287185669
1422,7,train/lr,8.575611672031207e-05
1423,7,train/loss,1.6577372550964355
1423,7,train/lr,8.573397274384622e-05
1424,7,train/loss,1.4858916997909546
1424,7,train/lr,8.571181443172077e-05
1425,7,train/loss,1.5282554626464844
1425,7,train/lr,8.568964179282514e-05
1426,7,train/loss,1.5947215557098389
1426,7,train/lr,8.566745483605451e-05
1427,7,train/loss,1.5823962688446045
1427,7,train/lr,8.564525357030977e-05
1428,7,train/loss,1.581024169921875
1428,7,train/lr,8.562303800449756e-05
1429,7,train/loss,1.6816701889038086
1429,7,train/lr,8.560080814753027e-05
1430,7,train/loss,1.5494232177734375
1430,7,train/lr,8.5578564008326e-05
1431,7,train/loss,1.4480853080749512
1431,7,train/lr,8.555630559580862e-05
1432,7,train/loss,1.455318570137024
1432,7,train/lr,8.553403291890767e-05
1433,7,train/loss,1.383988618850708
1433,7,train/lr,8.551174598655847e-05
1434,7,train/loss,1.7192152738571167
1434,7,train/lr,8.548944480770202e-05
1435,7,train/loss,1.5530754327774048
1435,7,train/lr,8.546712939128503e-05
1436,7,train/loss,1.6568915843963623
1436,7,train/lr,8.544479974625997e-05
1437,7,train/loss,1.4002249240875244
1437,7,train/lr,8.542245588158497e-05
1438,7,train/loss,1.535348653793335
1438,7,train/lr,8.540009780622388e-05
1439,7,train/loss,1.6392977237701416
1439,7,train/lr,8.537772552914628e-05
1440,7,train/loss,1.734076976776123
1440,7,train/lr,8.535533905932738e-05
1441,7,train/loss,1.5980751514434814
1441,7,train/lr,8.533293840574814e-05
1442,7,train/loss,1.670238733291626
1442,7,train/lr,8.53105235773952e-05
1443,7,train/loss,1.6855347156524658
1443,7,train/lr,8.528809458326089e-05
1444,7,train/loss,1.5978906154632568
1444,7,train/lr,8.52656514323432e-05
1445,7,train/loss,1.6233656406402588
1445,7,train/lr,8.524319413364581e-05
1446,7,train/loss,1.4764504432678223
1446,7,train/lr,8.522072269617806e-05
1447,7,train/loss,1.5938942432403564
1447,7,train/lr,8.519823712895506e-05
1448,7,train/loss,1.566802978515625
1448,7,train/lr,8.517573744099741e-05
1449,7,train/loss,1.5837891101837158
1449,7,train/lr,8.515322364133153e-05
1450,7,train/loss,1.5586040019989014
1450,7,train/lr,8.513069573898944e-05
1451,7,train/loss,1.5711097717285156
1451,7,train/lr,8.510815374300881e-05
1452,7,train/loss,1.6671459674835205
1452,7,train/lr,8.508559766243297e-05
1453,7,train/loss,1.4881280660629272
1453,7,train/lr,8.506302750631097e-05
1454,7,train/loss,1.4613500833511353
1454,7,train/lr,8.504044328369739e-05
1455,7,train/loss,1.684696912765503
1455,7,train/lr,8.501784500365249e-05
1456,7,train/loss,1.3334308862686157
1456,7,train/lr,8.499523267524221e-05
1457,7,train/loss,1.4986844062805176
1457,7,train/lr,8.497260630753814e-05
1458,7,train/loss,1.4996838569641113
1458,7,train/lr,8.494996590961743e-05
1459,7,train/loss,1.7007339000701904
1459,7,train/lr,8.492731149056287e-05
1460,7,train/loss,1.485465168952942
1460,7,train/lr,8.490464305946295e-05
1461,7,train/loss,1.3817071914672852
1461,7,train/lr,8.488196062541171e-05
1462,7,train/loss,1.5511014461517334
1462,7,train/lr,8.485926419750882e-05
1463,7,train/loss,1.7006150484085083
1463,7,train/lr,8.483655378485958e-05
1464,7,train/loss,1.5938811302185059
1464,7,train/lr,8.48138293965749e-05
1465,7,train/loss,1.847358226776123
1465,7,train/lr,8.479109104177126e-05
1466,7,train/loss,1.5513789653778076
1466,7,train/lr,8.476833872957081e-05
1467,7,train/loss,1.7424635887145996
1467,7,train/lr,8.474557246910123e-05
1468,7,train/loss,1.6354751586914062
1468,7,train/lr,8.472279226949585e-05
1469,7,train/loss,1.665431022644043
1469,7,train/lr,8.469999813989356e-05
1470,7,train/loss,1.6713640689849854
1470,7,train/lr,8.467719008943886e-05
1471,7,train/loss,1.6293106079101562
1471,7,train/lr,8.46543681272818e-05
1472,7,train/loss,1.7066309452056885
1472,7,train/lr,8.463153226257804e-05
1473,7,train/loss,1.4358267784118652
1473,7,train/lr,8.460868250448884e-05
1474,7,train/loss,1.6189813613891602
1474,7,train/lr,8.458581886218096e-05
1475,7,train/loss,1.550354242324829
1475,7,train/lr,8.45629413448268e-05
1476,7,train/loss,1.5590240955352783
1476,7,train/lr,8.454004996160431e-05
1477,7,train/loss,1.6272130012512207
1477,7,train/lr,8.451714472169698e-05
1478,7,train/loss,1.4555234909057617
1478,7,train/lr,8.449422563429385e-05
1479,7,train/loss,1.572916030883789
1479,7,train/lr,8.447129270858958e-05
1480,7,train/loss,1.405266523361206
1480,7,train/lr,8.444834595378434e-05
1481,7,train/loss,1.483483076095581
1481,7,train/lr,8.442538537908381e-05
1482,7,train/loss,1.5006006956100464
1482,7,train/lr,8.440241099369927e-05
1483,7,train/loss,1.5235711336135864
1483,7,train/lr,8.437942280684753e-05
1484,7,train/loss,1.644777536392212
1484,7,train/lr,8.435642082775093e-05
1485,7,train/loss,1.5310680866241455
1485,7,train/lr,8.433340506563733e-05
1486,7,train/loss,1.503636121749878
1486,7,train/lr,8.431037552974014e-05
1487,7,train/loss,1.4582481384277344
1487,7,train/lr,8.428733222929827e-05
1488,7,train/loss,1.59928297996521
1488,7,train/lr,8.42642751735562e-05
1489,7,train/loss,1.6685667037963867
1489,7,train/lr,8.424120437176389e-05
1490,7,train/loss,1.665116310119629
1490,7,train/lr,8.421811983317683e-05
1491,7,train/loss,1.609700322151184
1491,7,train/lr,8.419502156705596e-05
1492,7,train/loss,1.550269365310669
1492,7,train/lr,8.417190958266784e-05
1493,7,train/loss,1.6955218315124512
1493,7,train/lr,8.414878388928445e-05
1494,7,train/loss,1.6880664825439453
1494,7,train/lr,8.412564449618331e-05
1495,7,train/loss,1.5746614933013916
1495,7,train/lr,8.410249141264739e-05
1496,7,train/loss,1.554938554763794
1496,7,train/lr,8.407932464796521e-05
1497,7,train/loss,1.577234148979187
1497,7,train/lr,8.405614421143074e-05
1498,7,train/loss,1.483201503753662
1498,7,train/lr,8.403295011234344e-05
1499,7,train/loss,1.6189073324203491
1499,7,train/lr,8.400974236000827e-05
1500,7,train/loss,1.514296054840088
1500,7,train/lr,8.398652096373564e-05
1501,7,train/loss,1.6107265949249268
1501,7,train/lr,8.396328593284146e-05
1502,7,train/loss,1.4993911981582642
1502,7,train/lr,8.39400372766471e-05
1503,7,train/loss,1.6111488342285156
1503,7,train/lr,8.391677500447936e-05
1504,7,train/loss,1.7271442413330078
1504,7,train/lr,8.389349912567058e-05
1505,7,train/loss,1.539384126663208
1505,7,train/lr,8.387020964955849e-05
1505,7,train/batches,429.0
1505,7,train/compute_pct,99.92713933205683
1505,7,train/compute_sec,48.186558606044855
1505,7,train/data_wait_pct,0.0728606679431745
1505,7,train/data_wait_sec,0.03513464779825881
1505,7,train/examples,5148.0
1505,7,train/examples_per_sec,106.75693142711701
1505,7,train/input_tokens,1561126.0
1505,7,train/peak_vram_gb,4.9281439781188965
1505,7,train/target_tokens,417287.0
1505,7,train/tokens_per_sec,41027.44774194189
1505,7,train/total_sec,48.221693253843114
1505,7,train/epoch_loss,1.5885533124972613
1505,7,epoch7/batches,429.0
1505,7,epoch7/compute_pct,99.92713933205683
1505,7,epoch7/compute_sec,48.186558606044855
1505,7,epoch7/data_wait_pct,0.0728606679431745
1505,7,epoch7/data_wait_sec,0.03513464779825881
1505,7,epoch7/examples,5148.0
1505,7,epoch7/examples_per_sec,106.75693142711701
1505,7,epoch7/input_tokens,1561126.0
1505,7,epoch7/peak_vram_gb,4.9281439781188965
1505,7,epoch7/target_tokens,417287.0
1505,7,epoch7/tokens_per_sec,41027.44774194189
1505,7,epoch7/total_sec,48.221693253843114
1505,7,val/bleu,17.22821888443293
1505,7,val/chrf,37.374238353356546
1505,7,val/combined,25.375018403748886
1505,7,val/eval_peak_vram_gb,4.9281439781188965
1505,7,val/eval_samples_per_sec,6.990103444276586
1505,7,val/eval_seconds,82.11609521601349
1505,7,val/eval_tokens_per_sec,1998.5119795125968
1506,8,train/loss,1.8238074779510498
1506,8,train/lr,8.384690658548631e-05
1507,8,train/loss,1.736990213394165
1507,8,train/lr,8.38235899428027e-05
1508,8,train/loss,1.657837152481079
1508,8,train/lr,8.380025973086177e-05
1509,8,train/loss,1.638291597366333
1509,8,train/lr,8.377691595902304e-05
1510,8,train/loss,1.5435898303985596
1510,8,train/lr,8.375355863665155e-05
1511,8,train/loss,1.6562258005142212
1511,8,train/lr,8.37301877731177e-05
1512,8,train/loss,1.659149408340454
1512,8,train/lr,8.370680337779737e-05
1513,8,train/loss,1.566329002380371
1513,8,train/lr,8.368340546007183e-05
1514,8,train/loss,1.651087760925293
1514,8,train/lr,8.365999402932781e-05
1515,8,train/loss,1.5774024724960327
1515,8,train/lr,8.363656909495743e-05
1516,8,train/loss,1.5739960670471191
1516,8,train/lr,8.361313066635823e-05
1517,8,train/loss,1.412546157836914
1517,8,train/lr,8.358967875293321e-05
1518,8,train/loss,1.5755696296691895
1518,8,train/lr,8.356621336409074e-05
1519,8,train/loss,1.706352710723877
1519,8,train/lr,8.354273450924459e-05
1520,8,train/loss,1.5222909450531006
1520,8,train/lr,8.351924219781393e-05
1521,8,train/loss,1.536900281906128
1521,8,train/lr,8.349573643922338e-05
1522,8,train/loss,1.6971609592437744
1522,8,train/lr,8.347221724290288e-05
1523,8,train/loss,1.6865298748016357
1523,8,train/lr,8.344868461828782e-05
1524,8,train/loss,1.5997037887573242
1524,8,train/lr,8.342513857481895e-05
1525,8,train/loss,1.4073741436004639
1525,8,train/lr,8.340157912194241e-05
1526,8,train/loss,1.5989216566085815
1526,8,train/lr,8.337800626910972e-05
1527,8,train/loss,1.528114914894104
1527,8,train/lr,8.335442002577778e-05
1528,8,train/loss,1.466500997543335
1528,8,train/lr,8.333082040140883e-05
1529,8,train/loss,1.5948922634124756
1529,8,train/lr,8.330720740547053e-05
1530,8,train/loss,1.6609222888946533
1530,8,train/lr,8.328358104743587e-05
1531,8,train/loss,1.660840630531311
1531,8,train/lr,8.32599413367832e-05
1532,8,train/loss,1.7106752395629883
1532,8,train/lr,8.323628828299626e-05
1533,8,train/loss,1.620215892791748
1533,8,train/lr,8.321262189556409e-05
1534,8,train/loss,1.6102287769317627
1534,8,train/lr,8.318894218398112e-05
1535,8,train/loss,1.6549875736236572
1535,8,train/lr,8.316524915774712e-05
1536,8,train/loss,1.5672436952590942
1536,8,train/lr,8.314154282636721e-05
1537,8,train/loss,1.5963599681854248
1537,8,train/lr,8.31178231993518e-05
1538,8,train/loss,1.569946527481079
1538,8,train/lr,8.309409028621667e-05
1539,8,train/loss,1.4115504026412964
1539,8,train/lr,8.307034409648294e-05
1540,8,train/loss,1.5197744369506836
1540,8,train/lr,8.304658463967705e-05
1541,8,train/loss,1.5824209451675415
1541,8,train/lr,8.302281192533073e-05
1542,8,train/loss,1.6724748611450195
1542,8,train/lr,8.299902596298108e-05
1543,8,train/loss,1.598572015762329
1543,8,train/lr,8.297522676217047e-05
1544,8,train/loss,1.5451784133911133
1544,8,train/lr,8.295141433244659e-05
1545,8,train/loss,1.5639832019805908
1545,8,train/lr,8.292758868336249e-05
1546,8,train/loss,1.4876620769500732
1546,8,train/lr,8.290374982447644e-05
1547,8,train/loss,1.4879696369171143
1547,8,train/lr,8.287989776535208e-05
1548,8,train/loss,1.5193530321121216
1548,8,train/lr,8.285603251555827e-05
1549,8,train/loss,1.7314472198486328
1549,8,train/lr,8.283215408466924e-05
1550,8,train/loss,1.5615603923797607
1550,8,train/lr,8.28082624822645e-05
1551,8,train/loss,1.4121904373168945
1551,8,train/lr,8.278435771792876e-05
1552,8,train/loss,1.51312255859375
1552,8,train/lr,8.276043980125213e-05
1553,8,train/loss,1.5120599269866943
1553,8,train/lr,8.273650874182987e-05
1554,8,train/loss,1.6112258434295654
1554,8,train/lr,8.271256454926262e-05
1555,8,train/loss,1.7563426494598389
1555,8,train/lr,8.268860723315626e-05
1556,8,train/loss,1.7138261795043945
1556,8,train/lr,8.266463680312189e-05
1557,8,train/loss,1.6928486824035645
1557,8,train/lr,8.26406532687759e-05
1558,8,train/loss,1.5760157108306885
1558,8,train/lr,8.261665663973997e-05
1559,8,train/loss,1.54441237449646
1559,8,train/lr,8.2592646925641e-05
1560,8,train/loss,1.4528857469558716
1560,8,train/lr,8.256862413611113e-05
1561,8,train/loss,1.5857921838760376
1561,8,train/lr,8.254458828078773e-05
1562,8,train/loss,1.618152141571045
1562,8,train/lr,8.25205393693135e-05
1563,8,train/loss,1.4397475719451904
1563,8,train/lr,8.249647741133628e-05
1564,8,train/loss,1.602311372756958
1564,8,train/lr,8.247240241650918e-05
1565,8,train/loss,1.4749276638031006
1565,8,train/lr,8.244831439449057e-05
1566,8,train/loss,1.7068010568618774
1566,8,train/lr,8.242421335494399e-05
1567,8,train/loss,1.5862500667572021
1567,8,train/lr,8.240009930753825e-05
1568,8,train/loss,1.736624836921692
1568,8,train/lr,8.237597226194733e-05
1569,8,train/loss,1.4461629390716553
1569,8,train/lr,8.23518322278505e-05
1570,8,train/loss,1.532485842704773
1570,8,train/lr,8.232767921493217e-05
1571,8,train/loss,1.6798239946365356
1571,8,train/lr,8.230351323288195e-05
1572,8,train/loss,1.4161927700042725
1572,8,train/lr,8.227933429139471e-05
1573,8,train/loss,1.529000997543335
1573,8,train/lr,8.225514240017053e-05
1574,8,train/loss,1.5260021686553955
1574,8,train/lr,8.22309375689146e-05
1575,8,train/loss,1.618747591972351
1575,8,train/lr,8.220671980733736e-05
1576,8,train/loss,1.490638017654419
1576,8,train/lr,8.218248912515442e-05
1577,8,train/loss,1.5108509063720703
1577,8,train/lr,8.215824553208661e-05
1578,8,train/loss,1.4620616436004639
1578,8,train/lr,8.213398903785989e-05
1579,8,train/loss,1.515386700630188
1579,8,train/lr,8.21097196522054e-05
1580,8,train/loss,1.6845704317092896
1580,8,train/lr,8.20854373848595e-05
1581,8,train/loss,1.6035263538360596
1581,8,train/lr,8.206114224556368e-05
1582,8,train/loss,1.7596052885055542
1582,8,train/lr,8.203683424406455e-05
1583,8,train/loss,1.6320382356643677
1583,8,train/lr,8.201251339011399e-05
1584,8,train/loss,1.5425939559936523
1584,8,train/lr,8.198817969346894e-05
1585,8,train/loss,1.531799554824829
1585,8,train/lr,8.196383316389156e-05
1586,8,train/loss,1.6142605543136597
1586,8,train/lr,8.193947381114908e-05
1587,8,train/loss,1.5143746137619019
1587,8,train/lr,8.191510164501394e-05
1588,8,train/loss,1.6844905614852905
1588,8,train/lr,8.189071667526373e-05
1589,8,train/loss,1.597352385520935
1589,8,train/lr,8.186631891168113e-05
1590,8,train/loss,1.6305980682373047
1590,8,train/lr,8.184190836405393e-05
1591,8,train/loss,1.570706844329834
1591,8,train/lr,8.181748504217512e-05
1592,8,train/loss,1.5671380758285522
1592,8,train/lr,8.17930489558428e-05
1593,8,train/loss,1.63290536403656
1593,8,train/lr,8.176860011486016e-05
1594,8,train/loss,1.608065128326416
1594,8,train/lr,8.174413852903551e-05
1595,8,train/loss,1.2531479597091675
1595,8,train/lr,8.171966420818228e-05
1596,8,train/loss,1.4282984733581543
1596,8,train/lr,8.169517716211902e-05
1597,8,train/loss,1.4932656288146973
1597,8,train/lr,8.167067740066941e-05
1598,8,train/loss,1.4898173809051514
1598,8,train/lr,8.164616493366214e-05
1599,8,train/loss,1.4801716804504395
1599,8,train/lr,8.16216397709311e-05
1600,8,train/loss,1.4921588897705078
1600,8,train/lr,8.15971019223152e-05
1601,8,train/loss,1.4834895133972168
1601,8,train/lr,8.157255139765849e-05
1602,8,train/loss,1.5292803049087524
1602,8,train/lr,8.15479882068101e-05
1603,8,train/loss,1.6408147811889648
1603,8,train/lr,8.152341235962417e-05
1604,8,train/loss,1.601536750793457
1604,8,train/lr,8.149882386596002e-05
1605,8,train/loss,1.6220946311950684
1605,8,train/lr,8.147422273568198e-05
1606,8,train/loss,1.3915929794311523
1606,8,train/lr,8.144960897865945e-05
1607,8,train/loss,1.5820937156677246
1607,8,train/lr,8.142498260476695e-05
1608,8,train/loss,1.594346284866333
1608,8,train/lr,8.140034362388399e-05
1609,8,train/loss,1.8120455741882324
1609,8,train/lr,8.137569204589517e-05
1610,8,train/loss,1.6089599132537842
1610,8,train/lr,8.135102788069016e-05
1611,8,train/loss,1.5623466968536377
1611,8,train/lr,8.132635113816367e-05
1612,8,train/loss,1.6311359405517578
1612,8,train/lr,8.130166182821543e-05
1613,8,train/loss,1.433884859085083
1613,8,train/lr,8.127695996075024e-05
1614,8,train/loss,1.6324162483215332
1614,8,train/lr,8.125224554567792e-05
1615,8,train/loss,1.4230564832687378
1615,8,train/lr,8.122751859291335e-05
1616,8,train/loss,1.7070856094360352
1616,8,train/lr,8.120277911237642e-05
1617,8,train/loss,1.7594128847122192
1617,8,train/lr,8.117802711399203e-05
1618,8,train/loss,1.476664662361145
1618,8,train/lr,8.115326260769014e-05
1619,8,train/loss,1.510453462600708
1619,8,train/lr,8.112848560340571e-05
1620,8,train/loss,1.6676031351089478
1620,8,train/lr,8.110369611107869e-05
1621,8,train/loss,1.4890577793121338
1621,8,train/lr,8.107889414065408e-05
1622,8,train/loss,1.2581541538238525
1622,8,train/lr,8.105407970208188e-05
1623,8,train/loss,1.4547617435455322
1623,8,train/lr,8.102925280531703e-05
1624,8,train/loss,1.4729938507080078
1624,8,train/lr,8.100441346031958e-05
1625,8,train/loss,1.4499866962432861
1625,8,train/lr,8.097956167705447e-05
1626,8,train/loss,1.6247351169586182
1626,8,train/lr,8.095469746549172e-05
1627,8,train/loss,1.5627349615097046
1627,8,train/lr,8.09298208356062e-05
1628,8,train/loss,1.507063865661621
1628,8,train/lr,8.090493179737794e-05
1629,8,train/loss,1.4584473371505737
1629,8,train/lr,8.088003036079181e-05
1630,8,train/loss,1.609764814376831
1630,8,train/lr,8.085511653583773e-05
1631,8,train/loss,1.6319046020507812
1631,8,train/lr,8.083019033251052e-05
1632,8,train/loss,1.6281189918518066
1632,8,train/lr,8.080525176081006e-05
1633,8,train/loss,2.017223834991455
1633,8,train/lr,8.078030083074108e-05
1634,8,train/loss,1.5413877964019775
1634,8,train/lr,8.075533755231338e-05
1635,8,train/loss,1.6099216938018799
1635,8,train/lr,8.073036193554164e-05
1636,8,train/loss,1.5919194221496582
1636,8,train/lr,8.070537399044551e-05
1637,8,train/loss,1.696312427520752
1637,8,train/lr,8.068037372704959e-05
1638,8,train/loss,1.614499568939209
1638,8,train/lr,8.065536115538341e-05
1639,8,train/loss,1.6049957275390625
1639,8,train/lr,8.063033628548147e-05
1640,8,train/loss,1.5819851160049438
1640,8,train/lr,8.060529912738315e-05
1641,8,train/loss,1.5518665313720703
1641,8,train/lr,8.05802496911328e-05
1642,8,train/loss,1.5096384286880493
1642,8,train/lr,8.05551879867797e-05
1643,8,train/loss,1.452655553817749
1643,8,train/lr,8.053011402437802e-05
1644,8,train/loss,1.6342823505401611
1644,8,train/lr,8.05050278139869e-05
1645,8,train/loss,1.6530542373657227
1645,8,train/lr,8.04799293656703e-05
1646,8,train/loss,1.5452282428741455
1646,8,train/lr,8.04548186894972e-05
1647,8,train/loss,1.549093246459961
1647,8,train/lr,8.042969579554141e-05
1648,8,train/loss,1.5567095279693604
1648,8,train/lr,8.040456069388168e-05
1649,8,train/loss,1.5220829248428345
1649,8,train/lr,8.03794133946016e-05
1650,8,train/loss,1.4383392333984375
1650,8,train/lr,8.035425390778974e-05
1651,8,train/loss,1.4910749197006226
1651,8,train/lr,8.032908224353952e-05
1652,8,train/loss,1.4048397541046143
1652,8,train/lr,8.030389841194923e-05
1653,8,train/loss,1.537790060043335
1653,8,train/lr,8.027870242312202e-05
1654,8,train/loss,1.6221182346343994
1654,8,train/lr,8.0253494287166e-05
1655,8,train/loss,1.7867902517318726
1655,8,train/lr,8.022827401419406e-05
1656,8,train/loss,1.6896791458129883
1656,8,train/lr,8.020304161432404e-05
1657,8,train/loss,1.8585550785064697
1657,8,train/lr,8.017779709767858e-05
1658,8,train/loss,1.6194825172424316
1658,8,train/lr,8.01525404743852e-05
1659,8,train/loss,1.6314542293548584
1659,8,train/lr,8.012727175457632e-05
1660,8,train/loss,1.7030502557754517
1660,8,train/lr,8.010199094838915e-05
1661,8,train/loss,1.6347672939300537
1661,8,train/lr,8.007669806596579e-05
1662,8,train/loss,1.5652596950531006
1662,8,train/lr,8.005139311745315e-05
1663,8,train/loss,1.5699687004089355
1663,8,train/lr,8.002607611300304e-05
1664,8,train/loss,1.6458985805511475
1664,8,train/lr,8.000074706277203e-05
1665,8,train/loss,1.5948145389556885
1665,8,train/lr,7.997540597692157e-05
1666,8,train/loss,1.7083582878112793
1666,8,train/lr,7.995005286561794e-05
1667,8,train/loss,1.455277681350708
1667,8,train/lr,7.992468773903222e-05
1668,8,train/loss,1.4748790264129639
1668,8,train/lr,7.989931060734033e-05
1669,8,train/loss,1.6232655048370361
1669,8,train/lr,7.987392148072301e-05
1670,8,train/loss,1.4983854293823242
1670,8,train/lr,7.984852036936579e-05
1671,8,train/loss,1.3798027038574219
1671,8,train/lr,7.982310728345902e-05
1672,8,train/loss,1.5499852895736694
1672,8,train/lr,7.979768223319785e-05
1673,8,train/loss,1.4627138376235962
1673,8,train/lr,7.977224522878225e-05
1674,8,train/loss,1.5027413368225098
1674,8,train/lr,7.974679628041695e-05
1675,8,train/loss,1.4071240425109863
1675,8,train/lr,7.97213353983115e-05
1676,8,train/loss,1.4972856044769287
1676,8,train/lr,7.969586259268024e-05
1677,8,train/loss,1.4762423038482666
1677,8,train/lr,7.967037787374227e-05
1678,8,train/loss,1.4595493078231812
1678,8,train/lr,7.964488125172147e-05
1679,8,train/loss,1.5834699869155884
1679,8,train/lr,7.961937273684653e-05
1680,8,train/loss,1.5650076866149902
1680,8,train/lr,7.959385233935085e-05
1681,8,train/loss,1.4424829483032227
1681,8,train/lr,7.95683200694727e-05
1682,8,train/loss,1.6968988180160522
1682,8,train/lr,7.9542775937455e-05
1683,8,train/loss,1.7909324169158936
1683,8,train/lr,7.951721995354547e-05
1684,8,train/loss,1.5413625240325928
1684,8,train/lr,7.949165212799661e-05
1685,8,train/loss,1.6171000003814697
1685,8,train/lr,7.946607247106566e-05
1686,8,train/loss,1.5535130500793457
1686,8,train/lr,7.944048099301458e-05
1687,8,train/loss,1.64290452003479
1687,8,train/lr,7.94148777041101e-05
1688,8,train/loss,1.4985308647155762
1688,8,train/lr,7.938926261462366e-05
1689,8,train/loss,1.6682515144348145
1689,8,train/lr,7.936363573483148e-05
1690,8,train/loss,1.6393861770629883
1690,8,train/lr,7.933799707501447e-05
1691,8,train/loss,1.6445579528808594
1691,8,train/lr,7.93123466454583e-05
1692,8,train/loss,1.5923173427581787
1692,8,train/lr,7.92866844564533e-05
1693,8,train/loss,1.609068512916565
1693,8,train/lr,7.92610105182946e-05
1694,8,train/loss,1.5848528146743774
1694,8,train/lr,7.923532484128198e-05
1695,8,train/loss,1.5416613817214966
1695,8,train/lr,7.920962743571994e-05
1696,8,train/loss,1.2963851690292358
1696,8,train/lr,7.918391831191771e-05
1697,8,train/loss,1.4019283056259155
1697,8,train/lr,7.915819748018921e-05
1698,8,train/loss,1.6463251113891602
1698,8,train/lr,7.913246495085306e-05
1699,8,train/loss,1.4476773738861084
1699,8,train/lr,7.910672073423255e-05
1700,8,train/loss,1.4441347122192383
1700,8,train/lr,7.908096484065569e-05
1701,8,train/loss,1.647721290588379
1701,8,train/lr,7.905519728045516e-05
1702,8,train/loss,1.4612445831298828
1702,8,train/lr,7.902941806396832e-05
1703,8,train/loss,1.55694580078125
1703,8,train/lr,7.900362720153718e-05
1704,8,train/loss,1.616591215133667
1704,8,train/lr,7.89778247035085e-05
1705,8,train/loss,1.5385161638259888
1705,8,train/lr,7.895201058023363e-05
1706,8,train/loss,1.547773838043213
1706,8,train/lr,7.892618484206858e-05
1707,8,train/loss,1.61149001121521
1707,8,train/lr,7.890034749937412e-05
1708,8,train/loss,1.6452089548110962
1708,8,train/lr,7.887449856251554e-05
1709,8,train/loss,1.697443962097168
1709,8,train/lr,7.884863804186289e-05
1710,8,train/loss,1.362410306930542
1710,8,train/lr,7.88227659477908e-05
1711,8,train/loss,1.5751516819000244
1711,8,train/lr,7.879688229067858e-05
1712,8,train/loss,1.7035268545150757
1712,8,train/lr,7.877098708091017e-05
1713,8,train/loss,1.505056381225586
1713,8,train/lr,7.874508032887412e-05
1714,8,train/loss,1.494283676147461
1714,8,train/lr,7.871916204496366e-05
1715,8,train/loss,1.322596788406372
1715,8,train/lr,7.86932322395766e-05
1716,8,train/loss,1.5473785400390625
1716,8,train/lr,7.866729092311538e-05
1717,8,train/loss,1.3723176717758179
1717,8,train/lr,7.864133810598709e-05
1718,8,train/loss,1.534409761428833
1718,8,train/lr,7.861537379860342e-05
1719,8,train/loss,1.575073480606079
1719,8,train/lr,7.858939801138061e-05
1720,8,train/loss,1.5375354290008545
1720,8,train/lr,7.856341075473962e-05
1720,8,train/batches,429.0
1720,8,train/compute_pct,99.91115678822251
1720,8,train/compute_sec,48.04883039323613
1720,8,train/data_wait_pct,0.08884321177748387
1720,8,train/data_wait_sec,0.04272608336759731
1720,8,train/examples,5148.0
1720,8,train/examples_per_sec,107.04581795984235
1720,8,train/input_tokens,1561348.0
1720,8,train/peak_vram_gb,4.9281439781188965
1720,8,train/target_tokens,417014.0
1720,8,train/tokens_per_sec,41137.408413105986
1720,8,train/total_sec,48.09155647660373
1720,8,train/epoch_loss,1.5638976647303655
1720,8,epoch8/batches,429.0
1720,8,epoch8/compute_pct,99.91115678822251
1720,8,epoch8/compute_sec,48.04883039323613
1720,8,epoch8/data_wait_pct,0.08884321177748387
1720,8,epoch8/data_wait_sec,0.04272608336759731
1720,8,epoch8/examples,5148.0
1720,8,epoch8/examples_per_sec,107.04581795984235
1720,8,epoch8/input_tokens,1561348.0
1720,8,epoch8/peak_vram_gb,4.9281439781188965
1720,8,epoch8/target_tokens,417014.0
1720,8,epoch8/tokens_per_sec,41137.408413105986
1720,8,epoch8/total_sec,48.09155647660373
1720,8,val/bleu,19.901271605262508
1720,8,val/chrf,38.30198990984837
1720,8,val/combined,27.6090257745165
1720,8,val/eval_peak_vram_gb,4.9281439781188965
1720,8,val/eval_samples_per_sec,7.467629661685133
1720,8,val/eval_seconds,76.865086514008
1720,8,val/eval_tokens_per_sec,1950.4824205548464
1721,9,train/loss,1.5755887031555176
1721,9,train/lr,7.853741203910592e-05
1722,9,train/loss,1.8817651271820068
1722,9,train/lr,7.851140187490958e-05
1723,9,train/loss,1.6351432800292969
1723,9,train/lr,7.848538027258533e-05
1724,9,train/loss,1.5943838357925415
1724,9,train/lr,7.845934724257243e-05
1725,9,train/loss,1.6776893138885498
1725,9,train/lr,7.843330279531473e-05
1726,9,train/loss,1.579988956451416
1726,9,train/lr,7.840724694126069e-05
1727,9,train/loss,1.5672461986541748
1727,9,train/lr,7.838117969086331e-05
1728,9,train/loss,1.4455881118774414
1728,9,train/lr,7.835510105458022e-05
1729,9,train/loss,1.591149091720581
1729,9,train/lr,7.832901104287351e-05
1730,9,train/loss,1.5848915576934814
1730,9,train/lr,7.830290966620996e-05
1731,9,train/loss,1.557173252105713
1731,9,train/lr,7.827679693506084e-05
1732,9,train/loss,1.436888337135315
1732,9,train/lr,7.825067285990196e-05
1733,9,train/loss,1.559727430343628
1733,9,train/lr,7.822453745121372e-05
1734,9,train/loss,1.5434205532073975
1734,9,train/lr,7.819839071948105e-05
1735,9,train/loss,1.640634536743164
1735,9,train/lr,7.817223267519344e-05
1736,9,train/loss,1.3043287992477417
1736,9,train/lr,7.814606332884489e-05
1737,9,train/loss,1.524916172027588
1737,9,train/lr,7.811988269093395e-05
1738,9,train/loss,1.4061559438705444
1738,9,train/lr,7.809369077196372e-05
1739,9,train/loss,1.404994249343872
1739,9,train/lr,7.806748758244176e-05
1740,9,train/loss,1.5263354778289795
1740,9,train/lr,7.804127313288024e-05
1741,9,train/loss,1.4887275695800781
1741,9,train/lr,7.801504743379576e-05
1742,9,train/loss,1.599543809890747
1742,9,train/lr,7.798881049570951e-05
1743,9,train/loss,1.4748919010162354
1743,9,train/lr,7.796256232914716e-05
1744,9,train/loss,1.477771282196045
1744,9,train/lr,7.793630294463885e-05
1745,9,train/loss,1.5686132907867432
1745,9,train/lr,7.791003235271928e-05
1746,9,train/loss,1.5948693752288818
1746,9,train/lr,7.788375056392756e-05
1747,9,train/loss,1.6654841899871826
1747,9,train/lr,7.785745758880743e-05
1748,9,train/loss,1.7345495223999023
1748,9,train/lr,7.783115343790697e-05
1749,9,train/loss,1.7122846841812134
1749,9,train/lr,7.780483812177882e-05
1750,9,train/loss,1.6819030046463013
1750,9,train/lr,7.777851165098012e-05
1751,9,train/loss,1.56679368019104
1751,9,train/lr,7.775217403607243e-05
1752,9,train/loss,1.532166838645935
1752,9,train/lr,7.772582528762179e-05
1753,9,train/loss,1.585167407989502
1753,9,train/lr,7.769946541619875e-05
1754,9,train/loss,1.645796775817871
1754,9,train/lr,7.767309443237827e-05
1755,9,train/loss,1.5294010639190674
1755,9,train/lr,7.764671234673979e-05
1756,9,train/loss,1.5853362083435059
1756,9,train/lr,7.762031916986724e-05
1757,9,train/loss,1.5836119651794434
1757,9,train/lr,7.759391491234893e-05
1758,9,train/loss,1.6193134784698486
1758,9,train/lr,7.756749958477767e-05
1759,9,train/loss,1.5485726594924927
1759,9,train/lr,7.754107319775064e-05
1760,9,train/loss,1.6915137767791748
1760,9,train/lr,7.751463576186957e-05
1761,9,train/loss,1.3874175548553467
1761,9,train/lr,7.748818728774055e-05
1762,9,train/loss,1.3915512561798096
1762,9,train/lr,7.746172778597407e-05
1763,9,train/loss,1.29410719871521
1763,9,train/lr,7.74352572671851e-05
1764,9,train/loss,1.511594295501709
1764,9,train/lr,7.740877574199304e-05
1765,9,train/loss,1.4825725555419922
1765,9,train/lr,7.738228322102164e-05
1766,9,train/loss,1.391750693321228
1766,9,train/lr,7.735577971489911e-05
1767,9,train/loss,1.608494520187378
1767,9,train/lr,7.732926523425808e-05
1768,9,train/loss,1.4590375423431396
1768,9,train/lr,7.730273978973552e-05
1769,9,train/loss,1.626671314239502
1769,9,train/lr,7.727620339197286e-05
1770,9,train/loss,1.5513665676116943
1770,9,train/lr,7.72496560516159e-05
1771,9,train/loss,1.651895523071289
1771,9,train/lr,7.722309777931481e-05
1772,9,train/loss,1.5267281532287598
1772,9,train/lr,7.719652858572419e-05
1773,9,train/loss,1.4721863269805908
1773,9,train/lr,7.716994848150299e-05
1774,9,train/loss,1.6832246780395508
1774,9,train/lr,7.714335747731456e-05
1775,9,train/loss,1.5198968648910522
1775,9,train/lr,7.711675558382658e-05
1776,9,train/loss,1.5732455253601074
1776,9,train/lr,7.709014281171114e-05
1777,9,train/loss,1.6532237529754639
1777,9,train/lr,7.70635191716447e-05
1778,9,train/loss,1.5688120126724243
1778,9,train/lr,7.703688467430803e-05
1779,9,train/loss,1.645282506942749
1779,9,train/lr,7.701023933038629e-05
1780,9,train/loss,1.435485601425171
1780,9,train/lr,7.6983583150569e-05
1781,9,train/loss,1.5627808570861816
1781,9,train/lr,7.695691614555003e-05
1782,9,train/loss,1.543375015258789
1782,9,train/lr,7.693023832602753e-05
1783,9,train/loss,1.4890285730361938
1783,9,train/lr,7.690354970270408e-05
1784,9,train/loss,1.4183707237243652
1784,9,train/lr,7.687685028628653e-05
1785,9,train/loss,1.6156108379364014
1785,9,train/lr,7.685014008748608e-05
1786,9,train/loss,1.3383138179779053
1786,9,train/lr,7.682341911701829e-05
1787,9,train/loss,1.5503299236297607
1787,9,train/lr,7.679668738560295e-05
1788,9,train/loss,1.5390865802764893
1788,9,train/lr,7.676994490396426e-05
1789,9,train/loss,1.4811756610870361
1789,9,train/lr,7.674319168283071e-05
1790,9,train/loss,1.4710248708724976
1790,9,train/lr,7.671642773293506e-05
1791,9,train/loss,1.4481325149536133
1791,9,train/lr,7.668965306501439e-05
1792,9,train/loss,1.47344970703125
1792,9,train/lr,7.666286768981012e-05
1793,9,train/loss,1.5400443077087402
1793,9,train/lr,7.663607161806791e-05
1794,9,train/loss,1.4700016975402832
1794,9,train/lr,7.660926486053777e-05
1795,9,train/loss,1.6233243942260742
1795,9,train/lr,7.658244742797391e-05
1796,9,train/loss,1.4483951330184937
1796,9,train/lr,7.655561933113494e-05
1797,9,train/loss,1.5651583671569824
1797,9,train/lr,7.652878058078363e-05
1798,9,train/loss,1.5599875450134277
1798,9,train/lr,7.650193118768709e-05
1799,9,train/loss,1.5760657787322998
1799,9,train/lr,7.647507116261672e-05
1800,9,train/loss,1.6804335117340088
1800,9,train/lr,7.644820051634812e-05
1801,9,train/loss,1.37339448928833
1801,9,train/lr,7.642131925966121e-05
1802,9,train/loss,1.7283105850219727
1802,9,train/lr,7.639442740334011e-05
1803,9,train/loss,1.5167739391326904
1803,9,train/lr,7.636752495817323e-05
1804,9,train/loss,1.6193037033081055
1804,9,train/lr,7.634061193495323e-05
1805,9,train/loss,1.5537066459655762
1805,9,train/lr,7.631368834447703e-05
1806,9,train/loss,1.5563857555389404
1806,9,train/lr,7.62867541975457e-05
1807,9,train/loss,1.4883509874343872
1807,9,train/lr,7.625980950496468e-05
1808,9,train/loss,1.6836206912994385
1808,9,train/lr,7.623285427754349e-05
1809,9,train/loss,1.408118486404419
1809,9,train/lr,7.620588852609605e-05
1810,9,train/loss,1.4596847295761108
1810,9,train/lr,7.617891226144034e-05
1811,9,train/loss,1.281997561454773
1811,9,train/lr,7.615192549439866e-05
1812,9,train/loss,1.4221930503845215
1812,9,train/lr,7.612492823579745e-05
1813,9,train/loss,1.4560825824737549
1813,9,train/lr,7.609792049646743e-05
1814,9,train/loss,1.5465219020843506
1814,9,train/lr,7.607090228724349e-05
1815,9,train/loss,1.4876368045806885
1815,9,train/lr,7.604387361896472e-05
1816,9,train/loss,1.4571783542633057
1816,9,train/lr,7.60168345024744e-05
1817,9,train/loss,1.4929465055465698
1817,9,train/lr,7.598978494862004e-05
1818,9,train/loss,1.4577386379241943
1818,9,train/lr,7.596272496825325e-05
1819,9,train/loss,1.4830306768417358
1819,9,train/lr,7.593565457222993e-05
1820,9,train/loss,1.5873018503189087
1820,9,train/lr,7.59085737714101e-05
1821,9,train/loss,1.5901362895965576
1821,9,train/lr,7.588148257665794e-05
1822,9,train/loss,1.727755069732666
1822,9,train/lr,7.585438099884187e-05
1823,9,train/loss,1.6136443614959717
1823,9,train/lr,7.582726904883439e-05
1824,9,train/loss,1.6425870656967163
1824,9,train/lr,7.58001467375122e-05
1825,9,train/loss,1.7710106372833252
1825,9,train/lr,7.577301407575617e-05
1826,9,train/loss,1.5438841581344604
1826,9,train/lr,7.574587107445129e-05
1827,9,train/loss,1.5330400466918945
1827,9,train/lr,7.571871774448675e-05
1828,9,train/loss,1.4618350267410278
1828,9,train/lr,7.569155409675583e-05
1829,9,train/loss,1.4697847366333008
1829,9,train/lr,7.566438014215595e-05
1830,9,train/loss,1.5361051559448242
1830,9,train/lr,7.563719589158872e-05
1831,9,train/loss,1.5141336917877197
1831,9,train/lr,7.561000135595984e-05
1832,9,train/loss,1.5465052127838135
1832,9,train/lr,7.558279654617912e-05
1833,9,train/loss,1.4774572849273682
1833,9,train/lr,7.555558147316052e-05
1834,9,train/loss,1.566301941871643
1834,9,train/lr,7.552835614782212e-05
1835,9,train/loss,1.5747039318084717
1835,9,train/lr,7.550112058108609e-05
1836,9,train/loss,1.494114637374878
1836,9,train/lr,7.547387478387873e-05
1837,9,train/loss,1.3641211986541748
1837,9,train/lr,7.544661876713044e-05
1838,9,train/loss,1.275536060333252
1838,9,train/lr,7.54193525417757e-05
1839,9,train/loss,1.5427887439727783
1839,9,train/lr,7.539207611875312e-05
1840,9,train/loss,1.3821642398834229
1840,9,train/lr,7.536478950900538e-05
1841,9,train/loss,1.524789571762085
1841,9,train/lr,7.533749272347922e-05
1842,9,train/loss,1.3778817653656006
1842,9,train/lr,7.531018577312554e-05
1843,9,train/loss,1.6287333965301514
1843,9,train/lr,7.528286866889924e-05
1844,9,train/loss,1.5743749141693115
1844,9,train/lr,7.525554142175931e-05
1845,9,train/loss,1.7271226644515991
1845,9,train/lr,7.522820404266886e-05
1846,9,train/loss,1.598022699356079
1846,9,train/lr,7.520085654259499e-05
1847,9,train/loss,1.5488388538360596
1847,9,train/lr,7.517349893250892e-05
1848,9,train/loss,1.6598327159881592
1848,9,train/lr,7.514613122338589e-05
1849,9,train/loss,1.5707403421401978
1849,9,train/lr,7.511875342620522e-05
1850,9,train/loss,1.4958481788635254
1850,9,train/lr,7.509136555195024e-05
1851,9,train/loss,1.5361658334732056
1851,9,train/lr,7.506396761160836e-05
1852,9,train/loss,1.438694953918457
1852,9,train/lr,7.5036559616171e-05
1853,9,train/loss,1.5834380388259888
1853,9,train/lr,7.500914157663366e-05
1854,9,train/loss,1.5154905319213867
1854,9,train/lr,7.498171350399577e-05
1855,9,train/loss,1.5270859003067017
1855,9,train/lr,7.495427540926092e-05
1856,9,train/loss,1.5487782955169678
1856,9,train/lr,7.492682730343661e-05
1857,9,train/loss,1.6344361305236816
1857,9,train/lr,7.489936919753442e-05
1858,9,train/loss,1.3754992485046387
1858,9,train/lr,7.48719011025699e-05
1859,9,train/loss,1.4479377269744873
1859,9,train/lr,7.484442302956262e-05
1860,9,train/loss,1.546705722808838
1860,9,train/lr,7.48169349895362e-05
1861,9,train/loss,1.365584373474121
1861,9,train/lr,7.478943699351819e-05
1862,9,train/loss,1.473339319229126
1862,9,train/lr,7.476192905254015e-05
1863,9,train/loss,1.5312081575393677
1863,9,train/lr,7.473441117763768e-05
1864,9,train/loss,1.4879536628723145
1864,9,train/lr,7.47068833798503e-05
1865,9,train/loss,1.514566421508789
1865,9,train/lr,7.467934567022154e-05
1866,9,train/loss,1.5157012939453125
1866,9,train/lr,7.46517980597989e-05
1867,9,train/loss,1.4532115459442139
1867,9,train/lr,7.462424055963387e-05
1868,9,train/loss,1.514606237411499
1868,9,train/lr,7.45966731807819e-05
1869,9,train/loss,1.4477049112319946
1869,9,train/lr,7.456909593430238e-05
1870,9,train/loss,1.6138911247253418
1870,9,train/lr,7.454150883125869e-05
1871,9,train/loss,1.5767474174499512
1871,9,train/lr,7.451391188271812e-05
1872,9,train/loss,1.604290246963501
1872,9,train/lr,7.448630509975199e-05
1873,9,train/loss,1.6330879926681519
1873,9,train/lr,7.445868849343548e-05
1874,9,train/loss,1.6580218076705933
1874,9,train/lr,7.443106207484776e-05
1875,9,train/loss,1.6004562377929688
1875,9,train/lr,7.440342585507191e-05
1876,9,train/loss,1.65144681930542
1876,9,train/lr,7.437577984519496e-05
1877,9,train/loss,1.4430577754974365
1877,9,train/lr,7.434812405630786e-05
1878,9,train/loss,1.4468846321105957
1878,9,train/lr,7.43204584995055e-05
1879,9,train/loss,1.6222562789916992
1879,9,train/lr,7.429278318588667e-05
1880,9,train/loss,1.6997135877609253
1880,9,train/lr,7.426509812655406e-05
1881,9,train/loss,1.8016860485076904
1881,9,train/lr,7.42374033326143e-05
1882,9,train/loss,1.4458627700805664
1882,9,train/lr,7.420969881517792e-05
1883,9,train/loss,1.4919400215148926
1883,9,train/lr,7.418198458535933e-05
1884,9,train/loss,1.552344560623169
1884,9,train/lr,7.415426065427686e-05
1885,9,train/loss,1.3420923948287964
1885,9,train/lr,7.412652703305273e-05
1886,9,train/loss,1.4220833778381348
1886,9,train/lr,7.409878373281303e-05
1887,9,train/loss,1.502516508102417
1887,9,train/lr,7.407103076468773e-05
1888,9,train/loss,1.5122277736663818
1888,9,train/lr,7.404326813981071e-05
1889,9,train/loss,1.5744835138320923
1889,9,train/lr,7.40154958693197e-05
1890,9,train/loss,1.47138512134552
1890,9,train/lr,7.398771396435633e-05
1891,9,train/loss,1.3549429178237915
1891,9,train/lr,7.395992243606602e-05
1892,9,train/loss,1.3741989135742188
1892,9,train/lr,7.393212129559813e-05
1893,9,train/loss,1.524770975112915
1893,9,train/lr,7.390431055410584e-05
1894,9,train/loss,1.599762201309204
1894,9,train/lr,7.387649022274621e-05
1895,9,train/loss,1.7576466798782349
1895,9,train/lr,7.38486603126801e-05
1896,9,train/loss,1.457885980606079
1896,9,train/lr,7.382082083507226e-05
1897,9,train/loss,1.530660629272461
1897,9,train/lr,7.379297180109123e-05
1898,9,train/loss,1.6232495307922363
1898,9,train/lr,7.376511322190944e-05
1899,9,train/loss,1.4912066459655762
1899,9,train/lr,7.373724510870308e-05
1900,9,train/loss,1.597645878791809
1900,9,train/lr,7.370936747265225e-05
1901,9,train/loss,1.584148645401001
1901,9,train/lr,7.368148032494082e-05
1902,9,train/loss,1.5303153991699219
1902,9,train/lr,7.365358367675646e-05
1903,9,train/loss,1.4917652606964111
1903,9,train/lr,7.362567753929068e-05
1904,9,train/loss,1.7244106531143188
1904,9,train/lr,7.359776192373878e-05
1905,9,train/loss,1.5214293003082275
1905,9,train/lr,7.35698368412999e-05
1906,9,train/loss,1.6426475048065186
1906,9,train/lr,7.354190230317691e-05
1907,9,train/loss,1.6414334774017334
1907,9,train/lr,7.351395832057655e-05
1908,9,train/loss,1.5331535339355469
1908,9,train/lr,7.34860049047093e-05
1909,9,train/loss,1.524268627166748
1909,9,train/lr,7.345804206678942e-05
1910,9,train/loss,1.4837231636047363
1910,9,train/lr,7.3430069818035e-05
1911,9,train/loss,1.4771544933319092
1911,9,train/lr,7.340208816966786e-05
1912,9,train/loss,1.494253158569336
1912,9,train/lr,7.337409713291356e-05
1913,9,train/loss,1.6908717155456543
1913,9,train/lr,7.334609671900154e-05
1914,9,train/loss,1.6130707263946533
1914,9,train/lr,7.331808693916487e-05
1915,9,train/loss,1.4875940084457397
1915,9,train/lr,7.329006780464048e-05
1916,9,train/loss,1.5751891136169434
1916,9,train/lr,7.3262039326669e-05
1917,9,train/loss,1.4365580081939697
1917,9,train/lr,7.323400151649481e-05
1918,9,train/loss,1.5876498222351074
1918,9,train/lr,7.320595438536605e-05
1919,9,train/loss,1.6716126203536987
1919,9,train/lr,7.317789794453459e-05
1920,9,train/loss,1.6838786602020264
1920,9,train/lr,7.314983220525604e-05
1921,9,train/loss,1.866990566253662
1921,9,train/lr,7.312175717878975e-05
1922,9,train/loss,1.6026554107666016
1922,9,train/lr,7.309367287639876e-05
1923,9,train/loss,1.3589026927947998
1923,9,train/lr,7.306557930934987e-05
1924,9,train/loss,1.3963477611541748
1924,9,train/lr,7.303747648891358e-05
1925,9,train/loss,1.4432077407836914
1925,9,train/lr,7.300936442636412e-05
1926,9,train/loss,1.6756658554077148
1926,9,train/lr,7.298124313297938e-05
1927,9,train/loss,1.6021440029144287
1927,9,train/lr,7.295311262004101e-05
1928,9,train/loss,1.6915373802185059
1928,9,train/lr,7.292497289883433e-05
1929,9,train/loss,1.5058245658874512
1929,9,train/lr,7.289682398064834e-05
1930,9,train/loss,1.5470792055130005
1930,9,train/lr,7.286866587677575e-05
1931,9,train/loss,1.5704412460327148
1931,9,train/lr,7.284049859851298e-05
1932,9,train/loss,1.5632199048995972
1932,9,train/lr,7.28123221571601e-05
1933,9,train/loss,1.4877121448516846
1933,9,train/lr,7.278413656402085e-05
1934,9,train/loss,1.49953031539917
1934,9,train/lr,7.275594183040261e-05
1935,9,train/loss,1.5611624717712402
1935,9,train/lr,7.272773796761654e-05
1935,9,train/batches,429.0
1935,9,train/compute_pct,99.91093169262035
1935,9,train/compute_sec,48.21711307973601
1935,9,train/data_wait_pct,0.08906830737965198
1935,9,train/data_wait_sec,0.042984452011296526
1935,9,train/examples,5148.0
1935,9,train/examples_per_sec,106.67197671147375
1935,9,train/input_tokens,1561132.0
1935,9,train/peak_vram_gb,4.9281439781188965
1935,9,train/target_tokens,416807.0
1935,9,train/tokens_per_sec,40984.97726198828
1935,9,train/total_sec,48.260097531747306
1935,9,train/epoch_loss,1.5422644687421394
1935,9,epoch9/batches,429.0
1935,9,epoch9/compute_pct,99.91093169262035
1935,9,epoch9/compute_sec,48.21711307973601
1935,9,epoch9/data_wait_pct,0.08906830737965198
1935,9,epoch9/data_wait_sec,0.042984452011296526
1935,9,epoch9/examples,5148.0
1935,9,epoch9/examples_per_sec,106.67197671147375
1935,9,epoch9/input_tokens,1561132.0
1935,9,epoch9/peak_vram_gb,4.9281439781188965
1935,9,epoch9/target_tokens,416807.0
1935,9,epoch9/tokens_per_sec,40984.97726198828
1935,9,epoch9/total_sec,48.260097531747306
1935,9,val/bleu,21.161368210833732
1935,9,val/chrf,39.08147989119644
1935,9,val/combined,28.757913453550522
1935,9,val/eval_peak_vram_gb,4.9281439781188965
1935,9,val/eval_samples_per_sec,8.04721841788775
1935,9,val/eval_seconds,71.32899471500423
1935,9,val/eval_tokens_per_sec,1886.6941912990624
1936,10,train/loss,1.8399662971496582
1936,10,train/lr,7.269952498697734e-05
1937,10,train/loss,1.6374579668045044
1937,10,train/lr,7.267130289980343e-05
1938,10,train/loss,1.5491833686828613
1938,10,train/lr,7.26430717174169e-05
1939,10,train/loss,1.6066722869873047
1939,10,train/lr,7.261483145114343e-05
1940,10,train/loss,1.525039553642273
1940,10,train/lr,7.258658211231235e-05
1941,10,train/loss,1.4874532222747803
1941,10,train/lr,7.25583237122567e-05
1942,10,train/loss,1.523369550704956
1942,10,train/lr,7.253005626231311e-05
1943,10,train/loss,1.4082353115081787
1943,10,train/lr,7.250177977382181e-05
1944,10,train/loss,1.5018997192382812
1944,10,train/lr,7.24734942581267e-05
1945,10,train/loss,1.4564049243927002
1945,10,train/lr,7.24451997265753e-05
1946,10,train/loss,1.4815566539764404
1946,10,train/lr,7.24168961905187e-05
1947,10,train/loss,1.6990430355072021
1947,10,train/lr,7.238858366131168e-05
1948,10,train/loss,1.6939786672592163
1948,10,train/lr,7.236026215031256e-05
1949,10,train/loss,1.5111112594604492
1949,10,train/lr,7.233193166888327e-05
1950,10,train/loss,1.5300034284591675
1950,10,train/lr,7.230359222838938e-05
1951,10,train/loss,1.4041657447814941
1951,10,train/lr,7.227524384020005e-05
1952,10,train/loss,1.5143738985061646
1952,10,train/lr,7.224688651568798e-05
1953,10,train/loss,1.4391820430755615
1953,10,train/lr,7.221852026622949e-05
1954,10,train/loss,1.4643653631210327
1954,10,train/lr,7.219014510320449e-05
1955,10,train/loss,1.4728014469146729
1955,10,train/lr,7.216176103799643e-05
1956,10,train/loss,1.5655155181884766
1956,10,train/lr,7.213336808199238e-05
1957,10,train/loss,1.4527548551559448
1957,10,train/lr,7.210496624658292e-05
1958,10,train/loss,1.4112005233764648
1958,10,train/lr,7.207655554316226e-05
1959,10,train/loss,1.5513904094696045
1959,10,train/lr,7.204813598312809e-05
1960,10,train/loss,1.7550702095031738
1960,10,train/lr,7.201970757788172e-05
1961,10,train/loss,1.316920280456543
1961,10,train/lr,7.199127033882798e-05
1962,10,train/loss,1.856255054473877
1962,10,train/lr,7.196282427737522e-05
1963,10,train/loss,1.3608142137527466
1963,10,train/lr,7.193436940493539e-05
1964,10,train/loss,1.5891437530517578
1964,10,train/lr,7.190590573292393e-05
1965,10,train/loss,1.3720064163208008
1965,10,train/lr,7.18774332727598e-05
1966,10,train/loss,1.5301536321640015
1966,10,train/lr,7.184895203586551e-05
1967,10,train/loss,1.5469934940338135
1967,10,train/lr,7.18204620336671e-05
1968,10,train/loss,1.5629676580429077
1968,10,train/lr,7.179196327759412e-05
1969,10,train/loss,1.5821664333343506
1969,10,train/lr,7.176345577907961e-05
1970,10,train/loss,1.5649526119232178
1970,10,train/lr,7.173493954956012e-05
1971,10,train/loss,1.48525071144104
1971,10,train/lr,7.170641460047574e-05
1972,10,train/loss,1.604973316192627
1972,10,train/lr,7.167788094327003e-05
1973,10,train/loss,1.5524652004241943
1973,10,train/lr,7.164933858939002e-05
1974,10,train/loss,1.5115103721618652
1974,10,train/lr,7.162078755028629e-05
1975,10,train/loss,1.5340930223464966
1975,10,train/lr,7.159222783741285e-05
1976,10,train/loss,1.332672357559204
1976,10,train/lr,7.156365946222721e-05
1977,10,train/loss,1.3547128438949585
1977,10,train/lr,7.153508243619035e-05
1978,10,train/loss,1.5766775608062744
1978,10,train/lr,7.150649677076672e-05
1979,10,train/loss,1.6387600898742676
1979,10,train/lr,7.147790247742429e-05
1980,10,train/loss,1.391169548034668
1980,10,train/lr,7.144929956763437e-05
1981,10,train/loss,1.4047895669937134
1981,10,train/lr,7.142068805287186e-05
1982,10,train/loss,1.5919163227081299
1982,10,train/lr,7.1392067944615e-05
1983,10,train/loss,1.548647165298462
1983,10,train/lr,7.136343925434556e-05
1984,10,train/loss,1.439702033996582
1984,10,train/lr,7.133480199354871e-05
1985,10,train/loss,1.6823186874389648
1985,10,train/lr,7.130615617371309e-05
1986,10,train/loss,1.5127891302108765
1986,10,train/lr,7.127750180633072e-05
1987,10,train/loss,1.4895520210266113
1987,10,train/lr,7.124883890289709e-05
1988,10,train/loss,1.4268900156021118
1988,10,train/lr,7.122016747491114e-05
1989,10,train/loss,1.554182529449463
1989,10,train/lr,7.119148753387517e-05
1990,10,train/loss,1.6527400016784668
1990,10,train/lr,7.116279909129492e-05
1991,10,train/loss,1.255983591079712
1991,10,train/lr,7.113410215867953e-05
1992,10,train/loss,1.3765268325805664
1992,10,train/lr,7.11053967475416e-05
1993,10,train/loss,1.3722944259643555
1993,10,train/lr,7.107668286939706e-05
1994,10,train/loss,1.563834309577942
1994,10,train/lr,7.104796053576526e-05
1995,10,train/loss,1.5563600063323975
1995,10,train/lr,7.1019229758169e-05
1996,10,train/loss,1.4188523292541504
1996,10,train/lr,7.099049054813434e-05
1997,10,train/loss,1.6637225151062012
1997,10,train/lr,7.096174291719085e-05
1998,10,train/loss,1.4856042861938477
1998,10,train/lr,7.09329868768714e-05
1999,10,train/loss,1.4632512331008911
1999,10,train/lr,7.090422243871229e-05
2000,10,train/loss,1.3706692457199097
2000,10,train/lr,7.087544961425317e-05
2001,10,train/loss,1.3254297971725464
2001,10,train/lr,7.0846668415037e-05
2002,10,train/loss,1.3037800788879395
2002,10,train/lr,7.081787885261016e-05
2003,10,train/loss,1.4707884788513184
2003,10,train/lr,7.078908093852238e-05
2004,10,train/loss,1.5054235458374023
2004,10,train/lr,7.076027468432674e-05
2005,10,train/loss,1.473484754562378
2005,10,train/lr,7.073146010157962e-05
2006,10,train/loss,1.650033712387085
2006,10,train/lr,7.070263720184081e-05
2007,10,train/loss,1.457580327987671
2007,10,train/lr,7.067380599667341e-05
2008,10,train/loss,1.5828683376312256
2008,10,train/lr,7.064496649764381e-05
2009,10,train/loss,1.4214024543762207
2009,10,train/lr,7.061611871632178e-05
2010,10,train/loss,1.6819102764129639
2010,10,train/lr,7.058726266428042e-05
2011,10,train/loss,1.5981383323669434
2011,10,train/lr,7.055839835309607e-05
2012,10,train/loss,1.7022796869277954
2012,10,train/lr,7.05295257943485e-05
2013,10,train/loss,1.5940778255462646
2013,10,train/lr,7.050064499962067e-05
2014,10,train/loss,1.597211480140686
2014,10,train/lr,7.047175598049893e-05
2015,10,train/loss,1.4905576705932617
2015,10,train/lr,7.04428587485729e-05
2016,10,train/loss,1.5769208669662476
2016,10,train/lr,7.041395331543548e-05
2017,10,train/loss,1.6879521608352661
2017,10,train/lr,7.038503969268291e-05
2018,10,train/loss,1.4468368291854858
2018,10,train/lr,7.035611789191463e-05
2019,10,train/loss,1.5485258102416992
2019,10,train/lr,7.032718792473341e-05
2020,10,train/loss,1.5118694305419922
2020,10,train/lr,7.029824980274535e-05
2021,10,train/loss,1.637059211730957
2021,10,train/lr,7.026930353755975e-05
2022,10,train/loss,1.566036343574524
2022,10,train/lr,7.024034914078916e-05
2023,10,train/loss,1.6625735759735107
2023,10,train/lr,7.021138662404945e-05
2024,10,train/loss,1.7747834920883179
2024,10,train/lr,7.018241599895974e-05
2025,10,train/loss,1.679203748703003
2025,10,train/lr,7.015343727714237e-05
2026,10,train/loss,1.4887940883636475
2026,10,train/lr,7.012445047022294e-05
2027,10,train/loss,1.5489593744277954
2027,10,train/lr,7.009545558983032e-05
2028,10,train/loss,1.4733006954193115
2028,10,train/lr,7.006645264759659e-05
2029,10,train/loss,1.5942333936691284
2029,10,train/lr,7.003744165515705e-05
2030,10,train/loss,1.3679065704345703
2030,10,train/lr,7.000842262415029e-05
2031,10,train/loss,1.4777776002883911
2031,10,train/lr,6.997939556621806e-05
2032,10,train/loss,1.3844162225723267
2032,10,train/lr,6.995036049300538e-05
2033,10,train/loss,1.5224406719207764
2033,10,train/lr,6.992131741616045e-05
2034,10,train/loss,1.5852818489074707
2034,10,train/lr,6.989226634733469e-05
2035,10,train/loss,1.5950751304626465
2035,10,train/lr,6.986320729818275e-05
2036,10,train/loss,1.5126672983169556
2036,10,train/lr,6.983414028036241e-05
2037,10,train/loss,1.7474689483642578
2037,10,train/lr,6.980506530553477e-05
2038,10,train/loss,1.6511989831924438
2038,10,train/lr,6.9775982385364e-05
2039,10,train/loss,1.6479592323303223
2039,10,train/lr,6.974689153151752e-05
2040,10,train/loss,1.8091187477111816
2040,10,train/lr,6.971779275566593e-05
2041,10,train/loss,1.5123679637908936
2041,10,train/lr,6.9688686069483e-05
2042,10,train/loss,1.6390330791473389
2042,10,train/lr,6.965957148464566e-05
2043,10,train/loss,1.517011046409607
2043,10,train/lr,6.963044901283402e-05
2044,10,train/loss,1.6210908889770508
2044,10,train/lr,6.960131866573138e-05
2045,10,train/loss,1.5479798316955566
2045,10,train/lr,6.957218045502414e-05
2046,10,train/loss,1.4697222709655762
2046,10,train/lr,6.954303439240191e-05
2047,10,train/loss,1.525592565536499
2047,10,train/lr,6.951388048955744e-05
2048,10,train/loss,1.5324523448944092
2048,10,train/lr,6.948471875818658e-05
2049,10,train/loss,1.49845552444458
2049,10,train/lr,6.945554920998838e-05
2050,10,train/loss,1.6073507070541382
2050,10,train/lr,6.9426371856665e-05
2051,10,train/loss,1.4369112253189087
2051,10,train/lr,6.939718670992175e-05
2052,10,train/loss,1.4237829446792603
2052,10,train/lr,6.9367993781467e-05
2053,10,train/loss,1.5406396389007568
2053,10,train/lr,6.933879308301234e-05
2054,10,train/loss,1.4700970649719238
2054,10,train/lr,6.930958462627241e-05
2055,10,train/loss,1.5536308288574219
2055,10,train/lr,6.928036842296497e-05
2056,10,train/loss,1.2638179063796997
2056,10,train/lr,6.92511444848109e-05
2057,10,train/loss,1.3898000717163086
2057,10,train/lr,6.92219128235342e-05
2058,10,train/loss,1.526992678642273
2058,10,train/lr,6.919267345086193e-05
2059,10,train/loss,1.535360336303711
2059,10,train/lr,6.916342637852427e-05
2060,10,train/loss,1.5169353485107422
2060,10,train/lr,6.91341716182545e-05
2061,10,train/loss,1.5000951290130615
2061,10,train/lr,6.910490918178893e-05
2062,10,train/loss,1.4480949640274048
2062,10,train/lr,6.9075639080867e-05
2063,10,train/loss,1.4775772094726562
2063,10,train/lr,6.904636132723125e-05
2064,10,train/loss,1.5883994102478027
2064,10,train/lr,6.90170759326272e-05
2065,10,train/loss,1.6878098249435425
2065,10,train/lr,6.89877829088035e-05
2066,10,train/loss,1.5700385570526123
2066,10,train/lr,6.895848226751185e-05
2067,10,train/loss,1.6009405851364136
2067,10,train/lr,6.8929174020507e-05
2068,10,train/loss,1.4913980960845947
2068,10,train/lr,6.889985817954677e-05
2069,10,train/loss,1.4723353385925293
2069,10,train/lr,6.8870534756392e-05
2070,10,train/loss,1.5875370502471924
2070,10,train/lr,6.884120376280657e-05
2071,10,train/loss,1.5854451656341553
2071,10,train/lr,6.881186521055743e-05
2072,10,train/loss,1.4956483840942383
2072,10,train/lr,6.87825191114145e-05
2073,10,train/loss,1.4740616083145142
2073,10,train/lr,6.875316547715085e-05
2074,10,train/loss,1.4783656597137451
2074,10,train/lr,6.872380431954243e-05
2075,10,train/loss,1.4345858097076416
2075,10,train/lr,6.869443565036827e-05
2076,10,train/loss,1.4894239902496338
2076,10,train/lr,6.866505948141045e-05
2077,10,train/loss,1.4526771306991577
2077,10,train/lr,6.863567582445399e-05
2078,10,train/loss,1.6031039953231812
2078,10,train/lr,6.860628469128694e-05
2079,10,train/loss,1.3696930408477783
2079,10,train/lr,6.857688609370041e-05
2080,10,train/loss,1.4795801639556885
2080,10,train/lr,6.85474800434884e-05
2081,10,train/loss,1.3983378410339355
2081,10,train/lr,6.851806655244797e-05
2082,10,train/loss,1.3767204284667969
2082,10,train/lr,6.848864563237913e-05
2083,10,train/loss,1.5457478761672974
2083,10,train/lr,6.84592172950849e-05
2084,10,train/loss,1.6164305210113525
2084,10,train/lr,6.842978155237127e-05
2085,10,train/loss,1.596031665802002
2085,10,train/lr,6.840033841604719e-05
2086,10,train/loss,1.4784631729125977
2086,10,train/lr,6.837088789792453e-05
2087,10,train/loss,1.7394334077835083
2087,10,train/lr,6.834143000981826e-05
2088,10,train/loss,1.591963768005371
2088,10,train/lr,6.831196476354614e-05
2089,10,train/loss,1.5901734828948975
2089,10,train/lr,6.8282492170929e-05
2090,10,train/loss,1.5542216300964355
2090,10,train/lr,6.825301224379056e-05
2091,10,train/loss,1.7148427963256836
2091,10,train/lr,6.82235249939575e-05
2092,10,train/loss,1.5050737857818604
2092,10,train/lr,6.819403043325942e-05
2093,10,train/loss,1.480771780014038
2093,10,train/lr,6.816452857352889e-05
2094,10,train/loss,1.5522854328155518
2094,10,train/lr,6.81350194266014e-05
2095,10,train/loss,1.6722819805145264
2095,10,train/lr,6.810550300431532e-05
2096,10,train/loss,1.4689260721206665
2096,10,train/lr,6.8075979318512e-05
2097,10,train/loss,1.5308141708374023
2097,10,train/lr,6.804644838103563e-05
2098,10,train/loss,1.4515910148620605
2098,10,train/lr,6.801691020373338e-05
2099,10,train/loss,1.4476313591003418
2099,10,train/lr,6.798736479845532e-05
2100,10,train/loss,1.5096485614776611
2100,10,train/lr,6.795781217705436e-05
2101,10,train/loss,1.3885329961776733
2101,10,train/lr,6.792825235138636e-05
2102,10,train/loss,1.4112522602081299
2102,10,train/lr,6.789868533331002e-05
2103,10,train/loss,1.3140193223953247
2103,10,train/lr,6.786911113468701e-05
2104,10,train/loss,1.5442103147506714
2104,10,train/lr,6.783952976738178e-05
2105,10,train/loss,1.456153154373169
2105,10,train/lr,6.780994124326173e-05
2106,10,train/loss,1.3695764541625977
2106,10,train/lr,6.778034557419711e-05
2107,10,train/loss,1.4698898792266846
2107,10,train/lr,6.775074277206101e-05
2108,10,train/loss,1.4377121925354004
2108,10,train/lr,6.772113284872941e-05
2109,10,train/loss,1.503103494644165
2109,10,train/lr,6.769151581608116e-05
2110,10,train/loss,1.6278412342071533
2110,10,train/lr,6.766189168599791e-05
2111,10,train/loss,1.6619024276733398
2111,10,train/lr,6.763226047036422e-05
2112,10,train/loss,1.5561907291412354
2112,10,train/lr,6.760262218106742e-05
2113,10,train/loss,1.559064507484436
2113,10,train/lr,6.757297682999777e-05
2114,10,train/loss,1.479360818862915
2114,10,train/lr,6.754332442904828e-05
2115,10,train/loss,1.5531761646270752
2115,10,train/lr,6.751366499011483e-05
2116,10,train/loss,1.6878052949905396
2116,10,train/lr,6.748399852509612e-05
2117,10,train/loss,1.5092172622680664
2117,10,train/lr,6.745432504589364e-05
2118,10,train/loss,1.5607109069824219
2118,10,train/lr,6.742464456441173e-05
2119,10,train/loss,1.4964838027954102
2119,10,train/lr,6.739495709255755e-05
2120,10,train/loss,1.556085228919983
2120,10,train/lr,6.736526264224101e-05
2121,10,train/loss,1.5446518659591675
2121,10,train/lr,6.733556122537488e-05
2122,10,train/loss,1.518296241760254
2122,10,train/lr,6.730585285387465e-05
2123,10,train/loss,1.4690253734588623
2123,10,train/lr,6.72761375396587e-05
2124,10,train/loss,1.5786783695220947
2124,10,train/lr,6.724641529464808e-05
2125,10,train/loss,1.4485499858856201
2125,10,train/lr,6.721668613076672e-05
2126,10,train/loss,1.3915495872497559
2126,10,train/lr,6.718695005994128e-05
2127,10,train/loss,1.506239652633667
2127,10,train/lr,6.715720709410121e-05
2128,10,train/loss,1.461677074432373
2128,10,train/lr,6.712745724517867e-05
2129,10,train/loss,1.4945194721221924
2129,10,train/lr,6.709770052510866e-05
2130,10,train/loss,1.4403395652770996
2130,10,train/lr,6.706793694582892e-05
2131,10,train/loss,1.5358965396881104
2131,10,train/lr,6.703816651927988e-05
2132,10,train/loss,1.433560848236084
2132,10,train/lr,6.700838925740479e-05
2133,10,train/loss,1.3396369218826294
2133,10,train/lr,6.697860517214958e-05
2134,10,train/loss,1.393545389175415
2134,10,train/lr,6.694881427546299e-05
2135,10,train/loss,1.7820653915405273
2135,10,train/lr,6.69190165792964e-05
2136,10,train/loss,1.6890807151794434
2136,10,train/lr,6.688921209560404e-05
2137,10,train/loss,1.5593085289001465
2137,10,train/lr,6.685940083634275e-05
2138,10,train/loss,1.6445993185043335
2138,10,train/lr,6.682958281347212e-05
2139,10,train/loss,1.4741568565368652
2139,10,train/lr,6.679975803895449e-05
2140,10,train/loss,1.5171654224395752
2140,10,train/lr,6.676992652475486e-05
2141,10,train/loss,1.698563814163208
2141,10,train/lr,6.674008828284099e-05
2142,10,train/loss,1.4089186191558838
2142,10,train/lr,6.671024332518327e-05
2143,10,train/loss,1.4344823360443115
2143,10,train/lr,6.668039166375486e-05
2144,10,train/loss,1.4623489379882812
2144,10,train/lr,6.665053331053154e-05
2145,10,train/loss,1.455281138420105
2145,10,train/lr,6.66206682774918e-05
2146,10,train/loss,1.4637675285339355
2146,10,train/lr,6.659079657661683e-05
2147,10,train/loss,1.443731665611267
2147,10,train/lr,6.656091821989049e-05
2148,10,train/loss,1.505436658859253
2148,10,train/lr,6.653103321929928e-05
2149,10,train/loss,1.5375679731369019
2149,10,train/lr,6.650114158683237e-05
2150,10,train/loss,1.4690337181091309
2150,10,train/lr,6.647124333448164e-05
2150,10,train/batches,429.0
2150,10,train/compute_pct,99.88901368515846
2150,10,train/compute_sec,47.94840322370874
2150,10,train/data_wait_pct,0.11098631484154432
2150,10,train/data_wait_sec,0.05327529404894449
2150,10,train/examples,5148.0
2150,10,train/examples_per_sec,107.24624969303011
2150,10,train/input_tokens,1561328.0
2150,10,train/peak_vram_gb,4.9281439781188965
2150,10,train/target_tokens,416814.0
2150,10,train/tokens_per_sec,41209.85059445804
2150,10,train/total_sec,48.00167851775768
2150,10,train/epoch_loss,1.5218275215798047
2150,10,epoch10/batches,429.0
2150,10,epoch10/compute_pct,99.88901368515846
2150,10,epoch10/compute_sec,47.94840322370874
2150,10,epoch10/data_wait_pct,0.11098631484154432
2150,10,epoch10/data_wait_sec,0.05327529404894449
2150,10,epoch10/examples,5148.0
2150,10,epoch10/examples_per_sec,107.24624969303011
2150,10,epoch10/input_tokens,1561328.0
2150,10,epoch10/peak_vram_gb,4.9281439781188965
2150,10,epoch10/target_tokens,416814.0
2150,10,epoch10/tokens_per_sec,41209.85059445804
2150,10,epoch10/total_sec,48.00167851775768
2150,10,val/bleu,21.30912365462666
2150,10,val/chrf,39.99382519900419
2150,10,val/combined,29.193036268725184
2150,10,val/eval_peak_vram_gb,4.9281439781188965
2150,10,val/eval_samples_per_sec,7.662359357473995
2150,10,val/eval_seconds,74.91165230199113
2150,10,val/eval_tokens_per_sec,1916.684462133852
2151,11,train/loss,1.4015884399414062
2151,11,train/lr,6.644133847424156e-05
2152,11,train/loss,1.6500835418701172
2152,11,train/lr,6.641142701810932e-05
2153,11,train/loss,1.520442247390747
2153,11,train/lr,6.638150897808468e-05
2154,11,train/loss,1.423304796218872
2154,11,train/lr,6.635158436617009e-05
2155,11,train/loss,1.4454330205917358
2155,11,train/lr,6.632165319437064e-05
2156,11,train/loss,1.5588626861572266
2156,11,train/lr,6.629171547469401e-05
2157,11,train/loss,1.6018877029418945
2157,11,train/lr,6.626177121915057e-05
2158,11,train/loss,1.420162320137024
2158,11,train/lr,6.623182043975325e-05
2159,11,train/loss,1.5099022388458252
2159,11,train/lr,6.620186314851764e-05
2160,11,train/loss,1.4851346015930176
2160,11,train/lr,6.61718993574619e-05
2161,11,train/loss,1.3986209630966187
2161,11,train/lr,6.614192907860686e-05
2162,11,train/loss,1.6393733024597168
2162,11,train/lr,6.611195232397588e-05
2163,11,train/loss,1.4171028137207031
2163,11,train/lr,6.608196910559499e-05
2164,11,train/loss,1.3996741771697998
2164,11,train/lr,6.605197943549273e-05
2165,11,train/loss,1.550663948059082
2165,11,train/lr,6.602198332570034e-05
2166,11,train/loss,1.3011173009872437
2166,11,train/lr,6.599198078825152e-05
2167,11,train/loss,1.4569125175476074
2167,11,train/lr,6.596197183518263e-05
2168,11,train/loss,1.3670716285705566
2168,11,train/lr,6.593195647853258e-05
2169,11,train/loss,1.5536739826202393
2169,11,train/lr,6.590193473034287e-05
2170,11,train/loss,1.4841341972351074
2170,11,train/lr,6.587190660265752e-05
2171,11,train/loss,1.4270687103271484
2171,11,train/lr,6.584187210752313e-05
2172,11,train/loss,1.459972620010376
2172,11,train/lr,6.581183125698887e-05
2173,11,train/loss,1.4527922868728638
2173,11,train/lr,6.578178406310647e-05
2174,11,train/loss,1.4140613079071045
2174,11,train/lr,6.575173053793013e-05
2175,11,train/loss,1.588141918182373
2175,11,train/lr,6.57216706935167e-05
2176,11,train/loss,1.5585501194000244
2176,11,train/lr,6.569160454192546e-05
2177,11,train/loss,1.4520444869995117
2177,11,train/lr,6.566153209521832e-05
2178,11,train/loss,1.7178633213043213
2178,11,train/lr,6.563145336545962e-05
2179,11,train/loss,1.5077605247497559
2179,11,train/lr,6.560136836471626e-05
2180,11,train/loss,1.5811049938201904
2180,11,train/lr,6.55712771050577e-05
2181,11,train/loss,1.4483381509780884
2181,11,train/lr,6.554117959855582e-05
2182,11,train/loss,1.5317332744598389
2182,11,train/lr,6.551107585728511e-05
2183,11,train/loss,1.326243281364441
2183,11,train/lr,6.54809658933225e-05
2184,11,train/loss,1.6656817197799683
2184,11,train/lr,6.545084971874738e-05
2185,11,train/loss,1.526108980178833
2185,11,train/lr,6.54207273456417e-05
2186,11,train/loss,1.5750523805618286
2186,11,train/lr,6.539059878608991e-05
2187,11,train/loss,1.419517993927002
2187,11,train/lr,6.536046405217884e-05
2188,11,train/loss,1.5220310688018799
2188,11,train/lr,6.533032315599792e-05
2189,11,train/loss,1.4270496368408203
2189,11,train/lr,6.530017610963897e-05
2190,11,train/loss,1.4478811025619507
2190,11,train/lr,6.527002292519629e-05
2191,11,train/loss,1.3556104898452759
2191,11,train/lr,6.523986361476666e-05
2192,11,train/loss,1.4884991645812988
2192,11,train/lr,6.520969819044934e-05
2193,11,train/loss,1.3769034147262573
2193,11,train/lr,6.517952666434597e-05
2194,11,train/loss,1.4922174215316772
2194,11,train/lr,6.514934904856072e-05
2195,11,train/loss,1.499840259552002
2195,11,train/lr,6.511916535520012e-05
2196,11,train/loss,1.4422954320907593
2196,11,train/lr,6.508897559637323e-05
2197,11,train/loss,1.4031457901000977
2197,11,train/lr,6.505877978419147e-05
2198,11,train/loss,1.3953064680099487
2198,11,train/lr,6.502857793076873e-05
2199,11,train/loss,1.584690809249878
2199,11,train/lr,6.49983700482213e-05
2200,11,train/loss,1.5869250297546387
2200,11,train/lr,6.496815614866791e-05
2201,11,train/loss,1.6085827350616455
2201,11,train/lr,6.493793624422966e-05
2202,11,train/loss,1.6576507091522217
2202,11,train/lr,6.490771034703012e-05
2203,11,train/loss,1.445486068725586
2203,11,train/lr,6.487747846919524e-05
2204,11,train/loss,1.5495977401733398
2204,11,train/lr,6.484724062285332e-05
2205,11,train/loss,1.7548460960388184
2205,11,train/lr,6.481699682013515e-05
2206,11,train/loss,1.4366607666015625
2206,11,train/lr,6.478674707317383e-05
2207,11,train/loss,1.533959150314331
2207,11,train/lr,6.475649139410488e-05
2208,11,train/loss,1.4770445823669434
2208,11,train/lr,6.472622979506618e-05
2209,11,train/loss,1.438541054725647
2209,11,train/lr,6.469596228819802e-05
2210,11,train/loss,1.4229001998901367
2210,11,train/lr,6.466568888564303e-05
2211,11,train/loss,1.5745584964752197
2211,11,train/lr,6.46354095995462e-05
2212,11,train/loss,1.6313050985336304
2212,11,train/lr,6.46051244420549e-05
2213,11,train/loss,1.4791858196258545
2213,11,train/lr,6.457483342531885e-05
2214,11,train/loss,1.335038185119629
2214,11,train/lr,6.454453656149011e-05
2215,11,train/loss,1.4968085289001465
2215,11,train/lr,6.451423386272312e-05
2216,11,train/loss,1.2888307571411133
2216,11,train/lr,6.448392534117463e-05
2217,11,train/loss,1.5018665790557861
2217,11,train/lr,6.445361100900369e-05
2218,11,train/loss,1.3377093076705933
2218,11,train/lr,6.442329087837177e-05
2219,11,train/loss,1.3164316415786743
2219,11,train/lr,6.43929649614426e-05
2220,11,train/loss,1.4364500045776367
2220,11,train/lr,6.436263327038225e-05
2221,11,train/loss,1.5049009323120117
2221,11,train/lr,6.43322958173591e-05
2222,11,train/loss,1.5005731582641602
2222,11,train/lr,6.430195261454387e-05
2223,11,train/loss,1.5796560049057007
2223,11,train/lr,6.427160367410956e-05
2224,11,train/loss,1.458283543586731
2224,11,train/lr,6.424124900823144e-05
2225,11,train/loss,1.7422274351119995
2225,11,train/lr,6.421088862908717e-05
2226,11,train/loss,1.4680266380310059
2226,11,train/lr,6.418052254885661e-05
2227,11,train/loss,1.4756717681884766
2227,11,train/lr,6.415015077972195e-05
2228,11,train/loss,1.41244637966156
2228,11,train/lr,6.411977333386765e-05
2229,11,train/loss,1.7406597137451172
2229,11,train/lr,6.408939022348047e-05
2230,11,train/loss,1.5084545612335205
2230,11,train/lr,6.40590014607494e-05
2231,11,train/loss,1.453470230102539
2231,11,train/lr,6.402860705786576e-05
2232,11,train/loss,1.5394916534423828
2232,11,train/lr,6.399820702702305e-05
2233,11,train/loss,1.4307591915130615
2233,11,train/lr,6.39678013804171e-05
2234,11,train/loss,1.6389673948287964
2234,11,train/lr,6.393739013024596e-05
2235,11,train/loss,1.5150091648101807
2235,11,train/lr,6.390697328870994e-05
2236,11,train/loss,1.5211735963821411
2236,11,train/lr,6.387655086801156e-05
2237,11,train/loss,1.4980496168136597
2237,11,train/lr,6.384612288035566e-05
2238,11,train/loss,1.6237101554870605
2238,11,train/lr,6.38156893379492e-05
2239,11,train/loss,1.5464887619018555
2239,11,train/lr,6.378525025300145e-05
2240,11,train/loss,1.4181911945343018
2240,11,train/lr,6.37548056377239e-05
2241,11,train/loss,1.540305495262146
2241,11,train/lr,6.372435550433023e-05
2242,11,train/loss,1.6242834329605103
2242,11,train/lr,6.369389986503633e-05
2243,11,train/loss,1.6118136644363403
2243,11,train/lr,6.366343873206032e-05
2244,11,train/loss,1.364524245262146
2244,11,train/lr,6.363297211762247e-05
2245,11,train/loss,1.5484778881072998
2245,11,train/lr,6.36025000339454e-05
2246,11,train/loss,1.3999979496002197
2246,11,train/lr,6.357202249325371e-05
2247,11,train/loss,1.4281387329101562
2247,11,train/lr,6.354153950777437e-05
2248,11,train/loss,1.5234220027923584
2248,11,train/lr,6.351105108973644e-05
2249,11,train/loss,1.619797706604004
2249,11,train/lr,6.348055725137118e-05
2250,11,train/loss,1.5340218544006348
2250,11,train/lr,6.3450058004912e-05
2251,11,train/loss,1.6676738262176514
2251,11,train/lr,6.341955336259455e-05
2252,11,train/loss,1.75411856174469
2252,11,train/lr,6.33890433366566e-05
2253,11,train/loss,1.5727875232696533
2253,11,train/lr,6.335852793933805e-05
2254,11,train/loss,1.5787873268127441
2254,11,train/lr,6.3328007182881e-05
2255,11,train/loss,1.3523032665252686
2255,11,train/lr,6.329748107952969e-05
2256,11,train/loss,1.425074815750122
2256,11,train/lr,6.326694964153048e-05
2257,11,train/loss,1.4323692321777344
2257,11,train/lr,6.323641288113193e-05
2258,11,train/loss,1.4671467542648315
2258,11,train/lr,6.320587081058464e-05
2259,11,train/loss,1.458787441253662
2259,11,train/lr,6.317532344214146e-05
2260,11,train/loss,1.4526742696762085
2260,11,train/lr,6.314477078805725e-05
2261,11,train/loss,1.4459177255630493
2261,11,train/lr,6.311421286058906e-05
2262,11,train/loss,1.4801418781280518
2262,11,train/lr,6.308364967199604e-05
2263,11,train/loss,1.672383427619934
2263,11,train/lr,6.305308123453946e-05
2264,11,train/loss,1.6011784076690674
2264,11,train/lr,6.302250756048266e-05
2265,11,train/loss,1.5386329889297485
2265,11,train/lr,6.299192866209112e-05
2266,11,train/loss,1.4101747274398804
2266,11,train/lr,6.29613445516324e-05
2267,11,train/loss,1.3524219989776611
2267,11,train/lr,6.293075524137615e-05
2268,11,train/loss,1.5584840774536133
2268,11,train/lr,6.29001607435941e-05
2269,11,train/loss,1.5224330425262451
2269,11,train/lr,6.286956107056007e-05
2270,11,train/loss,1.2819032669067383
2270,11,train/lr,6.283895623454997e-05
2271,11,train/loss,1.571134090423584
2271,11,train/lr,6.280834624784176e-05
2272,11,train/loss,1.4667338132858276
2272,11,train/lr,6.277773112271546e-05
2273,11,train/loss,1.3925628662109375
2273,11,train/lr,6.274711087145317e-05
2274,11,train/loss,1.607137680053711
2274,11,train/lr,6.271648550633906e-05
2275,11,train/loss,1.6765928268432617
2275,11,train/lr,6.268585503965929e-05
2276,11,train/loss,1.6588609218597412
2276,11,train/lr,6.265521948370214e-05
2277,11,train/loss,1.4850013256072998
2277,11,train/lr,6.26245788507579e-05
2278,11,train/loss,1.574131727218628
2278,11,train/lr,6.259393315311889e-05
2279,11,train/loss,1.6352778673171997
2279,11,train/lr,6.256328240307948e-05
2280,11,train/loss,1.6375837326049805
2280,11,train/lr,6.253262661293604e-05
2281,11,train/loss,1.5585392713546753
2281,11,train/lr,6.250196579498697e-05
2282,11,train/loss,1.6184488534927368
2282,11,train/lr,6.247129996153272e-05
2283,11,train/loss,1.457940936088562
2283,11,train/lr,6.244062912487572e-05
2284,11,train/loss,1.4630980491638184
2284,11,train/lr,6.240995329732041e-05
2285,11,train/loss,1.5218712091445923
2285,11,train/lr,6.237927249117324e-05
2286,11,train/loss,1.4318265914916992
2286,11,train/lr,6.234858671874263e-05
2287,11,train/loss,1.3766298294067383
2287,11,train/lr,6.231789599233905e-05
2288,11,train/loss,1.4458026885986328
2288,11,train/lr,6.22872003242749e-05
2289,11,train/loss,1.5145680904388428
2289,11,train/lr,6.225649972686462e-05
2290,11,train/loss,1.5078248977661133
2290,11,train/lr,6.222579421242455e-05
2291,11,train/loss,1.423640489578247
2291,11,train/lr,6.219508379327308e-05
2292,11,train/loss,1.4063682556152344
2292,11,train/lr,6.21643684817305e-05
2293,11,train/loss,1.3576345443725586
2293,11,train/lr,6.213364829011913e-05
2294,11,train/loss,1.5396111011505127
2294,11,train/lr,6.21029232307632e-05
2295,11,train/loss,1.2884186506271362
2295,11,train/lr,6.20721933159889e-05
2296,11,train/loss,1.5474222898483276
2296,11,train/lr,6.204145855812439e-05
2297,11,train/loss,1.210387110710144
2297,11,train/lr,6.201071896949975e-05
2298,11,train/loss,1.537882685661316
2298,11,train/lr,6.1979974562447e-05
2299,11,train/loss,1.43805992603302
2299,11,train/lr,6.19492253493001e-05
2300,11,train/loss,1.5739469528198242
2300,11,train/lr,6.191847134239496e-05
2301,11,train/loss,1.5543794631958008
2301,11,train/lr,6.188771255406935e-05
2302,11,train/loss,1.621215581893921
2302,11,train/lr,6.185694899666304e-05
2303,11,train/loss,1.6531438827514648
2303,11,train/lr,6.182618068251764e-05
2304,11,train/loss,1.6129112243652344
2304,11,train/lr,6.179540762397671e-05
2305,11,train/loss,1.7420220375061035
2305,11,train/lr,6.176462983338574e-05
2306,11,train/loss,1.567698359489441
2306,11,train/lr,6.173384732309201e-05
2307,11,train/loss,1.4710294008255005
2307,11,train/lr,6.17030601054448e-05
2308,11,train/loss,1.44350266456604
2308,11,train/lr,6.167226819279528e-05
2309,11,train/loss,1.5073552131652832
2309,11,train/lr,6.164147159749641e-05
2310,11,train/loss,1.528040885925293
2310,11,train/lr,6.16106703319031e-05
2311,11,train/loss,1.5349338054656982
2311,11,train/lr,6.157986440837215e-05
2312,11,train/loss,1.2692973613739014
2312,11,train/lr,6.154905383926217e-05
2313,11,train/loss,1.3662962913513184
2313,11,train/lr,6.151823863693366e-05
2314,11,train/loss,1.579277753829956
2314,11,train/lr,6.1487418813749e-05
2315,11,train/loss,1.5548267364501953
2315,11,train/lr,6.145659438207239e-05
2316,11,train/loss,1.3640005588531494
2316,11,train/lr,6.14257653542699e-05
2317,11,train/loss,1.2908313274383545
2317,11,train/lr,6.139493174270941e-05
2318,11,train/loss,1.2580896615982056
2318,11,train/lr,6.13640935597607e-05
2319,11,train/loss,1.4940367937088013
2319,11,train/lr,6.133325081779534e-05
2320,11,train/loss,1.6022908687591553
2320,11,train/lr,6.130240352918675e-05
2321,11,train/loss,1.4844828844070435
2321,11,train/lr,6.127155170631014e-05
2322,11,train/loss,1.5618727207183838
2322,11,train/lr,6.124069536154257e-05
2323,11,train/loss,1.5424740314483643
2323,11,train/lr,6.12098345072629e-05
2324,11,train/loss,1.595015048980713
2324,11,train/lr,6.117896915585182e-05
2325,11,train/loss,1.5652096271514893
2325,11,train/lr,6.11480993196918e-05
2326,11,train/loss,1.480778694152832
2326,11,train/lr,6.111722501116712e-05
2327,11,train/loss,1.4802229404449463
2327,11,train/lr,6.108634624266384e-05
2328,11,train/loss,1.4690797328948975
2328,11,train/lr,6.105546302656986e-05
2329,11,train/loss,1.4815597534179688
2329,11,train/lr,6.102457537527477e-05
2330,11,train/loss,1.4230077266693115
2330,11,train/lr,6.0993683301170044e-05
2331,11,train/loss,1.5960955619812012
2331,11,train/lr,6.096278681664887e-05
2332,11,train/loss,1.3748375177383423
2332,11,train/lr,6.0931885934106204e-05
2333,11,train/loss,1.5329322814941406
2333,11,train/lr,6.0900980665938764e-05
2334,11,train/loss,1.5084490776062012
2334,11,train/lr,6.087007102454508e-05
2335,11,train/loss,1.6130732297897339
2335,11,train/lr,6.083915702232539e-05
2336,11,train/loss,1.5919337272644043
2336,11,train/lr,6.0808238671681686e-05
2337,11,train/loss,1.633662223815918
2337,11,train/lr,6.077731598501769e-05
2338,11,train/loss,1.3851945400238037
2338,11,train/lr,6.074638897473891e-05
2339,11,train/loss,1.467698097229004
2339,11,train/lr,6.071545765325254e-05
2340,11,train/loss,1.5335309505462646
2340,11,train/lr,6.068452203296754e-05
2341,11,train/loss,1.2289197444915771
2341,11,train/lr,6.0653582126294587e-05
2342,11,train/loss,1.2740366458892822
2342,11,train/lr,6.062263794564605e-05
2343,11,train/loss,1.521705150604248
2343,11,train/lr,6.0591689503436046e-05
2344,11,train/loss,1.5060787200927734
2344,11,train/lr,6.056073681208038e-05
2345,11,train/loss,1.372243046760559
2345,11,train/lr,6.052977988399657e-05
2346,11,train/loss,1.4231188297271729
2346,11,train/lr,6.0498818731603824e-05
2347,11,train/loss,1.4758247137069702
2347,11,train/lr,6.046785336732309e-05
2348,11,train/loss,1.47599458694458
2348,11,train/lr,6.043688380357695e-05
2349,11,train/loss,1.5895838737487793
2349,11,train/lr,6.040591005278966e-05
2350,11,train/loss,1.6677093505859375
2350,11,train/lr,6.037493212738723e-05
2351,11,train/loss,1.5453602075576782
2351,11,train/lr,6.034395003979728e-05
2352,11,train/loss,1.4622952938079834
2352,11,train/lr,6.031296380244914e-05
2353,11,train/loss,1.4651925563812256
2353,11,train/lr,6.0281973427773766e-05
2354,11,train/loss,1.4136619567871094
2354,11,train/lr,6.025097892820379e-05
2355,11,train/loss,1.5850389003753662
2355,11,train/lr,6.021998031617353e-05
2356,11,train/loss,1.4632172584533691
2356,11,train/lr,6.018897760411888e-05
2357,11,train/loss,1.5179226398468018
2357,11,train/lr,6.0157970804477484e-05
2358,11,train/loss,1.616478443145752
2358,11,train/lr,6.012695992968852e-05
2359,11,train/loss,1.3342992067337036
2359,11,train/lr,6.009594499219287e-05
2360,11,train/loss,1.2300245761871338
2360,11,train/lr,6.006492600443301e-05
2361,11,train/loss,1.421566128730774
2361,11,train/lr,6.003390297885306e-05
2362,11,train/loss,1.4585729837417603
2362,11,train/lr,6.000287592789877e-05
2363,11,train/loss,1.2825456857681274
2363,11,train/lr,5.997184486401748e-05
2364,11,train/loss,1.525588035583496
2364,11,train/lr,5.994080979965813e-05
2365,11,train/loss,1.5373661518096924
2365,11,train/lr,5.990977074727131e-05
2365,11,train/batches,429.0
2365,11,train/compute_pct,99.91394851952967
2365,11,train/compute_sec,47.194819111173274
2365,11,train/data_wait_pct,0.08605148047033329
2365,11,train/data_wait_sec,0.040646817738888785
2365,11,train/examples,5148.0
2365,11,train/examples_per_sec,108.98590495005537
2365,11,train/input_tokens,1561238.0
2365,11,train/peak_vram_gb,4.9281439781188965
2365,11,train/target_tokens,417183.0
2365,11,train/tokens_per_sec,41884.22747808731
2365,11,train/total_sec,47.23546592891216
2365,11,train/epoch_loss,1.5040488440395792
2365,11,epoch11/batches,429.0
2365,11,epoch11/compute_pct,99.91394851952967
2365,11,epoch11/compute_sec,47.194819111173274
2365,11,epoch11/data_wait_pct,0.08605148047033329
2365,11,epoch11/data_wait_sec,0.040646817738888785
2365,11,epoch11/examples,5148.0
2365,11,epoch11/examples_per_sec,108.98590495005537
2365,11,epoch11/input_tokens,1561238.0
2365,11,epoch11/peak_vram_gb,4.9281439781188965
2365,11,epoch11/target_tokens,417183.0
2365,11,epoch11/tokens_per_sec,41884.22747808731
2365,11,epoch11/total_sec,47.23546592891216
2365,11,val/bleu,22.166335513085162
2365,11,val/chrf,40.134401640870095
2365,11,val/combined,29.82670971442278
2365,11,val/eval_peak_vram_gb,4.9281439781188965
2365,11,val/eval_samples_per_sec,7.873936174487387
2365,11,val/eval_seconds,72.89873670297675
2365,11,val/eval_tokens_per_sec,1907.7971209111633
2366,12,train/loss,1.671874761581421
2366,12,train/lr,5.987872771930916e-05
2367,12,train/loss,1.5995959043502808
2367,12,train/lr,5.9847680728225455e-05
2368,12,train/loss,1.4596409797668457
2368,12,train/lr,5.981662978647555e-05
2369,12,train/loss,1.6611747741699219
2369,12,train/lr,5.978557490651636e-05
2370,12,train/loss,1.673069953918457
2370,12,train/lr,5.9754516100806423e-05
2371,12,train/loss,1.5329289436340332
2371,12,train/lr,5.97234533818058e-05
2372,12,train/loss,1.6896543502807617
2372,12,train/lr,5.969238676197616e-05
2373,12,train/loss,1.5691741704940796
2373,12,train/lr,5.9661316253780756e-05
2374,12,train/loss,1.5069962739944458
2374,12,train/lr,5.963024186968431e-05
2375,12,train/loss,1.515930414199829
2375,12,train/lr,5.959916362215321e-05
2376,12,train/loss,1.4014642238616943
2376,12,train/lr,5.9568081523655315e-05
2377,12,train/loss,1.4039301872253418
2377,12,train/lr,5.95369955866601e-05
2378,12,train/loss,1.5499119758605957
2378,12,train/lr,5.950590582363848e-05
2379,12,train/loss,1.5231965780258179
2379,12,train/lr,5.947481224706302e-05
2380,12,train/loss,1.5186753273010254
2380,12,train/lr,5.9443714869407715e-05
2381,12,train/loss,1.3865242004394531
2381,12,train/lr,5.941261370314815e-05
2382,12,train/loss,1.5810004472732544
2382,12,train/lr,5.9381508760761384e-05
2383,12,train/loss,1.5339505672454834
2383,12,train/lr,5.9350400054726053e-05
2384,12,train/loss,1.4858660697937012
2384,12,train/lr,5.9319287597522246e-05
2385,12,train/loss,1.4943312406539917
2385,12,train/lr,5.9288171401631555e-05
2386,12,train/loss,1.4390308856964111
2386,12,train/lr,5.925705147953712e-05
2387,12,train/loss,1.403656005859375
2387,12,train/lr,5.922592784372353e-05
2388,12,train/loss,1.3639466762542725
2388,12,train/lr,5.919480050667689e-05
2389,12,train/loss,1.4356052875518799
2389,12,train/lr,5.9163669480884795e-05
2390,12,train/loss,1.563621163368225
2390,12,train/lr,5.913253477883629e-05
2391,12,train/loss,1.3956496715545654
2391,12,train/lr,5.9101396413021904e-05
2392,12,train/loss,1.462433099746704
2392,12,train/lr,5.9070254395933656e-05
2393,12,train/loss,1.5229685306549072
2393,12,train/lr,5.9039108740065016e-05
2394,12,train/loss,1.5206176042556763
2394,12,train/lr,5.9007959457910934e-05
2395,12,train/loss,1.5886708498001099
2395,12,train/lr,5.8976806561967747e-05
2396,12,train/loss,1.6001970767974854
2396,12,train/lr,5.8945650064733324e-05
2397,12,train/loss,1.469171166419983
2397,12,train/lr,5.891448997870695e-05
2398,12,train/loss,1.4598057270050049
2398,12,train/lr,5.888332631638934e-05
2399,12,train/loss,1.5118571519851685
2399,12,train/lr,5.885215909028263e-05
2400,12,train/loss,1.4290739297866821
2400,12,train/lr,5.882098831289043e-05
2401,12,train/loss,1.4349327087402344
2401,12,train/lr,5.8789813996717736e-05
2402,12,train/loss,1.4677550792694092
2402,12,train/lr,5.875863615427096e-05
2403,12,train/loss,1.3966577053070068
2403,12,train/lr,5.872745479805799e-05
2404,12,train/loss,1.386151671409607
2404,12,train/lr,5.869626994058803e-05
2405,12,train/loss,1.416959524154663
2405,12,train/lr,5.8665081594371784e-05
2406,12,train/loss,1.3605531454086304
2406,12,train/lr,5.863388977192127e-05
2407,12,train/loss,1.371671438217163
2407,12,train/lr,5.860269448574997e-05
2408,12,train/loss,1.3432050943374634
2408,12,train/lr,5.8571495748372684e-05
2409,12,train/loss,1.380723476409912
2409,12,train/lr,5.8540293572305685e-05
2410,12,train/loss,1.4999570846557617
2410,12,train/lr,5.850908797006656e-05
2411,12,train/loss,1.4940729141235352
2411,12,train/lr,5.847787895417428e-05
2412,12,train/loss,1.4381797313690186
2412,12,train/lr,5.84466665371492e-05
2413,12,train/loss,1.3224947452545166
2413,12,train/lr,5.841545073151304e-05
2414,12,train/loss,1.5542292594909668
2414,12,train/lr,5.838423154978887e-05
2415,12,train/loss,1.7206456661224365
2415,12,train/lr,5.8353009004501126e-05
2416,12,train/loss,1.5088064670562744
2416,12,train/lr,5.832178310817556e-05
2417,12,train/loss,1.5433621406555176
2417,12,train/lr,5.829055387333933e-05
2418,12,train/loss,1.573687195777893
2418,12,train/lr,5.825932131252085e-05
2419,12,train/loss,1.6652708053588867
2419,12,train/lr,5.822808543824996e-05
2420,12,train/loss,1.4421942234039307
2420,12,train/lr,5.819684626305776e-05
2421,12,train/loss,1.7014639377593994
2421,12,train/lr,5.816560379947672e-05
2422,12,train/loss,1.6582837104797363
2422,12,train/lr,5.813435806004057e-05
2423,12,train/loss,1.5715062618255615
2423,12,train/lr,5.810310905728443e-05
2424,12,train/loss,1.6033203601837158
2424,12,train/lr,5.807185680374467e-05
2425,12,train/loss,1.4290544986724854
2425,12,train/lr,5.8040601311959006e-05
2426,12,train/loss,1.5262832641601562
2426,12,train/lr,5.8009342594466407e-05
2427,12,train/loss,1.420179009437561
2427,12,train/lr,5.7978080663807176e-05
2428,12,train/loss,1.6095573902130127
2428,12,train/lr,5.794681553252288e-05
2429,12,train/loss,1.5772948265075684
2429,12,train/lr,5.79155472131564e-05
2430,12,train/loss,1.4193652868270874
2430,12,train/lr,5.7884275718251856e-05
2431,12,train/loss,1.4711308479309082
2431,12,train/lr,5.7853001060354695e-05
2432,12,train/loss,1.3508403301239014
2432,12,train/lr,5.782172325201155e-05
2433,12,train/loss,1.5782933235168457
2433,12,train/lr,5.7790442305770406e-05
2434,12,train/loss,1.3273465633392334
2434,12,train/lr,5.7759158234180465e-05
2435,12,train/loss,1.4255647659301758
2435,12,train/lr,5.772787104979216e-05
2436,12,train/loss,1.4412693977355957
2436,12,train/lr,5.769658076515726e-05
2437,12,train/loss,1.4818148612976074
2437,12,train/lr,5.766528739282866e-05
2438,12,train/loss,1.4224308729171753
2438,12,train/lr,5.763399094536055e-05
2439,12,train/loss,1.5618549585342407
2439,12,train/lr,5.76026914353084e-05
2440,12,train/loss,1.525742530822754
2440,12,train/lr,5.757138887522884e-05
2441,12,train/loss,1.3465524911880493
2441,12,train/lr,5.754008327767974e-05
2442,12,train/loss,1.6283674240112305
2442,12,train/lr,5.750877465522021e-05
2443,12,train/loss,1.5563819408416748
2443,12,train/lr,5.747746302041054e-05
2444,12,train/loss,1.4943584203720093
2444,12,train/lr,5.744614838581227e-05
2445,12,train/loss,1.6085742712020874
2445,12,train/lr,5.74148307639881e-05
2446,12,train/loss,1.4919685125350952
2446,12,train/lr,5.738351016750196e-05
2447,12,train/loss,1.3590859174728394
2447,12,train/lr,5.735218660891899e-05
2448,12,train/loss,1.5623152256011963
2448,12,train/lr,5.732086010080544e-05
2449,12,train/loss,1.5130860805511475
2449,12,train/lr,5.728953065572883e-05
2450,12,train/loss,1.6050688028335571
2450,12,train/lr,5.7258198286257815e-05
2451,12,train/loss,1.5525791645050049
2451,12,train/lr,5.722686300496223e-05
2452,12,train/loss,1.7198283672332764
2452,12,train/lr,5.719552482441307e-05
2453,12,train/loss,1.5741169452667236
2453,12,train/lr,5.716418375718252e-05
2454,12,train/loss,1.4059042930603027
2454,12,train/lr,5.7132839815843896e-05
2455,12,train/loss,1.4595937728881836
2455,12,train/lr,5.710149301297166e-05
2456,12,train/loss,1.5621254444122314
2456,12,train/lr,5.707014336114147e-05
2457,12,train/loss,1.3927419185638428
2457,12,train/lr,5.7038790872930085e-05
2458,12,train/loss,1.4652125835418701
2458,12,train/lr,5.700743556091541e-05
2459,12,train/loss,1.5629104375839233
2459,12,train/lr,5.697607743767648e-05
2460,12,train/loss,1.5178930759429932
2460,12,train/lr,5.6944716515793464e-05
2461,12,train/loss,1.4814350605010986
2461,12,train/lr,5.691335280784764e-05
2462,12,train/loss,1.3029544353485107
2462,12,train/lr,5.688198632642146e-05
2463,12,train/loss,1.431182861328125
2463,12,train/lr,5.685061708409841e-05
2464,12,train/loss,1.4793181419372559
2464,12,train/lr,5.6819245093463116e-05
2465,12,train/loss,1.6022111177444458
2465,12,train/lr,5.6787870367101325e-05
2466,12,train/loss,1.4861345291137695
2466,12,train/lr,5.6756492917599854e-05
2467,12,train/loss,1.75564444065094
2467,12,train/lr,5.6725112757546637e-05
2468,12,train/loss,1.5362789630889893
2468,12,train/lr,5.6693729899530675e-05
2469,12,train/loss,1.5933949947357178
2469,12,train/lr,5.666234435614206e-05
2470,12,train/loss,1.5092483758926392
2470,12,train/lr,5.663095613997196e-05
2471,12,train/loss,1.6068894863128662
2471,12,train/lr,5.659956526361261e-05
2472,12,train/loss,1.405316710472107
2472,12,train/lr,5.656817173965733e-05
2473,12,train/loss,1.4389667510986328
2473,12,train/lr,5.653677558070049e-05
2474,12,train/loss,1.4903804063796997
2474,12,train/lr,5.6505376799337495e-05
2475,12,train/loss,1.5195934772491455
2475,12,train/lr,5.6473975408164835e-05
2476,12,train/loss,1.4764606952667236
2476,12,train/lr,5.644257141978006e-05
2477,12,train/loss,1.4966166019439697
2477,12,train/lr,5.6411164846781705e-05
2478,12,train/loss,1.43744695186615
2478,12,train/lr,5.63797557017694e-05
2479,12,train/loss,1.5002729892730713
2479,12,train/lr,5.634834399734376e-05
2480,12,train/loss,1.5621922016143799
2480,12,train/lr,5.631692974610647e-05
2481,12,train/loss,1.309535026550293
2481,12,train/lr,5.628551296066019e-05
2482,12,train/loss,1.3255524635314941
2482,12,train/lr,5.625409365360864e-05
2483,12,train/loss,1.4905941486358643
2483,12,train/lr,5.622267183755654e-05
2484,12,train/loss,1.519608736038208
2484,12,train/lr,5.619124752510959e-05
2485,12,train/loss,1.3944494724273682
2485,12,train/lr,5.6159820728874526e-05
2486,12,train/loss,1.4886809587478638
2486,12,train/lr,5.612839146145906e-05
2487,12,train/loss,1.4843437671661377
2487,12,train/lr,5.60969597354719e-05
2488,12,train/loss,1.544729471206665
2488,12,train/lr,5.606552556352275e-05
2489,12,train/loss,1.5129120349884033
2489,12,train/lr,5.6034088958222285e-05
2490,12,train/loss,1.6580078601837158
2490,12,train/lr,5.600264993218215e-05
2491,12,train/loss,1.5051740407943726
2491,12,train/lr,5.597120849801496e-05
2492,12,train/loss,1.5303378105163574
2492,12,train/lr,5.593976466833433e-05
2493,12,train/loss,1.3931999206542969
2493,12,train/lr,5.59083184557548e-05
2494,12,train/loss,1.5867078304290771
2494,12,train/lr,5.587686987289189e-05
2495,12,train/loss,1.446176528930664
2495,12,train/lr,5.584541893236204e-05
2496,12,train/loss,1.400249719619751
2496,12,train/lr,5.5813965646782665e-05
2497,12,train/loss,1.5008450746536255
2497,12,train/lr,5.578251002877209e-05
2498,12,train/loss,1.4849209785461426
2498,12,train/lr,5.575105209094962e-05
2499,12,train/loss,1.4261062145233154
2499,12,train/lr,5.5719591845935473e-05
2500,12,train/loss,1.5802463293075562
2500,12,train/lr,5.5688129306350755e-05
2501,12,train/loss,1.5163514614105225
2501,12,train/lr,5.5656664484817536e-05
2502,12,train/loss,1.41713547706604
2502,12,train/lr,5.5625197393958794e-05
2503,12,train/loss,1.4892432689666748
2503,12,train/lr,5.559372804639842e-05
2504,12,train/loss,1.403960108757019
2504,12,train/lr,5.556225645476118e-05
2505,12,train/loss,1.451682448387146
2505,12,train/lr,5.553078263167279e-05
2506,12,train/loss,1.3325777053833008
2506,12,train/lr,5.5499306589759824e-05
2507,12,train/loss,1.3683775663375854
2507,12,train/lr,5.546782834164973e-05
2508,12,train/loss,1.5045663118362427
2508,12,train/lr,5.5436347899970906e-05
2509,12,train/loss,1.3860020637512207
2509,12,train/lr,5.540486527735257e-05
2510,12,train/loss,1.42679762840271
2510,12,train/lr,5.5373380486424865e-05
2511,12,train/loss,1.4415721893310547
2511,12,train/lr,5.5341893539818726e-05
2512,12,train/loss,1.4296250343322754
2512,12,train/lr,5.531040445016603e-05
2513,12,train/loss,1.3725404739379883
2513,12,train/lr,5.527891323009948e-05
2514,12,train/loss,1.600167989730835
2514,12,train/lr,5.524741989225265e-05
2515,12,train/loss,1.5218837261199951
2515,12,train/lr,5.521592444925996e-05
2516,12,train/loss,1.4155001640319824
2516,12,train/lr,5.518442691375664e-05
2517,12,train/loss,1.6303942203521729
2517,12,train/lr,5.5152927298378786e-05
2518,12,train/loss,1.5289833545684814
2518,12,train/lr,5.5121425615763366e-05
2519,12,train/loss,1.476335883140564
2519,12,train/lr,5.508992187854811e-05
2520,12,train/loss,1.6213085651397705
2520,12,train/lr,5.505841609937161e-05
2521,12,train/loss,1.3688297271728516
2521,12,train/lr,5.502690829087328e-05
2522,12,train/loss,1.4683473110198975
2522,12,train/lr,5.499539846569333e-05
2523,12,train/loss,1.4557394981384277
2523,12,train/lr,5.496388663647278e-05
2524,12,train/loss,1.4642845392227173
2524,12,train/lr,5.493237281585346e-05
2525,12,train/loss,1.5720255374908447
2525,12,train/lr,5.490085701647805e-05
2526,12,train/loss,1.5284161567687988
2526,12,train/lr,5.4869339250989896e-05
2527,12,train/loss,1.4353137016296387
2527,12,train/lr,5.483781953203325e-05
2528,12,train/loss,1.4899874925613403
2528,12,train/lr,5.480629787225312e-05
2529,12,train/loss,1.518333911895752
2529,12,train/lr,5.4774774284295264e-05
2530,12,train/loss,1.3635485172271729
2530,12,train/lr,5.474324878080623e-05
2531,12,train/loss,1.3327573537826538
2531,12,train/lr,5.4711721374433344e-05
2532,12,train/loss,1.377658486366272
2532,12,train/lr,5.4680192077824686e-05
2533,12,train/loss,1.3356990814208984
2533,12,train/lr,5.464866090362909e-05
2534,12,train/loss,1.4381957054138184
2534,12,train/lr,5.4617127864496134e-05
2535,12,train/loss,1.3898948431015015
2535,12,train/lr,5.4585592973076186e-05
2536,12,train/loss,1.5173938274383545
2536,12,train/lr,5.4554056242020325e-05
2537,12,train/loss,1.4406940937042236
2537,12,train/lr,5.452251768398034e-05
2538,12,train/loss,1.4271384477615356
2538,12,train/lr,5.449097731160884e-05
2539,12,train/loss,1.4169087409973145
2539,12,train/lr,5.445943513755906e-05
2540,12,train/loss,1.5441770553588867
2540,12,train/lr,5.4427891174485016e-05
2541,12,train/loss,1.4545722007751465
2541,12,train/lr,5.439634543504145e-05
2542,12,train/loss,1.7069721221923828
2542,12,train/lr,5.4364797931883785e-05
2543,12,train/loss,1.4324208498001099
2543,12,train/lr,5.4333248677668155e-05
2544,12,train/loss,1.5919963121414185
2544,12,train/lr,5.430169768505141e-05
2545,12,train/loss,1.5486916303634644
2545,12,train/lr,5.4270144966691104e-05
2546,12,train/loss,1.5648024082183838
2546,12,train/lr,5.423859053524546e-05
2547,12,train/loss,1.4923707246780396
2547,12,train/lr,5.4207034403373404e-05
2548,12,train/loss,1.4032800197601318
2548,12,train/lr,5.417547658373454e-05
2549,12,train/loss,1.544826626777649
2549,12,train/lr,5.414391708898916e-05
2550,12,train/loss,1.5381824970245361
2550,12,train/lr,5.4112355931798195e-05
2551,12,train/loss,1.605183720588684
2551,12,train/lr,5.408079312482328e-05
2552,12,train/loss,1.5272431373596191
2552,12,train/lr,5.404922868072673e-05
2553,12,train/loss,1.494020938873291
2553,12,train/lr,5.401766261217142e-05
2554,12,train/loss,1.3610557317733765
2554,12,train/lr,5.3986094931820964e-05
2555,12,train/loss,1.4621694087982178
2555,12,train/lr,5.3954525652339614e-05
2556,12,train/loss,1.3541897535324097
2556,12,train/lr,5.392295478639225e-05
2557,12,train/loss,1.3803945779800415
2557,12,train/lr,5.389138234664438e-05
2558,12,train/loss,1.4764291048049927
2558,12,train/lr,5.385980834576215e-05
2559,12,train/loss,1.5395839214324951
2559,12,train/lr,5.3828232796412335e-05
2560,12,train/loss,1.349050760269165
2560,12,train/lr,5.379665571126231e-05
2561,12,train/loss,1.4104408025741577
2561,12,train/lr,5.376507710298012e-05
2562,12,train/loss,1.306016445159912
2562,12,train/lr,5.3733496984234374e-05
2563,12,train/loss,1.3927384614944458
2563,12,train/lr,5.37019153676943e-05
2564,12,train/loss,1.4148012399673462
2564,12,train/lr,5.367033226602971e-05
2565,12,train/loss,1.627394199371338
2565,12,train/lr,5.3638747691911054e-05
2566,12,train/loss,1.5085281133651733
2566,12,train/lr,5.360716165800932e-05
2567,12,train/loss,1.4737427234649658
2567,12,train/lr,5.3575574176996125e-05
2568,12,train/loss,1.5282225608825684
2568,12,train/lr,5.354398526154365e-05
2569,12,train/loss,1.500518798828125
2569,12,train/lr,5.3512394924324646e-05
2570,12,train/loss,1.4494541883468628
2570,12,train/lr,5.348080317801244e-05
2571,12,train/loss,1.5422475337982178
2571,12,train/lr,5.344921003528094e-05
2572,12,train/loss,1.588316798210144
2572,12,train/lr,5.3417615508804576e-05
2573,12,train/loss,1.4252699613571167
2573,12,train/lr,5.338601961125838e-05
2574,12,train/loss,1.3468903303146362
2574,12,train/lr,5.335442235531788e-05
2575,12,train/loss,1.4480301141738892
2575,12,train/lr,5.332282375365919e-05
2576,12,train/loss,1.5116920471191406
2576,12,train/lr,5.329122381895897e-05
2577,12,train/loss,1.3567132949829102
2577,12,train/lr,5.3259622563894364e-05
2578,12,train/loss,1.549679160118103
2578,12,train/lr,5.322802000114312e-05
2579,12,train/loss,1.5397905111312866
2579,12,train/lr,5.319641614338344e-05
2580,12,train/loss,1.5694845914840698
2580,12,train/lr,5.316481100329408e-05
2580,12,train/batches,429.0
2580,12,train/compute_pct,99.91586413317263
2580,12,train/compute_sec,47.43009244691348
2580,12,train/data_wait_pct,0.08413586682736061
2580,12,train/data_wait_sec,0.03993932271259837
2580,12,train/examples,5148.0
2580,12,train/examples_per_sec,108.4473679095781
2580,12,train/input_tokens,1560824.0
2580,12,train/peak_vram_gb,4.931502819061279
2580,12,train/target_tokens,417240.0
2580,12,train/tokens_per_sec,41669.742493529855
2580,12,train/total_sec,47.470031769626075
2580,12,train/epoch_loss,1.4899275400143959
2580,12,epoch12/batches,429.0
2580,12,epoch12/compute_pct,99.91586413317263
2580,12,epoch12/compute_sec,47.43009244691348
2580,12,epoch12/data_wait_pct,0.08413586682736061
2580,12,epoch12/data_wait_sec,0.03993932271259837
2580,12,epoch12/examples,5148.0
2580,12,epoch12/examples_per_sec,108.4473679095781
2580,12,epoch12/input_tokens,1560824.0
2580,12,epoch12/peak_vram_gb,4.931502819061279
2580,12,epoch12/target_tokens,417240.0
2580,12,epoch12/tokens_per_sec,41669.742493529855
2580,12,epoch12/total_sec,47.470031769626075
2580,12,val/bleu,20.625359707016255
2580,12,val/chrf,41.03368909032414
2580,12,val/combined,29.09183042700827
2580,12,val/eval_peak_vram_gb,4.931502819061279
2580,12,val/eval_samples_per_sec,7.504303548814886
2580,12,val/eval_seconds,76.48944319298607
2580,12,val/eval_tokens_per_sec,1930.671656576284
2581,13,train/loss,1.3687217235565186
2581,13,train/lr,5.313320459355431e-05
2582,13,train/loss,1.457207202911377
2582,13,train/lr,5.31015969268439e-05
2583,13,train/loss,1.4958887100219727
2583,13,train/lr,5.306998801584314e-05
2584,13,train/loss,1.429950475692749
2584,13,train/lr,5.30383778732328e-05
2585,13,train/loss,1.3554350137710571
2585,13,train/lr,5.300676651169415e-05
2586,13,train/loss,1.3653779029846191
2586,13,train/lr,5.297515394390895e-05
2587,13,train/loss,1.4961509704589844
2587,13,train/lr,5.294354018255945e-05
2588,13,train/loss,1.5363723039627075
2588,13,train/lr,5.2911925240328386e-05
2589,13,train/loss,1.4063694477081299
2589,13,train/lr,5.2880309129898954e-05
2590,13,train/loss,1.3819992542266846
2590,13,train/lr,5.284869186395478e-05
2591,13,train/loss,1.5230616331100464
2591,13,train/lr,5.281707345518004e-05
2592,13,train/loss,1.4931187629699707
2592,13,train/lr,5.2785453916259306e-05
2593,13,train/loss,1.3234649896621704
2593,13,train/lr,5.275383325987763e-05
2594,13,train/loss,1.496507167816162
2594,13,train/lr,5.272221149872049e-05
2595,13,train/loss,1.491616129875183
2595,13,train/lr,5.269058864547383e-05
2596,13,train/loss,1.3005393743515015
2596,13,train/lr,5.2658964712823985e-05
2597,13,train/loss,1.43446946144104
2597,13,train/lr,5.262733971345783e-05
2598,13,train/loss,1.3753478527069092
2598,13,train/lr,5.259571366006253e-05
2599,13,train/loss,1.5330097675323486
2599,13,train/lr,5.2564086565325776e-05
2600,13,train/loss,1.450742483139038
2600,13,train/lr,5.2532458441935636e-05
2601,13,train/loss,1.512052059173584
2601,13,train/lr,5.25008293025806e-05
2602,13,train/loss,1.4540836811065674
2602,13,train/lr,5.246919915994955e-05
2603,13,train/loss,1.4699516296386719
2603,13,train/lr,5.243756802673178e-05
2604,13,train/loss,1.5508840084075928
2604,13,train/lr,5.2405935915616997e-05
2605,13,train/loss,1.5374950170516968
2605,13,train/lr,5.2374302839295284e-05
2606,13,train/loss,1.6032204627990723
2606,13,train/lr,5.23426688104571e-05
2607,13,train/loss,1.5302643775939941
2607,13,train/lr,5.231103384179331e-05
2608,13,train/loss,1.4765937328338623
2608,13,train/lr,5.2279397945995145e-05
2609,13,train/loss,1.6310030221939087
2609,13,train/lr,5.2247761135754226e-05
2610,13,train/loss,1.5191946029663086
2610,13,train/lr,5.22161234237625e-05
2611,13,train/loss,1.5095362663269043
2611,13,train/lr,5.21844848227123e-05
2612,13,train/loss,1.4147924184799194
2612,13,train/lr,5.215284534529633e-05
2613,13,train/loss,1.5361237525939941
2613,13,train/lr,5.2121205004207604e-05
2614,13,train/loss,1.4824204444885254
2614,13,train/lr,5.208956381213955e-05
2615,13,train/loss,1.5584797859191895
2615,13,train/lr,5.205792178178589e-05
2616,13,train/loss,1.4749473333358765
2616,13,train/lr,5.2026278925840656e-05
2617,13,train/loss,1.3658556938171387
2617,13,train/lr,5.199463525699826e-05
2618,13,train/loss,1.6074061393737793
2618,13,train/lr,5.196299078795344e-05
2619,13,train/loss,1.3791790008544922
2619,13,train/lr,5.193134553140121e-05
2620,13,train/loss,1.3619422912597656
2620,13,train/lr,5.189969950003697e-05
2621,13,train/loss,1.4750699996948242
2621,13,train/lr,5.186805270655635e-05
2622,13,train/loss,1.3777110576629639
2622,13,train/lr,5.1836405163655355e-05
2623,13,train/loss,1.450209379196167
2623,13,train/lr,5.1804756884030224e-05
2624,13,train/loss,1.4258595705032349
2624,13,train/lr,5.177310788037758e-05
2625,13,train/loss,1.3787404298782349
2625,13,train/lr,5.174145816539425e-05
2626,13,train/loss,1.318068265914917
2626,13,train/lr,5.1709807751777394e-05
2627,13,train/loss,1.4376893043518066
2627,13,train/lr,5.167815665222444e-05
2628,13,train/loss,1.5681912899017334
2628,13,train/lr,5.164650487943309e-05
2629,13,train/loss,1.422499418258667
2629,13,train/lr,5.1614852446101314e-05
2630,13,train/loss,1.583202600479126
2630,13,train/lr,5.158319936492736e-05
2631,13,train/loss,1.6267874240875244
2631,13,train/lr,5.1551545648609725e-05
2632,13,train/loss,1.8249552249908447
2632,13,train/lr,5.151989130984715e-05
2633,13,train/loss,1.4703238010406494
2633,13,train/lr,5.148823636133863e-05
2634,13,train/loss,1.5665748119354248
2634,13,train/lr,5.145658081578344e-05
2635,13,train/loss,1.465444803237915
2635,13,train/lr,5.142492468588106e-05
2636,13,train/loss,1.4837089776992798
2636,13,train/lr,5.1393267984331206e-05
2637,13,train/loss,1.4727882146835327
2637,13,train/lr,5.136161072383383e-05
2638,13,train/loss,1.4541692733764648
2638,13,train/lr,5.132995291708911e-05
2639,13,train/loss,1.3575222492218018
2639,13,train/lr,5.1298294576797426e-05
2640,13,train/loss,1.4575952291488647
2640,13,train/lr,5.1266635715659395e-05
2641,13,train/loss,1.3211419582366943
2641,13,train/lr,5.123497634637585e-05
2642,13,train/loss,1.3697657585144043
2642,13,train/lr,5.12033164816478e-05
2643,13,train/loss,1.3679379224777222
2643,13,train/lr,5.1171656134176446e-05
2644,13,train/loss,1.3641729354858398
2644,13,train/lr,5.113999531666323e-05
2645,13,train/loss,1.5337426662445068
2645,13,train/lr,5.1108334041809736e-05
2646,13,train/loss,1.2740973234176636
2646,13,train/lr,5.107667232231776e-05
2647,13,train/loss,1.2802207469940186
2647,13,train/lr,5.104501017088926e-05
2648,13,train/loss,1.5925445556640625
2648,13,train/lr,5.101334760022639e-05
2649,13,train/loss,1.5012693405151367
2649,13,train/lr,5.0981684623031415e-05
2650,13,train/loss,1.394360065460205
2650,13,train/lr,5.095002125200684e-05
2651,13,train/loss,1.36545991897583
2651,13,train/lr,5.091835749985528e-05
2652,13,train/loss,1.273169994354248
2652,13,train/lr,5.0886693379279523e-05
2653,13,train/loss,1.3619189262390137
2653,13,train/lr,5.085502890298249e-05
2654,13,train/loss,1.4916927814483643
2654,13,train/lr,5.0823364083667245e-05
2655,13,train/loss,1.6262738704681396
2655,13,train/lr,5.0791698934037005e-05
2656,13,train/loss,1.3973050117492676
2656,13,train/lr,5.076003346679508e-05
2657,13,train/loss,1.6537444591522217
2657,13,train/lr,5.0728367694644995e-05
2658,13,train/loss,1.4416261911392212
2658,13,train/lr,5.069670163029029e-05
2659,13,train/loss,1.4513089656829834
2659,13,train/lr,5.066503528643468e-05
2660,13,train/loss,1.4807310104370117
2660,13,train/lr,5.063336867578201e-05
2661,13,train/loss,1.461656093597412
2661,13,train/lr,5.0601701811036185e-05
2662,13,train/loss,1.458881139755249
2662,13,train/lr,5.0570034704901224e-05
2663,13,train/loss,1.472912311553955
2663,13,train/lr,5.0538367370081285e-05
2664,13,train/loss,1.475510597229004
2664,13,train/lr,5.0506699819280556e-05
2665,13,train/loss,1.4807648658752441
2665,13,train/lr,5.047503206520335e-05
2666,13,train/loss,1.548092007637024
2666,13,train/lr,5.044336412055404e-05
2667,13,train/loss,1.3730010986328125
2667,13,train/lr,5.0411695998037126e-05
2668,13,train/loss,1.5221912860870361
2668,13,train/lr,5.038002771035709e-05
2669,13,train/loss,1.4571115970611572
2669,13,train/lr,5.034835927021855e-05
2670,13,train/loss,1.5174808502197266
2670,13,train/lr,5.031669069032617e-05
2671,13,train/loss,1.4279426336288452
2671,13,train/lr,5.028502198338468e-05
2672,13,train/loss,1.361638069152832
2672,13,train/lr,5.025335316209882e-05
2673,13,train/loss,1.4415099620819092
2673,13,train/lr,5.022168423917344e-05
2674,13,train/loss,1.4968786239624023
2674,13,train/lr,5.0190015227313346e-05
2675,13,train/loss,1.461141586303711
2675,13,train/lr,5.015834613922347e-05
2676,13,train/loss,1.4868303537368774
2676,13,train/lr,5.012667698760869e-05
2677,13,train/loss,1.4451801776885986
2677,13,train/lr,5.009500778517399e-05
2678,13,train/loss,1.4606903791427612
2678,13,train/lr,5.0063338544624326e-05
2679,13,train/loss,1.5672898292541504
2679,13,train/lr,5.0031669278664664e-05
2680,13,train/loss,1.6113073825836182
2680,13,train/lr,5e-05
2681,13,train/loss,1.3581790924072266
2681,13,train/lr,4.996833072133534e-05
2682,13,train/loss,1.610369324684143
2682,13,train/lr,4.993666145537569e-05
2683,13,train/loss,1.5693998336791992
2683,13,train/lr,4.990499221482602e-05
2684,13,train/loss,1.4923131465911865
2684,13,train/lr,4.987332301239131e-05
2685,13,train/loss,1.5501759052276611
2685,13,train/lr,4.984165386077656e-05
2686,13,train/loss,1.3807415962219238
2686,13,train/lr,4.980998477268666e-05
2687,13,train/loss,1.575937032699585
2687,13,train/lr,4.9778315760826574e-05
2688,13,train/loss,1.5518046617507935
2688,13,train/lr,4.974664683790118e-05
2689,13,train/loss,1.4945498704910278
2689,13,train/lr,4.9714978016615324e-05
2690,13,train/loss,1.4729375839233398
2690,13,train/lr,4.9683309309673826e-05
2691,13,train/loss,1.3983383178710938
2691,13,train/lr,4.965164072978146e-05
2692,13,train/loss,1.7657390832901
2692,13,train/lr,4.961997228964292e-05
2693,13,train/loss,1.4795262813568115
2693,13,train/lr,4.9588304001962906e-05
2694,13,train/loss,1.4610400199890137
2694,13,train/lr,4.955663587944597e-05
2695,13,train/loss,1.36978280544281
2695,13,train/lr,4.952496793479666e-05
2696,13,train/loss,1.439951777458191
2696,13,train/lr,4.949330018071946e-05
2697,13,train/loss,1.3163928985595703
2697,13,train/lr,4.946163262991873e-05
2698,13,train/loss,1.474420428276062
2698,13,train/lr,4.942996529509878e-05
2699,13,train/loss,1.387125015258789
2699,13,train/lr,4.9398298188963834e-05
2700,13,train/loss,1.4611296653747559
2700,13,train/lr,4.9366631324218e-05
2701,13,train/loss,1.3451117277145386
2701,13,train/lr,4.933496471356532e-05
2702,13,train/loss,1.3340415954589844
2702,13,train/lr,4.930329836970973e-05
2703,13,train/loss,1.4731271266937256
2703,13,train/lr,4.927163230535502e-05
2704,13,train/loss,1.5074173212051392
2704,13,train/lr,4.923996653320492e-05
2705,13,train/loss,1.5700922012329102
2705,13,train/lr,4.920830106596303e-05
2706,13,train/loss,1.4373021125793457
2706,13,train/lr,4.917663591633277e-05
2707,13,train/loss,1.4560482501983643
2707,13,train/lr,4.914497109701751e-05
2708,13,train/loss,1.416541576385498
2708,13,train/lr,4.911330662072048e-05
2709,13,train/loss,1.4530372619628906
2709,13,train/lr,4.908164250014472e-05
2710,13,train/loss,1.5266308784484863
2710,13,train/lr,4.904997874799316e-05
2711,13,train/loss,1.474420428276062
2711,13,train/lr,4.901831537696859e-05
2712,13,train/loss,1.4281854629516602
2712,13,train/lr,4.8986652399773624e-05
2713,13,train/loss,1.5243964195251465
2713,13,train/lr,4.895498982911073e-05
2714,13,train/loss,1.5251954793930054
2714,13,train/lr,4.892332767768225e-05
2715,13,train/loss,1.5782265663146973
2715,13,train/lr,4.8891665958190276e-05
2716,13,train/loss,1.5044350624084473
2716,13,train/lr,4.88600046833368e-05
2717,13,train/loss,1.6310380697250366
2717,13,train/lr,4.8828343865823566e-05
2718,13,train/loss,1.4440639019012451
2718,13,train/lr,4.879668351835221e-05
2719,13,train/loss,1.4019118547439575
2719,13,train/lr,4.876502365362416e-05
2720,13,train/loss,1.4780235290527344
2720,13,train/lr,4.873336428434062e-05
2721,13,train/loss,1.468260645866394
2721,13,train/lr,4.870170542320258e-05
2722,13,train/loss,1.450499415397644
2722,13,train/lr,4.8670047082910914e-05
2723,13,train/loss,1.3151766061782837
2723,13,train/lr,4.8638389276166177e-05
2724,13,train/loss,1.4146336317062378
2724,13,train/lr,4.86067320156688e-05
2725,13,train/loss,1.475499153137207
2725,13,train/lr,4.857507531411894e-05
2726,13,train/loss,1.4053189754486084
2726,13,train/lr,4.8543419184216566e-05
2727,13,train/loss,1.4953629970550537
2727,13,train/lr,4.851176363866137e-05
2728,13,train/loss,1.4771802425384521
2728,13,train/lr,4.8480108690152876e-05
2729,13,train/loss,1.4816240072250366
2729,13,train/lr,4.8448454351390286e-05
2730,13,train/loss,1.7705433368682861
2730,13,train/lr,4.841680063507264e-05
2731,13,train/loss,1.5333976745605469
2731,13,train/lr,4.8385147553898704e-05
2732,13,train/loss,1.5881046056747437
2732,13,train/lr,4.835349512056692e-05
2733,13,train/loss,1.5173051357269287
2733,13,train/lr,4.832184334777556e-05
2734,13,train/loss,1.684493064880371
2734,13,train/lr,4.829019224822262e-05
2735,13,train/loss,1.4982459545135498
2735,13,train/lr,4.825854183460576e-05
2736,13,train/loss,1.480596661567688
2736,13,train/lr,4.8226892119622433e-05
2737,13,train/loss,1.5824424028396606
2737,13,train/lr,4.819524311596979e-05
2738,13,train/loss,1.5014619827270508
2738,13,train/lr,4.816359483634466e-05
2739,13,train/loss,1.3891814947128296
2739,13,train/lr,4.813194729344367e-05
2740,13,train/loss,1.436386227607727
2740,13,train/lr,4.8100300499963045e-05
2741,13,train/loss,1.5580036640167236
2741,13,train/lr,4.8068654468598796e-05
2742,13,train/loss,1.5653624534606934
2742,13,train/lr,4.8037009212046586e-05
2743,13,train/loss,1.44985032081604
2743,13,train/lr,4.800536474300175e-05
2744,13,train/loss,1.3999595642089844
2744,13,train/lr,4.797372107415935e-05
2745,13,train/loss,1.4496972560882568
2745,13,train/lr,4.794207821821413e-05
2746,13,train/loss,1.504308819770813
2746,13,train/lr,4.7910436187860456e-05
2747,13,train/loss,1.3528594970703125
2747,13,train/lr,4.787879499579239e-05
2748,13,train/loss,1.444488763809204
2748,13,train/lr,4.7847154654703694e-05
2749,13,train/loss,1.3959040641784668
2749,13,train/lr,4.7815515177287714e-05
2750,13,train/loss,1.4300506114959717
2750,13,train/lr,4.7783876576237506e-05
2751,13,train/loss,1.3512663841247559
2751,13,train/lr,4.775223886424579e-05
2752,13,train/loss,1.5301613807678223
2752,13,train/lr,4.772060205400486e-05
2753,13,train/loss,1.4182188510894775
2753,13,train/lr,4.76889661582067e-05
2754,13,train/loss,1.5856000185012817
2754,13,train/lr,4.765733118954292e-05
2755,13,train/loss,1.4976190328598022
2755,13,train/lr,4.762569716070473e-05
2756,13,train/loss,1.4475786685943604
2756,13,train/lr,4.759406408438301e-05
2757,13,train/loss,1.5715057849884033
2757,13,train/lr,4.756243197326824e-05
2758,13,train/loss,1.4307682514190674
2758,13,train/lr,4.753080084005046e-05
2759,13,train/loss,1.5577142238616943
2759,13,train/lr,4.749917069741942e-05
2760,13,train/loss,1.6017897129058838
2760,13,train/lr,4.746754155806437e-05
2761,13,train/loss,1.473440170288086
2761,13,train/lr,4.743591343467423e-05
2762,13,train/loss,1.5496397018432617
2762,13,train/lr,4.740428633993748e-05
2763,13,train/loss,1.4626128673553467
2763,13,train/lr,4.737266028654219e-05
2764,13,train/loss,1.4606430530548096
2764,13,train/lr,4.734103528717601e-05
2765,13,train/loss,1.4875404834747314
2765,13,train/lr,4.7309411354526204e-05
2766,13,train/loss,1.6014082431793213
2766,13,train/lr,4.7277788501279516e-05
2767,13,train/loss,1.5095906257629395
2767,13,train/lr,4.724616674012238e-05
2768,13,train/loss,1.4552992582321167
2768,13,train/lr,4.721454608374071e-05
2769,13,train/loss,1.4049420356750488
2769,13,train/lr,4.718292654481997e-05
2770,13,train/loss,1.5541061162948608
2770,13,train/lr,4.715130813604522e-05
2771,13,train/loss,1.4080677032470703
2771,13,train/lr,4.711969087010107e-05
2772,13,train/loss,1.443475365638733
2772,13,train/lr,4.708807475967163e-05
2773,13,train/loss,1.5013929605484009
2773,13,train/lr,4.7056459817440544e-05
2774,13,train/loss,1.4812397956848145
2774,13,train/lr,4.702484605609107e-05
2775,13,train/loss,1.485743522644043
2775,13,train/lr,4.699323348830586e-05
2776,13,train/loss,1.3314208984375
2776,13,train/lr,4.69616221267672e-05
2777,13,train/loss,1.4281511306762695
2777,13,train/lr,4.693001198415687e-05
2778,13,train/loss,1.4823864698410034
2778,13,train/lr,4.689840307315611e-05
2779,13,train/loss,1.4573527574539185
2779,13,train/lr,4.686679540644569e-05
2780,13,train/loss,1.5701797008514404
2780,13,train/lr,4.6835188996705935e-05
2781,13,train/loss,1.462644100189209
2781,13,train/lr,4.680358385661657e-05
2782,13,train/loss,1.5582433938980103
2782,13,train/lr,4.6771979998856896e-05
2783,13,train/loss,1.5972728729248047
2783,13,train/lr,4.674037743610564e-05
2784,13,train/loss,1.6642765998840332
2784,13,train/lr,4.6708776181041044e-05
2785,13,train/loss,1.5150797367095947
2785,13,train/lr,4.6677176246340825e-05
2786,13,train/loss,1.4485979080200195
2786,13,train/lr,4.664557764468214e-05
2787,13,train/loss,1.5028266906738281
2787,13,train/lr,4.661398038874163e-05
2788,13,train/loss,1.5603975057601929
2788,13,train/lr,4.658238449119543e-05
2789,13,train/loss,1.7774738073349
2789,13,train/lr,4.655078996471907e-05
2790,13,train/loss,1.2438101768493652
2790,13,train/lr,4.6519196821987554e-05
2791,13,train/loss,1.4508600234985352
2791,13,train/lr,4.6487605075675366e-05
2792,13,train/loss,1.5491931438446045
2792,13,train/lr,4.6456014738456356e-05
2793,13,train/loss,1.3906655311584473
2793,13,train/lr,4.642442582300388e-05
2794,13,train/loss,1.4042271375656128
2794,13,train/lr,4.63928383419907e-05
2795,13,train/loss,1.5473439693450928
2795,13,train/lr,4.6361252308088964e-05
2795,13,train/batches,429.0
2795,13,train/compute_pct,99.9151278076769
2795,13,train/compute_sec,47.43623071265756
2795,13,train/data_wait_pct,0.08487219232310232
2795,13,train/data_wait_sec,0.04029436767450534
2795,13,train/examples,5148.0
2795,13,train/examples_per_sec,108.43253568557071
2795,13,train/input_tokens,1561558.0
2795,13,train/peak_vram_gb,4.931502819061279
2795,13,train/target_tokens,417415.0
2795,13,train/tokens_per_sec,41683.189674297
2795,13,train/total_sec,47.47652508033207
2795,13,train/epoch_loss,1.475828760431641
2795,13,epoch13/batches,429.0
2795,13,epoch13/compute_pct,99.9151278076769
2795,13,epoch13/compute_sec,47.43623071265756
2795,13,epoch13/data_wait_pct,0.08487219232310232
2795,13,epoch13/data_wait_sec,0.04029436767450534
2795,13,epoch13/examples,5148.0
2795,13,epoch13/examples_per_sec,108.43253568557071
2795,13,epoch13/input_tokens,1561558.0
2795,13,epoch13/peak_vram_gb,4.931502819061279
2795,13,epoch13/target_tokens,417415.0
2795,13,epoch13/tokens_per_sec,41683.189674297
2795,13,epoch13/total_sec,47.47652508033207
2795,13,val/bleu,21.823891076040642
2795,13,val/chrf,41.21009951892518
2795,13,val/combined,29.989410183159958
2795,13,val/eval_peak_vram_gb,4.931502819061279
2795,13,val/eval_samples_per_sec,8.238506315752009
2795,13,val/eval_seconds,69.67282393199275
2795,13,val/eval_tokens_per_sec,1843.3012005564442
2796,14,train/loss,1.3122740983963013
2796,14,train/lr,4.6329667733970286e-05
2797,14,train/loss,1.527053952217102
2797,14,train/lr,4.629808463230572e-05
2798,14,train/loss,1.3913791179656982
2798,14,train/lr,4.626650301576563e-05
2799,14,train/loss,1.533196210861206
2799,14,train/lr,4.623492289701988e-05
2800,14,train/loss,1.5354104042053223
2800,14,train/lr,4.62033442887377e-05
2801,14,train/loss,1.4943130016326904
2801,14,train/lr,4.6171767203587676e-05
2802,14,train/loss,1.6409732103347778
2802,14,train/lr,4.614019165423787e-05
2803,14,train/loss,1.2775144577026367
2803,14,train/lr,4.610861765335563e-05
2804,14,train/loss,1.47044038772583
2804,14,train/lr,4.607704521360776e-05
2805,14,train/loss,1.599705457687378
2805,14,train/lr,4.6045474347660405e-05
2806,14,train/loss,1.4663903713226318
2806,14,train/lr,4.601390506817905e-05
2807,14,train/loss,1.5461208820343018
2807,14,train/lr,4.5982337387828593e-05
2808,14,train/loss,1.3234275579452515
2808,14,train/lr,4.59507713192733e-05
2809,14,train/loss,1.46282160282135
2809,14,train/lr,4.5919206875176724e-05
2810,14,train/loss,1.5663340091705322
2810,14,train/lr,4.588764406820181e-05
2811,14,train/loss,1.329021692276001
2811,14,train/lr,4.5856082911010864e-05
2812,14,train/loss,1.3866965770721436
2812,14,train/lr,4.582452341626546e-05
2813,14,train/loss,1.365047574043274
2813,14,train/lr,4.5792965596626594e-05
2814,14,train/loss,1.6208298206329346
2814,14,train/lr,4.5761409464754554e-05
2815,14,train/loss,1.385904312133789
2815,14,train/lr,4.572985503330891e-05
2816,14,train/loss,1.392867922782898
2816,14,train/lr,4.5698302314948596e-05
2817,14,train/loss,1.5410149097442627
2817,14,train/lr,4.566675132233186e-05
2818,14,train/loss,1.5202778577804565
2818,14,train/lr,4.563520206811622e-05
2819,14,train/loss,1.4709515571594238
2819,14,train/lr,4.5603654564958554e-05
2820,14,train/loss,1.6729114055633545
2820,14,train/lr,4.5572108825514996e-05
2821,14,train/loss,1.496960163116455
2821,14,train/lr,4.554056486244095e-05
2822,14,train/loss,1.507551670074463
2822,14,train/lr,4.5509022688391165e-05
2823,14,train/loss,1.4815542697906494
2823,14,train/lr,4.547748231601966e-05
2824,14,train/loss,1.4297161102294922
2824,14,train/lr,4.544594375797968e-05
2825,14,train/loss,1.4245171546936035
2825,14,train/lr,4.5414407026923826e-05
2826,14,train/loss,1.4090306758880615
2826,14,train/lr,4.538287213550388e-05
2827,14,train/loss,1.5400927066802979
2827,14,train/lr,4.5351339096370924e-05
2828,14,train/loss,1.429642677307129
2828,14,train/lr,4.531980792217534e-05
2829,14,train/loss,1.507279634475708
2829,14,train/lr,4.528827862556667e-05
2830,14,train/loss,1.4508085250854492
2830,14,train/lr,4.525675121919378e-05
2831,14,train/loss,1.4727097749710083
2831,14,train/lr,4.522522571570476e-05
2832,14,train/loss,1.3394513130187988
2832,14,train/lr,4.519370212774689e-05
2833,14,train/loss,1.388519287109375
2833,14,train/lr,4.516218046796675e-05
2834,14,train/loss,1.6271216869354248
2834,14,train/lr,4.513066074901012e-05
2835,14,train/loss,1.5535967350006104
2835,14,train/lr,4.509914298352197e-05
2836,14,train/loss,1.308725118637085
2836,14,train/lr,4.506762718414653e-05
2837,14,train/loss,1.465738296508789
2837,14,train/lr,4.503611336352724e-05
2838,14,train/loss,1.4940764904022217
2838,14,train/lr,4.5004601534306684e-05
2839,14,train/loss,1.3677724599838257
2839,14,train/lr,4.497309170912672e-05
2840,14,train/loss,1.4313902854919434
2840,14,train/lr,4.49415839006284e-05
2841,14,train/loss,1.3199553489685059
2841,14,train/lr,4.49100781214519e-05
2842,14,train/loss,1.5600559711456299
2842,14,train/lr,4.487857438423664e-05
2843,14,train/loss,1.3790724277496338
2843,14,train/lr,4.4847072701621225e-05
2844,14,train/loss,1.5328998565673828
2844,14,train/lr,4.4815573086243375e-05
2845,14,train/loss,1.6219624280929565
2845,14,train/lr,4.478407555074006e-05
2846,14,train/loss,1.5417996644973755
2846,14,train/lr,4.475258010774737e-05
2847,14,train/loss,1.5271748304367065
2847,14,train/lr,4.472108676990053e-05
2848,14,train/loss,1.5648170709609985
2848,14,train/lr,4.4689595549833995e-05
2849,14,train/loss,1.503482699394226
2849,14,train/lr,4.465810646018129e-05
2850,14,train/loss,1.3578295707702637
2850,14,train/lr,4.4626619513575154e-05
2851,14,train/loss,1.403247356414795
2851,14,train/lr,4.4595134722647435e-05
2852,14,train/loss,1.3371403217315674
2852,14,train/lr,4.4563652100029106e-05
2853,14,train/loss,1.4856457710266113
2853,14,train/lr,4.453217165835027e-05
2854,14,train/loss,1.4214625358581543
2854,14,train/lr,4.45006934102402e-05
2855,14,train/loss,1.3453404903411865
2855,14,train/lr,4.446921736832721e-05
2856,14,train/loss,1.5950936079025269
2856,14,train/lr,4.443774354523882e-05
2857,14,train/loss,1.559028148651123
2857,14,train/lr,4.44062719536016e-05
2858,14,train/loss,1.3978161811828613
2858,14,train/lr,4.437480260604122e-05
2859,14,train/loss,1.4601171016693115
2859,14,train/lr,4.434333551518247e-05
2860,14,train/loss,1.4361491203308105
2860,14,train/lr,4.431187069364926e-05
2861,14,train/loss,1.4488344192504883
2861,14,train/lr,4.428040815406454e-05
2862,14,train/loss,1.3934171199798584
2862,14,train/lr,4.424894790905038e-05
2863,14,train/loss,1.3196882009506226
2863,14,train/lr,4.4217489971227925e-05
2864,14,train/loss,1.4937732219696045
2864,14,train/lr,4.4186034353217353e-05
2865,14,train/loss,1.4505345821380615
2865,14,train/lr,4.415458106763796e-05
2866,14,train/loss,1.4034361839294434
2866,14,train/lr,4.412313012710813e-05
2867,14,train/loss,1.5595062971115112
2867,14,train/lr,4.40916815442452e-05
2868,14,train/loss,1.6018043756484985
2868,14,train/lr,4.406023533166567e-05
2869,14,train/loss,1.5680129528045654
2869,14,train/lr,4.402879150198505e-05
2870,14,train/loss,1.6248068809509277
2870,14,train/lr,4.3997350067817866e-05
2871,14,train/loss,1.6035518646240234
2871,14,train/lr,4.396591104177774e-05
2872,14,train/loss,1.5936764478683472
2872,14,train/lr,4.3934474436477257e-05
2873,14,train/loss,1.4839186668395996
2873,14,train/lr,4.3903040264528104e-05
2874,14,train/loss,1.72279691696167
2874,14,train/lr,4.387160853854096e-05
2875,14,train/loss,1.4375112056732178
2875,14,train/lr,4.3840179271125485e-05
2876,14,train/loss,1.4421275854110718
2876,14,train/lr,4.380875247489041e-05
2877,14,train/loss,1.5257500410079956
2877,14,train/lr,4.377732816244348e-05
2878,14,train/loss,1.4685572385787964
2878,14,train/lr,4.3745906346391366e-05
2879,14,train/loss,1.5175749063491821
2879,14,train/lr,4.3714487039339816e-05
2880,14,train/loss,1.5188368558883667
2880,14,train/lr,4.368307025389355e-05
2881,14,train/loss,1.4601044654846191
2881,14,train/lr,4.365165600265624e-05
2882,14,train/loss,1.3165388107299805
2882,14,train/lr,4.362024429823061e-05
2883,14,train/loss,1.3155182600021362
2883,14,train/lr,4.3588835153218314e-05
2884,14,train/loss,1.517622947692871
2884,14,train/lr,4.355742858021995e-05
2885,14,train/loss,1.3492923974990845
2885,14,train/lr,4.3526024591835156e-05
2886,14,train/loss,1.1421964168548584
2886,14,train/lr,4.3494623200662523e-05
2887,14,train/loss,1.2738537788391113
2887,14,train/lr,4.3463224419299517e-05
2888,14,train/loss,1.3969981670379639
2888,14,train/lr,4.3431828260342674e-05
2889,14,train/loss,1.2974889278411865
2889,14,train/lr,4.3400434736387403e-05
2890,14,train/loss,1.3590435981750488
2890,14,train/lr,4.336904386002805e-05
2891,14,train/loss,1.409839153289795
2891,14,train/lr,4.333765564385796e-05
2892,14,train/loss,1.3772727251052856
2892,14,train/lr,4.330627010046933e-05
2893,14,train/loss,1.3835535049438477
2893,14,train/lr,4.327488724245337e-05
2894,14,train/loss,1.5418846607208252
2894,14,train/lr,4.3243507082400164e-05
2895,14,train/loss,1.5549806356430054
2895,14,train/lr,4.3212129632898693e-05
2896,14,train/loss,1.3730274438858032
2896,14,train/lr,4.318075490653688e-05
2897,14,train/loss,1.3922548294067383
2897,14,train/lr,4.3149382915901606e-05
2898,14,train/loss,1.4163248538970947
2898,14,train/lr,4.311801367357854e-05
2899,14,train/loss,1.5630884170532227
2899,14,train/lr,4.3086647192152355e-05
2900,14,train/loss,1.4496898651123047
2900,14,train/lr,4.305528348420656e-05
2901,14,train/loss,1.5919456481933594
2901,14,train/lr,4.302392256232354e-05
2902,14,train/loss,1.5966734886169434
2902,14,train/lr,4.2992564439084594e-05
2903,14,train/loss,1.4827098846435547
2903,14,train/lr,4.296120912706992e-05
2904,14,train/loss,1.4000064134597778
2904,14,train/lr,4.292985663885854e-05
2905,14,train/loss,1.4300264120101929
2905,14,train/lr,4.2898506987028336e-05
2906,14,train/loss,1.602691411972046
2906,14,train/lr,4.286716018415613e-05
2907,14,train/loss,1.4770272970199585
2907,14,train/lr,4.283581624281749e-05
2908,14,train/loss,1.3884494304656982
2908,14,train/lr,4.280447517558694e-05
2909,14,train/loss,1.3444952964782715
2909,14,train/lr,4.277313699503778e-05
2910,14,train/loss,1.478846549987793
2910,14,train/lr,4.27418017137422e-05
2911,14,train/loss,1.4146056175231934
2911,14,train/lr,4.271046934427117e-05
2912,14,train/loss,1.3358514308929443
2912,14,train/lr,4.267913989919457e-05
2913,14,train/loss,1.4572663307189941
2913,14,train/lr,4.264781339108102e-05
2914,14,train/loss,1.3327715396881104
2914,14,train/lr,4.261648983249804e-05
2915,14,train/loss,1.4857778549194336
2915,14,train/lr,4.258516923601191e-05
2916,14,train/loss,1.3603829145431519
2916,14,train/lr,4.255385161418774e-05
2917,14,train/loss,1.3636351823806763
2917,14,train/lr,4.252253697958948e-05
2918,14,train/loss,1.455397605895996
2918,14,train/lr,4.249122534477981e-05
2919,14,train/loss,1.4883370399475098
2919,14,train/lr,4.245991672232027e-05
2920,14,train/loss,1.538916826248169
2920,14,train/lr,4.2428611124771184e-05
2921,14,train/loss,1.4340593814849854
2921,14,train/lr,4.239730856469161e-05
2922,14,train/loss,1.4241867065429688
2922,14,train/lr,4.2366009054639444e-05
2923,14,train/loss,1.4361135959625244
2923,14,train/lr,4.233471260717137e-05
2924,14,train/loss,1.441211462020874
2924,14,train/lr,4.2303419234842755e-05
2925,14,train/loss,1.4968187808990479
2925,14,train/lr,4.2272128950207836e-05
2926,14,train/loss,1.3405123949050903
2926,14,train/lr,4.224084176581956e-05
2927,14,train/loss,1.5365216732025146
2927,14,train/lr,4.2209557694229605e-05
2928,14,train/loss,1.49123215675354
2928,14,train/lr,4.2178276747988446e-05
2929,14,train/loss,1.3488075733184814
2929,14,train/lr,4.214699893964533e-05
2930,14,train/loss,1.544924259185791
2930,14,train/lr,4.2115724281748156e-05
2931,14,train/loss,1.5831117630004883
2931,14,train/lr,4.20844527868436e-05
2932,14,train/loss,1.4118961095809937
2932,14,train/lr,4.205318446747713e-05
2933,14,train/loss,1.5624985694885254
2933,14,train/lr,4.2021919336192835e-05
2934,14,train/loss,1.446707844734192
2934,14,train/lr,4.19906574055336e-05
2935,14,train/loss,1.3894166946411133
2935,14,train/lr,4.1959398688041005e-05
2936,14,train/loss,1.306751012802124
2936,14,train/lr,4.192814319625533e-05
2937,14,train/loss,1.2334892749786377
2937,14,train/lr,4.1896890942715586e-05
2938,14,train/loss,1.3553998470306396
2938,14,train/lr,4.186564193995944e-05
2939,14,train/loss,1.3908113241195679
2939,14,train/lr,4.183439620052329e-05
2940,14,train/loss,1.320397973060608
2940,14,train/lr,4.180315373694225e-05
2941,14,train/loss,1.579157829284668
2941,14,train/lr,4.177191456175005e-05
2942,14,train/loss,1.401829481124878
2942,14,train/lr,4.174067868747915e-05
2943,14,train/loss,1.44473135471344
2943,14,train/lr,4.17094461266607e-05
2944,14,train/loss,1.3998801708221436
2944,14,train/lr,4.167821689182444e-05
2945,14,train/loss,1.5038022994995117
2945,14,train/lr,4.164699099549889e-05
2946,14,train/loss,1.5201964378356934
2946,14,train/lr,4.161576845021113e-05
2947,14,train/loss,1.5400575399398804
2947,14,train/lr,4.158454926848697e-05
2948,14,train/loss,1.5238025188446045
2948,14,train/lr,4.15533334628508e-05
2949,14,train/loss,1.5616258382797241
2949,14,train/lr,4.1522121045825734e-05
2950,14,train/loss,1.5677566528320312
2950,14,train/lr,4.1490912029933445e-05
2951,14,train/loss,1.5576775074005127
2951,14,train/lr,4.145970642769432e-05
2952,14,train/loss,1.4957083463668823
2952,14,train/lr,4.1428504251627335e-05
2953,14,train/loss,1.5353738069534302
2953,14,train/lr,4.139730551425005e-05
2954,14,train/loss,1.4151296615600586
2954,14,train/lr,4.136611022807873e-05
2955,14,train/loss,1.503872036933899
2955,14,train/lr,4.1334918405628234e-05
2956,14,train/loss,1.4559543132781982
2956,14,train/lr,4.130373005941197e-05
2957,14,train/loss,1.4054243564605713
2957,14,train/lr,4.127254520194204e-05
2958,14,train/loss,1.4357109069824219
2958,14,train/lr,4.1241363845729045e-05
2959,14,train/loss,1.5204343795776367
2959,14,train/lr,4.1210186003282275e-05
2960,14,train/loss,1.4872828722000122
2960,14,train/lr,4.117901168710959e-05
2961,14,train/loss,1.4548096656799316
2961,14,train/lr,4.114784090971737e-05
2962,14,train/loss,1.4067866802215576
2962,14,train/lr,4.111667368361067e-05
2963,14,train/loss,1.4418896436691284
2963,14,train/lr,4.1085510021293066e-05
2964,14,train/loss,1.480194091796875
2964,14,train/lr,4.105434993526668e-05
2965,14,train/loss,1.426604151725769
2965,14,train/lr,4.102319343803225e-05
2966,14,train/loss,1.3796420097351074
2966,14,train/lr,4.099204054208909e-05
2967,14,train/loss,1.4085464477539062
2967,14,train/lr,4.0960891259934996e-05
2968,14,train/loss,1.4028161764144897
2968,14,train/lr,4.092974560406635e-05
2969,14,train/loss,1.409142255783081
2969,14,train/lr,4.0898603586978115e-05
2970,14,train/loss,1.531003475189209
2970,14,train/lr,4.0867465221163723e-05
2971,14,train/loss,1.5242805480957031
2971,14,train/lr,4.083633051911522e-05
2972,14,train/loss,1.7126805782318115
2972,14,train/lr,4.080519949332311e-05
2973,14,train/loss,1.479852557182312
2973,14,train/lr,4.077407215627648e-05
2974,14,train/loss,1.602834701538086
2974,14,train/lr,4.074294852046289e-05
2975,14,train/loss,1.600142240524292
2975,14,train/lr,4.0711828598368464e-05
2976,14,train/loss,1.528562307357788
2976,14,train/lr,4.0680712402477765e-05
2977,14,train/loss,1.4640079736709595
2977,14,train/lr,4.064959994527395e-05
2978,14,train/loss,1.3519401550292969
2978,14,train/lr,4.061849123923862e-05
2979,14,train/loss,1.4606804847717285
2979,14,train/lr,4.0587386296851857e-05
2980,14,train/loss,1.5459131002426147
2980,14,train/lr,4.05562851305923e-05
2981,14,train/loss,1.4584035873413086
2981,14,train/lr,4.052518775293699e-05
2982,14,train/loss,1.547445297241211
2982,14,train/lr,4.049409417636152e-05
2983,14,train/loss,1.5048635005950928
2983,14,train/lr,4.0463004413339914e-05
2984,14,train/loss,1.5460891723632812
2984,14,train/lr,4.043191847634469e-05
2985,14,train/loss,1.3174020051956177
2985,14,train/lr,4.0400836377846795e-05
2986,14,train/loss,1.4420194625854492
2986,14,train/lr,4.036975813031571e-05
2987,14,train/loss,1.5029258728027344
2987,14,train/lr,4.033868374621926e-05
2988,14,train/loss,1.433736801147461
2988,14,train/lr,4.030761323802384e-05
2989,14,train/loss,1.4869155883789062
2989,14,train/lr,4.027654661819422e-05
2990,14,train/loss,1.5319485664367676
2990,14,train/lr,4.0245483899193595e-05
2991,14,train/loss,1.3425545692443848
2991,14,train/lr,4.021442509348364e-05
2992,14,train/loss,1.4852399826049805
2992,14,train/lr,4.018337021352446e-05
2993,14,train/loss,1.2035574913024902
2993,14,train/lr,4.015231927177456e-05
2994,14,train/loss,1.635707139968872
2994,14,train/lr,4.0121272280690844e-05
2995,14,train/loss,1.6089789867401123
2995,14,train/lr,4.0090229252728716e-05
2996,14,train/loss,1.543736457824707
2996,14,train/lr,4.0059190200341876e-05
2997,14,train/loss,1.4292261600494385
2997,14,train/lr,4.0028155135982535e-05
2998,14,train/loss,1.5992226600646973
2998,14,train/lr,3.9997124072101236e-05
2999,14,train/loss,1.569328784942627
2999,14,train/lr,3.9966097021146945e-05
3000,14,train/loss,1.3739678859710693
3000,14,train/lr,3.993507399556699e-05
3001,14,train/loss,1.5963261127471924
3001,14,train/lr,3.990405500780715e-05
3002,14,train/loss,1.3413718938827515
3002,14,train/lr,3.9873040070311485e-05
3003,14,train/loss,1.49186372756958
3003,14,train/lr,3.9842029195522535e-05
3004,14,train/loss,1.5543956756591797
3004,14,train/lr,3.9811022395881125e-05
3005,14,train/loss,1.3732662200927734
3005,14,train/lr,3.9780019683826484e-05
3006,14,train/loss,1.4680545330047607
3006,14,train/lr,3.9749021071796226e-05
3007,14,train/loss,1.4362777471542358
3007,14,train/lr,3.9718026572226246e-05
3008,14,train/loss,1.3569152355194092
3008,14,train/lr,3.968703619755088e-05
3009,14,train/loss,1.5409009456634521
3009,14,train/lr,3.9656049960202724e-05
3010,14,train/loss,1.4498941898345947
3010,14,train/lr,3.9625067872612784e-05
3010,14,train/batches,429.0
3010,14,train/compute_pct,99.89929608713875
3010,14,train/compute_sec,47.965665209892904
3010,14,train/data_wait_pct,0.10070391286125509
3010,14,train/data_wait_sec,0.04835199404624291
3010,14,train/examples,5148.0
3010,14,train/examples_per_sec,107.2186894534134
3010,14,train/input_tokens,1561286.0
3010,14,train/peak_vram_gb,4.931502819061279
3010,14,train/target_tokens,416998.0
3010,14,train/tokens_per_sec,41202.21791893094
3010,14,train/total_sec,48.01401720393915
3010,14,train/epoch_loss,1.4646919965744019
3010,14,epoch14/batches,429.0
3010,14,epoch14/compute_pct,99.89929608713875
3010,14,epoch14/compute_sec,47.965665209892904
3010,14,epoch14/data_wait_pct,0.10070391286125509
3010,14,epoch14/data_wait_sec,0.04835199404624291
3010,14,epoch14/examples,5148.0
3010,14,epoch14/examples_per_sec,107.2186894534134
3010,14,epoch14/input_tokens,1561286.0
3010,14,epoch14/peak_vram_gb,4.931502819061279
3010,14,epoch14/target_tokens,416998.0
3010,14,epoch14/tokens_per_sec,41202.21791893094
3010,14,epoch14/total_sec,48.01401720393915
3010,14,val/bleu,21.146813991070882
3010,14,val/chrf,41.5096259175143
3010,14,val/combined,29.62762795291938
3010,14,val/eval_peak_vram_gb,4.931502819061279
3010,14,val/eval_samples_per_sec,7.74240279156169
3010,14,val/eval_seconds,74.1371917030192
3010,14,val/eval_tokens_per_sec,1896.2951896419718
3011,15,train/loss,1.3437039852142334
3011,15,train/lr,3.959408994721034e-05
3012,15,train/loss,1.6244122982025146
3012,15,train/lr,3.9563116196423076e-05
3013,15,train/loss,1.5336329936981201
3013,15,train/lr,3.9532146632676914e-05
3014,15,train/loss,1.3894102573394775
3014,15,train/lr,3.9501181268396174e-05
3015,15,train/loss,1.5233750343322754
3015,15,train/lr,3.9470220116003454e-05
3016,15,train/loss,1.3751325607299805
3016,15,train/lr,3.943926318791963e-05
3017,15,train/loss,1.3563196659088135
3017,15,train/lr,3.940831049656396e-05
3018,15,train/loss,1.3319274187088013
3018,15,train/lr,3.937736205435396e-05
3019,15,train/loss,1.5663577318191528
3019,15,train/lr,3.9346417873705425e-05
3020,15,train/loss,1.308860421180725
3020,15,train/lr,3.9315477967032454e-05
3021,15,train/loss,1.429606318473816
3021,15,train/lr,3.928454234674747e-05
3022,15,train/loss,1.794485092163086
3022,15,train/lr,3.925361102526111e-05
3023,15,train/loss,1.2506309747695923
3023,15,train/lr,3.922268401498231e-05
3024,15,train/loss,1.4698302745819092
3024,15,train/lr,3.919176132831833e-05
3025,15,train/loss,1.6534078121185303
3025,15,train/lr,3.916084297767462e-05
3026,15,train/loss,1.50119948387146
3026,15,train/lr,3.9129928975454936e-05
3027,15,train/loss,1.3163766860961914
3027,15,train/lr,3.909901933406124e-05
3028,15,train/loss,1.390864372253418
3028,15,train/lr,3.906811406589381e-05
3029,15,train/loss,1.4045536518096924
3029,15,train/lr,3.903721318335115e-05
3030,15,train/loss,1.504655361175537
3030,15,train/lr,3.900631669882997e-05
3031,15,train/loss,1.5696985721588135
3031,15,train/lr,3.8975424624725225e-05
3032,15,train/loss,1.3762519359588623
3032,15,train/lr,3.894453697343016e-05
3033,15,train/loss,1.4021062850952148
3033,15,train/lr,3.8913653757336154e-05
3034,15,train/loss,1.565007209777832
3034,15,train/lr,3.888277498883289e-05
3035,15,train/loss,1.5705530643463135
3035,15,train/lr,3.885190068030821e-05
3036,15,train/loss,1.5247948169708252
3036,15,train/lr,3.882103084414819e-05
3037,15,train/loss,1.561488389968872
3037,15,train/lr,3.87901654927371e-05
3038,15,train/loss,1.4970471858978271
3038,15,train/lr,3.875930463845745e-05
3039,15,train/loss,1.555138111114502
3039,15,train/lr,3.872844829368987e-05
3040,15,train/loss,1.3810291290283203
3040,15,train/lr,3.869759647081326e-05
3041,15,train/loss,1.511669635772705
3041,15,train/lr,3.866674918220467e-05
3042,15,train/loss,1.353515386581421
3042,15,train/lr,3.86359064402393e-05
3043,15,train/loss,1.3712271451950073
3043,15,train/lr,3.860506825729059e-05
3044,15,train/loss,1.400602102279663
3044,15,train/lr,3.857423464573012e-05
3045,15,train/loss,1.4474167823791504
3045,15,train/lr,3.8543405617927626e-05
3046,15,train/loss,1.4924029111862183
3046,15,train/lr,3.8512581186251014e-05
3047,15,train/loss,1.4507782459259033
3047,15,train/lr,3.848176136306635e-05
3048,15,train/loss,1.47059166431427
3048,15,train/lr,3.845094616073783e-05
3049,15,train/loss,1.3173158168792725
3049,15,train/lr,3.8420135591627866e-05
3050,15,train/loss,1.3452869653701782
3050,15,train/lr,3.838932966809689e-05
3051,15,train/loss,1.3302035331726074
3051,15,train/lr,3.8358528402503604e-05
3052,15,train/loss,1.4263668060302734
3052,15,train/lr,3.832773180720475e-05
3053,15,train/loss,1.2947287559509277
3053,15,train/lr,3.82969398945552e-05
3054,15,train/loss,1.4696465730667114
3054,15,train/lr,3.826615267690799e-05
3055,15,train/loss,1.3700543642044067
3055,15,train/lr,3.823537016661428e-05
3056,15,train/loss,1.2934609651565552
3056,15,train/lr,3.820459237602329e-05
3057,15,train/loss,1.431291103363037
3057,15,train/lr,3.817381931748236e-05
3058,15,train/loss,1.4749903678894043
3058,15,train/lr,3.8143051003336974e-05
3059,15,train/loss,1.526772141456604
3059,15,train/lr,3.811228744593065e-05
3060,15,train/loss,1.6477365493774414
3060,15,train/lr,3.808152865760504e-05
3061,15,train/loss,1.4292376041412354
3061,15,train/lr,3.8050774650699906e-05
3062,15,train/loss,1.631357192993164
3062,15,train/lr,3.8020025437553016e-05
3063,15,train/loss,1.6576356887817383
3063,15,train/lr,3.7989281030500254e-05
3064,15,train/loss,1.4125348329544067
3064,15,train/lr,3.7958541441875626e-05
3065,15,train/loss,1.5744881629943848
3065,15,train/lr,3.7927806684011105e-05
3066,15,train/loss,1.6332802772521973
3066,15,train/lr,3.789707676923681e-05
3067,15,train/loss,1.3623894453048706
3067,15,train/lr,3.7866351709880884e-05
3068,15,train/loss,1.4403140544891357
3068,15,train/lr,3.78356315182695e-05
3069,15,train/loss,1.5848751068115234
3069,15,train/lr,3.780491620672695e-05
3070,15,train/loss,1.50568425655365
3070,15,train/lr,3.777420578757546e-05
3071,15,train/loss,1.5589364767074585
3071,15,train/lr,3.774350027313539e-05
3072,15,train/loss,1.2818963527679443
3072,15,train/lr,3.77127996757251e-05
3073,15,train/loss,1.3698029518127441
3073,15,train/lr,3.768210400766096e-05
3074,15,train/loss,1.3543587923049927
3074,15,train/lr,3.765141328125738e-05
3075,15,train/loss,1.2868835926055908
3075,15,train/lr,3.7620727508826784e-05
3076,15,train/loss,1.2174259424209595
3076,15,train/lr,3.75900467026796e-05
3077,15,train/loss,1.4275143146514893
3077,15,train/lr,3.755937087512429e-05
3078,15,train/loss,1.4271461963653564
3078,15,train/lr,3.7528700038467295e-05
3079,15,train/loss,1.4167816638946533
3079,15,train/lr,3.749803420501304e-05
3080,15,train/loss,1.2914917469024658
3080,15,train/lr,3.746737338706397e-05
3081,15,train/loss,1.3124366998672485
3081,15,train/lr,3.743671759692054e-05
3082,15,train/loss,1.272597074508667
3082,15,train/lr,3.740606684688112e-05
3083,15,train/loss,1.4257712364196777
3083,15,train/lr,3.73754211492421e-05
3084,15,train/loss,1.4033095836639404
3084,15,train/lr,3.7344780516297875e-05
3085,15,train/loss,1.6385228633880615
3085,15,train/lr,3.731414496034072e-05
3086,15,train/loss,1.3906421661376953
3086,15,train/lr,3.7283514493660954e-05
3087,15,train/loss,1.6128456592559814
3087,15,train/lr,3.725288912854684e-05
3088,15,train/loss,1.509545922279358
3088,15,train/lr,3.7222268877284556e-05
3089,15,train/loss,1.595467448234558
3089,15,train/lr,3.719165375215825e-05
3090,15,train/loss,1.4230475425720215
3090,15,train/lr,3.7161043765450044e-05
3091,15,train/loss,1.4321215152740479
3091,15,train/lr,3.7130438929439926e-05
3092,15,train/loss,1.529301643371582
3092,15,train/lr,3.709983925640591e-05
3093,15,train/loss,1.5162649154663086
3093,15,train/lr,3.7069244758623864e-05
3094,15,train/loss,1.4282371997833252
3094,15,train/lr,3.7038655448367606e-05
3095,15,train/loss,1.3838293552398682
3095,15,train/lr,3.7008071337908896e-05
3096,15,train/loss,1.3485133647918701
3096,15,train/lr,3.697749243951735e-05
3097,15,train/loss,1.4730427265167236
3097,15,train/lr,3.6946918765460537e-05
3098,15,train/loss,1.3803435564041138
3098,15,train/lr,3.691635032800397e-05
3099,15,train/loss,1.5111898183822632
3099,15,train/lr,3.6885787139410953e-05
3100,15,train/loss,1.5010275840759277
3100,15,train/lr,3.685522921194276e-05
3101,15,train/loss,1.3025637865066528
3101,15,train/lr,3.682467655785857e-05
3102,15,train/loss,1.3108277320861816
3102,15,train/lr,3.679412918941536e-05
3103,15,train/loss,1.3293101787567139
3103,15,train/lr,3.676358711886809e-05
3104,15,train/loss,1.4003653526306152
3104,15,train/lr,3.673305035846954e-05
3105,15,train/loss,1.4212987422943115
3105,15,train/lr,3.670251892047033e-05
3106,15,train/loss,1.256433367729187
3106,15,train/lr,3.6671992817119005e-05
3107,15,train/loss,1.4265601634979248
3107,15,train/lr,3.664147206066196e-05
3108,15,train/loss,1.5442649126052856
3108,15,train/lr,3.6610956663343416e-05
3109,15,train/loss,1.4897605180740356
3109,15,train/lr,3.6580446637405444e-05
3110,15,train/loss,1.561837911605835
3110,15,train/lr,3.654994199508801e-05
3111,15,train/loss,1.6224253177642822
3111,15,train/lr,3.651944274862884e-05
3112,15,train/loss,1.639893889427185
3112,15,train/lr,3.6488948910263584e-05
3113,15,train/loss,1.6973620653152466
3113,15,train/lr,3.645846049222563e-05
3114,15,train/loss,1.3387794494628906
3114,15,train/lr,3.642797750674629e-05
3115,15,train/loss,1.448396921157837
3115,15,train/lr,3.639749996605464e-05
3116,15,train/loss,1.479893684387207
3116,15,train/lr,3.6367027882377525e-05
3117,15,train/loss,1.521159052848816
3117,15,train/lr,3.63365612679397e-05
3118,15,train/loss,1.3721095323562622
3118,15,train/lr,3.63061001349637e-05
3119,15,train/loss,1.4563469886779785
3119,15,train/lr,3.627564449566979e-05
3120,15,train/loss,1.41892671585083
3120,15,train/lr,3.62451943622761e-05
3121,15,train/loss,1.3972046375274658
3121,15,train/lr,3.621474974699856e-05
3122,15,train/loss,1.414696216583252
3122,15,train/lr,3.6184310662050803e-05
3123,15,train/loss,1.557737112045288
3123,15,train/lr,3.615387711964435e-05
3124,15,train/loss,1.371084213256836
3124,15,train/lr,3.612344913198844e-05
3125,15,train/loss,1.4541511535644531
3125,15,train/lr,3.6093026711290076e-05
3126,15,train/loss,1.4122954607009888
3126,15,train/lr,3.6062609869754044e-05
3127,15,train/loss,1.3460952043533325
3127,15,train/lr,3.603219861958292e-05
3128,15,train/loss,1.4211195707321167
3128,15,train/lr,3.600179297297696e-05
3129,15,train/loss,1.5269293785095215
3129,15,train/lr,3.597139294213425e-05
3130,15,train/loss,1.3251436948776245
3130,15,train/lr,3.594099853925061e-05
3131,15,train/loss,1.4774459600448608
3131,15,train/lr,3.591060977651954e-05
3132,15,train/loss,1.4215619564056396
3132,15,train/lr,3.5880226666132345e-05
3133,15,train/loss,1.4213181734085083
3133,15,train/lr,3.5849849220278064e-05
3134,15,train/loss,1.5746732950210571
3134,15,train/lr,3.58194774511434e-05
3135,15,train/loss,1.5758094787597656
3135,15,train/lr,3.578911137091285e-05
3136,15,train/loss,1.4027819633483887
3136,15,train/lr,3.575875099176857e-05
3137,15,train/loss,1.5094677209854126
3137,15,train/lr,3.5728396325890455e-05
3138,15,train/loss,1.4410011768341064
3138,15,train/lr,3.5698047385456144e-05
3139,15,train/loss,1.512643575668335
3139,15,train/lr,3.5667704182640905e-05
3140,15,train/loss,1.6515700817108154
3140,15,train/lr,3.563736672961777e-05
3141,15,train/loss,1.6676795482635498
3141,15,train/lr,3.560703503855743e-05
3142,15,train/loss,1.557510495185852
3142,15,train/lr,3.557670912162825e-05
3143,15,train/loss,1.4990196228027344
3143,15,train/lr,3.5546388990996317e-05
3144,15,train/loss,1.3841402530670166
3144,15,train/lr,3.55160746588254e-05
3145,15,train/loss,1.503509521484375
3145,15,train/lr,3.5485766137276894e-05
3146,15,train/loss,1.5595431327819824
3146,15,train/lr,3.5455463438509884e-05
3147,15,train/loss,1.541757345199585
3147,15,train/lr,3.5425166574681166e-05
3148,15,train/loss,1.4949487447738647
3148,15,train/lr,3.539487555794511e-05
3149,15,train/loss,1.3637369871139526
3149,15,train/lr,3.53645904004538e-05
3150,15,train/loss,1.2650871276855469
3150,15,train/lr,3.5334311114356985e-05
3151,15,train/loss,1.4740095138549805
3151,15,train/lr,3.530403771180198e-05
3152,15,train/loss,1.3226970434188843
3152,15,train/lr,3.527377020493381e-05
3153,15,train/loss,1.4528324604034424
3153,15,train/lr,3.524350860589514e-05
3154,15,train/loss,1.5034098625183105
3154,15,train/lr,3.5213252926826174e-05
3155,15,train/loss,1.3728325366973877
3155,15,train/lr,3.518300317986485e-05
3156,15,train/loss,1.4725844860076904
3156,15,train/lr,3.515275937714669e-05
3157,15,train/loss,1.3405741453170776
3157,15,train/lr,3.5122521530804776e-05
3158,15,train/loss,1.257454752922058
3158,15,train/lr,3.50922896529699e-05
3159,15,train/loss,1.5212336778640747
3159,15,train/lr,3.506206375577035e-05
3160,15,train/loss,1.487039566040039
3160,15,train/lr,3.5031843851332104e-05
3161,15,train/loss,1.3576472997665405
3161,15,train/lr,3.5001629951778715e-05
3162,15,train/loss,1.7464128732681274
3162,15,train/lr,3.497142206923128e-05
3163,15,train/loss,1.4772229194641113
3163,15,train/lr,3.494122021580853e-05
3164,15,train/loss,1.5283174514770508
3164,15,train/lr,3.491102440362678e-05
3165,15,train/loss,1.485830307006836
3165,15,train/lr,3.488083464479989e-05
3166,15,train/loss,1.4924240112304688
3166,15,train/lr,3.4850650951439304e-05
3167,15,train/loss,1.434937596321106
3167,15,train/lr,3.4820473335654054e-05
3168,15,train/loss,1.5951902866363525
3168,15,train/lr,3.4790301809550676e-05
3169,15,train/loss,1.408675193786621
3169,15,train/lr,3.4760136385233333e-05
3170,15,train/loss,1.61338210105896
3170,15,train/lr,3.472997707480372e-05
3171,15,train/loss,1.59560227394104
3171,15,train/lr,3.469982389036104e-05
3172,15,train/loss,1.4970226287841797
3172,15,train/lr,3.466967684400208e-05
3173,15,train/loss,1.3833379745483398
3173,15,train/lr,3.463953594782117e-05
3174,15,train/loss,1.322921872138977
3174,15,train/lr,3.4609401213910104e-05
3175,15,train/loss,1.4209721088409424
3175,15,train/lr,3.457927265435829e-05
3176,15,train/loss,1.2542834281921387
3176,15,train/lr,3.4549150281252636e-05
3177,15,train/loss,1.3179872035980225
3177,15,train/lr,3.451903410667753e-05
3178,15,train/loss,1.391850471496582
3178,15,train/lr,3.448892414271489e-05
3179,15,train/loss,1.4593018293380737
3179,15,train/lr,3.445882040144418e-05
3180,15,train/loss,1.3230332136154175
3180,15,train/lr,3.4428722894942315e-05
3181,15,train/loss,1.528169870376587
3181,15,train/lr,3.4398631635283754e-05
3182,15,train/loss,1.4372930526733398
3182,15,train/lr,3.43685466345404e-05
3183,15,train/loss,1.5611207485198975
3183,15,train/lr,3.4338467904781695e-05
3184,15,train/loss,1.4637824296951294
3184,15,train/lr,3.430839545807455e-05
3185,15,train/loss,1.6306685209274292
3185,15,train/lr,3.4278329306483306e-05
3186,15,train/loss,1.376162052154541
3186,15,train/lr,3.424826946206986e-05
3187,15,train/loss,1.5355840921401978
3187,15,train/lr,3.421821593689355e-05
3188,15,train/loss,1.475891351699829
3188,15,train/lr,3.418816874301114e-05
3189,15,train/loss,1.5787022113800049
3189,15,train/lr,3.4158127892476876e-05
3190,15,train/loss,1.4966974258422852
3190,15,train/lr,3.412809339734251e-05
3191,15,train/loss,1.453751802444458
3191,15,train/lr,3.409806526965714e-05
3192,15,train/loss,1.434892177581787
3192,15,train/lr,3.406804352146742e-05
3193,15,train/loss,1.3237897157669067
3193,15,train/lr,3.403802816481739e-05
3194,15,train/loss,1.351750135421753
3194,15,train/lr,3.40080192117485e-05
3195,15,train/loss,1.5561432838439941
3195,15,train/lr,3.3978016674299676e-05
3196,15,train/loss,1.4274933338165283
3196,15,train/lr,3.394802056450727e-05
3197,15,train/loss,1.3346292972564697
3197,15,train/lr,3.391803089440502e-05
3198,15,train/loss,1.4229828119277954
3198,15,train/lr,3.388804767602412e-05
3199,15,train/loss,1.3767614364624023
3199,15,train/lr,3.385807092139316e-05
3200,15,train/loss,1.2299840450286865
3200,15,train/lr,3.3828100642538095e-05
3201,15,train/loss,1.5351908206939697
3201,15,train/lr,3.379813685148237e-05
3202,15,train/loss,1.3228853940963745
3202,15,train/lr,3.376817956024675e-05
3203,15,train/loss,1.5043087005615234
3203,15,train/lr,3.3738228780849437e-05
3204,15,train/loss,1.4280011653900146
3204,15,train/lr,3.3708284525306e-05
3205,15,train/loss,1.5196545124053955
3205,15,train/lr,3.3678346805629365e-05
3206,15,train/loss,1.4844465255737305
3206,15,train/lr,3.364841563382991e-05
3207,15,train/loss,1.3825795650482178
3207,15,train/lr,3.361849102191533e-05
3208,15,train/loss,1.547231674194336
3208,15,train/lr,3.3588572981890685e-05
3209,15,train/loss,1.48781418800354
3209,15,train/lr,3.355866152575844e-05
3210,15,train/loss,1.6807317733764648
3210,15,train/lr,3.352875666551838e-05
3211,15,train/loss,1.5328696966171265
3211,15,train/lr,3.349885841316763e-05
3212,15,train/loss,1.6489607095718384
3212,15,train/lr,3.346896678070073e-05
3213,15,train/loss,1.6005630493164062
3213,15,train/lr,3.343908178010953e-05
3214,15,train/loss,1.4473276138305664
3214,15,train/lr,3.340920342338317e-05
3215,15,train/loss,1.3596220016479492
3215,15,train/lr,3.33793317225082e-05
3216,15,train/loss,1.5232834815979004
3216,15,train/lr,3.334946668946848e-05
3217,15,train/loss,1.3528355360031128
3217,15,train/lr,3.3319608336245145e-05
3218,15,train/loss,1.4226388931274414
3218,15,train/lr,3.328975667481673e-05
3219,15,train/loss,1.4627552032470703
3219,15,train/lr,3.325991171715902e-05
3220,15,train/loss,1.4521889686584473
3220,15,train/lr,3.323007347524515e-05
3221,15,train/loss,1.532252550125122
3221,15,train/lr,3.320024196104552e-05
3222,15,train/loss,1.4239311218261719
3222,15,train/lr,3.31704171865279e-05
3223,15,train/loss,1.4642330408096313
3223,15,train/lr,3.314059916365727e-05
3224,15,train/loss,1.39586341381073
3224,15,train/lr,3.3110787904395976e-05
3225,15,train/loss,1.465212106704712
3225,15,train/lr,3.30809834207036e-05
3225,15,train/batches,429.0
3225,15,train/compute_pct,99.89995477447297
3225,15,train/compute_sec,48.3942659930035
3225,15,train/data_wait_pct,0.10004522552703284
3225,15,train/data_wait_sec,0.048464639112353325
3225,15,train/examples,5148.0
3225,15,train/examples_per_sec,106.26981453822205
3225,15,train/input_tokens,1561848.0
3225,15,train/peak_vram_gb,4.931502819061279
3225,15,train/target_tokens,417250.0
3225,15,train/tokens_per_sec,40854.385666854345
3225,15,train/total_sec,48.442730632115854
3225,15,train/epoch_loss,1.4563148266229875
3225,15,epoch15/batches,429.0
3225,15,epoch15/compute_pct,99.89995477447297
3225,15,epoch15/compute_sec,48.3942659930035
3225,15,epoch15/data_wait_pct,0.10004522552703284
3225,15,epoch15/data_wait_sec,0.048464639112353325
3225,15,epoch15/examples,5148.0
3225,15,epoch15/examples_per_sec,106.26981453822205
3225,15,epoch15/input_tokens,1561848.0
3225,15,epoch15/peak_vram_gb,4.931502819061279
3225,15,epoch15/target_tokens,417250.0
3225,15,epoch15/tokens_per_sec,40854.385666854345
3225,15,epoch15/total_sec,48.442730632115854
3225,15,val/bleu,23.06035578838954
3225,15,val/chrf,42.16388494647178
3225,15,val/combined,31.181952926113546
3225,15,val/eval_peak_vram_gb,4.931502819061279
3225,15,val/eval_samples_per_sec,8.044762281596121
3225,15,val/eval_seconds,71.3507720810012
3225,15,val/eval_tokens_per_sec,1890.7714109504695
3226,16,train/loss,1.6683266162872314
3226,16,train/lr,3.3051185724537026e-05
3227,16,train/loss,1.7569973468780518
3227,16,train/lr,3.3021394827850435e-05
3228,16,train/loss,1.4577264785766602
3228,16,train/lr,3.299161074259523e-05
3229,16,train/loss,1.5187125205993652
3229,16,train/lr,3.2961833480720136e-05
3230,16,train/loss,1.4830358028411865
3230,16,train/lr,3.2932063054171106e-05
3231,16,train/loss,1.3837623596191406
3231,16,train/lr,3.290229947489134e-05
3232,16,train/loss,1.328687071800232
3232,16,train/lr,3.287254275482133e-05
3233,16,train/loss,1.5377476215362549
3233,16,train/lr,3.284279290589882e-05
3234,16,train/loss,1.4538705348968506
3234,16,train/lr,3.281304994005873e-05
3235,16,train/loss,1.4815223217010498
3235,16,train/lr,3.278331386923329e-05
3236,16,train/loss,1.5204062461853027
3236,16,train/lr,3.275358470535194e-05
3237,16,train/loss,1.5421743392944336
3237,16,train/lr,3.272386246034133e-05
3238,16,train/loss,1.4591156244277954
3238,16,train/lr,3.2694147146125345e-05
3239,16,train/loss,1.592411756515503
3239,16,train/lr,3.266443877462514e-05
3240,16,train/loss,1.5794005393981934
3240,16,train/lr,3.263473735775899e-05
3241,16,train/loss,1.3537440299987793
3241,16,train/lr,3.260504290744245e-05
3242,16,train/loss,1.3654428720474243
3242,16,train/lr,3.2575355435588275e-05
3243,16,train/loss,1.4326527118682861
3243,16,train/lr,3.2545674954106367e-05
3244,16,train/loss,1.5395655632019043
3244,16,train/lr,3.2516001474903904e-05
3245,16,train/loss,1.4185200929641724
3245,16,train/lr,3.248633500988518e-05
3246,16,train/loss,1.449471354484558
3246,16,train/lr,3.2456675570951735e-05
3247,16,train/loss,1.4068832397460938
3247,16,train/lr,3.242702317000226e-05
3248,16,train/loss,1.4913549423217773
3248,16,train/lr,3.239737781893258e-05
3249,16,train/loss,1.4673928022384644
3249,16,train/lr,3.236773952963579e-05
3250,16,train/loss,1.5720891952514648
3250,16,train/lr,3.23381083140021e-05
3251,16,train/loss,1.4562667608261108
3251,16,train/lr,3.230848418391886e-05
3252,16,train/loss,1.4858934879302979
3252,16,train/lr,3.227886715127059e-05
3253,16,train/loss,1.642500400543213
3253,16,train/lr,3.2249257227939004e-05
3254,16,train/loss,1.4949519634246826
3254,16,train/lr,3.22196544258029e-05
3255,16,train/loss,1.4677389860153198
3255,16,train/lr,3.219005875673827e-05
3256,16,train/loss,1.4899413585662842
3256,16,train/lr,3.216047023261823e-05
3257,16,train/loss,1.3432390689849854
3257,16,train/lr,3.213088886531301e-05
3258,16,train/loss,1.2754181623458862
3258,16,train/lr,3.210131466668998e-05
3259,16,train/loss,1.4732110500335693
3259,16,train/lr,3.207174764861367e-05
3260,16,train/loss,1.4751276969909668
3260,16,train/lr,3.204218782294565e-05
3261,16,train/loss,1.5330610275268555
3261,16,train/lr,3.201263520154469e-05
3262,16,train/loss,1.4493952989578247
3262,16,train/lr,3.198308979626662e-05
3263,16,train/loss,1.4689948558807373
3263,16,train/lr,3.195355161896437e-05
3264,16,train/loss,1.44488525390625
3264,16,train/lr,3.192402068148801e-05
3265,16,train/loss,1.4865310192108154
3265,16,train/lr,3.189449699568469e-05
3266,16,train/loss,1.3567285537719727
3266,16,train/lr,3.1864980573398614e-05
3267,16,train/loss,1.423675775527954
3267,16,train/lr,3.1835471426471126e-05
3268,16,train/loss,1.3650790452957153
3268,16,train/lr,3.180596956674059e-05
3269,16,train/loss,1.4706642627716064
3269,16,train/lr,3.177647500604252e-05
3270,16,train/loss,1.4724820852279663
3270,16,train/lr,3.174698775620947e-05
3271,16,train/loss,1.333838939666748
3271,16,train/lr,3.171750782907101e-05
3272,16,train/loss,1.3861346244812012
3272,16,train/lr,3.168803523645387e-05
3273,16,train/loss,1.5536599159240723
3273,16,train/lr,3.165856999018176e-05
3274,16,train/loss,1.4275593757629395
3274,16,train/lr,3.1629112102075464e-05
3275,16,train/loss,1.6446950435638428
3275,16,train/lr,3.159966158395282e-05
3276,16,train/loss,1.296173095703125
3276,16,train/lr,3.1570218447628744e-05
3277,16,train/loss,1.4116508960723877
3277,16,train/lr,3.154078270491511e-05
3278,16,train/loss,1.4947794675827026
3278,16,train/lr,3.1511354367620877e-05
3279,16,train/loss,1.4598276615142822
3279,16,train/lr,3.148193344755206e-05
3280,16,train/loss,1.6123361587524414
3280,16,train/lr,3.145251995651162e-05
3281,16,train/loss,1.3333163261413574
3281,16,train/lr,3.142311390629961e-05
3282,16,train/loss,1.5243310928344727
3282,16,train/lr,3.1393715308713055e-05
3283,16,train/loss,1.3942584991455078
3283,16,train/lr,3.1364324175546026e-05
3284,16,train/loss,1.4333915710449219
3284,16,train/lr,3.133494051858956e-05
3285,16,train/loss,1.4010162353515625
3285,16,train/lr,3.1305564349631737e-05
3286,16,train/loss,1.450514554977417
3286,16,train/lr,3.127619568045758e-05
3287,16,train/loss,1.5000200271606445
3287,16,train/lr,3.124683452284915e-05
3288,16,train/loss,1.357255458831787
3288,16,train/lr,3.121748088858549e-05
3289,16,train/loss,1.4463602304458618
3289,16,train/lr,3.118813478944258e-05
3290,16,train/loss,1.4113247394561768
3290,16,train/lr,3.115879623719344e-05
3291,16,train/loss,1.2408500909805298
3291,16,train/lr,3.1129465243608016e-05
3292,16,train/loss,1.2085597515106201
3292,16,train/lr,3.110014182045324e-05
3293,16,train/loss,1.2790071964263916
3293,16,train/lr,3.1070825979493e-05
3294,16,train/loss,1.4092718362808228
3294,16,train/lr,3.1041517732488164e-05
3295,16,train/loss,1.2703123092651367
3295,16,train/lr,3.101221709119651e-05
3296,16,train/loss,1.3497017621994019
3296,16,train/lr,3.098292406737282e-05
3297,16,train/loss,1.367227554321289
3297,16,train/lr,3.095363867276876e-05
3298,16,train/loss,1.5222399234771729
3298,16,train/lr,3.092436091913299e-05
3299,16,train/loss,1.3866956233978271
3299,16,train/lr,3.089509081821109e-05
3300,16,train/loss,1.5311362743377686
3300,16,train/lr,3.086582838174551e-05
3301,16,train/loss,1.5124766826629639
3301,16,train/lr,3.0836573621475725e-05
3302,16,train/loss,1.4897782802581787
3302,16,train/lr,3.0807326549138084e-05
3303,16,train/loss,1.4267432689666748
3303,16,train/lr,3.077808717646582e-05
3304,16,train/loss,1.5160800218582153
3304,16,train/lr,3.0748855515189104e-05
3305,16,train/loss,1.4615696668624878
3305,16,train/lr,3.071963157703505e-05
3306,16,train/loss,1.392499327659607
3306,16,train/lr,3.06904153737276e-05
3307,16,train/loss,1.5293850898742676
3307,16,train/lr,3.0661206916987664e-05
3308,16,train/loss,1.563511610031128
3308,16,train/lr,3.0632006218533e-05
3309,16,train/loss,1.3944435119628906
3309,16,train/lr,3.0602813290078264e-05
3310,16,train/loss,1.361241102218628
3310,16,train/lr,3.057362814333499e-05
3311,16,train/loss,1.5767607688903809
3311,16,train/lr,3.0544450790011626e-05
3312,16,train/loss,1.383475422859192
3312,16,train/lr,3.051528124181342e-05
3313,16,train/loss,1.4354734420776367
3313,16,train/lr,3.0486119510442577e-05
3314,16,train/loss,1.5396865606307983
3314,16,train/lr,3.0456965607598103e-05
3315,16,train/loss,1.4672809839248657
3315,16,train/lr,3.0427819544975868e-05
3316,16,train/loss,1.2522310018539429
3316,16,train/lr,3.0398681334268643e-05
3317,16,train/loss,1.4670069217681885
3317,16,train/lr,3.0369550987165984e-05
3318,16,train/loss,1.2776219844818115
3318,16,train/lr,3.0340428515354352e-05
3319,16,train/loss,1.53084397315979
3319,16,train/lr,3.0311313930517017e-05
3320,16,train/loss,1.3734055757522583
3320,16,train/lr,3.0282207244334082e-05
3321,16,train/loss,1.4614567756652832
3321,16,train/lr,3.0253108468482483e-05
3322,16,train/loss,1.4647400379180908
3322,16,train/lr,3.0224017614636015e-05
3323,16,train/loss,1.3519657850265503
3323,16,train/lr,3.0194934694465238e-05
3324,16,train/loss,1.5610142946243286
3324,16,train/lr,3.016585971963759e-05
3325,16,train/loss,1.5438003540039062
3325,16,train/lr,3.0136792701817284e-05
3326,16,train/loss,1.7407145500183105
3326,16,train/lr,3.0107733652665317e-05
3327,16,train/loss,1.5370746850967407
3327,16,train/lr,3.0078682583839547e-05
3328,16,train/loss,1.5321433544158936
3328,16,train/lr,3.004963950699463e-05
3329,16,train/loss,1.421543836593628
3329,16,train/lr,3.002060443378194e-05
3330,16,train/loss,1.4415881633758545
3330,16,train/lr,2.999157737584971e-05
3331,16,train/loss,1.4928091764450073
3331,16,train/lr,2.996255834484296e-05
3332,16,train/loss,1.4151458740234375
3332,16,train/lr,2.9933547352403425e-05
3333,16,train/loss,1.419654369354248
3333,16,train/lr,2.9904544410169682e-05
3334,16,train/loss,1.450847864151001
3334,16,train/lr,2.9875549529777068e-05
3335,16,train/loss,1.5374336242675781
3335,16,train/lr,2.9846562722857645e-05
3336,16,train/loss,1.4368617534637451
3336,16,train/lr,2.9817584001040282e-05
3337,16,train/loss,1.5031894445419312
3337,16,train/lr,2.978861337595056e-05
3338,16,train/loss,1.3901921510696411
3338,16,train/lr,2.975965085921084e-05
3339,16,train/loss,1.5349173545837402
3339,16,train/lr,2.9730696462440272e-05
3340,16,train/loss,1.3338162899017334
3340,16,train/lr,2.970175019725465e-05
3341,16,train/loss,1.3705785274505615
3341,16,train/lr,2.9672812075266583e-05
3342,16,train/loss,1.3306398391723633
3342,16,train/lr,2.9643882108085395e-05
3343,16,train/loss,1.329408884048462
3343,16,train/lr,2.9614960307317107e-05
3344,16,train/loss,1.4412052631378174
3344,16,train/lr,2.9586046684564517e-05
3345,16,train/loss,1.4482903480529785
3345,16,train/lr,2.9557141251427105e-05
3346,16,train/loss,1.3987209796905518
3346,16,train/lr,2.9528244019501074e-05
3347,16,train/loss,1.3716325759887695
3347,16,train/lr,2.949935500037933e-05
3348,16,train/loss,1.325059413909912
3348,16,train/lr,2.9470474205651523e-05
3349,16,train/loss,1.4381556510925293
3349,16,train/lr,2.9441601646903926e-05
3350,16,train/loss,1.5884170532226562
3350,16,train/lr,2.94127373357196e-05
3351,16,train/loss,1.488656997680664
3351,16,train/lr,2.938388128367823e-05
3352,16,train/loss,1.5216805934906006
3352,16,train/lr,2.93550335023562e-05
3353,16,train/loss,1.5192909240722656
3353,16,train/lr,2.932619400332659e-05
3354,16,train/loss,1.4665991067886353
3354,16,train/lr,2.9297362798159188e-05
3355,16,train/loss,1.5008571147918701
3355,16,train/lr,2.9268539898420382e-05
3356,16,train/loss,1.5465843677520752
3356,16,train/lr,2.9239725315673278e-05
3357,16,train/loss,1.5449358224868774
3357,16,train/lr,2.9210919061477625e-05
3358,16,train/loss,1.3591036796569824
3358,16,train/lr,2.9182121147389852e-05
3359,16,train/loss,1.4235420227050781
3359,16,train/lr,2.9153331584963023e-05
3360,16,train/loss,1.403160810470581
3360,16,train/lr,2.9124550385746857e-05
3361,16,train/loss,1.4822642803192139
3361,16,train/lr,2.9095777561287694e-05
3362,16,train/loss,1.418170690536499
3362,16,train/lr,2.9067013123128613e-05
3363,16,train/loss,1.4361199140548706
3363,16,train/lr,2.9038257082809155e-05
3364,16,train/loss,1.3854353427886963
3364,16,train/lr,2.900950945186567e-05
3365,16,train/loss,1.346500039100647
3365,16,train/lr,2.898077024183104e-05
3366,16,train/loss,1.33688223361969
3366,16,train/lr,2.8952039464234737e-05
3367,16,train/loss,1.3779323101043701
3367,16,train/lr,2.8923317130602944e-05
3368,16,train/loss,1.490161657333374
3368,16,train/lr,2.8894603252458408e-05
3369,16,train/loss,1.4338226318359375
3369,16,train/lr,2.8865897841320465e-05
3370,16,train/loss,1.4318958520889282
3370,16,train/lr,2.8837200908705097e-05
3371,16,train/loss,1.3747873306274414
3371,16,train/lr,2.880851246612485e-05
3372,16,train/loss,1.4168951511383057
3372,16,train/lr,2.877983252508887e-05
3373,16,train/loss,1.405259132385254
3373,16,train/lr,2.875116109710291e-05
3374,16,train/loss,1.3455487489700317
3374,16,train/lr,2.8722498193669295e-05
3375,16,train/loss,1.5198166370391846
3375,16,train/lr,2.8693843826286932e-05
3376,16,train/loss,1.4853813648223877
3376,16,train/lr,2.8665198006451276e-05
3377,16,train/loss,1.5860109329223633
3377,16,train/lr,2.8636560745654457e-05
3378,16,train/loss,1.5960636138916016
3378,16,train/lr,2.8607932055385e-05
3379,16,train/loss,1.5306832790374756
3379,16,train/lr,2.8579311947128168e-05
3380,16,train/loss,1.3971877098083496
3380,16,train/lr,2.8550700432365645e-05
3381,16,train/loss,1.5042474269866943
3381,16,train/lr,2.852209752257572e-05
3382,16,train/loss,1.474637508392334
3382,16,train/lr,2.8493503229233288e-05
3383,16,train/loss,1.3155481815338135
3383,16,train/lr,2.8464917563809655e-05
3384,16,train/loss,1.3854496479034424
3384,16,train/lr,2.84363405377728e-05
3385,16,train/loss,1.541308879852295
3385,16,train/lr,2.8407772162587177e-05
3386,16,train/loss,1.435966968536377
3386,16,train/lr,2.8379212449713716e-05
3387,16,train/loss,1.2894461154937744
3387,16,train/lr,2.835066141060998e-05
3388,16,train/loss,1.4845361709594727
3388,16,train/lr,2.8322119056729977e-05
3389,16,train/loss,1.4460052251815796
3389,16,train/lr,2.8293585399524257e-05
3390,16,train/loss,1.4424034357070923
3390,16,train/lr,2.8265060450439886e-05
3391,16,train/loss,1.374990463256836
3391,16,train/lr,2.8236544220920403e-05
3392,16,train/loss,1.1571540832519531
3392,16,train/lr,2.8208036722405896e-05
3393,16,train/loss,1.413872480392456
3393,16,train/lr,2.8179537966332887e-05
3394,16,train/loss,1.4300801753997803
3394,16,train/lr,2.8151047964134504e-05
3395,16,train/loss,1.3370362520217896
3395,16,train/lr,2.8122566727240223e-05
3396,16,train/loss,1.3918758630752563
3396,16,train/lr,2.8094094267076078e-05
3397,16,train/loss,1.4564036130905151
3397,16,train/lr,2.806563059506463e-05
3398,16,train/loss,1.3026856184005737
3398,16,train/lr,2.8037175722624775e-05
3399,16,train/loss,1.515000581741333
3399,16,train/lr,2.800872966117203e-05
3400,16,train/loss,1.5044842958450317
3400,16,train/lr,2.798029242211828e-05
3401,16,train/loss,1.3844797611236572
3401,16,train/lr,2.7951864016871908e-05
3402,16,train/loss,1.5502407550811768
3402,16,train/lr,2.7923444456837772e-05
3403,16,train/loss,1.400360107421875
3403,16,train/lr,2.7895033753417084e-05
3404,16,train/loss,1.4824681282043457
3404,16,train/lr,2.7866631918007634e-05
3405,16,train/loss,1.5401352643966675
3405,16,train/lr,2.7838238962003583e-05
3406,16,train/loss,1.468658447265625
3406,16,train/lr,2.780985489679553e-05
3407,16,train/loss,1.3199647665023804
3407,16,train/lr,2.778147973377052e-05
3408,16,train/loss,1.396857500076294
3408,16,train/lr,2.775311348431204e-05
3409,16,train/loss,1.5751729011535645
3409,16,train/lr,2.772475615979997e-05
3410,16,train/loss,1.3100792169570923
3410,16,train/lr,2.7696407771610627e-05
3411,16,train/loss,1.38192617893219
3411,16,train/lr,2.766806833111675e-05
3412,16,train/loss,1.513418436050415
3412,16,train/lr,2.7639737849687474e-05
3413,16,train/loss,1.6979780197143555
3413,16,train/lr,2.761141633868832e-05
3414,16,train/loss,1.3373467922210693
3414,16,train/lr,2.7583103809481315e-05
3415,16,train/loss,1.3528392314910889
3415,16,train/lr,2.7554800273424708e-05
3416,16,train/loss,1.4715802669525146
3416,16,train/lr,2.7526505741873297e-05
3417,16,train/loss,1.5296483039855957
3417,16,train/lr,2.7498220226178205e-05
3418,16,train/loss,1.3200666904449463
3418,16,train/lr,2.7469943737686886e-05
3419,16,train/loss,1.532930612564087
3419,16,train/lr,2.744167628774329e-05
3420,16,train/loss,1.3338042497634888
3420,16,train/lr,2.7413417887687643e-05
3421,16,train/loss,1.4646632671356201
3421,16,train/lr,2.7385168548856586e-05
3422,16,train/loss,1.4372738599777222
3422,16,train/lr,2.7356928282583126e-05
3423,16,train/loss,1.489806056022644
3423,16,train/lr,2.7328697100196564e-05
3424,16,train/loss,1.4154224395751953
3424,16,train/lr,2.7300475013022663e-05
3425,16,train/loss,1.4744853973388672
3425,16,train/lr,2.727226203238347e-05
3426,16,train/loss,1.4266843795776367
3426,16,train/lr,2.7244058169597393e-05
3427,16,train/loss,1.4109827280044556
3427,16,train/lr,2.7215863435979178e-05
3428,16,train/loss,1.4492063522338867
3428,16,train/lr,2.7187677842839915e-05
3429,16,train/loss,1.6447802782058716
3429,16,train/lr,2.7159501401487026e-05
3430,16,train/loss,1.3497856855392456
3430,16,train/lr,2.7131334123224238e-05
3431,16,train/loss,1.4860506057739258
3431,16,train/lr,2.7103176019351683e-05
3432,16,train/loss,1.413254737854004
3432,16,train/lr,2.7075027101165707e-05
3433,16,train/loss,1.4526243209838867
3433,16,train/lr,2.7046887379958995e-05
3434,16,train/loss,1.3289501667022705
3434,16,train/lr,2.7018756867020644e-05
3435,16,train/loss,1.4235180616378784
3435,16,train/lr,2.699063557363589e-05
3436,16,train/loss,1.4075145721435547
3436,16,train/lr,2.6962523511086417e-05
3437,16,train/loss,1.428750991821289
3437,16,train/lr,2.6934420690650132e-05
3438,16,train/loss,1.4550801515579224
3438,16,train/lr,2.690632712360125e-05
3439,16,train/loss,1.5322611331939697
3439,16,train/lr,2.6878242821210265e-05
3440,16,train/loss,1.4036166667938232
3440,16,train/lr,2.6850167794743962e-05
3440,16,train/batches,429.0
3440,16,train/compute_pct,99.89703867603542
3440,16,train/compute_sec,48.35383266536519
3440,16,train/data_wait_pct,0.10296132396458266
3440,16,train/data_wait_sec,0.04983705919585191
3440,16,train/examples,5148.0
3440,16,train/examples_per_sec,106.35557240379642
3440,16,train/input_tokens,1561206.0
3440,16,train/peak_vram_gb,4.931502819061279
3440,16,train/target_tokens,416976.0
3440,16,train/tokens_per_sec,40868.43025036651
3440,16,train/total_sec,48.40366972456104
3440,16,train/epoch_loss,1.448072933650517
3440,16,epoch16/batches,429.0
3440,16,epoch16/compute_pct,99.89703867603542
3440,16,epoch16/compute_sec,48.35383266536519
3440,16,epoch16/data_wait_pct,0.10296132396458266
3440,16,epoch16/data_wait_sec,0.04983705919585191
3440,16,epoch16/examples,5148.0
3440,16,epoch16/examples_per_sec,106.35557240379642
3440,16,epoch16/input_tokens,1561206.0
3440,16,epoch16/peak_vram_gb,4.931502819061279
3440,16,epoch16/target_tokens,416976.0
3440,16,epoch16/tokens_per_sec,40868.43025036651
3440,16,epoch16/total_sec,48.40366972456104
3440,16,val/bleu,22.972841841296226
3440,16,val/chrf,42.129595621247724
3440,16,val/combined,31.110071312111934
3440,16,val/eval_peak_vram_gb,4.931502819061279
3440,16,val/eval_samples_per_sec,7.904699855569317
3440,16,val/eval_seconds,72.61502783000469
3440,16,val/eval_tokens_per_sec,1907.291150865225
3441,17,train/loss,1.494143009185791
3441,17,train/lr,2.682210205546542e-05
3442,17,train/loss,1.4524598121643066
3442,17,train/lr,2.6794045614633962e-05
3443,17,train/loss,1.492321252822876
3443,17,train/lr,2.6765998483505206e-05
3444,17,train/loss,1.598656177520752
3444,17,train/lr,2.6737960673331014e-05
3445,17,train/loss,1.5202645063400269
3445,17,train/lr,2.6709932195359534e-05
3446,17,train/loss,1.3518199920654297
3446,17,train/lr,2.668191306083514e-05
3447,17,train/loss,1.4281516075134277
3447,17,train/lr,2.665390328099848e-05
3448,17,train/loss,1.4743497371673584
3448,17,train/lr,2.662590286708645e-05
3449,17,train/loss,1.5345425605773926
3449,17,train/lr,2.6597911830332173e-05
3450,17,train/loss,1.4933058023452759
3450,17,train/lr,2.6569930181964998e-05
3451,17,train/loss,1.4350121021270752
3451,17,train/lr,2.6541957933210594e-05
3452,17,train/loss,1.4779798984527588
3452,17,train/lr,2.6513995095290705e-05
3453,17,train/loss,1.4257805347442627
3453,17,train/lr,2.6486041679423456e-05
3454,17,train/loss,1.3556311130523682
3454,17,train/lr,2.6458097696823115e-05
3455,17,train/loss,1.479912281036377
3455,17,train/lr,2.6430163158700115e-05
3456,17,train/loss,1.5716748237609863
3456,17,train/lr,2.6402238076261232e-05
3457,17,train/loss,1.276120901107788
3457,17,train/lr,2.6374322460709337e-05
3458,17,train/loss,1.245509386062622
3458,17,train/lr,2.6346416323243554e-05
3459,17,train/loss,1.3501280546188354
3459,17,train/lr,2.6318519675059195e-05
3460,17,train/loss,1.406301498413086
3460,17,train/lr,2.6290632527347747e-05
3461,17,train/loss,1.4465088844299316
3461,17,train/lr,2.626275489129692e-05
3462,17,train/loss,1.3190581798553467
3462,17,train/lr,2.6234886778090585e-05
3463,17,train/loss,1.4220552444458008
3463,17,train/lr,2.6207028198908782e-05
3464,17,train/loss,1.5735654830932617
3464,17,train/lr,2.6179179164927758e-05
3465,17,train/loss,1.5226356983184814
3465,17,train/lr,2.6151339687319886e-05
3466,17,train/loss,1.3027515411376953
3466,17,train/lr,2.6123509777253803e-05
3467,17,train/loss,1.4961485862731934
3467,17,train/lr,2.6095689445894144e-05
3468,17,train/loss,1.4409334659576416
3468,17,train/lr,2.6067878704401884e-05
3469,17,train/loss,1.2951946258544922
3469,17,train/lr,2.6040077563934e-05
3470,17,train/loss,1.5246663093566895
3470,17,train/lr,2.601228603564368e-05
3471,17,train/loss,1.399613380432129
3471,17,train/lr,2.598450413068031e-05
3472,17,train/loss,1.3894100189208984
3472,17,train/lr,2.5956731860189286e-05
3473,17,train/loss,1.4354822635650635
3473,17,train/lr,2.5928969235312272e-05
3474,17,train/loss,1.4791678190231323
3474,17,train/lr,2.5901216267186978e-05
3475,17,train/loss,1.381384253501892
3475,17,train/lr,2.5873472966947275e-05
3476,17,train/loss,1.5435909032821655
3476,17,train/lr,2.584573934572314e-05
3477,17,train/loss,1.3584675788879395
3477,17,train/lr,2.581801541464068e-05
3478,17,train/loss,1.439155101776123
3478,17,train/lr,2.5790301184822097e-05
3479,17,train/loss,1.3487260341644287
3479,17,train/lr,2.5762596667385708e-05
3480,17,train/loss,1.4499762058258057
3480,17,train/lr,2.573490187344596e-05
3481,17,train/loss,1.2266438007354736
3481,17,train/lr,2.5707216814113355e-05
3482,17,train/loss,1.3554290533065796
3482,17,train/lr,2.56795415004945e-05
3483,17,train/loss,1.4773907661437988
3483,17,train/lr,2.565187594369215e-05
3484,17,train/loss,1.5327911376953125
3484,17,train/lr,2.5624220154805062e-05
3485,17,train/loss,1.3860697746276855
3485,17,train/lr,2.5596574144928097e-05
3486,17,train/loss,1.4377120733261108
3486,17,train/lr,2.556893792515227e-05
3487,17,train/loss,1.4913890361785889
3487,17,train/lr,2.5541311506564526e-05
3488,17,train/loss,1.4649693965911865
3488,17,train/lr,2.551369490024801e-05
3489,17,train/loss,1.530057668685913
3489,17,train/lr,2.548608811728187e-05
3490,17,train/loss,1.586118221282959
3490,17,train/lr,2.5458491168741322e-05
3491,17,train/loss,1.3968545198440552
3491,17,train/lr,2.5430904065697646e-05
3492,17,train/loss,1.5787243843078613
3492,17,train/lr,2.540332681921811e-05
3493,17,train/loss,1.4862414598464966
3493,17,train/lr,2.537575944036613e-05
3494,17,train/loss,1.468883991241455
3494,17,train/lr,2.534820194020111e-05
3495,17,train/loss,1.4766032695770264
3495,17,train/lr,2.5320654329778482e-05
3496,17,train/loss,1.3811845779418945
3496,17,train/lr,2.529311662014972e-05
3497,17,train/loss,1.3042374849319458
3497,17,train/lr,2.526558882236234e-05
3498,17,train/loss,1.3691309690475464
3498,17,train/lr,2.5238070947459856e-05
3499,17,train/loss,1.3204867839813232
3499,17,train/lr,2.521056300648183e-05
3500,17,train/loss,1.4697020053863525
3500,17,train/lr,2.5183065010463812e-05
3501,17,train/loss,1.432831048965454
3501,17,train/lr,2.515557697043739e-05
3502,17,train/loss,1.5717647075653076
3502,17,train/lr,2.512809889743011e-05
3503,17,train/loss,1.29677414894104
3503,17,train/lr,2.5100630802465608e-05
3504,17,train/loss,1.4916164875030518
3504,17,train/lr,2.5073172696563384e-05
3505,17,train/loss,1.409923791885376
3505,17,train/lr,2.5045724590739082e-05
3506,17,train/loss,1.244624376296997
3506,17,train/lr,2.501828649600424e-05
3507,17,train/loss,1.4512125253677368
3507,17,train/lr,2.4990858423366352e-05
3508,17,train/loss,1.2677730321884155
3508,17,train/lr,2.4963440383828994e-05
3509,17,train/loss,1.4812512397766113
3509,17,train/lr,2.4936032388391644e-05
3510,17,train/loss,1.4342501163482666
3510,17,train/lr,2.490863444804976e-05
3511,17,train/loss,1.4575022459030151
3511,17,train/lr,2.4881246573794786e-05
3512,17,train/loss,1.401068925857544
3512,17,train/lr,2.4853868776614113e-05
3513,17,train/loss,1.5121510028839111
3513,17,train/lr,2.4826501067491087e-05
3514,17,train/loss,1.3997172117233276
3514,17,train/lr,2.4799143457405017e-05
3515,17,train/loss,1.6671241521835327
3515,17,train/lr,2.4771795957331157e-05
3516,17,train/loss,1.4153218269348145
3516,17,train/lr,2.4744458578240697e-05
3517,17,train/loss,1.6102423667907715
3517,17,train/lr,2.471713133110078e-05
3518,17,train/loss,1.560333013534546
3518,17,train/lr,2.4689814226874475e-05
3519,17,train/loss,1.37929368019104
3519,17,train/lr,2.466250727652077e-05
3520,17,train/loss,1.4459142684936523
3520,17,train/lr,2.4635210490994647e-05
3521,17,train/loss,1.5513726472854614
3521,17,train/lr,2.4607923881246903e-05
3522,17,train/loss,1.4647188186645508
3522,17,train/lr,2.4580647458224297e-05
3523,17,train/loss,1.5993778705596924
3523,17,train/lr,2.4553381232869587e-05
3524,17,train/loss,1.3389440774917603
3524,17,train/lr,2.4526125216121277e-05
3525,17,train/loss,1.4743131399154663
3525,17,train/lr,2.4498879418913916e-05
3526,17,train/loss,1.3706233501434326
3526,17,train/lr,2.4471643852177895e-05
3527,17,train/loss,1.3134483098983765
3527,17,train/lr,2.4444418526839492e-05
3528,17,train/loss,1.4740486145019531
3528,17,train/lr,2.4417203453820892e-05
3529,17,train/loss,1.4435195922851562
3529,17,train/lr,2.4389998644040173e-05
3530,17,train/loss,1.370428442955017
3530,17,train/lr,2.436280410841128e-05
3531,17,train/loss,1.3668227195739746
3531,17,train/lr,2.4335619857844056e-05
3532,17,train/loss,1.3547465801239014
3532,17,train/lr,2.4308445903244187e-05
3533,17,train/loss,1.3528127670288086
3533,17,train/lr,2.428128225551326e-05
3534,17,train/loss,1.4621843099594116
3534,17,train/lr,2.425412892554872e-05
3535,17,train/loss,1.3590710163116455
3535,17,train/lr,2.422698592424385e-05
3536,17,train/loss,1.3645482063293457
3536,17,train/lr,2.419985326248782e-05
3537,17,train/loss,1.5140460729599
3537,17,train/lr,2.4172730951165635e-05
3538,17,train/loss,1.2054673433303833
3538,17,train/lr,2.4145619001158148e-05
3539,17,train/loss,1.458747148513794
3539,17,train/lr,2.4118517423342045e-05
3540,17,train/loss,1.5572696924209595
3540,17,train/lr,2.409142622858992e-05
3541,17,train/loss,1.4716334342956543
3541,17,train/lr,2.406434542777007e-05
3542,17,train/loss,1.6149554252624512
3542,17,train/lr,2.4037275031746754e-05
3543,17,train/loss,1.6196461915969849
3543,17,train/lr,2.4010215051379996e-05
3544,17,train/loss,1.4837841987609863
3544,17,train/lr,2.39831654975256e-05
3545,17,train/loss,1.4209864139556885
3545,17,train/lr,2.3956126381035288e-05
3546,17,train/loss,1.4644873142242432
3546,17,train/lr,2.3929097712756517e-05
3547,17,train/loss,1.4386773109436035
3547,17,train/lr,2.3902079503532575e-05
3548,17,train/loss,1.5784374475479126
3548,17,train/lr,2.3875071764202563e-05
3549,17,train/loss,1.3942081928253174
3549,17,train/lr,2.3848074505601364e-05
3550,17,train/loss,1.485827922821045
3550,17,train/lr,2.382108773855967e-05
3551,17,train/loss,1.3449680805206299
3551,17,train/lr,2.3794111473903946e-05
3552,17,train/loss,1.406234622001648
3552,17,train/lr,2.3767145722456506e-05
3553,17,train/loss,1.341577172279358
3553,17,train/lr,2.3740190495035348e-05
3554,17,train/loss,1.5487942695617676
3554,17,train/lr,2.3713245802454293e-05
3555,17,train/loss,1.3736544847488403
3555,17,train/lr,2.3686311655522996e-05
3556,17,train/loss,1.2738757133483887
3556,17,train/lr,2.365938806504676e-05
3557,17,train/loss,1.3922821283340454
3557,17,train/lr,2.3632475041826785e-05
3558,17,train/loss,1.465150237083435
3558,17,train/lr,2.3605572596659915e-05
3559,17,train/loss,1.458026647567749
3559,17,train/lr,2.3578680740338797e-05
3560,17,train/loss,1.3924670219421387
3560,17,train/lr,2.3551799483651894e-05
3561,17,train/loss,1.4875428676605225
3561,17,train/lr,2.3524928837383283e-05
3562,17,train/loss,1.3795394897460938
3562,17,train/lr,2.34980688123129e-05
3563,17,train/loss,1.394944667816162
3563,17,train/lr,2.3471219419216377e-05
3564,17,train/loss,1.399163007736206
3564,17,train/lr,2.3444380668865073e-05
3565,17,train/loss,1.5255506038665771
3565,17,train/lr,2.3417552572026092e-05
3566,17,train/loss,1.4253381490707397
3566,17,train/lr,2.339073513946225e-05
3567,17,train/loss,1.5859215259552002
3567,17,train/lr,2.3363928381932097e-05
3568,17,train/loss,1.5032975673675537
3568,17,train/lr,2.3337132310189897e-05
3569,17,train/loss,1.5017929077148438
3569,17,train/lr,2.331034693498562e-05
3570,17,train/loss,1.4758567810058594
3570,17,train/lr,2.3283572267064964e-05
3571,17,train/loss,1.5070405006408691
3571,17,train/lr,2.3256808317169294e-05
3572,17,train/loss,1.3966389894485474
3572,17,train/lr,2.3230055096035745e-05
3573,17,train/loss,1.5284228324890137
3573,17,train/lr,2.3203312614397068e-05
3574,17,train/loss,1.4826626777648926
3574,17,train/lr,2.317658088298172e-05
3575,17,train/loss,1.532824158668518
3575,17,train/lr,2.3149859912513928e-05
3576,17,train/loss,1.3991342782974243
3576,17,train/lr,2.312314971371347e-05
3577,17,train/loss,1.52010178565979
3577,17,train/lr,2.3096450297295945e-05
3578,17,train/loss,1.522087574005127
3578,17,train/lr,2.3069761673972472e-05
3579,17,train/loss,1.406692624092102
3579,17,train/lr,2.3043083854449988e-05
3580,17,train/loss,1.4435431957244873
3580,17,train/lr,2.3016416849431022e-05
3581,17,train/loss,1.1873924732208252
3581,17,train/lr,2.298976066961372e-05
3582,17,train/loss,1.3675785064697266
3582,17,train/lr,2.2963115325691986e-05
3583,17,train/loss,1.391261339187622
3583,17,train/lr,2.2936480828355317e-05
3584,17,train/loss,1.5113335847854614
3584,17,train/lr,2.2909857188288863e-05
3585,17,train/loss,1.4380311965942383
3585,17,train/lr,2.2883244416173428e-05
3586,17,train/loss,1.3155467510223389
3586,17,train/lr,2.2856642522685457e-05
3587,17,train/loss,1.3946058750152588
3587,17,train/lr,2.2830051518497015e-05
3588,17,train/loss,1.556192398071289
3588,17,train/lr,2.2803471414275805e-05
3589,17,train/loss,1.4154850244522095
3589,17,train/lr,2.277690222068521e-05
3590,17,train/loss,1.5840322971343994
3590,17,train/lr,2.2750343948384128e-05
3591,17,train/loss,1.2595493793487549
3591,17,train/lr,2.272379660802714e-05
3592,17,train/loss,1.4808037281036377
3592,17,train/lr,2.2697260210264505e-05
3593,17,train/loss,1.5314652919769287
3593,17,train/lr,2.267073476574193e-05
3594,17,train/loss,1.572840690612793
3594,17,train/lr,2.2644220285100886e-05
3595,17,train/loss,1.4588162899017334
3595,17,train/lr,2.2617716778978382e-05
3596,17,train/loss,1.4490587711334229
3596,17,train/lr,2.259122425800697e-05
3597,17,train/loss,1.4134719371795654
3597,17,train/lr,2.2564742732814897e-05
3598,17,train/loss,1.459158182144165
3598,17,train/lr,2.253827221402594e-05
3599,17,train/loss,1.3649073839187622
3599,17,train/lr,2.251181271225947e-05
3600,17,train/loss,1.4046826362609863
3600,17,train/lr,2.2485364238130436e-05
3601,17,train/loss,1.469545602798462
3601,17,train/lr,2.2458926802249364e-05
3602,17,train/loss,1.4612860679626465
3602,17,train/lr,2.2432500415222357e-05
3603,17,train/loss,1.473942518234253
3603,17,train/lr,2.2406085087651086e-05
3604,17,train/loss,1.3854014873504639
3604,17,train/lr,2.237968083013277e-05
3605,17,train/loss,1.2335090637207031
3605,17,train/lr,2.2353287653260208e-05
3606,17,train/loss,1.3386045694351196
3606,17,train/lr,2.2326905567621747e-05
3607,17,train/loss,1.4560177326202393
3607,17,train/lr,2.2300534583801268e-05
3608,17,train/loss,1.458400011062622
3608,17,train/lr,2.227417471237821e-05
3609,17,train/loss,1.547076940536499
3609,17,train/lr,2.22478259639276e-05
3610,17,train/loss,1.3428874015808105
3610,17,train/lr,2.2221488349019903e-05
3611,17,train/loss,1.3125338554382324
3611,17,train/lr,2.2195161878221175e-05
3612,17,train/loss,1.3189184665679932
3612,17,train/lr,2.216884656209306e-05
3613,17,train/loss,1.5435233116149902
3613,17,train/lr,2.2142542411192586e-05
3614,17,train/loss,1.4565706253051758
3614,17,train/lr,2.2116249436072433e-05
3615,17,train/loss,1.5337762832641602
3615,17,train/lr,2.2089967647280742e-05
3616,17,train/loss,1.5415611267089844
3616,17,train/lr,2.2063697055361154e-05
3617,17,train/loss,1.5028612613677979
3617,17,train/lr,2.203743767085285e-05
3618,17,train/loss,1.6710386276245117
3618,17,train/lr,2.201118950429049e-05
3619,17,train/loss,1.4847168922424316
3619,17,train/lr,2.1984952566204248e-05
3620,17,train/loss,1.42128324508667
3620,17,train/lr,2.1958726867119783e-05
3621,17,train/loss,1.4208261966705322
3621,17,train/lr,2.1932512417558254e-05
3622,17,train/loss,1.5008649826049805
3622,17,train/lr,2.1906309228036308e-05
3623,17,train/loss,1.378321647644043
3623,17,train/lr,2.188011730906606e-05
3624,17,train/loss,1.3214325904846191
3624,17,train/lr,2.1853936671155127e-05
3625,17,train/loss,1.467890977859497
3625,17,train/lr,2.1827767324806565e-05
3626,17,train/loss,1.495191216468811
3626,17,train/lr,2.1801609280518968e-05
3627,17,train/loss,1.4383935928344727
3627,17,train/lr,2.177546254878631e-05
3628,17,train/loss,1.4871095418930054
3628,17,train/lr,2.1749327140098053e-05
3629,17,train/loss,1.3169975280761719
3629,17,train/lr,2.172320306493919e-05
3630,17,train/loss,1.3764026165008545
3630,17,train/lr,2.169709033379004e-05
3631,17,train/loss,1.3572633266448975
3631,17,train/lr,2.167098895712648e-05
3632,17,train/loss,1.341631531715393
3632,17,train/lr,2.164489894541981e-05
3633,17,train/loss,1.3835413455963135
3633,17,train/lr,2.1618820309136683e-05
3634,17,train/loss,1.440063714981079
3634,17,train/lr,2.159275305873931e-05
3635,17,train/loss,1.2950387001037598
3635,17,train/lr,2.1566697204685278e-05
3636,17,train/loss,1.3917526006698608
3636,17,train/lr,2.1540652757427582e-05
3637,17,train/loss,1.3491322994232178
3637,17,train/lr,2.151461972741468e-05
3638,17,train/loss,1.4518404006958008
3638,17,train/lr,2.1488598125090426e-05
3639,17,train/loss,1.5781137943267822
3639,17,train/lr,2.1462587960894102e-05
3640,17,train/loss,1.5324108600616455
3640,17,train/lr,2.1436589245260376e-05
3641,17,train/loss,1.5031744241714478
3641,17,train/lr,2.1410601988619394e-05
3642,17,train/loss,1.5078922510147095
3642,17,train/lr,2.1384626201396608e-05
3643,17,train/loss,1.3960158824920654
3643,17,train/lr,2.1358661894012904e-05
3644,17,train/loss,1.517263650894165
3644,17,train/lr,2.1332709076884633e-05
3645,17,train/loss,1.384854793548584
3645,17,train/lr,2.130676776042341e-05
3646,17,train/loss,1.428413987159729
3646,17,train/lr,2.1280837955036366e-05
3647,17,train/loss,1.444461703300476
3647,17,train/lr,2.125491967112588e-05
3648,17,train/loss,1.5525668859481812
3648,17,train/lr,2.1229012919089843e-05
3649,17,train/loss,1.4717066287994385
3649,17,train/lr,2.120311770932144e-05
3650,17,train/loss,1.3742706775665283
3650,17,train/lr,2.1177234052209204e-05
3651,17,train/loss,1.4052040576934814
3651,17,train/lr,2.1151361958137123e-05
3652,17,train/loss,1.394126296043396
3652,17,train/lr,2.112550143748447e-05
3653,17,train/loss,1.2725838422775269
3653,17,train/lr,2.10996525006259e-05
3654,17,train/loss,1.4926835298538208
3654,17,train/lr,2.107381515793142e-05
3655,17,train/loss,1.3658416271209717
3655,17,train/lr,2.104798941976639e-05
3655,17,train/batches,429.0
3655,17,train/compute_pct,99.88733282732126
3655,17,train/compute_sec,48.245274416869506
3655,17,train/data_wait_pct,0.11266717267874152
3655,17,train/data_wait_sec,0.054417897743405774
3655,17,train/examples,5148.0
3655,17,train/examples_per_sec,106.58452990688079
3655,17,train/input_tokens,1560989.0
3655,17,train/peak_vram_gb,4.931502819061279
3655,17,train/target_tokens,416659.0
3655,17,train/tokens_per_sec,40945.35400180322
3655,17,train/total_sec,48.29969231461291
3655,17,train/epoch_loss,1.4408655094377922
3655,17,epoch17/batches,429.0
3655,17,epoch17/compute_pct,99.88733282732126
3655,17,epoch17/compute_sec,48.245274416869506
3655,17,epoch17/data_wait_pct,0.11266717267874152
3655,17,epoch17/data_wait_sec,0.054417897743405774
3655,17,epoch17/examples,5148.0
3655,17,epoch17/examples_per_sec,106.58452990688079
3655,17,epoch17/input_tokens,1560989.0
3655,17,epoch17/peak_vram_gb,4.931502819061279
3655,17,epoch17/target_tokens,416659.0
3655,17,epoch17/tokens_per_sec,40945.35400180322
3655,17,epoch17/total_sec,48.29969231461291
3655,17,val/bleu,23.828161937459274
3655,17,val/chrf,42.419444576147015
3655,17,val/combined,31.79272549904317
3655,17,val/eval_peak_vram_gb,4.931502819061279
3655,17,val/eval_samples_per_sec,7.838496083567498
3655,17,val/eval_seconds,73.22833281799103
3655,17,val/eval_tokens_per_sec,1873.5644349708948
3656,18,train/loss,1.4882357120513916
3656,18,train/lr,2.1022175296491515e-05
3657,18,train/loss,1.4818629026412964
3657,18,train/lr,2.0996372798462822e-05
3658,18,train/loss,1.4328994750976562
3658,18,train/lr,2.0970581936031702e-05
3659,18,train/loss,1.5432922840118408
3659,18,train/lr,2.0944802719544855e-05
3660,18,train/loss,1.4626984596252441
3660,18,train/lr,2.0919035159344302e-05
3661,18,train/loss,1.4456250667572021
3661,18,train/lr,2.089327926576746e-05
3662,18,train/loss,1.5409754514694214
3662,18,train/lr,2.086753504914694e-05
3663,18,train/loss,1.5056514739990234
3663,18,train/lr,2.0841802519810787e-05
3664,18,train/loss,1.4616944789886475
3664,18,train/lr,2.0816081688082312e-05
3665,18,train/loss,1.4814082384109497
3665,18,train/lr,2.0790372564280068e-05
3666,18,train/loss,1.455150842666626
3666,18,train/lr,2.0764675158718056e-05
3667,18,train/loss,1.4525576829910278
3667,18,train/lr,2.0738989481705414e-05
3668,18,train/loss,1.572754979133606
3668,18,train/lr,2.0713315543546702e-05
3669,18,train/loss,1.3743089437484741
3669,18,train/lr,2.068765335454173e-05
3670,18,train/loss,1.2451425790786743
3670,18,train/lr,2.066200292498553e-05
3671,18,train/loss,1.2949154376983643
3671,18,train/lr,2.0636364265168522e-05
3672,18,train/loss,1.3151723146438599
3672,18,train/lr,2.061073738537635e-05
3673,18,train/loss,1.3629909753799438
3673,18,train/lr,2.058512229588992e-05
3674,18,train/loss,1.5679266452789307
3674,18,train/lr,2.055951900698544e-05
3675,18,train/loss,1.4064691066741943
3675,18,train/lr,2.053392752893436e-05
3676,18,train/loss,1.4817290306091309
3676,18,train/lr,2.0508347872003404e-05
3677,18,train/loss,1.3480337858200073
3677,18,train/lr,2.048278004645453e-05
3678,18,train/loss,1.5933270454406738
3678,18,train/lr,2.045722406254502e-05
3679,18,train/loss,1.5182318687438965
3679,18,train/lr,2.0431679930527315e-05
3680,18,train/loss,1.4979214668273926
3680,18,train/lr,2.0406147660649134e-05
3681,18,train/loss,1.3929939270019531
3681,18,train/lr,2.038062726315349e-05
3682,18,train/loss,1.437406063079834
3682,18,train/lr,2.0355118748278528e-05
3683,18,train/loss,1.451876163482666
3683,18,train/lr,2.0329622126257734e-05
3684,18,train/loss,1.484899640083313
3684,18,train/lr,2.0304137407319763e-05
3685,18,train/loss,1.4580292701721191
3685,18,train/lr,2.0278664601688496e-05
3686,18,train/loss,1.500962495803833
3686,18,train/lr,2.0253203719583053e-05
3687,18,train/loss,1.538851022720337
3687,18,train/lr,2.0227754771217756e-05
3688,18,train/loss,1.3974552154541016
3688,18,train/lr,2.0202317766802154e-05
3689,18,train/loss,1.4218473434448242
3689,18,train/lr,2.017689271654099e-05
3690,18,train/loss,1.5336058139801025
3690,18,train/lr,2.0151479630634225e-05
3691,18,train/loss,1.3563939332962036
3691,18,train/lr,2.0126078519277004e-05
3692,18,train/loss,1.4911972284317017
3692,18,train/lr,2.010068939265968e-05
3693,18,train/loss,1.5284123420715332
3693,18,train/lr,2.0075312260967795e-05
3694,18,train/loss,1.384333848953247
3694,18,train/lr,2.004994713438208e-05
3695,18,train/loss,1.3894362449645996
3695,18,train/lr,2.0024594023078448e-05
3696,18,train/loss,1.4671818017959595
3696,18,train/lr,1.9999252937227992e-05
3697,18,train/loss,1.1826379299163818
3697,18,train/lr,1.9973923886996966e-05
3698,18,train/loss,1.2893167734146118
3698,18,train/lr,1.9948606882546854e-05
3699,18,train/loss,1.368247628211975
3699,18,train/lr,1.992330193403421e-05
3700,18,train/loss,1.4109456539154053
3700,18,train/lr,1.9898009051610845e-05
3701,18,train/loss,1.3408831357955933
3701,18,train/lr,1.9872728245423694e-05
3702,18,train/loss,1.456587791442871
3702,18,train/lr,1.9847459525614793e-05
3703,18,train/loss,1.4058170318603516
3703,18,train/lr,1.982220290232143e-05
3704,18,train/loss,1.5832717418670654
3704,18,train/lr,1.9796958385675967e-05
3705,18,train/loss,1.5727899074554443
3705,18,train/lr,1.977172598580594e-05
3706,18,train/loss,1.5609362125396729
3706,18,train/lr,1.9746505712834012e-05
3707,18,train/loss,1.7200522422790527
3707,18,train/lr,1.9721297576877984e-05
3708,18,train/loss,1.579633116722107
3708,18,train/lr,1.9696101588050793e-05
3709,18,train/loss,1.4621391296386719
3709,18,train/lr,1.9670917756460488e-05
3710,18,train/loss,1.504467487335205
3710,18,train/lr,1.964574609221026e-05
3711,18,train/loss,1.4135220050811768
3711,18,train/lr,1.962058660539841e-05
3712,18,train/loss,1.34225332736969
3712,18,train/lr,1.9595439306118353e-05
3713,18,train/loss,1.522904396057129
3713,18,train/lr,1.9570304204458607e-05
3714,18,train/loss,1.4261754751205444
3714,18,train/lr,1.95451813105028e-05
3715,18,train/loss,1.420775055885315
3715,18,train/lr,1.9520070634329714e-05
3716,18,train/loss,1.5325798988342285
3716,18,train/lr,1.9494972186013123e-05
3717,18,train/loss,1.3870961666107178
3717,18,train/lr,1.9469885975621965e-05
3718,18,train/loss,1.5195422172546387
3718,18,train/lr,1.9444812013220314e-05
3719,18,train/loss,1.3689470291137695
3719,18,train/lr,1.9419750308867196e-05
3720,18,train/loss,1.476800799369812
3720,18,train/lr,1.9394700872616855e-05
3721,18,train/loss,1.4000945091247559
3721,18,train/lr,1.9369663714518543e-05
3722,18,train/loss,1.3254806995391846
3722,18,train/lr,1.934463884461659e-05
3723,18,train/loss,1.2902722358703613
3723,18,train/lr,1.931962627295042e-05
3724,18,train/loss,1.5468661785125732
3724,18,train/lr,1.9294626009554502e-05
3725,18,train/loss,1.4478563070297241
3725,18,train/lr,1.9269638064458367e-05
3726,18,train/loss,1.3819026947021484
3726,18,train/lr,1.9244662447686628e-05
3727,18,train/loss,1.3526594638824463
3727,18,train/lr,1.9219699169258927e-05
3728,18,train/loss,1.3678734302520752
3728,18,train/lr,1.9194748239189964e-05
3729,18,train/loss,1.4909379482269287
3729,18,train/lr,1.916980966748947e-05
3730,18,train/loss,1.5313588380813599
3730,18,train/lr,1.914488346416229e-05
3731,18,train/loss,1.3889678716659546
3731,18,train/lr,1.9119969639208198e-05
3732,18,train/loss,1.3445181846618652
3732,18,train/lr,1.9095068202622074e-05
3733,18,train/loss,1.310351848602295
3733,18,train/lr,1.9070179164393803e-05
3734,18,train/loss,1.4946441650390625
3734,18,train/lr,1.9045302534508297e-05
3735,18,train/loss,1.4856531620025635
3735,18,train/lr,1.9020438322945537e-05
3736,18,train/loss,1.446618914604187
3736,18,train/lr,1.8995586539680422e-05
3737,18,train/loss,1.4212250709533691
3737,18,train/lr,1.8970747194682964e-05
3738,18,train/loss,1.404669165611267
3738,18,train/lr,1.8945920297918153e-05
3739,18,train/loss,1.5009942054748535
3739,18,train/lr,1.892110585934592e-05
3740,18,train/loss,1.5220866203308105
3740,18,train/lr,1.8896303888921314e-05
3741,18,train/loss,1.3814716339111328
3741,18,train/lr,1.8871514396594303e-05
3742,18,train/loss,1.5614562034606934
3742,18,train/lr,1.8846737392309867e-05
3743,18,train/loss,1.5036858320236206
3743,18,train/lr,1.8821972886007976e-05
3744,18,train/loss,1.4332095384597778
3744,18,train/lr,1.8797220887623594e-05
3745,18,train/loss,1.4639008045196533
3745,18,train/lr,1.8772481407086655e-05
3746,18,train/loss,1.2186890840530396
3746,18,train/lr,1.874775445432209e-05
3747,18,train/loss,1.4549951553344727
3747,18,train/lr,1.872304003924978e-05
3748,18,train/loss,1.3667141199111938
3748,18,train/lr,1.869833817178459e-05
3749,18,train/loss,1.3393620252609253
3749,18,train/lr,1.8673648861836334e-05
3750,18,train/loss,1.3711826801300049
3750,18,train/lr,1.8648972119309853e-05
3751,18,train/loss,1.3408719301223755
3751,18,train/lr,1.8624307954104837e-05
3752,18,train/loss,1.3896863460540771
3752,18,train/lr,1.8599656376116026e-05
3753,18,train/loss,1.4637112617492676
3753,18,train/lr,1.857501739523308e-05
3754,18,train/loss,1.5066239833831787
3754,18,train/lr,1.855039102134055e-05
3755,18,train/loss,1.5525085926055908
3755,18,train/lr,1.8525777264318056e-05
3756,18,train/loss,1.4467134475708008
3756,18,train/lr,1.8501176134039995e-05
3757,18,train/loss,1.5646920204162598
3757,18,train/lr,1.847658764037584e-05
3758,18,train/loss,1.4011099338531494
3758,18,train/lr,1.845201179318992e-05
3759,18,train/loss,1.4176201820373535
3759,18,train/lr,1.8427448602341514e-05
3760,18,train/loss,1.364767074584961
3760,18,train/lr,1.8402898077684804e-05
3761,18,train/loss,1.5715914964675903
3761,18,train/lr,1.8378360229068914e-05
3762,18,train/loss,1.305241584777832
3762,18,train/lr,1.835383506633787e-05
3763,18,train/loss,1.4623273611068726
3763,18,train/lr,1.832932259933061e-05
3764,18,train/loss,1.3391954898834229
3764,18,train/lr,1.830482283788098e-05
3765,18,train/loss,1.327768325805664
3765,18,train/lr,1.8280335791817733e-05
3766,18,train/loss,1.4699418544769287
3766,18,train/lr,1.8255861470964497e-05
3767,18,train/loss,1.3398268222808838
3767,18,train/lr,1.8231399885139862e-05
3768,18,train/loss,1.25558340549469
3768,18,train/lr,1.820695104415721e-05
3769,18,train/loss,1.375198483467102
3769,18,train/lr,1.818251495782487e-05
3770,18,train/loss,1.3386049270629883
3770,18,train/lr,1.815809163594609e-05
3771,18,train/loss,1.3323497772216797
3771,18,train/lr,1.813368108831889e-05
3772,18,train/loss,1.4449107646942139
3772,18,train/lr,1.810928332473627e-05
3773,18,train/loss,1.4978342056274414
3773,18,train/lr,1.8084898354986045e-05
3774,18,train/loss,1.3076908588409424
3774,18,train/lr,1.8060526188850924e-05
3775,18,train/loss,1.3430986404418945
3775,18,train/lr,1.8036166836108454e-05
3776,18,train/loss,1.4469900131225586
3776,18,train/lr,1.8011820306531063e-05
3777,18,train/loss,1.3597095012664795
3777,18,train/lr,1.7987486609886018e-05
3778,18,train/loss,1.2583932876586914
3778,18,train/lr,1.7963165755935457e-05
3779,18,train/loss,1.5248467922210693
3779,18,train/lr,1.7938857754436343e-05
3780,18,train/loss,1.570176601409912
3780,18,train/lr,1.7914562615140506e-05
3781,18,train/loss,1.5750043392181396
3781,18,train/lr,1.7890280347794604e-05
3782,18,train/loss,1.6492979526519775
3782,18,train/lr,1.7866010962140122e-05
3783,18,train/loss,1.576955795288086
3783,18,train/lr,1.78417544679134e-05
3784,18,train/loss,1.4184786081314087
3784,18,train/lr,1.7817510874845583e-05
3785,18,train/loss,1.4071176052093506
3785,18,train/lr,1.7793280192662658e-05
3786,18,train/loss,1.5073118209838867
3786,18,train/lr,1.7769062431085403e-05
3787,18,train/loss,1.5403095483779907
3787,18,train/lr,1.774485759982949e-05
3788,18,train/loss,1.4836156368255615
3788,18,train/lr,1.772066570860528e-05
3789,18,train/loss,1.5304462909698486
3789,18,train/lr,1.7696486767118053e-05
3790,18,train/loss,1.4063420295715332
3790,18,train/lr,1.767232078506787e-05
3791,18,train/loss,1.3837885856628418
3791,18,train/lr,1.7648167772149503e-05
3792,18,train/loss,1.4553519487380981
3792,18,train/lr,1.7624027738052668e-05
3793,18,train/loss,1.3746892213821411
3793,18,train/lr,1.759990069246176e-05
3794,18,train/loss,1.5312566757202148
3794,18,train/lr,1.7575786645056014e-05
3795,18,train/loss,1.3901314735412598
3795,18,train/lr,1.755168560550944e-05
3796,18,train/loss,1.361854076385498
3796,18,train/lr,1.7527597583490822e-05
3797,18,train/loss,1.3278977870941162
3797,18,train/lr,1.7503522588663734e-05
3798,18,train/loss,1.4595527648925781
3798,18,train/lr,1.7479460630686494e-05
3799,18,train/loss,1.4294257164001465
3799,18,train/lr,1.7455411719212276e-05
3800,18,train/loss,1.3224190473556519
3800,18,train/lr,1.7431375863888898e-05
3801,18,train/loss,1.3016302585601807
3801,18,train/lr,1.7407353074359017e-05
3802,18,train/loss,1.3785346746444702
3802,18,train/lr,1.738334336026004e-05
3803,18,train/loss,1.4373681545257568
3803,18,train/lr,1.7359346731224096e-05
3804,18,train/loss,1.3762950897216797
3804,18,train/lr,1.7335363196878133e-05
3805,18,train/loss,1.506880521774292
3805,18,train/lr,1.7311392766843765e-05
3806,18,train/loss,1.396798849105835
3806,18,train/lr,1.7287435450737377e-05
3807,18,train/loss,1.4910352230072021
3807,18,train/lr,1.7263491258170157e-05
3808,18,train/loss,1.5813336372375488
3808,18,train/lr,1.723956019874789e-05
3809,18,train/loss,1.4676517248153687
3809,18,train/lr,1.721564228207124e-05
3810,18,train/loss,1.5376622676849365
3810,18,train/lr,1.719173751773551e-05
3811,18,train/loss,1.5430034399032593
3811,18,train/lr,1.7167845915330754e-05
3812,18,train/loss,1.4757908582687378
3812,18,train/lr,1.7143967484441738e-05
3813,18,train/loss,1.434672474861145
3813,18,train/lr,1.7120102234647938e-05
3814,18,train/loss,1.4078623056411743
3814,18,train/lr,1.7096250175523564e-05
3815,18,train/loss,1.3886585235595703
3815,18,train/lr,1.707241131663752e-05
3816,18,train/loss,1.546828269958496
3816,18,train/lr,1.7048585667553412e-05
3817,18,train/loss,1.479116439819336
3817,18,train/lr,1.702477323782955e-05
3818,18,train/loss,1.3739597797393799
3818,18,train/lr,1.7000974037018925e-05
3819,18,train/loss,1.279771089553833
3819,18,train/lr,1.6977188074669283e-05
3820,18,train/loss,1.37174654006958
3820,18,train/lr,1.695341536032297e-05
3821,18,train/loss,1.3649983406066895
3821,18,train/lr,1.6929655903517073e-05
3822,18,train/loss,1.4438974857330322
3822,18,train/lr,1.6905909713783346e-05
3823,18,train/loss,1.346946358680725
3823,18,train/lr,1.6882176800648203e-05
3824,18,train/loss,1.4602069854736328
3824,18,train/lr,1.6858457173632806e-05
3825,18,train/loss,1.3823961019515991
3825,18,train/lr,1.6834750842252866e-05
3826,18,train/loss,1.3897454738616943
3826,18,train/lr,1.681105781601887e-05
3827,18,train/loss,1.5444037914276123
3827,18,train/lr,1.678737810443593e-05
3828,18,train/loss,1.5335783958435059
3828,18,train/lr,1.676371171700375e-05
3829,18,train/loss,1.4915835857391357
3829,18,train/lr,1.6740058663216807e-05
3830,18,train/loss,1.7325081825256348
3830,18,train/lr,1.6716418952564146e-05
3831,18,train/loss,1.441105842590332
3831,18,train/lr,1.6692792594529483e-05
3832,18,train/loss,1.5023193359375
3832,18,train/lr,1.6669179598591183e-05
3833,18,train/loss,1.2934651374816895
3833,18,train/lr,1.664557997422224e-05
3834,18,train/loss,1.5244146585464478
3834,18,train/lr,1.6621993730890295e-05
3835,18,train/loss,1.517784833908081
3835,18,train/lr,1.6598420878057587e-05
3836,18,train/loss,1.4488399028778076
3836,18,train/lr,1.6574861425181066e-05
3837,18,train/loss,1.4784810543060303
3837,18,train/lr,1.6551315381712195e-05
3838,18,train/loss,1.4827792644500732
3838,18,train/lr,1.6527782757097122e-05
3839,18,train/loss,1.486609697341919
3839,18,train/lr,1.6504263560776644e-05
3840,18,train/loss,1.4754610061645508
3840,18,train/lr,1.648075780218607e-05
3841,18,train/loss,1.5115646123886108
3841,18,train/lr,1.645726549075542e-05
3842,18,train/loss,1.4077215194702148
3842,18,train/lr,1.643378663590928e-05
3843,18,train/loss,1.4631361961364746
3843,18,train/lr,1.6410321247066783e-05
3844,18,train/loss,1.3491917848587036
3844,18,train/lr,1.6386869333641784e-05
3845,18,train/loss,1.5226855278015137
3845,18,train/lr,1.636343090504258e-05
3846,18,train/loss,1.2241861820220947
3846,18,train/lr,1.63400059706722e-05
3847,18,train/loss,1.3585500717163086
3847,18,train/lr,1.6316594539928175e-05
3848,18,train/loss,1.4059550762176514
3848,18,train/lr,1.6293196622202635e-05
3849,18,train/loss,1.452262043952942
3849,18,train/lr,1.62698122268823e-05
3850,18,train/loss,1.3600077629089355
3850,18,train/lr,1.6246441363348453e-05
3851,18,train/loss,1.4896368980407715
3851,18,train/lr,1.622308404097696e-05
3852,18,train/loss,1.496748924255371
3852,18,train/lr,1.6199740269138254e-05
3853,18,train/loss,1.2899773120880127
3853,18,train/lr,1.617641005719731e-05
3854,18,train/loss,1.4928534030914307
3854,18,train/lr,1.61530934145137e-05
3855,18,train/loss,1.616687536239624
3855,18,train/lr,1.6129790350441503e-05
3856,18,train/loss,1.4525165557861328
3856,18,train/lr,1.6106500874329433e-05
3857,18,train/loss,1.409736156463623
3857,18,train/lr,1.6083224995520653e-05
3858,18,train/loss,1.4295587539672852
3858,18,train/lr,1.605996272335291e-05
3859,18,train/loss,1.6184102296829224
3859,18,train/lr,1.6036714067158552e-05
3860,18,train/loss,1.4474549293518066
3860,18,train/lr,1.6013479036264355e-05
3861,18,train/loss,1.563380241394043
3861,18,train/lr,1.5990257639991736e-05
3862,18,train/loss,1.4051496982574463
3862,18,train/lr,1.596704988765656e-05
3863,18,train/loss,1.3966830968856812
3863,18,train/lr,1.5943855788569268e-05
3864,18,train/loss,1.4721308946609497
3864,18,train/lr,1.592067535203479e-05
3865,18,train/loss,1.3434244394302368
3865,18,train/lr,1.5897508587352612e-05
3866,18,train/loss,1.2996385097503662
3866,18,train/lr,1.58743555038167e-05
3867,18,train/loss,1.3717005252838135
3867,18,train/lr,1.5851216110715557e-05
3868,18,train/loss,1.3354175090789795
3868,18,train/lr,1.582809041733217e-05
3869,18,train/loss,1.4650518894195557
3869,18,train/lr,1.5804978432944047e-05
3870,18,train/loss,1.3771276473999023
3870,18,train/lr,1.5781880166823197e-05
3870,18,train/batches,429.0
3870,18,train/compute_pct,99.91129129546124
3870,18,train/compute_sec,47.52785974735161
3870,18,train/data_wait_pct,0.0887087045387585
3870,18,train/data_wait_sec,0.04219878267031163
3870,18,train/examples,5148.0
3870,18,train/examples_per_sec,108.21933289720565
3870,18,train/input_tokens,1561354.0
3870,18,train/peak_vram_gb,4.931502819061279
3870,18,train/target_tokens,416597.0
3870,18,train/tokens_per_sec,41579.74703250987
3870,18,train/total_sec,47.570058530021925
3870,18,train/epoch_loss,1.4368392215186343
3870,18,epoch18/batches,429.0
3870,18,epoch18/compute_pct,99.91129129546124
3870,18,epoch18/compute_sec,47.52785974735161
3870,18,epoch18/data_wait_pct,0.0887087045387585
3870,18,epoch18/data_wait_sec,0.04219878267031163
3870,18,epoch18/examples,5148.0
3870,18,epoch18/examples_per_sec,108.21933289720565
3870,18,epoch18/input_tokens,1561354.0
3870,18,epoch18/peak_vram_gb,4.931502819061279
3870,18,epoch18/target_tokens,416597.0
3870,18,epoch18/tokens_per_sec,41579.74703250987
3870,18,epoch18/total_sec,47.570058530021925
3870,18,val/bleu,23.776277952164957
3870,18,val/chrf,43.066075287921436
3870,18,val/combined,31.99923399637064
3870,18,val/eval_peak_vram_gb,4.931502819061279
3870,18,val/eval_samples_per_sec,7.792302517326064
3870,18,val/eval_seconds,73.66243786399718
3870,18,val/eval_tokens_per_sec,1904.5799198097168
3871,19,train/loss,1.3555166721343994
3871,19,train/lr,1.5758795628236116e-05
3872,19,train/loss,1.574458122253418
3872,19,train/lr,1.5735724826443787e-05
3873,19,train/loss,1.5558090209960938
3873,19,train/lr,1.5712667770701732e-05
3874,19,train/loss,1.524705171585083
3874,19,train/lr,1.5689624470259877e-05
3875,19,train/loss,1.3520081043243408
3875,19,train/lr,1.566659493436267e-05
3876,19,train/loss,1.4860633611679077
3876,19,train/lr,1.564357917224909e-05
3877,19,train/loss,1.3695964813232422
3877,19,train/lr,1.5620577193152468e-05
3878,19,train/loss,1.4274901151657104
3878,19,train/lr,1.5597589006300727e-05
3879,19,train/loss,1.4240832328796387
3879,19,train/lr,1.557461462091621e-05
3880,19,train/loss,1.461002230644226
3880,19,train/lr,1.555165404621567e-05
3881,19,train/loss,1.488851547241211
3881,19,train/lr,1.5528707291410415e-05
3882,19,train/loss,1.4336752891540527
3882,19,train/lr,1.550577436570615e-05
3883,19,train/loss,1.4258089065551758
3883,19,train/lr,1.5482855278303036e-05
3884,19,train/loss,1.5612199306488037
3884,19,train/lr,1.5459950038395703e-05
3885,19,train/loss,1.3618342876434326
3885,19,train/lr,1.5437058655173202e-05
3886,19,train/loss,1.3628993034362793
3886,19,train/lr,1.541418113781905e-05
3887,19,train/loss,1.439424991607666
3887,19,train/lr,1.5391317495511177e-05
3888,19,train/loss,1.4824599027633667
3888,19,train/lr,1.5368467737421964e-05
3889,19,train/loss,1.428178071975708
3889,19,train/lr,1.5345631872718214e-05
3890,19,train/loss,1.2580816745758057
3890,19,train/lr,1.532280991056116e-05
3891,19,train/loss,1.3210543394088745
3891,19,train/lr,1.530000186010645e-05
3892,19,train/loss,1.3089114427566528
3892,19,train/lr,1.5277207730504144e-05
3893,19,train/loss,1.4330856800079346
3893,19,train/lr,1.5254427530898786e-05
3894,19,train/loss,1.46994948387146
3894,19,train/lr,1.5231661270429214e-05
3895,19,train/loss,1.6062123775482178
3895,19,train/lr,1.520890895822874e-05
3896,19,train/loss,1.3521538972854614
3896,19,train/lr,1.5186170603425132e-05
3897,19,train/loss,1.5516016483306885
3897,19,train/lr,1.5163446215140426e-05
3898,19,train/loss,1.339750051498413
3898,19,train/lr,1.5140735802491186e-05
3899,19,train/loss,1.3652544021606445
3899,19,train/lr,1.5118039374588295e-05
3900,19,train/loss,1.5289431810379028
3900,19,train/lr,1.5095356940537052e-05
3901,19,train/loss,1.4066355228424072
3901,19,train/lr,1.5072688509437127e-05
3902,19,train/loss,1.519317865371704
3902,19,train/lr,1.5050034090382586e-05
3903,19,train/loss,1.414022445678711
3903,19,train/lr,1.5027393692461873e-05
3904,19,train/loss,1.4763538837432861
3904,19,train/lr,1.500476732475779e-05
3905,19,train/loss,1.3908367156982422
3905,19,train/lr,1.4982154996347525e-05
3906,19,train/loss,1.4290356636047363
3906,19,train/lr,1.4959556716302642e-05
3907,19,train/loss,1.3812427520751953
3907,19,train/lr,1.4936972493689033e-05
3908,19,train/loss,1.402705430984497
3908,19,train/lr,1.4914402337567024e-05
3909,19,train/loss,1.3227741718292236
3909,19,train/lr,1.4891846256991193e-05
3910,19,train/loss,1.4344090223312378
3910,19,train/lr,1.4869304261010586e-05
3911,19,train/loss,1.330939769744873
3911,19,train/lr,1.4846776358668491e-05
3912,19,train/loss,1.3149333000183105
3912,19,train/lr,1.4824262559002594e-05
3913,19,train/loss,1.3352316617965698
3913,19,train/lr,1.4801762871044977e-05
3914,19,train/loss,1.442508339881897
3914,19,train/lr,1.4779277303821926e-05
3915,19,train/loss,1.2923603057861328
3915,19,train/lr,1.47568058663542e-05
3916,19,train/loss,1.4899945259094238
3916,19,train/lr,1.4734348567656824e-05
3917,19,train/loss,1.5211906433105469
3917,19,train/lr,1.4711905416739113e-05
3918,19,train/loss,1.3851553201675415
3918,19,train/lr,1.4689476422604798e-05
3919,19,train/loss,1.4556865692138672
3919,19,train/lr,1.4667061594251857e-05
3920,19,train/loss,1.6304320096969604
3920,19,train/lr,1.4644660940672627e-05
3921,19,train/loss,1.3970918655395508
3921,19,train/lr,1.4622274470853731e-05
3922,19,train/loss,1.610987901687622
3922,19,train/lr,1.4599902193776121e-05
3923,19,train/loss,1.576851487159729
3923,19,train/lr,1.4577544118415038e-05
3924,19,train/loss,1.373497486114502
3924,19,train/lr,1.4555200253740026e-05
3925,19,train/loss,1.4502301216125488
3925,19,train/lr,1.4532870608714982e-05
3926,19,train/loss,1.3267172574996948
3926,19,train/lr,1.4510555192298004e-05
3927,19,train/loss,1.3781572580337524
3927,19,train/lr,1.4488254013441533e-05
3928,19,train/loss,1.462693691253662
3928,19,train/lr,1.4465967081092346e-05
3929,19,train/loss,1.3776743412017822
3929,19,train/lr,1.4443694404191389e-05
3930,19,train/loss,1.5152697563171387
3930,19,train/lr,1.4421435991673999e-05
3931,19,train/loss,1.411942481994629
3931,19,train/lr,1.4399191852469752e-05
3932,19,train/loss,1.4015231132507324
3932,19,train/lr,1.4376961995502447e-05
3933,19,train/loss,1.4174331426620483
3933,19,train/lr,1.4354746429690252e-05
3934,19,train/loss,1.2881379127502441
3934,19,train/lr,1.4332545163945494e-05
3935,19,train/loss,1.3467793464660645
3935,19,train/lr,1.4310358207174856e-05
3936,19,train/loss,1.2404251098632812
3936,19,train/lr,1.4288185568279238e-05
3937,19,train/loss,1.3832004070281982
3937,19,train/lr,1.426602725615379e-05
3938,19,train/loss,1.293701171875
3938,19,train/lr,1.424388327968793e-05
3939,19,train/loss,1.377953052520752
3939,19,train/lr,1.4221753647765317e-05
3940,19,train/loss,1.3911583423614502
3940,19,train/lr,1.4199638369263857e-05
3941,19,train/loss,1.359645128250122
3941,19,train/lr,1.41775374530557e-05
3942,19,train/loss,1.37998366355896
3942,19,train/lr,1.4155450908007234e-05
3943,19,train/loss,1.4971592426300049
3943,19,train/lr,1.4133378742979075e-05
3944,19,train/loss,1.5403368473052979
3944,19,train/lr,1.4111320966826059e-05
3945,19,train/loss,1.497711420059204
3945,19,train/lr,1.408927758839732e-05
3946,19,train/loss,1.2031196355819702
3946,19,train/lr,1.4067248616536088e-05
3947,19,train/loss,1.4921245574951172
3947,19,train/lr,1.4045234060079947e-05
3948,19,train/loss,1.3904716968536377
3948,19,train/lr,1.402323392786063e-05
3949,19,train/loss,1.3359615802764893
3949,19,train/lr,1.4001248228704044e-05
3950,19,train/loss,1.5024199485778809
3950,19,train/lr,1.3979276971430404e-05
3951,19,train/loss,1.3866307735443115
3951,19,train/lr,1.3957320164854059e-05
3952,19,train/loss,1.4811185598373413
3952,19,train/lr,1.3935377817783584e-05
3953,19,train/loss,1.4677623510360718
3953,19,train/lr,1.3913449939021756e-05
3954,19,train/loss,1.2601745128631592
3954,19,train/lr,1.3891536537365541e-05
3955,19,train/loss,1.3512718677520752
3955,19,train/lr,1.386963762160609e-05
3956,19,train/loss,1.4111711978912354
3956,19,train/lr,1.3847753200528763e-05
3957,19,train/loss,1.418691873550415
3957,19,train/lr,1.3825883282913088e-05
3958,19,train/loss,1.5910249948501587
3958,19,train/lr,1.3804027877532777e-05
3959,19,train/loss,1.3209236860275269
3959,19,train/lr,1.3782186993155728e-05
3960,19,train/loss,1.2832309007644653
3960,19,train/lr,1.3760360638544012e-05
3961,19,train/loss,1.5305233001708984
3961,19,train/lr,1.3738548822453839e-05
3962,19,train/loss,1.3455774784088135
3962,19,train/lr,1.3716751553635676e-05
3963,19,train/loss,1.3080594539642334
3963,19,train/lr,1.3694968840834038e-05
3964,19,train/loss,1.4292316436767578
3964,19,train/lr,1.3673200692787663e-05
3965,19,train/loss,1.537530541419983
3965,19,train/lr,1.3651447118229472e-05
3966,19,train/loss,1.4687352180480957
3966,19,train/lr,1.3629708125886453e-05
3967,19,train/loss,1.4015734195709229
3967,19,train/lr,1.3607983724479844e-05
3968,19,train/loss,1.4957387447357178
3968,19,train/lr,1.3586273922724979e-05
3969,19,train/loss,1.3399227857589722
3969,19,train/lr,1.3564578729331296e-05
3970,19,train/loss,1.6779096126556396
3970,19,train/lr,1.3542898153002453e-05
3971,19,train/loss,1.3827592134475708
3971,19,train/lr,1.3521232202436202e-05
3972,19,train/loss,1.4678984880447388
3972,19,train/lr,1.349958088632442e-05
3973,19,train/loss,1.4076964855194092
3973,19,train/lr,1.3477944213353122e-05
3974,19,train/loss,1.4173338413238525
3974,19,train/lr,1.3456322192202464e-05
3975,19,train/loss,1.541526436805725
3975,19,train/lr,1.3434714831546702e-05
3976,19,train/loss,1.2503315210342407
3976,19,train/lr,1.3413122140054218e-05
3977,19,train/loss,1.3448623418807983
3977,19,train/lr,1.3391544126387518e-05
3978,19,train/loss,1.6327141523361206
3978,19,train/lr,1.3369980799203202e-05
3979,19,train/loss,1.3209630250930786
3979,19,train/lr,1.3348432167151991e-05
3980,19,train/loss,1.4487800598144531
3980,19,train/lr,1.3326898238878716e-05
3981,19,train/loss,1.5154483318328857
3981,19,train/lr,1.3305379023022275e-05
3982,19,train/loss,1.1935818195343018
3982,19,train/lr,1.3283874528215733e-05
3983,19,train/loss,1.2566829919815063
3983,19,train/lr,1.3262384763086156e-05
3984,19,train/loss,1.299973964691162
3984,19,train/lr,1.3240909736254792e-05
3985,19,train/loss,1.4756672382354736
3985,19,train/lr,1.321944945633693e-05
3986,19,train/loss,1.4234678745269775
3986,19,train/lr,1.3198003931941905e-05
3987,19,train/loss,1.2793803215026855
3987,19,train/lr,1.3176573171673224e-05
3988,19,train/loss,1.3104673624038696
3988,19,train/lr,1.3155157184128398e-05
3989,19,train/loss,1.441067099571228
3989,19,train/lr,1.3133755977899048e-05
3990,19,train/loss,1.3848652839660645
3990,19,train/lr,1.3112369561570842e-05
3991,19,train/loss,1.412981629371643
3991,19,train/lr,1.3090997943723533e-05
3992,19,train/loss,1.4772977828979492
3992,19,train/lr,1.3069641132930926e-05
3993,19,train/loss,1.4955990314483643
3993,19,train/lr,1.3048299137760884e-05
3994,19,train/loss,1.5486187934875488
3994,19,train/lr,1.3026971966775342e-05
3995,19,train/loss,1.5577508211135864
3995,19,train/lr,1.3005659628530271e-05
3996,19,train/loss,1.4221830368041992
3996,19,train/lr,1.2984362131575684e-05
3997,19,train/loss,1.3830499649047852
3997,19,train/lr,1.2963079484455699e-05
3998,19,train/loss,1.252467155456543
3998,19,train/lr,1.2941811695708367e-05
3999,19,train/loss,1.4132171869277954
3999,19,train/lr,1.2920558773865909e-05
4000,19,train/loss,1.4184343814849854
4000,19,train/lr,1.2899320727454472e-05
4001,19,train/loss,1.4040660858154297
4001,19,train/lr,1.2878097564994274e-05
4002,19,train/loss,1.290421724319458
4002,19,train/lr,1.2856889294999607e-05
4003,19,train/loss,1.238929271697998
4003,19,train/lr,1.2835695925978698e-05
4004,19,train/loss,1.512850046157837
4004,19,train/lr,1.2814517466433884e-05
4005,19,train/loss,1.4327337741851807
4005,19,train/lr,1.279335392486149e-05
4006,19,train/loss,1.4712634086608887
4006,19,train/lr,1.2772205309751795e-05
4007,19,train/loss,1.2692086696624756
4007,19,train/lr,1.2751071629589195e-05
4008,19,train/loss,1.5822787284851074
4008,19,train/lr,1.2729952892852021e-05
4009,19,train/loss,1.458775281906128
4009,19,train/lr,1.2708849108012644e-05
4010,19,train/loss,1.3863977193832397
4010,19,train/lr,1.2687760283537414e-05
4011,19,train/loss,1.2369922399520874
4011,19,train/lr,1.2666686427886688e-05
4012,19,train/loss,1.2598952054977417
4012,19,train/lr,1.2645627549514827e-05
4013,19,train/loss,1.3721089363098145
4013,19,train/lr,1.2624583656870154e-05
4014,19,train/loss,1.4929176568984985
4014,19,train/lr,1.2603554758395047e-05
4015,19,train/loss,1.3368300199508667
4015,19,train/lr,1.2582540862525783e-05
4016,19,train/loss,1.3512331247329712
4016,19,train/lr,1.2561541977692659e-05
4017,19,train/loss,1.3964459896087646
4017,19,train/lr,1.2540558112319994e-05
4018,19,train/loss,1.4295116662979126
4018,19,train/lr,1.2519589274825977e-05
4019,19,train/loss,1.4630615711212158
4019,19,train/lr,1.2498635473622882e-05
4020,19,train/loss,1.5363825559616089
4020,19,train/lr,1.2477696717116877e-05
4021,19,train/loss,1.5990145206451416
4021,19,train/lr,1.2456773013708122e-05
4022,19,train/loss,1.5593072175979614
4022,19,train/lr,1.243586437179074e-05
4023,19,train/loss,1.637667179107666
4023,19,train/lr,1.2414970799752768e-05
4024,19,train/loss,1.5938262939453125
4024,19,train/lr,1.2394092305976273e-05
4025,19,train/loss,1.5227088928222656
4025,19,train/lr,1.2373228898837218e-05
4026,19,train/loss,1.5334103107452393
4026,19,train/lr,1.235238058670553e-05
4027,19,train/loss,1.4707063436508179
4027,19,train/lr,1.233154737794508e-05
4028,19,train/loss,1.3787593841552734
4028,19,train/lr,1.231072928091368e-05
4029,19,train/loss,1.4934930801391602
4029,19,train/lr,1.2289926303963072e-05
4030,19,train/loss,1.4206801652908325
4030,19,train/lr,1.226913845543895e-05
4031,19,train/loss,1.4094487428665161
4031,19,train/lr,1.2248365743680918e-05
4032,19,train/loss,1.559814214706421
4032,19,train/lr,1.222760817702252e-05
4033,19,train/loss,1.535884141921997
4033,19,train/lr,1.2206865763791204e-05
4034,19,train/loss,1.3291393518447876
4034,19,train/lr,1.2186138512308404e-05
4035,19,train/loss,1.5715878009796143
4035,19,train/lr,1.216542643088936e-05
4036,19,train/loss,1.2594268321990967
4036,19,train/lr,1.2144729527843335e-05
4037,19,train/loss,1.306344747543335
4037,19,train/lr,1.212404781147346e-05
4038,19,train/loss,1.2606409788131714
4038,19,train/lr,1.2103381290076726e-05
4039,19,train/loss,1.4811848402023315
4039,19,train/lr,1.2082729971944118e-05
4040,19,train/loss,1.3698358535766602
4040,19,train/lr,1.2062093865360458e-05
4041,19,train/loss,1.427623987197876
4041,19,train/lr,1.2041472978604479e-05
4042,19,train/loss,1.4529929161071777
4042,19,train/lr,1.2020867319948842e-05
4043,19,train/loss,1.3490368127822876
4043,19,train/lr,1.2000276897660017e-05
4044,19,train/loss,1.4166158437728882
4044,19,train/lr,1.1979701719998453e-05
4045,19,train/loss,1.4682718515396118
4045,19,train/lr,1.1959141795218449e-05
4046,19,train/loss,1.5290679931640625
4046,19,train/lr,1.1938597131568159e-05
4047,19,train/loss,1.5193443298339844
4047,19,train/lr,1.1918067737289651e-05
4048,19,train/loss,1.3785743713378906
4048,19,train/lr,1.1897553620618846e-05
4049,19,train/loss,1.5057148933410645
4049,19,train/lr,1.187705478978554e-05
4050,19,train/loss,1.4546812772750854
4050,19,train/lr,1.1856571253013393e-05
4051,19,train/loss,1.3554327487945557
4051,19,train/lr,1.1836103018519972e-05
4052,19,train/loss,1.5062947273254395
4052,19,train/lr,1.1815650094516628e-05
4053,19,train/loss,1.4357904195785522
4053,19,train/lr,1.1795212489208606e-05
4054,19,train/loss,1.4194046258926392
4054,19,train/lr,1.1774790210795061e-05
4055,19,train/loss,1.4628520011901855
4055,19,train/lr,1.1754383267468889e-05
4056,19,train/loss,1.5260568857192993
4056,19,train/lr,1.1733991667416928e-05
4057,19,train/loss,1.4496145248413086
4057,19,train/lr,1.1713615418819818e-05
4058,19,train/loss,1.3890244960784912
4058,19,train/lr,1.1693254529852044e-05
4059,19,train/loss,1.397620677947998
4059,19,train/lr,1.1672909008681943e-05
4060,19,train/loss,1.3424303531646729
4060,19,train/lr,1.1652578863471664e-05
4061,19,train/loss,1.4375052452087402
4061,19,train/lr,1.1632264102377205e-05
4062,19,train/loss,1.3266041278839111
4062,19,train/lr,1.1611964733548386e-05
4063,19,train/loss,1.4545561075210571
4063,19,train/lr,1.1591680765128859e-05
4064,19,train/loss,1.3803324699401855
4064,19,train/lr,1.1571412205256089e-05
4065,19,train/loss,1.4688098430633545
4065,19,train/lr,1.1551159062061357e-05
4066,19,train/loss,1.3173365592956543
4066,19,train/lr,1.1530921343669775e-05
4067,19,train/loss,1.251928448677063
4067,19,train/lr,1.1510699058200247e-05
4068,19,train/loss,1.3242502212524414
4068,19,train/lr,1.1490492213765508e-05
4069,19,train/loss,1.3759485483169556
4069,19,train/lr,1.1470300818472068e-05
4070,19,train/loss,1.6023187637329102
4070,19,train/lr,1.145012488042026e-05
4071,19,train/loss,1.3409104347229004
4071,19,train/lr,1.1429964407704246e-05
4072,19,train/loss,1.5215137004852295
4072,19,train/lr,1.1409819408411898e-05
4073,19,train/loss,1.4690656661987305
4073,19,train/lr,1.1389689890624966e-05
4074,19,train/loss,1.3361895084381104
4074,19,train/lr,1.1369575862418969e-05
4075,19,train/loss,1.3954718112945557
4075,19,train/lr,1.134947733186315e-05
4076,19,train/loss,1.4215121269226074
4076,19,train/lr,1.132939430702063e-05
4077,19,train/loss,1.470727562904358
4077,19,train/lr,1.1309326795948244e-05
4078,19,train/loss,1.5048422813415527
4078,19,train/lr,1.1289274806696621e-05
4079,19,train/loss,1.3323087692260742
4079,19,train/lr,1.1269238347310174e-05
4080,19,train/loss,1.450500726699829
4080,19,train/lr,1.1249217425827063e-05
4081,19,train/loss,1.3922008275985718
4081,19,train/lr,1.1229212050279242e-05
4082,19,train/loss,1.2675368785858154
4082,19,train/lr,1.12092222286924e-05
4083,19,train/loss,1.4658769369125366
4083,19,train/lr,1.1189247969086014e-05
4084,19,train/loss,1.5386652946472168
4084,19,train/lr,1.1169289279473295e-05
4085,19,train/loss,1.4870644807815552
4085,19,train/lr,1.1149346167861203e-05
4085,19,train/batches,429.0
4085,19,train/compute_pct,99.91672033603841
4085,19,train/compute_sec,47.495818146679085
4085,19,train/data_wait_pct,0.08327966396158482
4085,19,train/data_wait_sec,0.039587325940374285
4085,19,train/examples,5148.0
4085,19,train/examples_per_sec,108.2982242144808
4085,19,train/input_tokens,1561205.0
4085,19,train/peak_vram_gb,4.931502819061279
4085,19,train/target_tokens,417291.0
4085,19,train/tokens_per_sec,41621.52358497541
4085,19,train/total_sec,47.53540547261946
4085,19,train/epoch_loss,1.4318102198047238
4085,19,epoch19/batches,429.0
4085,19,epoch19/compute_pct,99.91672033603841
4085,19,epoch19/compute_sec,47.495818146679085
4085,19,epoch19/data_wait_pct,0.08327966396158482
4085,19,epoch19/data_wait_sec,0.039587325940374285
4085,19,epoch19/examples,5148.0
4085,19,epoch19/examples_per_sec,108.2982242144808
4085,19,epoch19/input_tokens,1561205.0
4085,19,epoch19/peak_vram_gb,4.931502819061279
4085,19,epoch19/target_tokens,417291.0
4085,19,epoch19/tokens_per_sec,41621.52358497541
4085,19,epoch19/total_sec,47.53540547261946
4085,19,val/bleu,24.650026312314957
4085,19,val/chrf,42.979574932470065
4085,19,val/combined,32.54915748491041
4085,19,val/eval_peak_vram_gb,4.931502819061279
4085,19,val/eval_samples_per_sec,7.960518911662259
4085,19,val/eval_seconds,72.10585218999768
4085,19,val/eval_tokens_per_sec,1889.7772630291743
4086,20,train/loss,1.3448388576507568
4086,20,train/lr,1.1129418642250506e-05
4087,20,train/loss,1.4448013305664062
4087,20,train/lr,1.110950671063562e-05
4088,20,train/loss,1.3519260883331299
4088,20,train/lr,1.1089610381004812e-05
4089,20,train/loss,1.4435303211212158
4089,20,train/lr,1.1069729661340006e-05
4090,20,train/loss,1.471388339996338
4090,20,train/lr,1.1049864559616885e-05
4091,20,train/loss,1.2674882411956787
4091,20,train/lr,1.1030015083804929e-05
4092,20,train/loss,1.512764573097229
4092,20,train/lr,1.1010181241867234e-05
4093,20,train/loss,1.447026252746582
4093,20,train/lr,1.0990363041760731e-05
4094,20,train/loss,1.3548939228057861
4094,20,train/lr,1.097056049143602e-05
4095,20,train/loss,1.4455811977386475
4095,20,train/lr,1.0950773598837443e-05
4096,20,train/loss,1.394402265548706
4096,20,train/lr,1.0931002371903037e-05
4097,20,train/loss,1.5348552465438843
4097,20,train/lr,1.091124681856458e-05
4098,20,train/loss,1.3103779554367065
4098,20,train/lr,1.0891506946747553e-05
4099,20,train/loss,1.4367904663085938
4099,20,train/lr,1.0871782764371136e-05
4100,20,train/loss,1.2633154392242432
4100,20,train/lr,1.0852074279348235e-05
4101,20,train/loss,1.2425049543380737
4101,20,train/lr,1.0832381499585436e-05
4102,20,train/loss,1.3151839971542358
4102,20,train/lr,1.0812704432983034e-05
4103,20,train/loss,1.339160680770874
4103,20,train/lr,1.0793043087435051e-05
4104,20,train/loss,1.5333963632583618
4104,20,train/lr,1.0773397470829145e-05
4105,20,train/loss,1.3936467170715332
4105,20,train/lr,1.0753767591046677e-05
4106,20,train/loss,1.3028841018676758
4106,20,train/lr,1.0734153455962765e-05
4107,20,train/loss,1.435457468032837
4107,20,train/lr,1.0714555073446092e-05
4108,20,train/loss,1.6108644008636475
4108,20,train/lr,1.0694972451359126e-05
4109,20,train/loss,1.5192513465881348
4109,20,train/lr,1.0675405597557958e-05
4110,20,train/loss,1.5775187015533447
4110,20,train/lr,1.0655854519892367e-05
4111,20,train/loss,1.4903470277786255
4111,20,train/lr,1.063631922620582e-05
4112,20,train/loss,1.5895533561706543
4112,20,train/lr,1.0616799724335385e-05
4113,20,train/loss,1.5192811489105225
4113,20,train/lr,1.0597296022111885e-05
4114,20,train/loss,1.5321087837219238
4114,20,train/lr,1.0577808127359756e-05
4115,20,train/loss,1.3917486667633057
4115,20,train/lr,1.05583360478971e-05
4116,20,train/loss,1.411067247390747
4116,20,train/lr,1.0538879791535666e-05
4117,20,train/loss,1.3620588779449463
4117,20,train/lr,1.0519439366080863e-05
4118,20,train/loss,1.4718115329742432
4118,20,train/lr,1.0500014779331756e-05
4119,20,train/loss,1.3421818017959595
4119,20,train/lr,1.0480606039081047e-05
4120,20,train/loss,1.509706974029541
4120,20,train/lr,1.046121315311508e-05
4121,20,train/loss,1.4426288604736328
4121,20,train/lr,1.0441836129213838e-05
4122,20,train/loss,1.4496651887893677
4122,20,train/lr,1.0422474975150937e-05
4123,20,train/loss,1.4880867004394531
4123,20,train/lr,1.040312969869367e-05
4124,20,train/loss,1.4821598529815674
4124,20,train/lr,1.038380030760287e-05
4125,20,train/loss,1.5784213542938232
4125,20,train/lr,1.0364486809633089e-05
4126,20,train/loss,1.4981982707977295
4126,20,train/lr,1.034518921253247e-05
4127,20,train/loss,1.3412988185882568
4127,20,train/lr,1.0325907524042721e-05
4128,20,train/loss,1.4315944910049438
4128,20,train/lr,1.0306641751899264e-05
4129,20,train/loss,1.4816572666168213
4129,20,train/lr,1.0287391903831083e-05
4130,20,train/loss,1.3533889055252075
4130,20,train/lr,1.0268157987560772e-05
4131,20,train/loss,1.3772021532058716
4131,20,train/lr,1.0248940010804543e-05
4132,20,train/loss,1.4586461782455444
4132,20,train/lr,1.0229737981272219e-05
4133,20,train/loss,1.3824470043182373
4133,20,train/lr,1.021055190666721e-05
4134,20,train/loss,1.4230753183364868
4134,20,train/lr,1.0191381794686538e-05
4135,20,train/loss,1.6224186420440674
4135,20,train/lr,1.0172227653020816e-05
4136,20,train/loss,1.3814923763275146
4136,20,train/lr,1.0153089489354257e-05
4137,20,train/loss,1.44527006149292
4137,20,train/lr,1.013396731136465e-05
4138,20,train/loss,1.5433292388916016
4138,20,train/lr,1.0114861126723385e-05
4139,20,train/loss,1.5016050338745117
4139,20,train/lr,1.0095770943095412e-05
4140,20,train/loss,1.3651005029678345
4140,20,train/lr,1.0076696768139326e-05
4141,20,train/loss,1.3068655729293823
4141,20,train/lr,1.0057638609507208e-05
4142,20,train/loss,1.4773492813110352
4142,20,train/lr,1.0038596474844764e-05
4143,20,train/loss,1.42771577835083
4143,20,train/lr,1.0019570371791303e-05
4144,20,train/loss,1.4576572179794312
4144,20,train/lr,1.0000560307979612e-05
4145,20,train/loss,1.4905048608779907
4145,20,train/lr,9.981566291036138e-06
4146,20,train/loss,1.3589414358139038
4146,20,train/lr,9.96258832858084e-06
4147,20,train/loss,1.445859432220459
4147,20,train/lr,9.943626428227243e-06
4148,20,train/loss,1.3393471240997314
4148,20,train/lr,9.92468059758243e-06
4149,20,train/loss,1.5398571491241455
4149,20,train/lr,9.905750844247047e-06
4150,20,train/loss,1.3342183828353882
4150,20,train/lr,9.886837175815272e-06
4151,20,train/loss,1.2859140634536743
4151,20,train/lr,9.867939599874843e-06
4152,20,train/loss,1.290686011314392
4152,20,train/lr,9.849058124007043e-06
4153,20,train/loss,1.3770270347595215
4153,20,train/lr,9.830192755786688e-06
4154,20,train/loss,1.3850955963134766
4154,20,train/lr,9.811343502782133e-06
4155,20,train/loss,1.3164255619049072
4155,20,train/lr,9.792510372555274e-06
4156,20,train/loss,1.343916893005371
4156,20,train/lr,9.77369337266154e-06
4157,20,train/loss,1.3448354005813599
4157,20,train/lr,9.754892510649882e-06
4158,20,train/loss,1.4395503997802734
4158,20,train/lr,9.736107794062777e-06
4159,20,train/loss,1.5548914670944214
4159,20,train/lr,9.717339230436212e-06
4160,20,train/loss,1.4861476421356201
4160,20,train/lr,9.69858682729976e-06
4161,20,train/loss,1.3227347135543823
4161,20,train/lr,9.679850592176392e-06
4162,20,train/loss,1.45560884475708
4162,20,train/lr,9.661130532582713e-06
4163,20,train/loss,1.4729413986206055
4163,20,train/lr,9.64242665602878e-06
4164,20,train/loss,1.4013932943344116
4164,20,train/lr,9.623738970018121e-06
4165,20,train/loss,1.5425207614898682
4165,20,train/lr,9.605067482047863e-06
4166,20,train/loss,1.434706449508667
4166,20,train/lr,9.586412199608557e-06
4167,20,train/loss,1.3694343566894531
4167,20,train/lr,9.567773130184293e-06
4168,20,train/loss,1.4779870510101318
4168,20,train/lr,9.549150281252633e-06
4169,20,train/loss,1.442610740661621
4169,20,train/lr,9.530543660284641e-06
4170,20,train/loss,1.4951386451721191
4170,20,train/lr,9.511953274744884e-06
4171,20,train/loss,1.4596744775772095
4171,20,train/lr,9.493379132091373e-06
4172,20,train/loss,1.5060443878173828
4172,20,train/lr,9.474821239775683e-06
4173,20,train/loss,1.4005296230316162
4173,20,train/lr,9.45627960524278e-06
4174,20,train/loss,1.5231484174728394
4174,20,train/lr,9.43775423593114e-06
4175,20,train/loss,1.3254400491714478
4175,20,train/lr,9.419245139272765e-06
4176,20,train/loss,1.3447823524475098
4176,20,train/lr,9.400752322693034e-06
4177,20,train/loss,1.3289084434509277
4177,20,train/lr,9.382275793610901e-06
4178,20,train/loss,1.3205314874649048
4178,20,train/lr,9.363815559438683e-06
4179,20,train/loss,1.4997414350509644
4179,20,train/lr,9.345371627582217e-06
4180,20,train/loss,1.3271827697753906
4180,20,train/lr,9.326944005440819e-06
4181,20,train/loss,1.3869681358337402
4181,20,train/lr,9.308532700407185e-06
4182,20,train/loss,1.4961856603622437
4182,20,train/lr,9.290137719867553e-06
4183,20,train/loss,1.4395177364349365
4183,20,train/lr,9.271759071201564e-06
4184,20,train/loss,1.4828599691390991
4184,20,train/lr,9.253396761782308e-06
4185,20,train/loss,1.5558297634124756
4185,20,train/lr,9.235050798976325e-06
4186,20,train/loss,1.392275333404541
4186,20,train/lr,9.216721190143606e-06
4187,20,train/loss,1.7025620937347412
4187,20,train/lr,9.198407942637577e-06
4188,20,train/loss,1.4415675401687622
4188,20,train/lr,9.180111063805087e-06
4189,20,train/loss,1.3776259422302246
4189,20,train/lr,9.161830560986434e-06
4190,20,train/loss,1.5125012397766113
4190,20,train/lr,9.14356644151535e-06
4191,20,train/loss,1.4908268451690674
4191,20,train/lr,9.125318712718956e-06
4192,20,train/loss,1.5213792324066162
4192,20,train/lr,9.107087381917878e-06
4193,20,train/loss,1.4393200874328613
4193,20,train/lr,9.088872456426067e-06
4194,20,train/loss,1.4823955297470093
4194,20,train/lr,9.070673943550944e-06
4195,20,train/loss,1.3437902927398682
4195,20,train/lr,9.052491850593375e-06
4196,20,train/loss,1.4779281616210938
4196,20,train/lr,9.034326184847553e-06
4197,20,train/loss,1.4975154399871826
4197,20,train/lr,9.016176953601179e-06
4198,20,train/loss,1.219008207321167
4198,20,train/lr,8.998044164135273e-06
4199,20,train/loss,1.5102088451385498
4199,20,train/lr,8.97992782372432e-06
4200,20,train/loss,1.4506042003631592
4200,20,train/lr,8.961827939636196e-06
4201,20,train/loss,1.3631889820098877
4201,20,train/lr,8.943744519132125e-06
4202,20,train/loss,1.2910184860229492
4202,20,train/lr,8.925677569466807e-06
4203,20,train/loss,1.4003653526306152
4203,20,train/lr,8.907627097888265e-06
4204,20,train/loss,1.4700133800506592
4204,20,train/lr,8.889593111637956e-06
4205,20,train/loss,1.3888620138168335
4205,20,train/lr,8.871575617950701e-06
4206,20,train/loss,1.4874800443649292
4206,20,train/lr,8.853574624054705e-06
4207,20,train/loss,1.515167474746704
4207,20,train/lr,8.835590137171563e-06
4208,20,train/loss,1.399991512298584
4208,20,train/lr,8.817622164516231e-06
4209,20,train/loss,1.4109140634536743
4209,20,train/lr,8.799670713297086e-06
4210,20,train/loss,1.570581316947937
4210,20,train/lr,8.781735790715812e-06
4211,20,train/loss,1.4374182224273682
4211,20,train/lr,8.763817403967484e-06
4212,20,train/loss,1.5622344017028809
4212,20,train/lr,8.745915560240598e-06
4213,20,train/loss,1.3759634494781494
4213,20,train/lr,8.728030266716913e-06
4214,20,train/loss,1.3196502923965454
4214,20,train/lr,8.710161530571648e-06
4215,20,train/loss,1.559901475906372
4215,20,train/lr,8.692309358973328e-06
4216,20,train/loss,1.477940559387207
4216,20,train/lr,8.674473759083801e-06
4217,20,train/loss,1.3480219841003418
4217,20,train/lr,8.656654738058346e-06
4218,20,train/loss,1.437051773071289
4218,20,train/lr,8.638852303045536e-06
4219,20,train/loss,1.4825410842895508
4219,20,train/lr,8.621066461187305e-06
4220,20,train/loss,1.3407500982284546
4220,20,train/lr,8.603297219618933e-06
4221,20,train/loss,1.6129345893859863
4221,20,train/lr,8.58554458546903e-06
4222,20,train/loss,1.3775243759155273
4222,20,train/lr,8.567808565859559e-06
4223,20,train/loss,1.2984645366668701
4223,20,train/lr,8.5500891679058e-06
4224,20,train/loss,1.2880929708480835
4224,20,train/lr,8.532386398716374e-06
4225,20,train/loss,1.4906367063522339
4225,20,train/lr,8.514700265393239e-06
4226,20,train/loss,1.3191170692443848
4226,20,train/lr,8.497030775031668e-06
4227,20,train/loss,1.1786184310913086
4227,20,train/lr,8.47937793472025e-06
4228,20,train/loss,1.4618492126464844
4228,20,train/lr,8.461741751540902e-06
4229,20,train/loss,1.3881416320800781
4229,20,train/lr,8.444122232568896e-06
4230,20,train/loss,1.28887140750885
4230,20,train/lr,8.426519384872733e-06
4231,20,train/loss,1.42169189453125
4231,20,train/lr,8.408933215514313e-06
4232,20,train/loss,1.4077835083007812
4232,20,train/lr,8.391363731548812e-06
4233,20,train/loss,1.3928921222686768
4233,20,train/lr,8.373810940024668e-06
4234,20,train/loss,1.562281608581543
4234,20,train/lr,8.356274847983696e-06
4235,20,train/loss,1.5726944208145142
4235,20,train/lr,8.33875546246098e-06
4236,20,train/loss,1.3237407207489014
4236,20,train/lr,8.321252790484878e-06
4237,20,train/loss,1.5187339782714844
4237,20,train/lr,8.303766839077087e-06
4238,20,train/loss,1.6046091318130493
4238,20,train/lr,8.286297615252563e-06
4239,20,train/loss,1.4697020053863525
4239,20,train/lr,8.268845126019564e-06
4240,20,train/loss,1.4618198871612549
4240,20,train/lr,8.251409378379638e-06
4241,20,train/loss,1.556810975074768
4241,20,train/lr,8.2339903793276e-06
4242,20,train/loss,1.3091559410095215
4242,20,train/lr,8.216588135851566e-06
4243,20,train/loss,1.3601903915405273
4243,20,train/lr,8.199202654932925e-06
4244,20,train/loss,1.4121979475021362
4244,20,train/lr,8.18183394354633e-06
4245,20,train/loss,1.5020970106124878
4245,20,train/lr,8.164482008659708e-06
4246,20,train/loss,1.6131112575531006
4246,20,train/lr,8.14714685723429e-06
4247,20,train/loss,1.3955854177474976
4247,20,train/lr,8.129828496224518e-06
4248,20,train/loss,1.4436721801757812
4248,20,train/lr,8.112526932578118e-06
4249,20,train/loss,1.473984718322754
4249,20,train/lr,8.095242173236129e-06
4250,20,train/loss,1.2749940156936646
4250,20,train/lr,8.07797422513275e-06
4251,20,train/loss,1.3722656965255737
4251,20,train/lr,8.060723095195533e-06
4252,20,train/loss,1.3009066581726074
4252,20,train/lr,8.043488790345232e-06
4253,20,train/loss,1.4574346542358398
4253,20,train/lr,8.026271317495832e-06
4254,20,train/loss,1.2958673238754272
4254,20,train/lr,8.00907068355462e-06
4255,20,train/loss,1.356395959854126
4255,20,train/lr,7.991886895422095e-06
4256,20,train/loss,1.3762682676315308
4256,20,train/lr,7.974719959992e-06
4257,20,train/loss,1.260965347290039
4257,20,train/lr,7.957569884151317e-06
4258,20,train/loss,1.524156093597412
4258,20,train/lr,7.940436674780278e-06
4259,20,train/loss,1.4037950038909912
4259,20,train/lr,7.923320338752327e-06
4260,20,train/loss,1.567352056503296
4260,20,train/lr,7.906220882934146e-06
4261,20,train/loss,1.499556064605713
4261,20,train/lr,7.889138314185678e-06
4262,20,train/loss,1.542773723602295
4262,20,train/lr,7.872072639360034e-06
4263,20,train/loss,1.524441123008728
4263,20,train/lr,7.855023865303568e-06
4264,20,train/loss,1.4239482879638672
4264,20,train/lr,7.837991998855897e-06
4265,20,train/loss,1.3297091722488403
4265,20,train/lr,7.82097704684978e-06
4266,20,train/loss,1.5662193298339844
4266,20,train/lr,7.803979016111274e-06
4267,20,train/loss,1.404945731163025
4267,20,train/lr,7.786997913459553e-06
4268,20,train/loss,1.2369441986083984
4268,20,train/lr,7.770033745707089e-06
4269,20,train/loss,1.4734052419662476
4269,20,train/lr,7.753086519659525e-06
4270,20,train/loss,1.2845544815063477
4270,20,train/lr,7.73615624211566e-06
4271,20,train/loss,1.443615198135376
4271,20,train/lr,7.719242919867576e-06
4272,20,train/loss,1.5749984979629517
4272,20,train/lr,7.702346559700501e-06
4273,20,train/loss,1.501002550125122
4273,20,train/lr,7.68546716839288e-06
4274,20,train/loss,1.4900838136672974
4274,20,train/lr,7.668604752716329e-06
4275,20,train/loss,1.4543312788009644
4275,20,train/lr,7.65175931943568e-06
4276,20,train/loss,1.2439223527908325
4276,20,train/lr,7.634930875308932e-06
4277,20,train/loss,1.341364860534668
4277,20,train/lr,7.6181194270872726e-06
4278,20,train/loss,1.3616752624511719
4278,20,train/lr,7.6013249815150785e-06
4279,20,train/loss,1.4015976190567017
4279,20,train/lr,7.584547545329896e-06
4280,20,train/loss,1.3786475658416748
4280,20,train/lr,7.5677871252624485e-06
4281,20,train/loss,1.3556393384933472
4281,20,train/lr,7.551043728036661e-06
4282,20,train/loss,1.2677526473999023
4282,20,train/lr,7.534317360369569e-06
4283,20,train/loss,1.3599939346313477
4283,20,train/lr,7.517608028971435e-06
4284,20,train/loss,1.380887508392334
4284,20,train/lr,7.500915740545672e-06
4285,20,train/loss,1.4798870086669922
4285,20,train/lr,7.484240501788814e-06
4286,20,train/loss,1.4011015892028809
4286,20,train/lr,7.4675823193906315e-06
4287,20,train/loss,1.48664128780365
4287,20,train/lr,7.450941200033961e-06
4288,20,train/loss,1.4334200620651245
4288,20,train/lr,7.4343171503948815e-06
4289,20,train/loss,1.4252681732177734
4289,20,train/lr,7.417710177142579e-06
4290,20,train/loss,1.4321050643920898
4290,20,train/lr,7.401120286939367e-06
4291,20,train/loss,1.4795482158660889
4291,20,train/lr,7.384547486440763e-06
4292,20,train/loss,1.3727364540100098
4292,20,train/lr,7.367991782295391e-06
4293,20,train/loss,1.5935487747192383
4293,20,train/lr,7.351453181145024e-06
4294,20,train/loss,1.31709885597229
4294,20,train/lr,7.334931689624569e-06
4295,20,train/loss,1.3383086919784546
4295,20,train/lr,7.318427314362075e-06
4296,20,train/loss,1.4325249195098877
4296,20,train/lr,7.3019400619787236e-06
4297,20,train/loss,1.5006356239318848
4297,20,train/lr,7.2854699390888185e-06
4298,20,train/loss,1.4410815238952637
4298,20,train/lr,7.269016952299834e-06
4299,20,train/loss,1.3935508728027344
4299,20,train/lr,7.252581108212297e-06
4300,20,train/loss,1.5459785461425781
4300,20,train/lr,7.236162413419895e-06
4300,20,train/batches,429.0
4300,20,train/compute_pct,99.92495179404386
4300,20,train/compute_sec,47.382157626212575
4300,20,train/data_wait_pct,0.07504820595613627
4300,20,train/data_wait_sec,0.03558616602094844
4300,20,train/examples,5148.0
4300,20,train/examples_per_sec,108.56695380861167
4300,20,train/input_tokens,1561203.0
4300,20,train/peak_vram_gb,4.931502819061279
4300,20,train/target_tokens,416821.0
4300,20,train/tokens_per_sec,41714.84853153172
4300,20,train/total_sec,47.41774379223352
4300,20,train/epoch_loss,1.4290233433663428
4300,20,epoch20/batches,429.0
4300,20,epoch20/compute_pct,99.92495179404386
4300,20,epoch20/compute_sec,47.382157626212575
4300,20,epoch20/data_wait_pct,0.07504820595613627
4300,20,epoch20/data_wait_sec,0.03558616602094844
4300,20,epoch20/examples,5148.0
4300,20,epoch20/examples_per_sec,108.56695380861167
4300,20,epoch20/input_tokens,1561203.0
4300,20,epoch20/peak_vram_gb,4.931502819061279
4300,20,epoch20/target_tokens,416821.0
4300,20,epoch20/tokens_per_sec,41714.84853153172
4300,20,epoch20/total_sec,47.41774379223352
4300,20,val/bleu,24.39384450675062
4300,20,val/chrf,43.20871738677086
4300,20,val/combined,32.46577787869899
4300,20,val/eval_peak_vram_gb,4.931502819061279
4300,20,val/eval_samples_per_sec,8.124531463889674
4300,20,val/eval_seconds,70.65022796098492
4300,20,val/eval_tokens_per_sec,1902.8954878141599
4301,21,train/loss,1.5944308042526245
4301,21,train/lr,7.2197608745094734e-06
4302,21,train/loss,1.6578752994537354
4302,21,train/lr,7.203376498060916e-06
4303,21,train/loss,1.4449751377105713
4303,21,train/lr,7.187009290647284e-06
4304,21,train/loss,1.517775058746338
4304,21,train/lr,7.170659258834733e-06
4305,21,train/loss,1.3590991497039795
4305,21,train/lr,7.154326409182516e-06
4306,21,train/loss,1.3973381519317627
4306,21,train/lr,7.138010748243007e-06
4307,21,train/loss,1.3484537601470947
4307,21,train/lr,7.121712282561671e-06
4308,21,train/loss,1.3582627773284912
4308,21,train/lr,7.105431018677095e-06
4309,21,train/loss,1.3336602449417114
4309,21,train/lr,7.0891669631209465e-06
4310,21,train/loss,1.4336140155792236
4310,21,train/lr,7.072920122417992e-06
4311,21,train/loss,1.4293301105499268
4311,21,train/lr,7.0566905030861e-06
4312,21,train/loss,1.3491700887680054
4312,21,train/lr,7.040478111636228e-06
4313,21,train/loss,1.4484119415283203
4313,21,train/lr,7.024282954572419e-06
4314,21,train/loss,1.5775773525238037
4314,21,train/lr,7.008105038391799e-06
4315,21,train/loss,1.3043243885040283
4315,21,train/lr,6.99194436958458e-06
4316,21,train/loss,1.2930774688720703
4316,21,train/lr,6.975800954634065e-06
4317,21,train/loss,1.2549712657928467
4317,21,train/lr,6.959674800016602e-06
4318,21,train/loss,1.2731982469558716
4318,21,train/lr,6.943565912201683e-06
4319,21,train/loss,1.470381259918213
4319,21,train/lr,6.927474297651781e-06
4320,21,train/loss,1.295209527015686
4320,21,train/lr,6.911399962822518e-06
4321,21,train/loss,1.4350862503051758
4321,21,train/lr,6.89534291416255e-06
4322,21,train/loss,1.495091438293457
4322,21,train/lr,6.8793031581135754e-06
4323,21,train/loss,1.4500812292099
4323,21,train/lr,6.863280701110408e-06
4324,21,train/loss,1.4700257778167725
4324,21,train/lr,6.847275549580889e-06
4325,21,train/loss,1.5408060550689697
4325,21,train/lr,6.831287709945911e-06
4326,21,train/loss,1.351090669631958
4326,21,train/lr,6.815317188619447e-06
4327,21,train/loss,1.6357347965240479
4327,21,train/lr,6.799363992008495e-06
4328,21,train/loss,1.3066630363464355
4328,21,train/lr,6.783428126513125e-06
4329,21,train/loss,1.618483304977417
4329,21,train/lr,6.767509598526439e-06
4330,21,train/loss,1.4818000793457031
4330,21,train/lr,6.751608414434596e-06
4331,21,train/loss,1.377692699432373
4331,21,train/lr,6.735724580616781e-06
4332,21,train/loss,1.4402847290039062
4332,21,train/lr,6.719858103445242e-06
4333,21,train/loss,1.3829946517944336
4333,21,train/lr,6.704008989285232e-06
4334,21,train/loss,1.532259225845337
4334,21,train/lr,6.688177244495058e-06
4335,21,train/loss,1.406968116760254
4335,21,train/lr,6.672362875426091e-06
4336,21,train/loss,1.4201664924621582
4336,21,train/lr,6.656565888422656e-06
4337,21,train/loss,1.4880586862564087
4337,21,train/lr,6.6407862898221485e-06
4338,21,train/loss,1.4333291053771973
4338,21,train/lr,6.625024085955023e-06
4339,21,train/loss,1.4110230207443237
4339,21,train/lr,6.609279283144671e-06
4340,21,train/loss,1.343138575553894
4340,21,train/lr,6.593551887707578e-06
4341,21,train/loss,1.2639360427856445
4341,21,train/lr,6.577841905953219e-06
4342,21,train/loss,1.368626356124878
4342,21,train/lr,6.562149344184077e-06
4343,21,train/loss,1.4739398956298828
4343,21,train/lr,6.5464742086956465e-06
4344,21,train/loss,1.499250888824463
4344,21,train/lr,6.530816505776444e-06
4345,21,train/loss,1.338938593864441
4345,21,train/lr,6.515176241707982e-06
4346,21,train/loss,1.3562742471694946
4346,21,train/lr,6.499553422764781e-06
4347,21,train/loss,1.4474588632583618
4347,21,train/lr,6.483948055214361e-06
4348,21,train/loss,1.3815181255340576
4348,21,train/lr,6.468360145317243e-06
4349,21,train/loss,1.3957141637802124
4349,21,train/lr,6.452789699326928e-06
4350,21,train/loss,1.4869976043701172
4350,21,train/lr,6.437236723489959e-06
4351,21,train/loss,1.4374161958694458
4351,21,train/lr,6.421701224045806e-06
4352,21,train/loss,1.5276455879211426
4352,21,train/lr,6.406183207226973e-06
4353,21,train/loss,1.5014188289642334
4353,21,train/lr,6.3906826792589355e-06
4354,21,train/loss,1.4800915718078613
4354,21,train/lr,6.375199646360142e-06
4355,21,train/loss,1.554131269454956
4355,21,train/lr,6.359734114742066e-06
4356,21,train/loss,1.3819169998168945
4356,21,train/lr,6.344286090609081e-06
4357,21,train/loss,1.4955863952636719
4357,21,train/lr,6.328855580158621e-06
4358,21,train/loss,1.527302622795105
4358,21,train/lr,6.313442589581059e-06
4359,21,train/loss,1.478759765625
4359,21,train/lr,6.2980471250597025e-06
4360,21,train/loss,1.410660982131958
4360,21,train/lr,6.282669192770896e-06
4361,21,train/loss,1.4179197549819946
4361,21,train/lr,6.267308798883903e-06
4362,21,train/loss,1.5740526914596558
4362,21,train/lr,6.2519659495609675e-06
4363,21,train/loss,1.6499783992767334
4363,21,train/lr,6.2366406509572925e-06
4364,21,train/loss,1.4954653978347778
4364,21,train/lr,6.221332909221045e-06
4365,21,train/loss,1.4638848304748535
4365,21,train/lr,6.206042730493333e-06
4366,21,train/loss,1.2763603925704956
4366,21,train/lr,6.1907701209082405e-06
4367,21,train/loss,1.2756856679916382
4367,21,train/lr,6.175515086592787e-06
4368,21,train/loss,1.253334641456604
4368,21,train/lr,6.160277633666944e-06
4369,21,train/loss,1.2241026163101196
4369,21,train/lr,6.145057768243629e-06
4370,21,train/loss,1.3539801836013794
4370,21,train/lr,6.129855496428732e-06
4371,21,train/loss,1.288156270980835
4371,21,train/lr,6.114670824321023e-06
4372,21,train/loss,1.4317082166671753
4372,21,train/lr,6.09950375801227e-06
4373,21,train/loss,1.3120979070663452
4373,21,train/lr,6.084354303587165e-06
4374,21,train/loss,1.3850562572479248
4374,21,train/lr,6.069222467123292e-06
4375,21,train/loss,1.6868431568145752
4375,21,train/lr,6.054108254691243e-06
4376,21,train/loss,1.4638893604278564
4376,21,train/lr,6.0390116723544554e-06
4377,21,train/loss,1.408215045928955
4377,21,train/lr,6.023932726169368e-06
4378,21,train/loss,1.4538464546203613
4378,21,train/lr,6.008871422185297e-06
4379,21,train/loss,1.4095253944396973
4379,21,train/lr,5.9938277664444986e-06
4380,21,train/loss,1.577193021774292
4380,21,train/lr,5.978801764982145e-06
4381,21,train/loss,1.4611878395080566
4381,21,train/lr,5.9637934238263306e-06
4382,21,train/loss,1.4989166259765625
4382,21,train/lr,5.948802748998061e-06
4383,21,train/loss,1.5434341430664062
4383,21,train/lr,5.933829746511255e-06
4384,21,train/loss,1.3586755990982056
4384,21,train/lr,5.9188744223727385e-06
4385,21,train/loss,1.4445319175720215
4385,21,train/lr,5.903936782582253e-06
4386,21,train/loss,1.4023525714874268
4386,21,train/lr,5.889016833132427e-06
4387,21,train/loss,1.6123292446136475
4387,21,train/lr,5.874114580008838e-06
4388,21,train/loss,1.4027748107910156
4388,21,train/lr,5.859230029189899e-06
4389,21,train/loss,1.378005027770996
4389,21,train/lr,5.844363186646962e-06
4390,21,train/loss,1.4061973094940186
4390,21,train/lr,5.829514058344287e-06
4391,21,train/loss,1.195646047592163
4391,21,train/lr,5.8146826502389725e-06
4392,21,train/loss,1.401405692100525
4392,21,train/lr,5.7998689682810746e-06
4393,21,train/loss,1.3773586750030518
4393,21,train/lr,5.785073018413495e-06
4394,21,train/loss,1.4827158451080322
4394,21,train/lr,5.770294806572035e-06
4395,21,train/loss,1.3287948369979858
4395,21,train/lr,5.755534338685376e-06
4396,21,train/loss,1.3592169284820557
4396,21,train/lr,5.740791620675079e-06
4397,21,train/loss,1.476234793663025
4397,21,train/lr,5.726066658455598e-06
4398,21,train/loss,1.4658088684082031
4398,21,train/lr,5.711359457934246e-06
4399,21,train/loss,1.4232876300811768
4399,21,train/lr,5.696670025011219e-06
4400,21,train/loss,1.4113523960113525
4400,21,train/lr,5.681998365579594e-06
4401,21,train/loss,1.4745948314666748
4401,21,train/lr,5.6673444855252945e-06
4402,21,train/loss,1.5446765422821045
4402,21,train/lr,5.65270839072713e-06
4403,21,train/loss,1.5520198345184326
4403,21,train/lr,5.6380900870567686e-06
4404,21,train/loss,1.478139042854309
4404,21,train/lr,5.6234895803787494e-06
4405,21,train/loss,1.3722107410430908
4405,21,train/lr,5.608906876550457e-06
4406,21,train/loss,1.6110024452209473
4406,21,train/lr,5.5943419814221355e-06
4407,21,train/loss,1.3553436994552612
4407,21,train/lr,5.579794900836915e-06
4408,21,train/loss,1.4119319915771484
4408,21,train/lr,5.565265640630723e-06
4409,21,train/loss,1.539612889289856
4409,21,train/lr,5.550754206632392e-06
4410,21,train/loss,1.6165010929107666
4410,21,train/lr,5.536260604663585e-06
4411,21,train/loss,1.4387192726135254
4411,21,train/lr,5.521784840538774e-06
4412,21,train/loss,1.4289946556091309
4412,21,train/lr,5.507326920065337e-06
4413,21,train/loss,1.3487805128097534
4413,21,train/lr,5.492886849043455e-06
4414,21,train/loss,1.42068350315094
4414,21,train/lr,5.478464633266156e-06
4415,21,train/loss,1.533942699432373
4415,21,train/lr,5.464060278519307e-06
4416,21,train/loss,1.3157718181610107
4416,21,train/lr,5.449673790581611e-06
4417,21,train/loss,1.5518512725830078
4417,21,train/lr,5.435305175224592e-06
4418,21,train/loss,1.4379509687423706
4418,21,train/lr,5.420954438212611e-06
4419,21,train/loss,1.4945833683013916
4419,21,train/lr,5.40662158530289e-06
4420,21,train/loss,1.3770345449447632
4420,21,train/lr,5.392306622245408e-06
4421,21,train/loss,1.352004051208496
4421,21,train/lr,5.378009554783009e-06
4422,21,train/loss,1.314833402633667
4422,21,train/lr,5.363730388651367e-06
4423,21,train/loss,1.5154356956481934
4423,21,train/lr,5.349469129578938e-06
4424,21,train/loss,1.5134806632995605
4424,21,train/lr,5.335225783287051e-06
4425,21,train/loss,1.6246920824050903
4425,21,train/lr,5.321000355489786e-06
4426,21,train/loss,1.4107733964920044
4426,21,train/lr,5.3067928518940545e-06
4427,21,train/loss,1.5356861352920532
4427,21,train/lr,5.2926032781996204e-06
4428,21,train/loss,1.4147605895996094
4428,21,train/lr,5.278431640098974e-06
4429,21,train/loss,1.4906353950500488
4429,21,train/lr,5.26427794327749e-06
4430,21,train/loss,1.275935173034668
4430,21,train/lr,5.250142193413299e-06
4431,21,train/loss,1.4468419551849365
4431,21,train/lr,5.236024396177341e-06
4432,21,train/loss,1.3550904989242554
4432,21,train/lr,5.22192455723336e-06
4433,21,train/loss,1.4393154382705688
4433,21,train/lr,5.20784268223789e-06
4434,21,train/loss,1.416732907295227
4434,21,train/lr,5.193778776840264e-06
4435,21,train/loss,1.4598538875579834
4435,21,train/lr,5.179732846682595e-06
4436,21,train/loss,1.5342488288879395
4436,21,train/lr,5.165704897399793e-06
4437,21,train/loss,1.3989439010620117
4437,21,train/lr,5.151694934619555e-06
4438,21,train/loss,1.2473793029785156
4438,21,train/lr,5.137702963962349e-06
4439,21,train/loss,1.5312306880950928
4439,21,train/lr,5.123728991041465e-06
4440,21,train/loss,1.2102932929992676
4440,21,train/lr,5.109773021462921e-06
4441,21,train/loss,1.454648494720459
4441,21,train/lr,5.095835060825543e-06
4442,21,train/loss,1.3897448778152466
4442,21,train/lr,5.08191511472092e-06
4443,21,train/loss,1.4167728424072266
4443,21,train/lr,5.0680131887334115e-06
4444,21,train/loss,1.443566083908081
4444,21,train/lr,5.054129288440184e-06
4445,21,train/loss,1.336696982383728
4445,21,train/lr,5.040263419411107e-06
4446,21,train/loss,1.272355079650879
4446,21,train/lr,5.026415587208877e-06
4447,21,train/loss,1.3383933305740356
4447,21,train/lr,5.012585797388936e-06
4448,21,train/loss,1.4477612972259521
4448,21,train/lr,4.99877405549945e-06
4449,21,train/loss,1.4472298622131348
4449,21,train/lr,4.984980367081404e-06
4450,21,train/loss,1.5270936489105225
4450,21,train/lr,4.971204737668506e-06
4451,21,train/loss,1.4013447761535645
4451,21,train/lr,4.957447172787227e-06
4452,21,train/loss,1.4735252857208252
4452,21,train/lr,4.9437076779567885e-06
4453,21,train/loss,1.4805783033370972
4453,21,train/lr,4.929986258689162e-06
4454,21,train/loss,1.486128568649292
4454,21,train/lr,4.916282920489074e-06
4455,21,train/loss,1.5021731853485107
4455,21,train/lr,4.902597668853981e-06
4456,21,train/loss,1.3609460592269897
4456,21,train/lr,4.888930509274126e-06
4457,21,train/loss,1.4315025806427002
4457,21,train/lr,4.8752814472324325e-06
4458,21,train/loss,1.4225927591323853
4458,21,train/lr,4.861650488204594e-06
4459,21,train/loss,1.526881456375122
4459,21,train/lr,4.8480376376590755e-06
4460,21,train/loss,1.3449264764785767
4460,21,train/lr,4.834442901057001e-06
4461,21,train/loss,1.356858491897583
4461,21,train/lr,4.8208662838523045e-06
4462,21,train/loss,1.4564366340637207
4462,21,train/lr,4.807307791491611e-06
4463,21,train/loss,1.3860564231872559
4463,21,train/lr,4.793767429414253e-06
4464,21,train/loss,1.3530470132827759
4464,21,train/lr,4.780245203052358e-06
4465,21,train/loss,1.3333919048309326
4465,21,train/lr,4.7667411178306975e-06
4466,21,train/loss,1.3368475437164307
4466,21,train/lr,4.7532551791668325e-06
4467,21,train/loss,1.4022120237350464
4467,21,train/lr,4.739787392471001e-06
4468,21,train/loss,1.3209056854248047
4468,21,train/lr,4.7263377631461825e-06
4469,21,train/loss,1.4329407215118408
4469,21,train/lr,4.71290629658806e-06
4470,21,train/loss,1.2880618572235107
4470,21,train/lr,4.699492998185029e-06
4471,21,train/loss,1.4182653427124023
4471,21,train/lr,4.686097873318207e-06
4472,21,train/loss,1.233125925064087
4472,21,train/lr,4.672720927361412e-06
4473,21,train/loss,1.5668632984161377
4473,21,train/lr,4.659362165681169e-06
4474,21,train/loss,1.5131059885025024
4474,21,train/lr,4.646021593636712e-06
4475,21,train/loss,1.566091775894165
4475,21,train/lr,4.632699216579966e-06
4476,21,train/loss,1.3736369609832764
4476,21,train/lr,4.619395039855595e-06
4477,21,train/loss,1.5700273513793945
4477,21,train/lr,4.606109068800907e-06
4478,21,train/loss,1.4894108772277832
4478,21,train/lr,4.592841308745932e-06
4479,21,train/loss,1.6009920835494995
4479,21,train/lr,4.579591765013419e-06
4480,21,train/loss,1.5420351028442383
4480,21,train/lr,4.566360442918755e-06
4481,21,train/loss,1.4317712783813477
4481,21,train/lr,4.553147347770065e-06
4482,21,train/loss,1.4237364530563354
4482,21,train/lr,4.539952484868137e-06
4483,21,train/loss,1.4422624111175537
4483,21,train/lr,4.526775859506449e-06
4484,21,train/loss,1.4999579191207886
4484,21,train/lr,4.513617476971171e-06
4485,21,train/loss,1.3503069877624512
4485,21,train/lr,4.500477342541143e-06
4486,21,train/loss,1.5175888538360596
4486,21,train/lr,4.487355461487886e-06
4487,21,train/loss,1.3909263610839844
4487,21,train/lr,4.474251839075605e-06
4488,21,train/loss,1.437051773071289
4488,21,train/lr,4.46116648056118e-06
4489,21,train/loss,1.330993890762329
4489,21,train/lr,4.448099391194155e-06
4490,21,train/loss,1.3344883918762207
4490,21,train/lr,4.4350505762167485e-06
4491,21,train/loss,1.3694663047790527
4491,21,train/lr,4.42202004086385e-06
4492,21,train/loss,1.2936608791351318
4492,21,train/lr,4.409007790363012e-06
4493,21,train/loss,1.3853857517242432
4493,21,train/lr,4.3960138299344756e-06
4494,21,train/loss,1.370793104171753
4494,21,train/lr,4.383038164791098e-06
4495,21,train/loss,1.4490318298339844
4495,21,train/lr,4.370080800138415e-06
4496,21,train/loss,1.3255574703216553
4496,21,train/lr,4.35714174117467e-06
4497,21,train/loss,1.4533395767211914
4497,21,train/lr,4.344220993090664e-06
4498,21,train/loss,1.345702052116394
4498,21,train/lr,4.3313185610699525e-06
4499,21,train/loss,1.4754549264907837
4499,21,train/lr,4.3184344502886945e-06
4500,21,train/loss,1.5341624021530151
4500,21,train/lr,4.3055686659156655e-06
4501,21,train/loss,1.4798102378845215
4501,21,train/lr,4.292721213112366e-06
4502,21,train/loss,1.4493989944458008
4502,21,train/lr,4.279892097032889e-06
4503,21,train/loss,1.376209020614624
4503,21,train/lr,4.267081322823985e-06
4504,21,train/loss,1.465165376663208
4504,21,train/lr,4.254288895625047e-06
4505,21,train/loss,1.2461113929748535
4505,21,train/lr,4.241514820568104e-06
4506,21,train/loss,1.303821086883545
4506,21,train/lr,4.22875910277783e-06
4507,21,train/loss,1.512507677078247
4507,21,train/lr,4.216021747371523e-06
4508,21,train/loss,1.4283459186553955
4508,21,train/lr,4.203302759459127e-06
4509,21,train/loss,1.6641019582748413
4509,21,train/lr,4.190602144143207e-06
4510,21,train/loss,1.5085062980651855
4510,21,train/lr,4.177919906518968e-06
4511,21,train/loss,1.3071050643920898
4511,21,train/lr,4.165256051674232e-06
4512,21,train/loss,1.4217500686645508
4512,21,train/lr,4.152610584689443e-06
4513,21,train/loss,1.4150357246398926
4513,21,train/lr,4.139983510637701e-06
4514,21,train/loss,1.4557074308395386
4514,21,train/lr,4.127374834584674e-06
4515,21,train/loss,1.54866623878479
4515,21,train/lr,4.1147845615886805e-06
4515,21,train/batches,429.0
4515,21,train/compute_pct,99.92360084939035
4515,21,train/compute_sec,47.88870585206314
4515,21,train/data_wait_pct,0.07639915060964986
4515,21,train/data_wait_sec,0.036614537704735994
4515,21,train/examples,5148.0
4515,21,train/examples_per_sec,107.41712226714931
4515,21,train/input_tokens,1561152.0
4515,21,train/peak_vram_gb,4.931502819061279
4515,21,train/target_tokens,416850.0
4515,21,train/tokens_per_sec,41272.58793291878
4515,21,train/total_sec,47.925320389767876
4515,21,train/epoch_loss,1.4262365614061867
4515,21,epoch21/batches,429.0
4515,21,epoch21/compute_pct,99.92360084939035
4515,21,epoch21/compute_sec,47.88870585206314
4515,21,epoch21/data_wait_pct,0.07639915060964986
4515,21,epoch21/data_wait_sec,0.036614537704735994
4515,21,epoch21/examples,5148.0
4515,21,epoch21/examples_per_sec,107.41712226714931
4515,21,epoch21/input_tokens,1561152.0
4515,21,epoch21/peak_vram_gb,4.931502819061279
4515,21,epoch21/target_tokens,416850.0
4515,21,epoch21/tokens_per_sec,41272.58793291878
4515,21,epoch21/total_sec,47.925320389767876
4515,21,val/bleu,23.633171852574783
4515,21,val/chrf,43.25580324669279
4515,21,val/combined,31.97298596863066
4515,21,val/eval_peak_vram_gb,4.931502819061279
4515,21,val/eval_samples_per_sec,7.728312480743904
4515,21,val/eval_seconds,74.272359124996
4515,21,val/eval_tokens_per_sec,1937.2482804518395
4516,22,train/loss,1.501432180404663
4516,22,train/lr,4.10221269670068e-06
4517,22,train/loss,1.5403177738189697
4517,22,train/lr,4.0896592449641776e-06
4518,22,train/loss,1.3951971530914307
4518,22,train/lr,4.077124211415362e-06
4519,22,train/loss,1.4605767726898193
4519,22,train/lr,4.064607601082998e-06
4520,22,train/loss,1.4267430305480957
4520,22,train/lr,4.05210941898847e-06
4521,22,train/loss,1.4048094749450684
4521,22,train/lr,4.039629670145756e-06
4522,22,train/loss,1.4911977052688599
4522,22,train/lr,4.027168359561456e-06
4523,22,train/loss,1.146033763885498
4523,22,train/lr,4.014725492234761e-06
4524,22,train/loss,1.3437821865081787
4524,22,train/lr,4.0023010731574666e-06
4525,22,train/loss,1.5341542959213257
4525,22,train/lr,3.989895107313968e-06
4526,22,train/loss,1.5220565795898438
4526,22,train/lr,3.9775075996812624e-06
4527,22,train/loss,1.3219199180603027
4527,22,train/lr,3.965138555228926e-06
4528,22,train/loss,1.4913347959518433
4528,22,train/lr,3.952787978919159e-06
4529,22,train/loss,1.48324716091156
4529,22,train/lr,3.940455875706711e-06
4530,22,train/loss,1.4503905773162842
4530,22,train/lr,3.928142250538963e-06
4531,22,train/loss,1.3232101202011108
4531,22,train/lr,3.915847108355841e-06
4532,22,train/loss,1.4339599609375
4532,22,train/lr,3.903570454089878e-06
4533,22,train/loss,1.4066433906555176
4533,22,train/lr,3.891312292666216e-06
4534,22,train/loss,1.4067027568817139
4534,22,train/lr,3.879072629002517e-06
4535,22,train/loss,1.3269715309143066
4535,22,train/lr,3.866851468009081e-06
4536,22,train/loss,1.3606290817260742
4536,22,train/lr,3.854648814588763e-06
4537,22,train/loss,1.4775950908660889
4537,22,train/lr,3.842464673636964e-06
4538,22,train/loss,1.363865852355957
4538,22,train/lr,3.830299050041708e-06
4539,22,train/loss,1.3881152868270874
4539,22,train/lr,3.818151948683562e-06
4540,22,train/loss,1.5900099277496338
4540,22,train/lr,3.8060233744356633e-06
4541,22,train/loss,1.3627430200576782
4541,22,train/lr,3.793913332163729e-06
4542,22,train/loss,1.504361867904663
4542,22,train/lr,3.781821826726023e-06
4543,22,train/loss,1.4789358377456665
4543,22,train/lr,3.7697488629733934e-06
4544,22,train/loss,1.6140562295913696
4544,22,train/lr,3.757694445749227e-06
4545,22,train/loss,1.460350751876831
4545,22,train/lr,3.745658579889505e-06
4546,22,train/loss,1.4304940700531006
4546,22,train/lr,3.7336412702227207e-06
4547,22,train/loss,1.389404535293579
4547,22,train/lr,3.7216425215699457e-06
4548,22,train/loss,1.305489182472229
4548,22,train/lr,3.709662338744835e-06
4549,22,train/loss,1.4456744194030762
4549,22,train/lr,3.6977007265535268e-06
4550,22,train/loss,1.4092600345611572
4550,22,train/lr,3.6857576897947774e-06
4551,22,train/loss,1.37552011013031
4551,22,train/lr,3.67383323325986e-06
4552,22,train/loss,1.5597721338272095
4552,22,train/lr,3.66192736173257e-06
4553,22,train/loss,1.3910284042358398
4553,22,train/lr,3.650040079989314e-06
4554,22,train/loss,1.4196054935455322
4554,22,train/lr,3.6381713927989614e-06
4555,22,train/loss,1.3136528730392456
4555,22,train/lr,3.626321304922986e-06
4556,22,train/loss,1.384554386138916
4556,22,train/lr,3.6144898211153635e-06
4557,22,train/loss,1.3138105869293213
4557,22,train/lr,3.6026769461226185e-06
4558,22,train/loss,1.3588871955871582
4558,22,train/lr,3.5908826846838106e-06
4559,22,train/loss,1.4944127798080444
4559,22,train/lr,3.5791070415305274e-06
4560,22,train/loss,1.276530385017395
4560,22,train/lr,3.567350021386895e-06
4561,22,train/loss,1.3900924921035767
4561,22,train/lr,3.5556116289695573e-06
4562,22,train/loss,1.3177568912506104
4562,22,train/lr,3.5438918689876923e-06
4563,22,train/loss,1.5253188610076904
4563,22,train/lr,3.5321907461429994e-06
4564,22,train/loss,1.4258354902267456
4564,22,train/lr,3.5205082651297072e-06
4565,22,train/loss,1.583210825920105
4565,22,train/lr,3.5088444306345723e-06
4566,22,train/loss,1.5662567615509033
4566,22,train/lr,3.4971992473368354e-06
4567,22,train/loss,1.6915417909622192
4567,22,train/lr,3.4855727199083035e-06
4568,22,train/loss,1.4778918027877808
4568,22,train/lr,3.473964853013273e-06
4569,22,train/loss,1.3451740741729736
4569,22,train/lr,3.4623756513085415e-06
4570,22,train/loss,1.553001880645752
4570,22,train/lr,3.4508051194434456e-06
4571,22,train/loss,1.411649227142334
4571,22,train/lr,3.4392532620598216e-06
4572,22,train/loss,1.360969066619873
4572,22,train/lr,3.4277200837920075e-06
4573,22,train/loss,1.4511173963546753
4573,22,train/lr,3.4162055892668576e-06
4574,22,train/loss,1.3262516260147095
4574,22,train/lr,3.404709783103721e-06
4575,22,train/loss,1.3107630014419556
4575,22,train/lr,3.393232669914459e-06
4576,22,train/loss,1.3746097087860107
4576,22,train/lr,3.381774254303427e-06
4577,22,train/loss,1.2994989156723022
4577,22,train/lr,3.3703345408674813e-06
4578,22,train/loss,1.3631535768508911
4578,22,train/lr,3.3589135341959733e-06
4579,22,train/loss,1.4063559770584106
4579,22,train/lr,3.3475112388707596e-06
4580,22,train/loss,1.3992059230804443
4580,22,train/lr,3.3361276594661707e-06
4581,22,train/loss,1.2831913232803345
4581,22,train/lr,3.3247628005490417e-06
4582,22,train/loss,1.27402663230896
4582,22,train/lr,3.3134166666787203e-06
4583,22,train/loss,1.3117283582687378
4583,22,train/lr,3.302089262406988e-06
4584,22,train/loss,1.3417296409606934
4584,22,train/lr,3.2907805922781476e-06
4585,22,train/loss,1.4036043882369995
4585,22,train/lr,3.2794906608290044e-06
4586,22,train/loss,1.488282561302185
4586,22,train/lr,3.2682194725887906e-06
4587,22,train/loss,1.2947254180908203
4587,22,train/lr,3.2569670320792723e-06
4588,22,train/loss,1.3817023038864136
4588,22,train/lr,3.2457333438146776e-06
4589,22,train/loss,1.499145746231079
4589,22,train/lr,3.2345184123016792e-06
4590,22,train/loss,1.5843935012817383
4590,22,train/lr,3.2233222420394837e-06
4591,22,train/loss,1.3397647142410278
4591,22,train/lr,3.2121448375197314e-06
4592,22,train/loss,1.5069037675857544
4592,22,train/lr,3.200986203226536e-06
4593,22,train/loss,1.3993208408355713
4593,22,train/lr,3.189846343636493e-06
4594,22,train/loss,1.4346673488616943
4594,22,train/lr,3.1787252632186683e-06
4595,22,train/loss,1.4198687076568604
4595,22,train/lr,3.1676229664345745e-06
4596,22,train/loss,1.523345708847046
4596,22,train/lr,3.1565394577382113e-06
4597,22,train/loss,1.515480637550354
4597,22,train/lr,3.145474741576027e-06
4598,22,train/loss,1.4829730987548828
4598,22,train/lr,3.1344288223869367e-06
4599,22,train/loss,1.3423876762390137
4599,22,train/lr,3.1234017046023136e-06
4600,22,train/loss,1.3955456018447876
4600,22,train/lr,3.112393392645985e-06
4601,22,train/loss,1.4558329582214355
4601,22,train/lr,3.1014038909342235e-06
4602,22,train/loss,1.2671613693237305
4602,22,train/lr,3.0904332038757977e-06
4603,22,train/loss,1.360777497291565
4603,22,train/lr,3.07948133587187e-06
4604,22,train/loss,1.3209898471832275
4604,22,train/lr,3.0685482913160977e-06
4605,22,train/loss,1.3255796432495117
4605,22,train/lr,3.057634074594573e-06
4606,22,train/loss,1.3049054145812988
4606,22,train/lr,3.04673869008581e-06
4607,22,train/loss,1.2222344875335693
4607,22,train/lr,3.035862142160817e-06
4608,22,train/loss,1.4383201599121094
4608,22,train/lr,3.025004435182999e-06
4609,22,train/loss,1.3859797716140747
4609,22,train/lr,3.0141655735082374e-06
4610,22,train/loss,1.3459808826446533
4610,22,train/lr,3.0033455614848214e-06
4611,22,train/loss,1.3113954067230225
4611,22,train/lr,2.9925444034535065e-06
4612,22,train/loss,1.469839096069336
4612,22,train/lr,2.9817621037474653e-06
4613,22,train/loss,1.4446139335632324
4613,22,train/lr,2.9709986666923207e-06
4614,22,train/loss,1.4160696268081665
4614,22,train/lr,2.9602540966061077e-06
4615,22,train/loss,1.5730282068252563
4615,22,train/lr,2.949528397799317e-06
4616,22,train/loss,1.4109869003295898
4616,22,train/lr,2.938821574574835e-06
4617,22,train/loss,1.543579339981079
4617,22,train/lr,2.9281336312280307e-06
4618,22,train/loss,1.4942470788955688
4618,22,train/lr,2.9174645720466243e-06
4619,22,train/loss,1.5066953897476196
4619,22,train/lr,2.9068144013108423e-06
4620,22,train/loss,1.5125139951705933
4620,22,train/lr,2.8961831232932557e-06
4621,22,train/loss,1.3510608673095703
4621,22,train/lr,2.8855707422589027e-06
4622,22,train/loss,1.4016971588134766
4622,22,train/lr,2.8749772624652505e-06
4623,22,train/loss,1.5532031059265137
4623,22,train/lr,2.864402688162127e-06
4624,22,train/loss,1.4446697235107422
4624,22,train/lr,2.8538470235918436e-06
4625,22,train/loss,1.4115972518920898
4625,22,train/lr,2.8433102729890803e-06
4626,22,train/loss,1.5640034675598145
4626,22,train/lr,2.8327924405809336e-06
4627,22,train/loss,1.5078858137130737
4627,22,train/lr,2.8222935305869334e-06
4628,22,train/loss,1.3044236898422241
4628,22,train/lr,2.8118135472190055e-06
4629,22,train/loss,1.284191370010376
4629,22,train/lr,2.8013524946814696e-06
4630,22,train/loss,1.3433352708816528
4630,22,train/lr,2.7909103771710686e-06
4631,22,train/loss,1.252244234085083
4631,22,train/lr,2.7804871988769466e-06
4632,22,train/loss,1.372984528541565
4632,22,train/lr,2.770082963980647e-06
4633,22,train/loss,1.3656771183013916
4633,22,train/lr,2.759697676656098e-06
4634,22,train/loss,1.4224309921264648
4634,22,train/lr,2.7493313410696665e-06
4635,22,train/loss,1.3398244380950928
4635,22,train/lr,2.7389839613800706e-06
4636,22,train/loss,1.4619247913360596
4636,22,train/lr,2.7286555417384452e-06
4637,22,train/loss,1.3284990787506104
4637,22,train/lr,2.718346086288337e-06
4638,22,train/loss,1.3940718173980713
4638,22,train/lr,2.7080555991656377e-06
4639,22,train/loss,1.4392735958099365
4639,22,train/lr,2.6977840844986836e-06
4640,22,train/loss,1.5912127494812012
4640,22,train/lr,2.6875315464081564e-06
4641,22,train/loss,1.501110315322876
4641,22,train/lr,2.677297989007155e-06
4642,22,train/loss,1.5641895532608032
4642,22,train/lr,2.667083416401145e-06
4643,22,train/loss,1.392295002937317
4643,22,train/lr,2.6568878326879655e-06
4644,22,train/loss,1.4562723636627197
4644,22,train/lr,2.646711241957878e-06
4645,22,train/loss,1.4766764640808105
4645,22,train/lr,2.636553648293494e-06
4646,22,train/loss,1.3906447887420654
4646,22,train/lr,2.626415055769799e-06
4647,22,train/loss,1.5017271041870117
4647,22,train/lr,2.6162954684541718e-06
4648,22,train/loss,1.4468944072723389
4648,22,train/lr,2.606194890406366e-06
4649,22,train/loss,1.5360188484191895
4649,22,train/lr,2.596113325678501e-06
4650,22,train/loss,1.4258244037628174
4650,22,train/lr,2.5860507783150743e-06
4651,22,train/loss,1.5372580289840698
4651,22,train/lr,2.576007252352947e-06
4652,22,train/loss,1.2957426309585571
4652,22,train/lr,2.5659827518213554e-06
4653,22,train/loss,1.3983614444732666
4653,22,train/lr,2.5559772807418945e-06
4654,22,train/loss,1.4338271617889404
4654,22,train/lr,2.5459908431285595e-06
4655,22,train/loss,1.4256634712219238
4655,22,train/lr,2.536023442987645e-06
4656,22,train/loss,1.394863247871399
4656,22,train/lr,2.526075084317875e-06
4657,22,train/loss,1.3922703266143799
4657,22,train/lr,2.516145771110301e-06
4658,22,train/loss,1.3931970596313477
4658,22,train/lr,2.5062355073483203e-06
4659,22,train/loss,1.48610258102417
4659,22,train/lr,2.496344297007719e-06
4660,22,train/loss,1.3401130437850952
4660,22,train/lr,2.486472144056634e-06
4661,22,train/loss,1.269761085510254
4661,22,train/lr,2.4766190524555367e-06
4662,22,train/loss,1.5783849954605103
4662,22,train/lr,2.4667850261572757e-06
4663,22,train/loss,1.3810160160064697
4663,22,train/lr,2.4569700691070176e-06
4664,22,train/loss,1.5993096828460693
4664,22,train/lr,2.4471741852423237e-06
4665,22,train/loss,1.50816011428833
4665,22,train/lr,2.4373973784930725e-06
4666,22,train/loss,1.4453678131103516
4666,22,train/lr,2.427639652781494e-06
4667,22,train/loss,1.5029017925262451
4667,22,train/lr,2.417901012022167e-06
4668,22,train/loss,1.406883955001831
4668,22,train/lr,2.4081814601220165e-06
4669,22,train/loss,1.4900552034378052
4669,22,train/lr,2.3984810009803073e-06
4670,22,train/loss,1.4880242347717285
4670,22,train/lr,2.3887996384886314e-06
4671,22,train/loss,1.4634590148925781
4671,22,train/lr,2.37913737653096e-06
4672,22,train/loss,1.4061462879180908
4672,22,train/lr,2.3694942189835424e-06
4673,22,train/loss,1.2662780284881592
4673,22,train/lr,2.359870169715006e-06
4674,22,train/loss,1.4164903163909912
4674,22,train/lr,2.350265232586318e-06
4675,22,train/loss,1.4132912158966064
4675,22,train/lr,2.3406794114507302e-06
4676,22,train/loss,1.36528742313385
4676,22,train/lr,2.3311127101538764e-06
4677,22,train/loss,1.4130756855010986
4677,22,train/lr,2.3215651325336986e-06
4678,22,train/loss,1.5598034858703613
4678,22,train/lr,2.3120366824204654e-06
4679,22,train/loss,1.4567512273788452
4679,22,train/lr,2.3025273636367806e-06
4680,22,train/loss,1.3736745119094849
4680,22,train/lr,2.2930371799975594e-06
4681,22,train/loss,1.351872444152832
4681,22,train/lr,2.28356613531005e-06
4682,22,train/loss,1.4166176319122314
4682,22,train/lr,2.274114233373825e-06
4683,22,train/loss,1.4138855934143066
4683,22,train/lr,2.2646814779807677e-06
4684,22,train/loss,1.5621562004089355
4684,22,train/lr,2.25526787291509e-06
4685,22,train/loss,1.299254059791565
4685,22,train/lr,2.2458734219533153e-06
4686,22,train/loss,1.5518276691436768
4686,22,train/lr,2.2364981288642837e-06
4687,22,train/loss,1.2298105955123901
4687,22,train/lr,2.2271419974091546e-06
4688,22,train/loss,1.4197092056274414
4688,22,train/lr,2.2178050313413855e-06
4689,22,train/loss,1.3260334730148315
4689,22,train/lr,2.208487234406764e-06
4690,22,train/loss,1.6075834035873413
4690,22,train/lr,2.1991886103433724e-06
4691,22,train/loss,1.354386568069458
4691,22,train/lr,2.1899091628816202e-06
4692,22,train/loss,1.3977584838867188
4692,22,train/lr,2.180648895744197e-06
4693,22,train/loss,1.4634838104248047
4693,22,train/lr,2.17140781264612e-06
4694,22,train/loss,1.4779460430145264
4694,22,train/lr,2.1621859172947068e-06
4695,22,train/loss,1.4351590871810913
4695,22,train/lr,2.152983213389559e-06
4696,22,train/loss,1.439239501953125
4696,22,train/lr,2.143799704622601e-06
4697,22,train/loss,1.5556784868240356
4697,22,train/lr,2.1346353946780475e-06
4698,22,train/loss,1.461709976196289
4698,22,train/lr,2.125490287232412e-06
4699,22,train/loss,1.2271404266357422
4699,22,train/lr,2.116364385954506e-06
4700,22,train/loss,1.3694298267364502
4700,22,train/lr,2.1072576945054324e-06
4701,22,train/loss,1.5548715591430664
4701,22,train/lr,2.0981702165385864e-06
4702,22,train/loss,1.4087038040161133
4702,22,train/lr,2.089101955699663e-06
4703,22,train/loss,1.3484830856323242
4703,22,train/lr,2.0800529156266402e-06
4704,22,train/loss,1.4841370582580566
4704,22,train/lr,2.071023099949787e-06
4705,22,train/loss,1.4085273742675781
4705,22,train/lr,2.062012512291661e-06
4706,22,train/loss,1.409891128540039
4706,22,train/lr,2.05302115626711e-06
4707,22,train/loss,1.2861610651016235
4707,22,train/lr,2.044049035483253e-06
4708,22,train/loss,1.34296452999115
4708,22,train/lr,2.0350961535395173e-06
4709,22,train/loss,1.3533093929290771
4709,22,train/lr,2.0261625140275798e-06
4710,22,train/loss,1.3588922023773193
4710,22,train/lr,2.017248120531412e-06
4711,22,train/loss,1.2777761220932007
4711,22,train/lr,2.008352976627287e-06
4712,22,train/loss,1.4530370235443115
4712,22,train/lr,1.999477085883711e-06
4713,22,train/loss,1.386206865310669
4713,22,train/lr,1.990620451861508e-06
4714,22,train/loss,1.5326244831085205
4714,22,train/lr,1.9817830781137523e-06
4715,22,train/loss,1.439913034439087
4715,22,train/lr,1.9729649681857975e-06
4716,22,train/loss,1.499819040298462
4716,22,train/lr,1.9641661256152687e-06
4717,22,train/loss,1.5015625953674316
4717,22,train/lr,1.9553865539320647e-06
4718,22,train/loss,1.4545791149139404
4718,22,train/lr,1.9466262566583514e-06
4719,22,train/loss,1.4428141117095947
4719,22,train/lr,1.9378852373085566e-06
4720,22,train/loss,1.3866934776306152
4720,22,train/lr,1.9291634993893806e-06
4721,22,train/loss,1.3476136922836304
4721,22,train/lr,1.920461046399785e-06
4722,22,train/loss,1.6635980606079102
4722,22,train/lr,1.911777881830995e-06
4723,22,train/loss,1.4893991947174072
4723,22,train/lr,1.903114009166518e-06
4724,22,train/loss,1.3115425109863281
4724,22,train/lr,1.8944694318820787e-06
4725,22,train/loss,1.428999423980713
4725,22,train/lr,1.8858441534456928e-06
4726,22,train/loss,1.4907410144805908
4726,22,train/lr,1.8772381773176417e-06
4727,22,train/loss,1.375020980834961
4727,22,train/lr,1.8686515069504195e-06
4728,22,train/loss,1.307908535003662
4728,22,train/lr,1.8600841457888263e-06
4729,22,train/loss,1.4525076150894165
4729,22,train/lr,1.8515360972698903e-06
4730,22,train/loss,1.5646775960922241
4730,22,train/lr,1.8430073648228908e-06
4730,22,train/batches,429.0
4730,22,train/compute_pct,99.92669473517432
4730,22,train/compute_sec,47.72048029731377
4730,22,train/data_wait_pct,0.0733052648256774
4730,22,train/data_wait_sec,0.03500728664221242
4730,22,train/examples,5148.0
4730,22,train/examples_per_sec,107.79912970105515
4730,22,train/input_tokens,1560962.0
4730,22,train/peak_vram_gb,4.931502819061279
4730,22,train/target_tokens,417110.0
4730,22,train/tokens_per_sec,41420.831407541875
4730,22,train/total_sec,47.75548758395598
4730,22,train/epoch_loss,1.426420755041785
4730,22,epoch22/batches,429.0
4730,22,epoch22/compute_pct,99.92669473517432
4730,22,epoch22/compute_sec,47.72048029731377
4730,22,epoch22/data_wait_pct,0.0733052648256774
4730,22,epoch22/data_wait_sec,0.03500728664221242
4730,22,epoch22/examples,5148.0
4730,22,epoch22/examples_per_sec,107.79912970105515
4730,22,epoch22/input_tokens,1560962.0
4730,22,epoch22/peak_vram_gb,4.931502819061279
4730,22,epoch22/target_tokens,417110.0
4730,22,epoch22/tokens_per_sec,41420.831407541875
4730,22,epoch22/total_sec,47.75548758395598
4730,22,val/bleu,24.16337959948568
4730,22,val/chrf,43.29757001901332
4730,22,val/combined,32.3452565317502
4730,22,val/eval_peak_vram_gb,4.931502819061279
4730,22,val/eval_samples_per_sec,7.721688972998957
4730,22,val/eval_seconds,74.3360684439831
4730,22,val/eval_tokens_per_sec,1923.6422236636913
4731,23,train/loss,1.4077095985412598
4731,23,train/lr,1.8344979518693627e-06
4732,23,train/loss,1.628844976425171
4732,23,train/lr,1.8260078618230814e-06
4733,23,train/loss,1.5905461311340332
4733,23,train/lr,1.8175370980900886e-06
4734,23,train/loss,1.5931981801986694
4734,23,train/lr,1.8090856640686603e-06
4735,23,train/loss,1.563684344291687
4735,23,train/lr,1.8006535631493238e-06
4736,23,train/loss,1.3544487953186035
4736,23,train/lr,1.7922407987148392e-06
4737,23,train/loss,1.4973665475845337
4737,23,train/lr,1.7838473741402183e-06
4738,23,train/loss,1.4012763500213623
4738,23,train/lr,1.7754732927927175e-06
4739,23,train/loss,1.4653948545455933
4739,23,train/lr,1.7671185580318272e-06
4740,23,train/loss,1.6006457805633545
4740,23,train/lr,1.7587831732092718e-06
4741,23,train/loss,1.4574711322784424
4741,23,train/lr,1.7504671416690266e-06
4742,23,train/loss,1.5960564613342285
4742,23,train/lr,1.7421704667472838e-06
4743,23,train/loss,1.6383287906646729
4743,23,train/lr,1.7338931517725032e-06
4744,23,train/loss,1.2728581428527832
4744,23,train/lr,1.725635200065323e-06
4745,23,train/loss,1.2924854755401611
4745,23,train/lr,1.7173966149386767e-06
4746,23,train/loss,1.2797101736068726
4746,23,train/lr,1.7091773996976868e-06
4747,23,train/loss,1.4443533420562744
4747,23,train/lr,1.7009775576397046e-06
4748,23,train/loss,1.350083351135254
4748,23,train/lr,1.692797092054338e-06
4749,23,train/loss,1.2577195167541504
4749,23,train/lr,1.6846360062233947e-06
4750,23,train/loss,1.467661738395691
4750,23,train/lr,1.6764943034209224e-06
4751,23,train/loss,1.3248059749603271
4751,23,train/lr,1.6683719869131864e-06
4752,23,train/loss,1.5022591352462769
4752,23,train/lr,1.6602690599586745e-06
4753,23,train/loss,1.2809745073318481
4753,23,train/lr,1.652185525808092e-06
4754,23,train/loss,1.4443511962890625
4754,23,train/lr,1.6441213877043782e-06
4755,23,train/loss,1.5478034019470215
4755,23,train/lr,1.636076648882684e-06
4756,23,train/loss,1.4750896692276
4756,23,train/lr,1.6280513125703667e-06
4757,23,train/loss,1.4275398254394531
4757,23,train/lr,1.620045381987012e-06
4758,23,train/loss,1.3000472784042358
4758,23,train/lr,1.6120588603444231e-06
4759,23,train/loss,1.4053082466125488
4759,23,train/lr,1.6040917508466037e-06
4760,23,train/loss,1.2691906690597534
4760,23,train/lr,1.5961440566897912e-06
4761,23,train/loss,1.3474783897399902
4761,23,train/lr,1.588215781062402e-06
4762,23,train/loss,1.4524190425872803
4762,23,train/lr,1.5803069271450865e-06
4763,23,train/loss,1.38231360912323
4763,23,train/lr,1.572417498110712e-06
4764,23,train/loss,1.5565886497497559
4764,23,train/lr,1.5645474971243136e-06
4765,23,train/loss,1.442391037940979
4765,23,train/lr,1.5566969273431765e-06
4766,23,train/loss,1.3086999654769897
4766,23,train/lr,1.5488657919167704e-06
4767,23,train/loss,1.495112419128418
4767,23,train/lr,1.5410540939867601e-06
4768,23,train/loss,1.5021905899047852
4768,23,train/lr,1.5332618366870221e-06
4769,23,train/loss,1.4064582586288452
4769,23,train/lr,1.5254890231436391e-06
4770,23,train/loss,1.5787525177001953
4770,23,train/lr,1.517735656474889e-06
4771,23,train/loss,1.3744981288909912
4771,23,train/lr,1.5100017397912446e-06
4772,23,train/loss,1.3141642808914185
4772,23,train/lr,1.5022872761953688e-06
4773,23,train/loss,1.1615840196609497
4773,23,train/lr,1.4945922687821413e-06
4774,23,train/loss,1.4306578636169434
4774,23,train/lr,1.4869167206386258e-06
4775,23,train/loss,1.3705201148986816
4775,23,train/lr,1.4792606348440653e-06
4776,23,train/loss,1.524873971939087
4776,23,train/lr,1.471624014469919e-06
4777,23,train/loss,1.2953822612762451
4777,23,train/lr,1.4640068625798199e-06
4778,23,train/loss,1.4941437244415283
4778,23,train/lr,1.4564091822296012e-06
4779,23,train/loss,1.3777501583099365
4779,23,train/lr,1.4488309764672692e-06
4780,23,train/loss,1.5364291667938232
4780,23,train/lr,1.4412722483330531e-06
4781,23,train/loss,1.327836513519287
4781,23,train/lr,1.4337330008593109e-06
4782,23,train/loss,1.5362565517425537
4782,23,train/lr,1.4262132370706394e-06
4783,23,train/loss,1.4314665794372559
4783,23,train/lr,1.4187129599837978e-06
4784,23,train/loss,1.4459599256515503
4784,23,train/lr,1.4112321726077126e-06
4785,23,train/loss,1.4224783182144165
4785,23,train/lr,1.4037708779435165e-06
4786,23,train/loss,1.510995626449585
4786,23,train/lr,1.3963290789845152e-06
4787,23,train/loss,1.5159316062927246
4787,23,train/lr,1.3889067787161759e-06
4788,23,train/loss,1.391077995300293
4788,23,train/lr,1.3815039801161721e-06
4789,23,train/loss,1.389496088027954
4789,23,train/lr,1.3741206861543287e-06
4790,23,train/loss,1.347504734992981
4790,23,train/lr,1.3667568997926594e-06
4791,23,train/loss,1.497635841369629
4791,23,train/lr,1.3594126239853456e-06
4792,23,train/loss,1.4150936603546143
4792,23,train/lr,1.3520878616787525e-06
4793,23,train/loss,1.3455287218093872
4793,23,train/lr,1.3447826158114018e-06
4794,23,train/loss,1.6777122020721436
4794,23,train/lr,1.3374968893139883e-06
4795,23,train/loss,1.4439351558685303
4795,23,train/lr,1.330230685109396e-06
4796,23,train/loss,1.444122314453125
4796,23,train/lr,1.3229840061126375e-06
4797,23,train/loss,1.4082214832305908
4797,23,train/lr,1.315756855230943e-06
4798,23,train/loss,1.513755440711975
4798,23,train/lr,1.3085492353636597e-06
4799,23,train/loss,1.365403652191162
4799,23,train/lr,1.3013611494023247e-06
4800,23,train/loss,1.3096486330032349
4800,23,train/lr,1.2941926002306537e-06
4801,23,train/loss,1.4451031684875488
4801,23,train/lr,1.2870435907244794e-06
4802,23,train/loss,1.443627119064331
4802,23,train/lr,1.2799141237518407e-06
4803,23,train/loss,1.5269231796264648
4803,23,train/lr,1.2728042021729113e-06
4804,23,train/loss,1.4740902185440063
4804,23,train/lr,1.2657138288400316e-06
4805,23,train/loss,1.5909273624420166
4805,23,train/lr,1.2586430065976985e-06
4806,23,train/loss,1.4576709270477295
4806,23,train/lr,1.2515917382825703e-06
4807,23,train/loss,1.5446778535842896
4807,23,train/lr,1.244560026723446e-06
4808,23,train/loss,1.4464154243469238
4808,23,train/lr,1.2375478747413017e-06
4809,23,train/loss,1.5071704387664795
4809,23,train/lr,1.2305552851492375e-06
4810,23,train/loss,1.5716947317123413
4810,23,train/lr,1.2235822607525372e-06
4811,23,train/loss,1.321952223777771
4811,23,train/lr,1.2166288043486074e-06
4812,23,train/loss,1.5045883655548096
4812,23,train/lr,1.2096949187270279e-06
4813,23,train/loss,1.4334716796875
4813,23,train/lr,1.2027806066695125e-06
4814,23,train/loss,1.433368444442749
4814,23,train/lr,1.19588587094992e-06
4815,23,train/loss,1.4897856712341309
4815,23,train/lr,1.1890107143342765e-06
4816,23,train/loss,1.3974182605743408
4816,23,train/lr,1.1821551395807206e-06
4817,23,train/loss,1.4616198539733887
4817,23,train/lr,1.1753191494395744e-06
4818,23,train/loss,1.5128843784332275
4818,23,train/lr,1.1685027466532605e-06
4819,23,train/loss,1.4635013341903687
4819,23,train/lr,1.1617059339563807e-06
4820,23,train/loss,1.3911256790161133
4820,23,train/lr,1.1549287140756592e-06
4821,23,train/loss,1.2103426456451416
4821,23,train/lr,1.1481710897299492e-06
4822,23,train/loss,1.5237095355987549
4822,23,train/lr,1.1414330636302761e-06
4823,23,train/loss,1.4050061702728271
4823,23,train/lr,1.1347146384797724e-06
4824,23,train/loss,1.26572585105896
4824,23,train/lr,1.1280158169737264e-06
4825,23,train/loss,1.336995244026184
4825,23,train/lr,1.1213366017995386e-06
4826,23,train/loss,1.2796008586883545
4826,23,train/lr,1.1146769956367765e-06
4827,23,train/loss,1.3718982934951782
4827,23,train/lr,1.1080370011571084e-06
4828,23,train/loss,1.460280418395996
4828,23,train/lr,1.1014166210243482e-06
4829,23,train/loss,1.4839099645614624
4829,23,train/lr,1.0948158578944656e-06
4830,23,train/loss,1.554811716079712
4830,23,train/lr,1.0882347144155092e-06
4831,23,train/loss,1.4984352588653564
4831,23,train/lr,1.0816731932276948e-06
4832,23,train/loss,1.6171650886535645
4832,23,train/lr,1.0751312969633665e-06
4833,23,train/loss,1.4435365200042725
4833,23,train/lr,1.068609028246964e-06
4834,23,train/loss,1.618976354598999
4834,23,train/lr,1.062106389695089e-06
4835,23,train/loss,1.4804809093475342
4835,23,train/lr,1.0556233839164597e-06
4836,23,train/loss,1.6284034252166748
4836,23,train/lr,1.049160013511885e-06
4837,23,train/loss,1.4880869388580322
4837,23,train/lr,1.0427162810743408e-06
4838,23,train/loss,1.4379596710205078
4838,23,train/lr,1.0362921891889088e-06
4839,23,train/loss,1.41105318069458
4839,23,train/lr,1.0298877404327778e-06
4840,23,train/loss,1.44398832321167
4840,23,train/lr,1.0235029373752758e-06
4841,23,train/loss,1.4470336437225342
4841,23,train/lr,1.0171377825778372e-06
4842,23,train/loss,1.4625253677368164
4842,23,train/lr,1.0107922785940194e-06
4843,23,train/loss,1.4112908840179443
4843,23,train/lr,1.0044664279694971e-06
4844,23,train/loss,1.3500585556030273
4844,23,train/lr,9.981602332420514e-07
4845,23,train/loss,1.491416573524475
4845,23,train/lr,9.918736969415865e-07
4846,23,train/loss,1.4016320705413818
4846,23,train/lr,9.856068215901238e-07
4847,23,train/loss,1.2556666135787964
4847,23,train/lr,9.793596097017854e-07
4848,23,train/loss,1.2663195133209229
4848,23,train/lr,9.731320637828111e-07
4849,23,train/loss,1.3709282875061035
4849,23,train/lr,9.669241863315582e-07
4850,23,train/loss,1.1509618759155273
4850,23,train/lr,9.607359798384785e-07
4851,23,train/loss,1.3888380527496338
4851,23,train/lr,9.54567446786142e-07
4852,23,train/loss,1.4357759952545166
4852,23,train/lr,9.484185896492359e-07
4853,23,train/loss,1.3174086809158325
4853,23,train/lr,9.422894108945201e-07
4854,23,train/loss,1.541506052017212
4854,23,train/lr,9.361799129808945e-07
4855,23,train/loss,1.5704693794250488
4855,23,train/lr,9.300900983593541e-07
4856,23,train/loss,1.4141027927398682
4856,23,train/lr,9.240199694729945e-07
4857,23,train/loss,1.5769003629684448
4857,23,train/lr,9.179695287570067e-07
4858,23,train/loss,1.6482858657836914
4858,23,train/lr,9.119387786386935e-07
4859,23,train/loss,1.4495444297790527
4859,23,train/lr,9.059277215374528e-07
4860,23,train/loss,1.2446482181549072
4860,23,train/lr,8.999363598647892e-07
4861,23,train/loss,1.3879904747009277
4861,23,train/lr,8.93964696024302e-07
4862,23,train/loss,1.4830702543258667
4862,23,train/lr,8.880127324116805e-07
4863,23,train/loss,1.2981598377227783
4863,23,train/lr,8.820804714147257e-07
4864,23,train/loss,1.4552900791168213
4864,23,train/lr,8.761679154133173e-07
4865,23,train/loss,1.5092467069625854
4865,23,train/lr,8.702750667794412e-07
4866,23,train/loss,1.3975505828857422
4866,23,train/lr,8.644019278771842e-07
4867,23,train/loss,1.3243358135223389
4867,23,train/lr,8.585485010627059e-07
4868,23,train/loss,1.263708233833313
4868,23,train/lr,8.527147886842612e-07
4869,23,train/loss,1.296260118484497
4869,23,train/lr,8.469007930822282e-07
4870,23,train/loss,1.4529430866241455
4870,23,train/lr,8.411065165890242e-07
4871,23,train/loss,1.3343151807785034
4871,23,train/lr,8.353319615292011e-07
4872,23,train/loss,1.4141929149627686
4872,23,train/lr,8.295771302193722e-07
4873,23,train/loss,1.3507112264633179
4873,23,train/lr,8.238420249682355e-07
4874,23,train/loss,1.3571957349777222
4874,23,train/lr,8.181266480766003e-07
4875,23,train/loss,1.3331998586654663
4875,23,train/lr,8.124310018373382e-07
4876,23,train/loss,1.4323804378509521
4876,23,train/lr,8.067550885354102e-07
4877,23,train/loss,1.340636134147644
4877,23,train/lr,8.010989104478728e-07
4878,23,train/loss,1.5067436695098877
4878,23,train/lr,7.95462469843855e-07
4879,23,train/loss,1.5301997661590576
4879,23,train/lr,7.898457689845651e-07
4880,23,train/loss,1.5284345149993896
4880,23,train/lr,7.842488101232892e-07
4881,23,train/loss,1.4663500785827637
4881,23,train/lr,7.786715955054203e-07
4882,23,train/loss,1.447540521621704
4882,23,train/lr,7.731141273683906e-07
4883,23,train/loss,1.4196091890335083
4883,23,train/lr,7.675764079417391e-07
4884,23,train/loss,1.4407330751419067
4884,23,train/lr,7.620584394470775e-07
4885,23,train/loss,1.4721691608428955
4885,23,train/lr,7.565602240980795e-07
4886,23,train/loss,1.2902990579605103
4886,23,train/lr,7.510817641005141e-07
4887,23,train/loss,1.5896114110946655
4887,23,train/lr,7.456230616522009e-07
4888,23,train/loss,1.3651378154754639
4888,23,train/lr,7.401841189430658e-07
4889,23,train/loss,1.5012738704681396
4889,23,train/lr,7.347649381550803e-07
4890,23,train/loss,1.373685598373413
4890,23,train/lr,7.293655214622941e-07
4891,23,train/loss,1.3864622116088867
4891,23,train/lr,7.239858710308356e-07
4892,23,train/loss,1.4321990013122559
4892,23,train/lr,7.186259890188951e-07
4893,23,train/loss,1.405809760093689
4893,23,train/lr,7.13285877576736e-07
4894,23,train/loss,1.3964111804962158
4894,23,train/lr,7.079655388466943e-07
4895,23,train/loss,1.397128701210022
4895,23,train/lr,7.026649749631686e-07
4896,23,train/loss,1.3190345764160156
4896,23,train/lr,6.973841880526189e-07
4897,23,train/loss,1.4083867073059082
4897,23,train/lr,6.921231802335837e-07
4898,23,train/loss,1.3045461177825928
4898,23,train/lr,6.868819536166526e-07
4899,23,train/loss,1.3850059509277344
4899,23,train/lr,6.816605103044993e-07
4900,23,train/loss,1.4907424449920654
4900,23,train/lr,6.764588523918313e-07
4901,23,train/loss,1.2550355195999146
4901,23,train/lr,6.712769819654518e-07
4902,23,train/loss,1.3337706327438354
4902,23,train/lr,6.661149011041979e-07
4903,23,train/loss,1.3121975660324097
4903,23,train/lr,6.609726118789905e-07
4904,23,train/loss,1.529255986213684
4904,23,train/lr,6.558501163527964e-07
4905,23,train/loss,1.5541778802871704
4905,23,train/lr,6.507474165806326e-07
4906,23,train/loss,1.2969412803649902
4906,23,train/lr,6.456645146096008e-07
4907,23,train/loss,1.490539312362671
4907,23,train/lr,6.406014124788362e-07
4908,23,train/loss,1.4668829441070557
4908,23,train/lr,6.355581122195475e-07
4909,23,train/loss,1.4601093530654907
4909,23,train/lr,6.305346158549996e-07
4910,23,train/loss,1.3328224420547485
4910,23,train/lr,6.255309254004804e-07
4911,23,train/loss,1.5365216732025146
4911,23,train/lr,6.205470428633842e-07
4912,23,train/loss,1.4147372245788574
4912,23,train/lr,6.15582970243117e-07
4913,23,train/loss,1.3752338886260986
4913,23,train/lr,6.106387095311528e-07
4914,23,train/loss,1.44157075881958
4914,23,train/lr,6.057142627110213e-07
4915,23,train/loss,1.4007093906402588
4915,23,train/lr,6.008096317582978e-07
4916,23,train/loss,1.4367371797561646
4916,23,train/lr,5.95924818640603e-07
4917,23,train/loss,1.189465880393982
4917,23,train/lr,5.910598253176191e-07
4918,23,train/loss,1.4950882196426392
4918,23,train/lr,5.862146537410795e-07
4919,23,train/loss,1.5136358737945557
4919,23,train/lr,5.813893058547404e-07
4920,23,train/loss,1.390542984008789
4920,23,train/lr,5.765837835944309e-07
4921,23,train/loss,1.3576571941375732
4921,23,train/lr,5.717980888880204e-07
4922,23,train/loss,1.344208836555481
4922,23,train/lr,5.67032223655406e-07
4923,23,train/loss,1.4208264350891113
4923,23,train/lr,5.622861898085641e-07
4924,23,train/loss,1.4308922290802002
4924,23,train/lr,5.575599892514882e-07
4925,23,train/loss,1.416273593902588
4925,23,train/lr,5.528536238802173e-07
4926,23,train/loss,1.340025782585144
4926,23,train/lr,5.481670955828466e-07
4927,23,train/loss,1.335099220275879
4927,23,train/lr,5.435004062394999e-07
4928,23,train/loss,1.498647928237915
4928,23,train/lr,5.388535577223519e-07
4929,23,train/loss,1.5022907257080078
4929,23,train/lr,5.342265518956058e-07
4930,23,train/loss,1.5705482959747314
4930,23,train/lr,5.296193906155156e-07
4931,23,train/loss,1.5148253440856934
4931,23,train/lr,5.250320757303751e-07
4932,23,train/loss,1.602724313735962
4932,23,train/lr,5.20464609080501e-07
4933,23,train/loss,1.474579095840454
4933,23,train/lr,5.15916992498261e-07
4934,23,train/loss,1.3587894439697266
4934,23,train/lr,5.113892278080623e-07
4935,23,train/loss,1.459862470626831
4935,23,train/lr,5.068813168263298e-07
4936,23,train/loss,1.5175070762634277
4936,23,train/lr,5.023932613615445e-07
4937,23,train/loss,1.330613136291504
4937,23,train/lr,4.979250632142052e-07
4938,23,train/loss,1.408884882926941
4938,23,train/lr,4.934767241768612e-07
4939,23,train/loss,1.420007586479187
4939,23,train/lr,4.890482460340739e-07
4940,23,train/loss,1.232991099357605
4940,23,train/lr,4.846396305624612e-07
4941,23,train/loss,1.5603971481323242
4941,23,train/lr,4.802508795306526e-07
4942,23,train/loss,1.4849650859832764
4942,23,train/lr,4.758819946993065e-07
4943,23,train/loss,1.5323643684387207
4943,23,train/lr,4.715329778211375e-07
4944,23,train/loss,1.433403491973877
4944,23,train/lr,4.67203830640861e-07
4945,23,train/loss,1.5036494731903076
4945,23,train/lr,4.628945548952379e-07
4945,23,train/batches,429.0
4945,23,train/compute_pct,99.91659591335068
4945,23,train/compute_sec,48.036705804028315
4945,23,train/data_wait_pct,0.08340408664933073
4945,23,train/data_wait_sec,0.04009801911888644
4945,23,train/examples,5148.0
4945,23,train/examples_per_sec,107.07866560633194
4945,23,train/input_tokens,1561120.0
4945,23,train/peak_vram_gb,4.931502819061279
4945,23,train/target_tokens,416658.0
4945,23,train/tokens_per_sec,41137.884441639464
4945,23,train/total_sec,48.0768038231472
4945,23,train/epoch_loss,1.4248270063133506
4945,23,epoch23/batches,429.0
4945,23,epoch23/compute_pct,99.91659591335068
4945,23,epoch23/compute_sec,48.036705804028315
4945,23,epoch23/data_wait_pct,0.08340408664933073
4945,23,epoch23/data_wait_sec,0.04009801911888644
4945,23,epoch23/examples,5148.0
4945,23,epoch23/examples_per_sec,107.07866560633194
4945,23,epoch23/input_tokens,1561120.0
4945,23,epoch23/peak_vram_gb,4.931502819061279
4945,23,epoch23/target_tokens,416658.0
4945,23,epoch23/tokens_per_sec,41137.884441639464
4945,23,epoch23/total_sec,48.0768038231472
4945,23,val/bleu,24.032792462769525
4945,23,val/chrf,43.055319306466686
4945,23,val/combined,32.167367833109815
4945,23,val/eval_peak_vram_gb,4.931502819061279
4945,23,val/eval_samples_per_sec,7.790650220577069
4945,23,val/eval_seconds,73.6780607200053
4945,23,val/eval_tokens_per_sec,1909.8765443183324
4946,24,train/loss,1.2670190334320068
4946,24,train/lr,4.586051523130519e-07
4947,24,train/loss,1.5314868688583374
4947,24,train/lr,4.543356246151098e-07
4948,24,train/loss,1.4736909866333008
4948,24,train/lr,4.5008597351425263e-07
4949,24,train/loss,1.5588598251342773
4949,24,train/lr,4.458562007153444e-07
4950,24,train/loss,1.4473178386688232
4950,24,train/lr,4.416463079152722e-07
4951,24,train/loss,1.4191999435424805
4951,24,train/lr,4.374562968029461e-07
4952,24,train/loss,1.4191778898239136
4952,24,train/lr,4.33286169059316e-07
4953,24,train/loss,1.398336410522461
4953,24,train/lr,4.291359263573269e-07
4954,24,train/loss,1.3451769351959229
4954,24,train/lr,4.250055703619693e-07
4955,24,train/loss,1.5191640853881836
4955,24,train/lr,4.208951027302566e-07
4956,24,train/loss,1.478590965270996
4956,24,train/lr,4.1680452511120296e-07
4957,24,train/loss,1.448237657546997
4957,24,train/lr,4.127338391458568e-07
4958,24,train/loss,1.456622838973999
4958,24,train/lr,4.086830464672897e-07
4959,24,train/loss,1.310897707939148
4959,24,train/lr,4.04652148700585e-07
4960,24,train/loss,1.431119680404663
4960,24,train/lr,4.006411474628491e-07
4961,24,train/loss,1.2984378337860107
4961,24,train/lr,3.96650044363206e-07
4962,24,train/loss,1.4691401720046997
4962,24,train/lr,3.9267884100279153e-07
4963,24,train/loss,1.3111697435379028
4963,24,train/lr,3.8872753897476465e-07
4964,24,train/loss,1.4812700748443604
4964,24,train/lr,3.8479613986430186e-07
4965,24,train/loss,1.384185791015625
4965,24,train/lr,3.8088464524858593e-07
4966,24,train/loss,1.4048899412155151
4966,24,train/lr,3.7699305669681717e-07
4967,24,train/loss,1.3968325853347778
4967,24,train/lr,3.7312137577022454e-07
4968,24,train/loss,1.4423227310180664
4968,24,train/lr,3.692696040220267e-07
4969,24,train/loss,1.527104139328003
4969,24,train/lr,3.654377429974709e-07
4970,24,train/loss,1.4611963033676147
4970,24,train/lr,3.616257942338164e-07
4971,24,train/loss,1.6295480728149414
4971,24,train/lr,3.5783375926032313e-07
4972,24,train/loss,1.6261060237884521
4972,24,train/lr,3.5406163959827986e-07
4973,24,train/loss,1.4806172847747803
4973,24,train/lr,3.5030943676096496e-07
4974,24,train/loss,1.442314624786377
4974,24,train/lr,3.465771522536854e-07
4975,24,train/loss,1.5345170497894287
4975,24,train/lr,3.42864787573749e-07
4976,24,train/loss,1.302303433418274
4976,24,train/lr,3.3917234421045885e-07
4977,24,train/loss,1.3334975242614746
4977,24,train/lr,3.3549982364515784e-07
4978,24,train/loss,1.2579119205474854
4978,24,train/lr,3.3184722735116747e-07
4979,24,train/loss,1.6462936401367188
4979,24,train/lr,3.2821455679382663e-07
4980,24,train/loss,1.372342586517334
4980,24,train/lr,3.246018134304862e-07
4981,24,train/loss,1.5494351387023926
4981,24,train/lr,3.210089987104925e-07
4982,24,train/loss,1.3021972179412842
4982,24,train/lr,3.17436114075198e-07
4983,24,train/loss,1.3782769441604614
4983,24,train/lr,3.1388316095797285e-07
4984,24,train/loss,1.4203745126724243
4984,24,train/lr,3.1035014078417135e-07
4985,24,train/loss,1.3153300285339355
4985,24,train/lr,3.068370549711708e-07
4986,24,train/loss,1.4264017343521118
4986,24,train/lr,3.033439049283271e-07
4987,24,train/loss,1.5154879093170166
4987,24,train/lr,2.9987069205703043e-07
4988,24,train/loss,1.4227676391601562
4988,24,train/lr,2.9641741775064404e-07
4989,24,train/loss,1.360655665397644
4989,24,train/lr,2.929840833945374e-07
4990,24,train/loss,1.3999512195587158
4990,24,train/lr,2.895706903661033e-07
4991,24,train/loss,1.410029649734497
4991,24,train/lr,2.8617724003470737e-07
4992,24,train/loss,1.423161506652832
4992,24,train/lr,2.828037337617273e-07
4993,24,train/loss,1.4363269805908203
4993,24,train/lr,2.794501729005361e-07
4994,24,train/loss,1.4927520751953125
4994,24,train/lr,2.76116558796502e-07
4995,24,train/loss,1.5832107067108154
4995,24,train/lr,2.728028927870108e-07
4996,24,train/loss,1.486262559890747
4996,24,train/lr,2.6950917620141015e-07
4997,24,train/loss,1.7083501815795898
4997,24,train/lr,2.6623541036107644e-07
4998,24,train/loss,1.3669476509094238
4998,24,train/lr,2.629815965793647e-07
4999,24,train/loss,1.5717618465423584
4999,24,train/lr,2.5974773616163625e-07
5000,24,train/loss,1.5078232288360596
5000,24,train/lr,2.5653383040524227e-07
5001,24,train/loss,1.421734094619751
5001,24,train/lr,2.533398805995291e-07
5002,24,train/loss,1.4480690956115723
5002,24,train/lr,2.5016588802583285e-07
5003,24,train/loss,1.5013333559036255
5003,24,train/lr,2.470118539574851e-07
5004,24,train/loss,1.4425444602966309
5004,24,train/lr,2.438777796598235e-07
5005,24,train/loss,1.424306869506836
5005,24,train/lr,2.407636663901591e-07
5006,24,train/loss,1.4012372493743896
5006,24,train/lr,2.3766951539779814e-07
5007,24,train/loss,1.4646127223968506
5007,24,train/lr,2.3459532792406425e-07
5008,24,train/loss,1.4433352947235107
5008,24,train/lr,2.3154110520223203e-07
5009,24,train/loss,1.5237679481506348
5009,24,train/lr,2.2850684845759362e-07
5010,24,train/loss,1.5098901987075806
5010,24,train/lr,2.2549255890742526e-07
5011,24,train/loss,1.2124087810516357
5011,24,train/lr,2.2249823776098745e-07
5012,24,train/loss,1.2820477485656738
5012,24,train/lr,2.195238862195359e-07
5013,24,train/loss,1.4026864767074585
5013,24,train/lr,2.1656950547631616e-07
5014,24,train/loss,1.3580323457717896
5014,24,train/lr,2.136350967165579e-07
5015,24,train/loss,1.4003324508666992
5015,24,train/lr,2.10720661117475e-07
5016,24,train/loss,1.4993165731430054
5016,24,train/lr,2.0782619984827666e-07
5017,24,train/loss,1.354050874710083
5017,24,train/lr,2.0495171407015068e-07
5018,24,train/loss,1.3777155876159668
5018,24,train/lr,2.020972049362857e-07
5019,24,train/loss,1.3497124910354614
5019,24,train/lr,1.9926267359183238e-07
5020,24,train/loss,1.612471580505371
5020,24,train/lr,1.9644812117395328e-07
5021,24,train/loss,1.2146576642990112
5021,24,train/lr,1.93653548811773e-07
5022,24,train/loss,1.5097434520721436
5022,24,train/lr,1.9087895762641694e-07
5023,24,train/loss,1.5429370403289795
5023,24,train/lr,1.881243487309836e-07
5024,24,train/loss,1.6195900440216064
5024,24,train/lr,1.8538972323056125e-07
5025,24,train/loss,1.5047633647918701
5025,24,train/lr,1.826750822222223e-07
5026,24,train/loss,1.4735767841339111
5026,24,train/lr,1.799804267950178e-07
5027,24,train/loss,1.3110053539276123
5027,24,train/lr,1.7730575802998307e-07
5028,24,train/loss,1.416622519493103
5028,24,train/lr,1.746510770001264e-07
5029,24,train/loss,1.4033286571502686
5029,24,train/lr,1.72016384770457e-07
5030,24,train/loss,1.4106358289718628
5030,24,train/lr,1.6940168239795162e-07
5031,24,train/loss,1.3477365970611572
5031,24,train/lr,1.668069709315656e-07
5032,24,train/loss,1.3914532661437988
5032,24,train/lr,1.6423225141223852e-07
5033,24,train/loss,1.3589184284210205
5033,24,train/lr,1.6167752487288857e-07
5034,24,train/loss,1.4195277690887451
5034,24,train/lr,1.5914279233841812e-07
5035,24,train/loss,1.5122616291046143
5035,24,train/lr,1.5662805482570818e-07
5036,24,train/loss,1.3552448749542236
5036,24,train/lr,1.5413331334360182e-07
5037,24,train/loss,1.278205156326294
5037,24,train/lr,1.5165856889294284e-07
5038,24,train/loss,1.2903810739517212
5038,24,train/lr,1.4920382246653707e-07
5039,24,train/loss,1.4450170993804932
5039,24,train/lr,1.4676907504918013e-07
5040,24,train/loss,1.3710389137268066
5040,24,train/lr,1.4435432761762958e-07
5041,24,train/loss,1.29091215133667
5041,24,train/lr,1.4195958114062713e-07
5042,24,train/loss,1.1866129636764526
5042,24,train/lr,1.3958483657889877e-07
5043,24,train/loss,1.2869248390197754
5043,24,train/lr,1.372300948851324e-07
5044,24,train/loss,1.4386564493179321
5044,24,train/lr,1.3489535700400013e-07
5045,24,train/loss,1.6734776496887207
5045,24,train/lr,1.3258062387214165e-07
5046,24,train/loss,1.3920724391937256
5046,24,train/lr,1.3028589641818077e-07
5047,24,train/loss,1.4666738510131836
5047,24,train/lr,1.2801117556270336e-07
5048,24,train/loss,1.453850269317627
5048,24,train/lr,1.2575646221828496e-07
5049,24,train/loss,1.5580716133117676
5049,24,train/lr,1.2352175728945202e-07
5050,24,train/loss,1.5666457414627075
5050,24,train/lr,1.2130706167273188e-07
5051,24,train/loss,1.4102586507797241
5051,24,train/lr,1.1911237625660265e-07
5052,24,train/loss,1.3082094192504883
5052,24,train/lr,1.1693770192152121e-07
5053,24,train/loss,1.528808355331421
5053,24,train/lr,1.1478303953992298e-07
5054,24,train/loss,1.3172261714935303
5054,24,train/lr,1.1264838997620542e-07
5055,24,train/loss,1.3891769647598267
5055,24,train/lr,1.105337540867446e-07
5056,24,train/loss,1.3776304721832275
5056,24,train/lr,1.084391327198786e-07
5057,24,train/loss,1.4311046600341797
5057,24,train/lr,1.0636452671592967e-07
5058,24,train/loss,1.418234944343567
5058,24,train/lr,1.043099369071765e-07
5059,24,train/loss,1.327962875366211
5059,24,train/lr,1.0227536411787642e-07
5060,24,train/loss,1.3690528869628906
5060,24,train/lr,1.0026080916425428e-07
5061,24,train/loss,1.3739538192749023
5061,24,train/lr,9.826627285450807e-08
5062,24,train/loss,1.4236640930175781
5062,24,train/lr,9.629175598879214e-08
5063,24,train/loss,1.316226601600647
5063,24,train/lr,9.433725935923954e-08
5064,24,train/loss,1.493297815322876
5064,24,train/lr,9.240278374995637e-08
5065,24,train/loss,1.4317926168441772
5065,24,train/lr,9.048832993699962e-08
5066,24,train/loss,1.3089463710784912
5066,24,train/lr,8.859389868841606e-08
5067,24,train/loss,1.2941243648529053
5067,24,train/lr,8.671949076420882e-08
5068,24,train/loss,1.5205893516540527
5068,24,train/lr,8.486510691633198e-08
5069,24,train/loss,1.5027358531951904
5069,24,train/lr,8.303074788874043e-08
5070,24,train/loss,1.5836199522018433
5070,24,train/lr,8.121641441732886e-08
5071,24,train/loss,1.4329164028167725
5071,24,train/lr,7.942210722997057e-08
5072,24,train/loss,1.5065321922302246
5072,24,train/lr,7.764782704649531e-08
5073,24,train/loss,1.3662936687469482
5073,24,train/lr,7.589357457870594e-08
5074,24,train/loss,1.450812816619873
5074,24,train/lr,7.415935053037281e-08
5075,24,train/loss,1.45274019241333
5075,24,train/lr,7.244515559722275e-08
5076,24,train/loss,1.4161150455474854
5076,24,train/lr,7.075099046695011e-08
5077,24,train/loss,1.346959114074707
5077,24,train/lr,6.907685581922785e-08
5078,24,train/loss,1.331612467765808
5078,24,train/lr,6.74227523256632e-08
5079,24,train/loss,1.4376723766326904
5079,24,train/lr,6.578868064985866e-08
5080,24,train/loss,1.4241631031036377
5080,24,train/lr,6.417464144736208e-08
5081,24,train/loss,1.393535852432251
5081,24,train/lr,6.258063536568326e-08
5082,24,train/loss,1.2930022478103638
5082,24,train/lr,6.100666304431624e-08
5083,24,train/loss,1.435900092124939
5083,24,train/lr,5.945272511468369e-08
5084,24,train/loss,1.5367045402526855
5084,24,train/lr,5.791882220020917e-08
5085,24,train/loss,1.4943162202835083
5085,24,train/lr,5.640495491624487e-08
5086,24,train/loss,1.3629698753356934
5086,24,train/lr,5.491112387013275e-08
5087,24,train/loss,1.3747446537017822
5087,24,train/lr,5.343732966115456e-08
5088,24,train/loss,1.4125702381134033
5088,24,train/lr,5.19835728805651e-08
5089,24,train/loss,1.4922471046447754
5089,24,train/lr,5.0549854111575646e-08
5090,24,train/loss,1.4355125427246094
5090,24,train/lr,4.9136173929370535e-08
5091,24,train/loss,1.3088669776916504
5091,24,train/lr,4.774253290107944e-08
5092,24,train/loss,1.4320708513259888
5092,24,train/lr,4.636893158580513e-08
5093,24,train/loss,1.4048681259155273
5093,24,train/lr,4.50153705345957e-08
5094,24,train/loss,1.425106406211853
5094,24,train/lr,4.368185029047789e-08
5095,24,train/loss,1.5369256734848022
5095,24,train/lr,4.236837138842931e-08
5096,24,train/loss,1.5612072944641113
5096,24,train/lr,4.107493435538401e-08
5097,24,train/loss,1.495734453201294
5097,24,train/lr,3.9801539710238036e-08
5098,24,train/loss,1.4958302974700928
5098,24,train/lr,3.8548187963854956e-08
5099,24,train/loss,1.3022204637527466
5099,24,train/lr,3.731487961904367e-08
5100,24,train/loss,1.39028799533844
5100,24,train/lr,3.610161517058619e-08
5101,24,train/loss,1.4144914150238037
5101,24,train/lr,3.4908395105215376e-08
5102,24,train/loss,1.4160680770874023
5102,24,train/lr,3.373521990162054e-08
5103,24,train/loss,1.2713984251022339
5103,24,train/lr,3.258209003045298e-08
5104,24,train/loss,1.4500800371170044
5104,24,train/lr,3.1449005954325986e-08
5105,24,train/loss,1.4970651865005493
5105,24,train/lr,3.0335968127803704e-08
5106,24,train/loss,1.475512981414795
5106,24,train/lr,2.9242976997417848e-08
5107,24,train/loss,1.4734582901000977
5107,24,train/lr,2.8170033001645445e-08
5108,24,train/loss,1.4147357940673828
5108,24,train/lr,2.7117136570925516e-08
5109,24,train/loss,1.4313592910766602
5109,24,train/lr,2.6084288127664614e-08
5110,24,train/loss,1.309631109237671
5110,24,train/lr,2.5071488086214623e-08
5111,24,train/loss,1.2448850870132446
5111,24,train/lr,2.4078736852883866e-08
5112,24,train/loss,1.388333797454834
5112,24,train/lr,2.3106034825942647e-08
5113,24,train/loss,1.4361004829406738
5113,24,train/lr,2.2153382395623258e-08
5114,24,train/loss,1.456430435180664
5114,24,train/lr,2.122077994409777e-08
5115,24,train/loss,1.3495299816131592
5115,24,train/lr,2.0308227845516892e-08
5116,24,train/loss,1.3837401866912842
5116,24,train/lr,1.9415726465965568e-08
5117,24,train/loss,1.4039864540100098
5117,24,train/lr,1.854327616350182e-08
5118,24,train/loss,1.5369395017623901
5118,24,train/lr,1.7690877288129017e-08
5119,24,train/loss,1.4577088356018066
5119,24,train/lr,1.6858530181818045e-08
5120,24,train/loss,1.6204524040222168
5120,24,train/lr,1.6046235178474033e-08
5121,24,train/loss,1.4300596714019775
5121,24,train/lr,1.525399260398075e-08
5122,24,train/loss,1.360374927520752
5122,24,train/lr,1.4481802776167286e-08
5123,24,train/loss,1.4571845531463623
5123,24,train/lr,1.3729666004819175e-08
5124,24,train/loss,1.3968634605407715
5124,24,train/lr,1.299758259167283e-08
5125,24,train/loss,1.426433801651001
5125,24,train/lr,1.2285552830426649e-08
5126,24,train/loss,1.4708740711212158
5126,24,train/lr,1.1593577006729917e-08
5127,24,train/loss,1.4669878482818604
5127,24,train/lr,1.0921655398188347e-08
5128,24,train/loss,1.3143936395645142
5128,24,train/lr,1.0269788274358538e-08
5129,24,train/loss,1.3982338905334473
5129,24,train/lr,9.637975896759077e-09
5130,24,train/loss,1.3007442951202393
5130,24,train/lr,9.026218518853879e-09
5131,24,train/loss,1.3833553791046143
5131,24,train/lr,8.434516386068846e-09
5132,24,train/loss,1.6350914239883423
5132,24,train/lr,7.862869735786315e-09
5133,24,train/loss,1.6018365621566772
5133,24,train/lr,7.311278797328402e-09
5134,24,train/loss,1.3866811990737915
5134,24,train/lr,6.779743791990312e-09
5135,24,train/loss,1.529589295387268
5135,24,train/lr,6.268264933007029e-09
5136,24,train/loss,1.2442797422409058
5136,24,train/lr,5.776842425569973e-09
5137,24,train/loss,1.3407495021820068
5137,24,train/lr,5.305476466832549e-09
5138,24,train/loss,1.4748541116714478
5138,24,train/lr,4.854167245887942e-09
5139,24,train/loss,1.3661103248596191
5139,24,train/lr,4.4229149437968745e-09
5140,24,train/loss,1.3853652477264404
5140,24,train/lr,4.011719733570951e-09
5141,24,train/loss,1.4269239902496338
5141,24,train/lr,3.6205817801671095e-09
5142,24,train/loss,1.4353405237197876
5142,24,train/lr,3.24950124049872e-09
5143,24,train/loss,1.4234247207641602
5143,24,train/lr,2.898478263446691e-09
5144,24,train/loss,1.533729076385498
5144,24,train/lr,2.5675129898206083e-09
5145,24,train/loss,1.4556355476379395
5145,24,train/lr,2.256605552397595e-09
5146,24,train/loss,1.6384353637695312
5146,24,train/lr,1.965756075916758e-09
5147,24,train/loss,1.4488662481307983
5147,24,train/lr,1.694964677051436e-09
5148,24,train/loss,1.4079067707061768
5148,24,train/lr,1.4442314644369515e-09
5149,24,train/loss,1.5617949962615967
5149,24,train/lr,1.2135565386650616e-09
5150,24,train/loss,1.3629369735717773
5150,24,train/lr,1.0029399922784066e-09
5151,24,train/loss,1.2885668277740479
5151,24,train/lr,8.123819097705099e-10
5152,24,train/loss,1.387693166732788
5152,24,train/lr,6.418823675857777e-10
5153,24,train/loss,1.4562938213348389
5153,24,train/lr,4.914414341250506e-10
5154,24,train/loss,1.3445054292678833
5154,24,train/lr,3.610591697456034e-10
5155,24,train/loss,1.3948404788970947
5155,24,train/lr,2.507356267555938e-10
5156,24,train/loss,1.4385082721710205
5156,24,train/lr,1.6047084940296053e-10
5157,24,train/loss,1.5373060703277588
5157,24,train/lr,9.026487391428084e-11
5158,24,train/loss,1.3735294342041016
5158,24,train/lr,4.0117728444810655e-11
5159,24,train/loss,1.4012954235076904
5159,24,train/lr,1.002943311734228e-11
5160,24,train/loss,1.471318006515503
5160,24,train/lr,0.0
5160,24,train/batches,429.0
5160,24,train/compute_pct,99.9198412087413
5160,24,train/compute_sec,47.53549701583688
5160,24,train/data_wait_pct,0.08015879125869317
5160,24,train/data_wait_sec,0.038134447939228266
5160,24,train/examples,5148.0
5160,24,train/examples_per_sec,108.21120527491854
5160,24,train/input_tokens,1561740.0
5160,24,train/peak_vram_gb,4.931502819061279
5160,24,train/target_tokens,417111.0
5160,24,train/tokens_per_sec,41595.54230176337
5160,24,train/total_sec,47.57363146377611
5160,24,train/epoch_loss,1.423461576719662
5160,24,epoch24/batches,429.0
5160,24,epoch24/compute_pct,99.9198412087413
5160,24,epoch24/compute_sec,47.53549701583688
5160,24,epoch24/data_wait_pct,0.08015879125869317
5160,24,epoch24/data_wait_sec,0.038134447939228266
5160,24,epoch24/examples,5148.0
5160,24,epoch24/examples_per_sec,108.21120527491854
5160,24,epoch24/input_tokens,1561740.0
5160,24,epoch24/peak_vram_gb,4.931502819061279
5160,24,epoch24/target_tokens,417111.0
5160,24,epoch24/tokens_per_sec,41595.54230176337
5160,24,epoch24/total_sec,47.57363146377611
5160,24,val/bleu,24.095079272610263
5160,24,val/chrf,43.09704693283683
5160,24,val/combined,32.224629745927395
5160,24,val/eval_peak_vram_gb,4.931502819061279
5160,24,val/eval_samples_per_sec,7.750510456571074
5160,24,val/eval_seconds,74.05963816400617
5160,24,val/eval_tokens_per_sec,1892.744867178235
