step,epoch,metric,value
1,1,train/loss,6.350389003753662
1,1,train/lr,5.000000000000001e-07
2,1,train/loss,6.01397705078125
2,1,train/lr,1.0000000000000002e-06
3,1,train/loss,5.963028430938721
3,1,train/lr,1.5e-06
4,1,train/loss,5.859087944030762
4,1,train/lr,2.0000000000000003e-06
5,1,train/loss,5.561261177062988
5,1,train/lr,2.5e-06
6,1,train/loss,5.8189592361450195
6,1,train/lr,3e-06
7,1,train/loss,5.681839466094971
7,1,train/lr,3.5000000000000004e-06
8,1,train/loss,5.439406394958496
8,1,train/lr,4.000000000000001e-06
9,1,train/loss,5.355764389038086
9,1,train/lr,4.5e-06
10,1,train/loss,5.567795753479004
10,1,train/lr,5e-06
11,1,train/loss,5.296779632568359
11,1,train/lr,5.500000000000001e-06
12,1,train/loss,5.2712721824646
12,1,train/lr,6e-06
13,1,train/loss,5.206354141235352
13,1,train/lr,6.5000000000000004e-06
14,1,train/loss,5.210809707641602
14,1,train/lr,7.000000000000001e-06
15,1,train/loss,5.1153998374938965
15,1,train/lr,7.5e-06
16,1,train/loss,5.0434675216674805
16,1,train/lr,8.000000000000001e-06
17,1,train/loss,4.975545406341553
17,1,train/lr,8.500000000000002e-06
18,1,train/loss,5.149196624755859
18,1,train/lr,9e-06
19,1,train/loss,5.417781829833984
19,1,train/lr,9.5e-06
20,1,train/loss,4.998587131500244
20,1,train/lr,1e-05
21,1,train/loss,5.092903137207031
21,1,train/lr,1.05e-05
22,1,train/loss,5.080906391143799
22,1,train/lr,1.1000000000000001e-05
23,1,train/loss,5.071933746337891
23,1,train/lr,1.1500000000000002e-05
24,1,train/loss,6.89728307723999
24,1,train/lr,1.2e-05
25,1,train/loss,9.838457107543945
25,1,train/lr,1.25e-05
26,1,train/loss,6.122695446014404
26,1,train/lr,1.3000000000000001e-05
27,1,train/loss,6.1168951988220215
27,1,train/lr,1.3500000000000001e-05
28,1,train/loss,5.959686279296875
28,1,train/lr,1.4000000000000001e-05
29,1,train/loss,5.634220600128174
29,1,train/lr,1.45e-05
30,1,train/loss,5.456000328063965
30,1,train/lr,1.5e-05
31,1,train/loss,5.662365913391113
31,1,train/lr,1.55e-05
32,1,train/loss,5.401742935180664
32,1,train/lr,1.6000000000000003e-05
33,1,train/loss,5.311405658721924
33,1,train/lr,1.65e-05
34,1,train/loss,5.210053443908691
34,1,train/lr,1.7000000000000003e-05
35,1,train/loss,5.379215240478516
35,1,train/lr,1.75e-05
36,1,train/loss,5.3078999519348145
36,1,train/lr,1.8e-05
37,1,train/loss,5.239418983459473
37,1,train/lr,1.85e-05
38,1,train/loss,5.099618434906006
38,1,train/lr,1.9e-05
39,1,train/loss,5.091793060302734
39,1,train/lr,1.9500000000000003e-05
40,1,train/loss,5.029598712921143
40,1,train/lr,2e-05
41,1,train/loss,4.843471527099609
41,1,train/lr,2.05e-05
42,1,train/loss,4.710736274719238
42,1,train/lr,2.1e-05
43,1,train/loss,5.068482398986816
43,1,train/lr,2.15e-05
44,1,train/loss,4.559451103210449
44,1,train/lr,2.2000000000000003e-05
45,1,train/loss,4.738801956176758
45,1,train/lr,2.25e-05
46,1,train/loss,4.6398539543151855
46,1,train/lr,2.3000000000000003e-05
47,1,train/loss,5.118918418884277
47,1,train/lr,2.35e-05
48,1,train/loss,5.116774082183838
48,1,train/lr,2.4e-05
49,1,train/loss,5.712018966674805
49,1,train/lr,2.45e-05
50,1,train/loss,7.783935546875
50,1,train/lr,2.5e-05
51,1,train/loss,5.660438537597656
51,1,train/lr,2.5500000000000003e-05
52,1,train/loss,5.431710720062256
52,1,train/lr,2.6000000000000002e-05
53,1,train/loss,5.502279281616211
53,1,train/lr,2.6500000000000004e-05
54,1,train/loss,5.113197326660156
54,1,train/lr,2.7000000000000002e-05
55,1,train/loss,5.219715595245361
55,1,train/lr,2.7500000000000004e-05
56,1,train/loss,4.808434963226318
56,1,train/lr,2.8000000000000003e-05
57,1,train/loss,4.812026023864746
57,1,train/lr,2.8499999999999998e-05
58,1,train/loss,4.819622039794922
58,1,train/lr,2.9e-05
59,1,train/loss,4.451319217681885
59,1,train/lr,2.95e-05
60,1,train/loss,4.635142803192139
60,1,train/lr,3e-05
61,1,train/loss,4.48425817489624
61,1,train/lr,3.05e-05
62,1,train/loss,4.351309776306152
62,1,train/lr,3.1e-05
63,1,train/loss,4.414745807647705
63,1,train/lr,3.15e-05
64,1,train/loss,4.226231575012207
64,1,train/lr,3.2000000000000005e-05
65,1,train/loss,4.268616676330566
65,1,train/lr,3.2500000000000004e-05
66,1,train/loss,4.37068510055542
66,1,train/lr,3.3e-05
67,1,train/loss,4.0810136795043945
67,1,train/lr,3.35e-05
68,1,train/loss,4.092859745025635
68,1,train/lr,3.4000000000000007e-05
69,1,train/loss,4.0676774978637695
69,1,train/lr,3.45e-05
70,1,train/loss,3.90901517868042
70,1,train/lr,3.5e-05
71,1,train/loss,3.8629703521728516
71,1,train/lr,3.55e-05
72,1,train/loss,3.8800060749053955
72,1,train/lr,3.6e-05
73,1,train/loss,3.7651724815368652
73,1,train/lr,3.65e-05
74,1,train/loss,3.8121414184570312
74,1,train/lr,3.7e-05
75,1,train/loss,3.7277238368988037
75,1,train/lr,3.7500000000000003e-05
76,1,train/loss,4.724757671356201
76,1,train/lr,3.8e-05
77,1,train/loss,4.53933048248291
77,1,train/lr,3.85e-05
78,1,train/loss,4.182048797607422
78,1,train/lr,3.9000000000000006e-05
79,1,train/loss,4.151318550109863
79,1,train/lr,3.9500000000000005e-05
80,1,train/loss,4.0764617919921875
80,1,train/lr,4e-05
81,1,train/loss,4.022789001464844
81,1,train/lr,4.05e-05
82,1,train/loss,4.028192043304443
82,1,train/lr,4.1e-05
83,1,train/loss,3.9934890270233154
83,1,train/lr,4.15e-05
84,1,train/loss,3.798880100250244
84,1,train/lr,4.2e-05
85,1,train/loss,3.674438953399658
85,1,train/lr,4.25e-05
86,1,train/loss,3.836155652999878
86,1,train/lr,4.3e-05
87,1,train/loss,3.7510104179382324
87,1,train/lr,4.35e-05
88,1,train/loss,3.6430931091308594
88,1,train/lr,4.4000000000000006e-05
89,1,train/loss,3.520501136779785
89,1,train/lr,4.4500000000000004e-05
90,1,train/loss,3.5319771766662598
90,1,train/lr,4.5e-05
91,1,train/loss,3.4758448600769043
91,1,train/lr,4.55e-05
92,1,train/loss,3.466088056564331
92,1,train/lr,4.600000000000001e-05
93,1,train/loss,3.5263895988464355
93,1,train/lr,4.6500000000000005e-05
94,1,train/loss,3.35794734954834
94,1,train/lr,4.7e-05
95,1,train/loss,3.2957215309143066
95,1,train/lr,4.75e-05
96,1,train/loss,3.356985092163086
96,1,train/lr,4.8e-05
97,1,train/loss,3.241665840148926
97,1,train/lr,4.85e-05
98,1,train/loss,3.291085720062256
98,1,train/lr,4.9e-05
99,1,train/loss,3.2221391201019287
99,1,train/lr,4.9500000000000004e-05
100,1,train/loss,3.1083102226257324
100,1,train/lr,5e-05
101,1,train/loss,3.9744091033935547
101,1,train/lr,5.05e-05
102,1,train/loss,3.8130245208740234
102,1,train/lr,5.1000000000000006e-05
103,1,train/loss,3.6691040992736816
103,1,train/lr,5.1500000000000005e-05
104,1,train/loss,3.5362801551818848
104,1,train/lr,5.2000000000000004e-05
105,1,train/loss,3.5845227241516113
105,1,train/lr,5.25e-05
106,1,train/loss,3.4838266372680664
106,1,train/lr,5.300000000000001e-05
107,1,train/loss,3.3415091037750244
107,1,train/lr,5.3500000000000006e-05
108,1,train/loss,3.236638069152832
108,1,train/lr,5.4000000000000005e-05
109,1,train/loss,3.280606985092163
109,1,train/lr,5.45e-05
110,1,train/loss,3.248464345932007
110,1,train/lr,5.500000000000001e-05
111,1,train/loss,3.1619491577148438
111,1,train/lr,5.550000000000001e-05
112,1,train/loss,3.1393699645996094
112,1,train/lr,5.6000000000000006e-05
113,1,train/loss,3.0587587356567383
113,1,train/lr,5.65e-05
114,1,train/loss,3.1554040908813477
114,1,train/lr,5.6999999999999996e-05
115,1,train/loss,3.102456569671631
115,1,train/lr,5.7499999999999995e-05
116,1,train/loss,2.959852695465088
116,1,train/lr,5.8e-05
117,1,train/loss,3.0349373817443848
117,1,train/lr,5.85e-05
118,1,train/loss,2.974144458770752
118,1,train/lr,5.9e-05
119,1,train/loss,2.935763359069824
119,1,train/lr,5.95e-05
120,1,train/loss,2.835911512374878
120,1,train/lr,6e-05
121,1,train/loss,2.8673930168151855
121,1,train/lr,6.05e-05
122,1,train/loss,2.864492893218994
122,1,train/lr,6.1e-05
123,1,train/loss,2.766348123550415
123,1,train/lr,6.15e-05
124,1,train/loss,2.75372576713562
124,1,train/lr,6.2e-05
125,1,train/loss,2.784872531890869
125,1,train/lr,6.25e-05
126,1,train/loss,3.318974494934082
126,1,train/lr,6.3e-05
127,1,train/loss,3.246999979019165
127,1,train/lr,6.35e-05
128,1,train/loss,3.1514172554016113
128,1,train/lr,6.400000000000001e-05
129,1,train/loss,3.101745367050171
129,1,train/lr,6.450000000000001e-05
130,1,train/loss,3.045315742492676
130,1,train/lr,6.500000000000001e-05
131,1,train/loss,3.029855728149414
131,1,train/lr,6.55e-05
132,1,train/loss,2.804190158843994
132,1,train/lr,6.6e-05
133,1,train/loss,2.9111790657043457
133,1,train/lr,6.65e-05
134,1,train/loss,2.740424156188965
134,1,train/lr,6.7e-05
135,1,train/loss,2.802396059036255
135,1,train/lr,6.750000000000001e-05
136,1,train/loss,2.8769307136535645
136,1,train/lr,6.800000000000001e-05
137,1,train/loss,2.866621255874634
137,1,train/lr,6.850000000000001e-05
138,1,train/loss,2.686300754547119
138,1,train/lr,6.9e-05
139,1,train/loss,2.73917818069458
139,1,train/lr,6.95e-05
140,1,train/loss,2.6565380096435547
140,1,train/lr,7e-05
141,1,train/loss,2.64628267288208
141,1,train/lr,7.05e-05
142,1,train/loss,2.6572916507720947
142,1,train/lr,7.1e-05
143,1,train/loss,2.687950611114502
143,1,train/lr,7.15e-05
144,1,train/loss,2.552950382232666
144,1,train/lr,7.2e-05
145,1,train/loss,2.6286535263061523
145,1,train/lr,7.25e-05
146,1,train/loss,2.5782809257507324
146,1,train/lr,7.3e-05
147,1,train/loss,2.6887636184692383
147,1,train/lr,7.35e-05
148,1,train/loss,2.574552059173584
148,1,train/lr,7.4e-05
149,1,train/loss,2.5039682388305664
149,1,train/lr,7.450000000000001e-05
150,1,train/loss,2.5417959690093994
150,1,train/lr,7.500000000000001e-05
151,1,train/loss,3.1768524646759033
151,1,train/lr,7.55e-05
152,1,train/loss,2.823859930038452
152,1,train/lr,7.6e-05
153,1,train/loss,2.608043670654297
153,1,train/lr,7.65e-05
154,1,train/loss,2.6492133140563965
154,1,train/lr,7.7e-05
155,1,train/loss,2.63387393951416
155,1,train/lr,7.75e-05
156,1,train/loss,2.533128261566162
156,1,train/lr,7.800000000000001e-05
157,1,train/loss,2.527691602706909
157,1,train/lr,7.850000000000001e-05
158,1,train/loss,2.4901680946350098
158,1,train/lr,7.900000000000001e-05
159,1,train/loss,2.6413257122039795
159,1,train/lr,7.950000000000001e-05
160,1,train/loss,2.4915225505828857
160,1,train/lr,8e-05
161,1,train/loss,2.515028238296509
161,1,train/lr,8.05e-05
162,1,train/loss,2.475289821624756
162,1,train/lr,8.1e-05
163,1,train/loss,2.6548690795898438
163,1,train/lr,8.15e-05
164,1,train/loss,2.457519054412842
164,1,train/lr,8.2e-05
165,1,train/loss,2.50630259513855
165,1,train/lr,8.25e-05
166,1,train/loss,2.4644203186035156
166,1,train/lr,8.3e-05
166,1,train/batches,331.0
166,1,train/compute_pct,99.87134391188353
166,1,train/compute_sec,40.224600844000406
166,1,train/data_wait_pct,0.1286560881164733
166,1,train/data_wait_sec,0.0518180650017257
166,1,train/examples,5296.0
166,1,train/examples_per_sec,131.49133273157753
166,1,train/input_tokens,626022.0
166,1,train/peak_vram_gb,4.878176212310791
166,1,train/target_tokens,424738.0
166,1,train/tokens_per_sec,26088.71464898648
166,1,train/total_sec,40.27641890900213
166,1,train/epoch_loss,4.03965022340642
166,1,epoch1/batches,331.0
166,1,epoch1/compute_pct,99.87134391188353
166,1,epoch1/compute_sec,40.224600844000406
166,1,epoch1/data_wait_pct,0.1286560881164733
166,1,epoch1/data_wait_sec,0.0518180650017257
166,1,epoch1/examples,5296.0
166,1,epoch1/examples_per_sec,131.49133273157753
166,1,epoch1/input_tokens,626022.0
166,1,epoch1/peak_vram_gb,4.878176212310791
166,1,epoch1/target_tokens,424738.0
166,1,epoch1/tokens_per_sec,26088.71464898648
166,1,epoch1/total_sec,40.27641890900213
166,1,val/bleu,0.055239146546201226
166,1,val/chrf,6.735180144313187
166,1,val/combined,0.6099554106709612
166,1,val/eval_peak_vram_gb,4.878176212310791
166,1,val/eval_samples_per_sec,8.164618334850072
166,1,val/eval_seconds,73.12038058799999
166,1,val/eval_tokens_per_sec,3135.2134405824277
167,2,train/loss,2.794706344604492
167,2,train/lr,8.35e-05
168,2,train/loss,2.7809112071990967
168,2,train/lr,8.4e-05
169,2,train/loss,2.6557154655456543
169,2,train/lr,8.450000000000001e-05
170,2,train/loss,2.705014705657959
170,2,train/lr,8.5e-05
171,2,train/loss,2.4761195182800293
171,2,train/lr,8.55e-05
172,2,train/loss,2.5606870651245117
172,2,train/lr,8.6e-05
173,2,train/loss,2.6562721729278564
173,2,train/lr,8.65e-05
174,2,train/loss,2.4651355743408203
174,2,train/lr,8.7e-05
175,2,train/loss,2.4546656608581543
175,2,train/lr,8.75e-05
176,2,train/loss,2.501645803451538
176,2,train/lr,8.800000000000001e-05
177,2,train/loss,2.4589266777038574
177,2,train/lr,8.850000000000001e-05
178,2,train/loss,2.557706356048584
178,2,train/lr,8.900000000000001e-05
179,2,train/loss,2.3257827758789062
179,2,train/lr,8.950000000000001e-05
180,2,train/loss,2.5181453227996826
180,2,train/lr,9e-05
181,2,train/loss,2.4558911323547363
181,2,train/lr,9.05e-05
182,2,train/loss,2.328066825866699
182,2,train/lr,9.1e-05
183,2,train/loss,2.44138240814209
183,2,train/lr,9.15e-05
184,2,train/loss,2.3713018894195557
184,2,train/lr,9.200000000000001e-05
185,2,train/loss,2.4069361686706543
185,2,train/lr,9.250000000000001e-05
186,2,train/loss,2.5232925415039062
186,2,train/lr,9.300000000000001e-05
187,2,train/loss,2.476785898208618
187,2,train/lr,9.350000000000001e-05
188,2,train/loss,2.3532001972198486
188,2,train/lr,9.4e-05
189,2,train/loss,2.360957145690918
189,2,train/lr,9.449999999999999e-05
190,2,train/loss,2.4077517986297607
190,2,train/lr,9.5e-05
191,2,train/loss,2.370260238647461
191,2,train/lr,9.55e-05
192,2,train/loss,2.730318069458008
192,2,train/lr,9.6e-05
193,2,train/loss,2.632608652114868
193,2,train/lr,9.65e-05
194,2,train/loss,2.439413070678711
194,2,train/lr,9.7e-05
195,2,train/loss,2.6037168502807617
195,2,train/lr,9.75e-05
196,2,train/loss,2.437974691390991
196,2,train/lr,9.8e-05
197,2,train/loss,2.40423583984375
197,2,train/lr,9.850000000000001e-05
198,2,train/loss,2.392831325531006
198,2,train/lr,9.900000000000001e-05
199,2,train/loss,2.430563449859619
199,2,train/lr,9.95e-05
200,2,train/loss,2.4076757431030273
200,2,train/lr,0.0001
201,2,train/loss,2.339001417160034
201,2,train/lr,9.999998276792908e-05
202,2,train/loss,2.307755947113037
202,2,train/lr,9.999993107172816e-05
203,2,train/loss,2.177245616912842
203,2,train/lr,9.999984491143288e-05
204,2,train/loss,2.249481201171875
204,2,train/lr,9.999972428710264e-05
205,2,train/loss,2.267993450164795
205,2,train/lr,9.999956919882058e-05
206,2,train/loss,2.2920315265655518
206,2,train/lr,9.999937964669359e-05
207,2,train/loss,2.3012728691101074
207,2,train/lr,9.999915563085234e-05
208,2,train/loss,2.2698936462402344
208,2,train/lr,9.999889715145123e-05
209,2,train/loss,2.2712242603302
209,2,train/lr,9.999860420866844e-05
210,2,train/loss,2.242741107940674
210,2,train/lr,9.999827680270587e-05
211,2,train/loss,2.2884483337402344
211,2,train/lr,9.999791493378921e-05
212,2,train/loss,2.3092784881591797
212,2,train/lr,9.999751860216787e-05
213,2,train/loss,2.2523810863494873
213,2,train/lr,9.999708780811505e-05
214,2,train/loss,2.2524220943450928
214,2,train/lr,9.999662255192772e-05
215,2,train/loss,2.338897228240967
215,2,train/lr,9.999612283392651e-05
216,2,train/loss,2.291153907775879
216,2,train/lr,9.99955886544559e-05
217,2,train/loss,2.565014123916626
217,2,train/lr,9.99950200138841e-05
218,2,train/loss,2.523085355758667
218,2,train/lr,9.999441691260305e-05
219,2,train/loss,2.619150400161743
219,2,train/lr,9.999377935102847e-05
220,2,train/loss,2.483342409133911
220,2,train/lr,9.999310732959979e-05
221,2,train/loss,2.4013187885284424
221,2,train/lr,9.999240084878025e-05
222,2,train/loss,2.376767158508301
222,2,train/lr,9.999165990905683e-05
223,2,train/loss,2.473771810531616
223,2,train/lr,9.999088451094021e-05
224,2,train/loss,2.3214666843414307
224,2,train/lr,9.999007465496488e-05
225,2,train/loss,2.3130099773406982
225,2,train/lr,9.998923034168905e-05
226,2,train/loss,2.182671070098877
226,2,train/lr,9.998835157169468e-05
227,2,train/loss,2.1915841102600098
227,2,train/lr,9.998743834558752e-05
228,2,train/loss,2.2605981826782227
228,2,train/lr,9.998649066399704e-05
229,2,train/loss,2.2091784477233887
229,2,train/lr,9.998550852757644e-05
230,2,train/loss,2.2497830390930176
230,2,train/lr,9.998449193700269e-05
231,2,train/loss,2.1111910343170166
231,2,train/lr,9.998344089297651e-05
232,2,train/loss,2.0995547771453857
232,2,train/lr,9.998235539622239e-05
233,2,train/loss,2.1130855083465576
233,2,train/lr,9.998123544748852e-05
234,2,train/loss,2.2505295276641846
234,2,train/lr,9.998008104754686e-05
235,2,train/loss,2.24125599861145
235,2,train/lr,9.997889219719314e-05
236,2,train/loss,2.176481246948242
236,2,train/lr,9.99776688972468e-05
237,2,train/loss,2.2238521575927734
237,2,train/lr,9.997641114855103e-05
238,2,train/loss,2.267045259475708
238,2,train/lr,9.997511895197279e-05
239,2,train/loss,2.212867259979248
239,2,train/lr,9.997379230840276e-05
240,2,train/loss,2.2091269493103027
240,2,train/lr,9.997243121875538e-05
241,2,train/loss,2.1795761585235596
241,2,train/lr,9.997103568396882e-05
242,2,train/loss,2.599215507507324
242,2,train/lr,9.996960570500501e-05
243,2,train/loss,2.4425110816955566
243,2,train/lr,9.99681412828496e-05
244,2,train/loss,2.262134313583374
244,2,train/lr,9.996664241851197e-05
245,2,train/loss,2.2648301124572754
245,2,train/lr,9.99651091130253e-05
246,2,train/loss,2.289311647415161
246,2,train/lr,9.996354136744645e-05
247,2,train/loss,2.188359022140503
247,2,train/lr,9.996193918285605e-05
248,2,train/loss,2.1906661987304688
248,2,train/lr,9.996030256035844e-05
249,2,train/loss,2.135087251663208
249,2,train/lr,9.995863150108174e-05
250,2,train/loss,2.1779744625091553
250,2,train/lr,9.995692600617776e-05
251,2,train/loss,2.207223653793335
251,2,train/lr,9.995518607682208e-05
252,2,train/loss,2.126024007797241
252,2,train/lr,9.995341171421401e-05
253,2,train/loss,2.296295166015625
253,2,train/lr,9.995160291957659e-05
254,2,train/loss,2.1395044326782227
254,2,train/lr,9.994975969415657e-05
255,2,train/loss,2.205472230911255
255,2,train/lr,9.994788203922447e-05
256,2,train/loss,2.0901055335998535
256,2,train/lr,9.99459699560745e-05
257,2,train/loss,2.078598976135254
257,2,train/lr,9.994402344602467e-05
258,2,train/loss,2.1540870666503906
258,2,train/lr,9.994204251041663e-05
259,2,train/loss,2.0780067443847656
259,2,train/lr,9.994002715061586e-05
260,2,train/loss,2.1241729259490967
260,2,train/lr,9.993797736801145e-05
261,2,train/loss,2.094525098800659
261,2,train/lr,9.993589316401632e-05
262,2,train/loss,2.1238787174224854
262,2,train/lr,9.993377454006707e-05
263,2,train/loss,2.2487518787384033
263,2,train/lr,9.993162149762402e-05
264,2,train/loss,2.1619608402252197
264,2,train/lr,9.992943403817123e-05
265,2,train/loss,2.1304848194122314
265,2,train/lr,9.99272121632165e-05
266,2,train/loss,2.2669761180877686
266,2,train/lr,9.992495587429129e-05
267,2,train/loss,2.5553736686706543
267,2,train/lr,9.992266517295086e-05
268,2,train/loss,2.2946105003356934
268,2,train/lr,9.992034006077411e-05
269,2,train/loss,2.1033244132995605
269,2,train/lr,9.991798053936375e-05
270,2,train/loss,2.3676376342773438
270,2,train/lr,9.991558661034612e-05
271,2,train/loss,2.2495620250701904
271,2,train/lr,9.991315827537132e-05
272,2,train/loss,2.2631802558898926
272,2,train/lr,9.991069553611316e-05
273,2,train/loss,2.1924781799316406
273,2,train/lr,9.990819839426919e-05
274,2,train/loss,2.181415557861328
274,2,train/lr,9.990566685156061e-05
275,2,train/loss,2.170865535736084
275,2,train/lr,9.990310090973239e-05
276,2,train/loss,2.1357717514038086
276,2,train/lr,9.990050057055318e-05
277,2,train/loss,2.1669681072235107
277,2,train/lr,9.989786583581535e-05
278,2,train/loss,2.0587069988250732
278,2,train/lr,9.989519670733498e-05
279,2,train/loss,2.1466798782348633
279,2,train/lr,9.989249318695186e-05
280,2,train/loss,2.1006522178649902
280,2,train/lr,9.988975527652949e-05
281,2,train/loss,2.048544406890869
281,2,train/lr,9.988698297795504e-05
282,2,train/loss,2.0324642658233643
282,2,train/lr,9.988417629313941e-05
283,2,train/loss,2.068779945373535
283,2,train/lr,9.988133522401722e-05
284,2,train/loss,2.0093135833740234
284,2,train/lr,9.987845977254674e-05
285,2,train/loss,2.0664823055267334
285,2,train/lr,9.987554994071e-05
286,2,train/loss,2.0163516998291016
286,2,train/lr,9.987260573051269e-05
287,2,train/loss,2.112933397293091
287,2,train/lr,9.986962714398418e-05
288,2,train/loss,2.079378366470337
288,2,train/lr,9.986661418317759e-05
289,2,train/loss,2.021589994430542
289,2,train/lr,9.986356685016968e-05
290,2,train/loss,2.1305294036865234
290,2,train/lr,9.986048514706095e-05
291,2,train/loss,2.192406415939331
291,2,train/lr,9.985736907597553e-05
292,2,train/loss,2.218538522720337
292,2,train/lr,9.98542186390613e-05
293,2,train/loss,2.250265121459961
293,2,train/lr,9.98510338384898e-05
294,2,train/loss,2.136864185333252
294,2,train/lr,9.984781467645623e-05
295,2,train/loss,2.3415372371673584
295,2,train/lr,9.984456115517955e-05
296,2,train/loss,2.1377129554748535
296,2,train/lr,9.984127327690232e-05
297,2,train/loss,2.2611513137817383
297,2,train/lr,9.983795104389084e-05
298,2,train/loss,2.196965217590332
298,2,train/lr,9.983459445843505e-05
299,2,train/loss,2.119188070297241
299,2,train/lr,9.98312035228486e-05
300,2,train/loss,2.037127733230591
300,2,train/lr,9.98277782394688e-05
301,2,train/loss,2.0272703170776367
301,2,train/lr,9.982431861065664e-05
302,2,train/loss,2.0343682765960693
302,2,train/lr,9.982082463879677e-05
303,2,train/loss,2.351353645324707
303,2,train/lr,9.981729632629755e-05
304,2,train/loss,2.146238327026367
304,2,train/lr,9.981373367559096e-05
305,2,train/loss,1.9853932857513428
305,2,train/lr,9.981013668913268e-05
306,2,train/loss,2.0999398231506348
306,2,train/lr,9.980650536940207e-05
307,2,train/loss,2.019383430480957
307,2,train/lr,9.980283971890212e-05
308,2,train/loss,1.989997386932373
308,2,train/lr,9.979913974015949e-05
309,2,train/loss,1.949474811553955
309,2,train/lr,9.979540543572455e-05
310,2,train/loss,1.9559791088104248
310,2,train/lr,9.979163680817124e-05
311,2,train/loss,2.023256778717041
311,2,train/lr,9.978783386009725e-05
312,2,train/loss,2.0383710861206055
312,2,train/lr,9.978399659412388e-05
313,2,train/loss,2.0647008419036865
313,2,train/lr,9.978012501289607e-05
314,2,train/loss,2.054323196411133
314,2,train/lr,9.977621911908243e-05
315,2,train/loss,2.0550808906555176
315,2,train/lr,9.977227891537529e-05
316,2,train/loss,1.9926203489303589
316,2,train/lr,9.97683044044905e-05
317,2,train/loss,2.2106854915618896
317,2,train/lr,9.976429558916763e-05
318,2,train/loss,2.2359261512756348
318,2,train/lr,9.976025247216991e-05
319,2,train/loss,2.1639065742492676
319,2,train/lr,9.975617505628419e-05
320,2,train/loss,2.1370673179626465
320,2,train/lr,9.975206334432093e-05
321,2,train/loss,2.1045374870300293
321,2,train/lr,9.97479173391143e-05
322,2,train/loss,2.0982704162597656
322,2,train/lr,9.974373704352206e-05
323,2,train/loss,2.18642520904541
323,2,train/lr,9.973952246042562e-05
324,2,train/loss,2.043280601501465
324,2,train/lr,9.973527359272998e-05
325,2,train/loss,1.9854875802993774
325,2,train/lr,9.973099044336388e-05
326,2,train/loss,2.0056989192962646
326,2,train/lr,9.972667301527956e-05
327,2,train/loss,2.074143886566162
327,2,train/lr,9.972232131145298e-05
328,2,train/loss,2.0496323108673096
328,2,train/lr,9.971793533488369e-05
329,2,train/loss,2.07195782661438
329,2,train/lr,9.971351508859488e-05
330,2,train/loss,1.995887041091919
330,2,train/lr,9.970906057563331e-05
331,2,train/loss,2.0701847076416016
331,2,train/lr,9.970457179906944e-05
332,2,train/loss,2.049903392791748
332,2,train/lr,9.97000487619973e-05
332,2,train/batches,331.0
332,2,train/compute_pct,99.86564221667238
332,2,train/compute_sec,38.84812228400051
332,2,train/data_wait_pct,0.13435778332762247
332,2,train/data_wait_sec,0.052265698999804044
332,2,train/examples,5296.0
332,2,train/examples_per_sec,136.14260100219005
332,2,train/input_tokens,625993.0
332,2,train/peak_vram_gb,4.878176212310791
332,2,train/target_tokens,424709.0
332,2,train/tokens_per_sec,27010.06479573321
332,2,train/total_sec,38.900387983000314
332,2,train/epoch_loss,2.2457896859984383
332,2,epoch2/batches,331.0
332,2,epoch2/compute_pct,99.86564221667238
332,2,epoch2/compute_sec,38.84812228400051
332,2,epoch2/data_wait_pct,0.13435778332762247
332,2,epoch2/data_wait_sec,0.052265698999804044
332,2,epoch2/examples,5296.0
332,2,epoch2/examples_per_sec,136.14260100219005
332,2,epoch2/input_tokens,625993.0
332,2,epoch2/peak_vram_gb,4.878176212310791
332,2,epoch2/target_tokens,424709.0
332,2,epoch2/tokens_per_sec,27010.06479573321
332,2,epoch2/total_sec,38.900387983000314
332,2,val/bleu,0.7655228597275723
332,2,val/chrf,12.05510353212619
332,2,val/combined,3.037837607612559
332,2,val/eval_peak_vram_gb,4.878176212310791
332,2,val/eval_samples_per_sec,8.857765198312254
332,2,val/eval_seconds,67.39849009700004
332,2,val/eval_tokens_per_sec,3401.3818361519056
333,3,train/loss,2.1246094703674316
333,3,train/lr,9.969549146753453e-05
334,3,train/loss,2.2138683795928955
334,3,train/lr,9.96908999188224e-05
335,3,train/loss,2.3561928272247314
335,3,train/lr,9.968627411902578e-05
336,3,train/loss,2.30845308303833
336,3,train/lr,9.968161407133317e-05
337,3,train/loss,2.1484482288360596
337,3,train/lr,9.967691977895664e-05
338,3,train/loss,2.1543798446655273
338,3,train/lr,9.967219124513189e-05
339,3,train/loss,2.173299551010132
339,3,train/lr,9.966742847311824e-05
340,3,train/loss,1.9720157384872437
340,3,train/lr,9.966263146619857e-05
341,3,train/loss,2.1406214237213135
341,3,train/lr,9.965780022767937e-05
342,3,train/loss,1.9606425762176514
342,3,train/lr,9.965293476089072e-05
343,3,train/loss,1.9083905220031738
343,3,train/lr,9.964803506918634e-05
344,3,train/loss,2.021780014038086
344,3,train/lr,9.964310115594347e-05
345,3,train/loss,2.0172736644744873
345,3,train/lr,9.963813302456297e-05
346,3,train/loss,1.8506433963775635
346,3,train/lr,9.963313067846932e-05
347,3,train/loss,1.9976837635040283
347,3,train/lr,9.962809412111051e-05
348,3,train/loss,1.8017574548721313
348,3,train/lr,9.96230233559582e-05
349,3,train/loss,1.99806547164917
349,3,train/lr,9.961791838650754e-05
350,3,train/loss,2.0309581756591797
350,3,train/lr,9.961277921627731e-05
351,3,train/loss,1.988027811050415
351,3,train/lr,9.960760584880987e-05
352,3,train/loss,1.9744596481323242
352,3,train/lr,9.96023982876711e-05
353,3,train/loss,1.9862980842590332
353,3,train/lr,9.959715653645052e-05
354,3,train/loss,1.998966097831726
354,3,train/lr,9.959188059876115e-05
355,3,train/loss,1.9740400314331055
355,3,train/lr,9.95865704782396e-05
356,3,train/loss,2.1086459159851074
356,3,train/lr,9.958122617854609e-05
357,3,train/loss,2.0666303634643555
357,3,train/lr,9.957584770336429e-05
358,3,train/loss,2.0597376823425293
358,3,train/lr,9.957043505640153e-05
359,3,train/loss,2.0519802570343018
359,3,train/lr,9.956498824138866e-05
360,3,train/loss,2.2233729362487793
360,3,train/lr,9.955950726208005e-05
361,3,train/loss,2.2821407318115234
361,3,train/lr,9.955399212225367e-05
362,3,train/loss,2.144789218902588
362,3,train/lr,9.9548442825711e-05
363,3,train/loss,2.0134308338165283
363,3,train/lr,9.954285937627708e-05
364,3,train/loss,2.240208625793457
364,3,train/lr,9.953724177780046e-05
365,3,train/loss,2.0565426349639893
365,3,train/lr,9.953159003415328e-05
366,3,train/loss,2.0419797897338867
366,3,train/lr,9.95259041492312e-05
367,3,train/loss,1.99281644821167
367,3,train/lr,9.952018412695336e-05
368,3,train/loss,2.2173709869384766
368,3,train/lr,9.951442997126253e-05
369,3,train/loss,1.9359724521636963
369,3,train/lr,9.95086416861249e-05
370,3,train/loss,2.03029203414917
370,3,train/lr,9.950281927553027e-05
371,3,train/loss,1.9517654180526733
371,3,train/lr,9.949696274349191e-05
372,3,train/loss,1.8740320205688477
372,3,train/lr,9.949107209404665e-05
373,3,train/loss,1.9034141302108765
373,3,train/lr,9.948514733125477e-05
374,3,train/loss,1.8051607608795166
374,3,train/lr,9.947918845920015e-05
375,3,train/loss,2.008808135986328
375,3,train/lr,9.947319548199011e-05
376,3,train/loss,1.9262639284133911
376,3,train/lr,9.946716840375551e-05
377,3,train/loss,2.007376194000244
377,3,train/lr,9.946110722865074e-05
378,3,train/loss,1.9132933616638184
378,3,train/lr,9.945501196085363e-05
379,3,train/loss,2.090169906616211
379,3,train/lr,9.944888260456555e-05
380,3,train/loss,2.0319716930389404
380,3,train/lr,9.944271916401138e-05
381,3,train/loss,2.0067667961120605
381,3,train/lr,9.943652164343945e-05
382,3,train/loss,2.007805824279785
382,3,train/lr,9.943029004712162e-05
383,3,train/loss,2.059373617172241
383,3,train/lr,9.942402437935322e-05
384,3,train/loss,2.3153738975524902
384,3,train/lr,9.941772464445306e-05
385,3,train/loss,2.2271909713745117
385,3,train/lr,9.941139084676344e-05
386,3,train/loss,2.088160276412964
386,3,train/lr,9.940502299065016e-05
387,3,train/loss,2.0380759239196777
387,3,train/lr,9.939862108050243e-05
388,3,train/loss,2.026414394378662
388,3,train/lr,9.939218512073302e-05
389,3,train/loss,2.171565294265747
389,3,train/lr,9.93857151157781e-05
390,3,train/loss,2.0795981884002686
390,3,train/lr,9.937921107009734e-05
391,3,train/loss,1.9618430137634277
391,3,train/lr,9.937267298817388e-05
392,3,train/loss,2.0348777770996094
392,3,train/lr,9.936610087451429e-05
393,3,train/loss,1.9426028728485107
393,3,train/lr,9.935949473364863e-05
394,3,train/loss,1.8928887844085693
394,3,train/lr,9.935285457013036e-05
395,3,train/loss,1.935387372970581
395,3,train/lr,9.93461803885365e-05
396,3,train/loss,1.9441444873809814
396,3,train/lr,9.93394721934674e-05
397,3,train/loss,1.9124979972839355
397,3,train/lr,9.933272998954692e-05
398,3,train/loss,1.9262216091156006
398,3,train/lr,9.932595378142233e-05
399,3,train/loss,1.924477458000183
399,3,train/lr,9.931914357376437e-05
400,3,train/loss,1.9216902256011963
400,3,train/lr,9.93122993712672e-05
401,3,train/loss,1.96786630153656
401,3,train/lr,9.93054211786484e-05
402,3,train/loss,1.9723353385925293
402,3,train/lr,9.929850900064899e-05
403,3,train/loss,1.9519120454788208
403,3,train/lr,9.929156284203342e-05
404,3,train/loss,1.9955930709838867
404,3,train/lr,9.928458270758956e-05
405,3,train/loss,1.9833757877349854
405,3,train/lr,9.92775686021287e-05
406,3,train/loss,1.8822143077850342
406,3,train/lr,9.927052053048554e-05
407,3,train/loss,2.043325901031494
407,3,train/lr,9.926343849751818e-05
408,3,train/loss,2.110464096069336
408,3,train/lr,9.925632250810816e-05
409,3,train/loss,2.0021352767944336
409,3,train/lr,9.924917256716042e-05
410,3,train/loss,2.1036155223846436
410,3,train/lr,9.924198867960327e-05
411,3,train/loss,1.9629313945770264
411,3,train/lr,9.923477085038845e-05
412,3,train/loss,1.99284029006958
412,3,train/lr,9.922751908449108e-05
413,3,train/loss,2.0505175590515137
413,3,train/lr,9.922023338690968e-05
414,3,train/loss,1.97230863571167
414,3,train/lr,9.921291376266616e-05
415,3,train/loss,2.066376209259033
415,3,train/lr,9.92055602168058e-05
416,3,train/loss,1.9149861335754395
416,3,train/lr,9.91981727543973e-05
417,3,train/loss,1.9723594188690186
417,3,train/lr,9.919075138053268e-05
418,3,train/loss,1.9436140060424805
418,3,train/lr,9.918329610032739e-05
419,3,train/loss,2.0802669525146484
419,3,train/lr,9.917580691892022e-05
420,3,train/loss,1.851484775543213
420,3,train/lr,9.916828384147331e-05
421,3,train/loss,1.9300224781036377
421,3,train/lr,9.916072687317221e-05
422,3,train/loss,1.842315435409546
422,3,train/lr,9.915313601922582e-05
423,3,train/loss,1.9267663955688477
423,3,train/lr,9.914551128486636e-05
424,3,train/loss,1.8578904867172241
424,3,train/lr,9.913785267534945e-05
425,3,train/loss,1.9010404348373413
425,3,train/lr,9.913016019595403e-05
426,3,train/loss,1.874576449394226
426,3,train/lr,9.912243385198239e-05
427,3,train/loss,1.9582586288452148
427,3,train/lr,9.911467364876017e-05
428,3,train/loss,1.9740902185440063
428,3,train/lr,9.910687959163634e-05
429,3,train/loss,1.9734902381896973
429,3,train/lr,9.909905168598322e-05
430,3,train/loss,1.788549780845642
430,3,train/lr,9.909118993719643e-05
431,3,train/loss,1.9974414110183716
431,3,train/lr,9.908329435069495e-05
432,3,train/loss,1.8965957164764404
432,3,train/lr,9.907536493192109e-05
433,3,train/loss,2.092251777648926
433,3,train/lr,9.906740168634045e-05
434,3,train/loss,2.017671823501587
434,3,train/lr,9.905940461944194e-05
435,3,train/loss,1.929978847503662
435,3,train/lr,9.905137373673783e-05
436,3,train/loss,1.97232985496521
436,3,train/lr,9.904330904376366e-05
437,3,train/loss,1.9702924489974976
437,3,train/lr,9.903521054607827e-05
438,3,train/loss,1.9135208129882812
438,3,train/lr,9.902707824926382e-05
439,3,train/loss,2.013601779937744
439,3,train/lr,9.90189121589258e-05
440,3,train/loss,1.9041495323181152
440,3,train/lr,9.90107122806929e-05
441,3,train/loss,2.01237154006958
441,3,train/lr,9.900247862021719e-05
442,3,train/loss,1.952229380607605
442,3,train/lr,9.899421118317398e-05
443,3,train/loss,1.9832420349121094
443,3,train/lr,9.898590997526187e-05
444,3,train/loss,1.8016422986984253
444,3,train/lr,9.897757500220275e-05
445,3,train/loss,1.8621876239776611
445,3,train/lr,9.896920626974176e-05
446,3,train/loss,1.8948981761932373
446,3,train/lr,9.896080378364734e-05
447,3,train/loss,1.8686656951904297
447,3,train/lr,9.895236754971115e-05
448,3,train/loss,1.8013858795166016
448,3,train/lr,9.894389757374817e-05
449,3,train/loss,1.864585041999817
449,3,train/lr,9.893539386159663e-05
450,3,train/loss,1.919348955154419
450,3,train/lr,9.892685641911794e-05
451,3,train/loss,1.8538020849227905
451,3,train/lr,9.891828525219684e-05
452,3,train/loss,1.8443305492401123
452,3,train/lr,9.890968036674128e-05
453,3,train/loss,2.0749716758728027
453,3,train/lr,9.890104176868247e-05
454,3,train/loss,1.9802435636520386
454,3,train/lr,9.889236946397484e-05
455,3,train/loss,1.965860366821289
455,3,train/lr,9.888366345859607e-05
456,3,train/loss,1.9803085327148438
456,3,train/lr,9.887492375854705e-05
457,3,train/loss,1.9464834928512573
457,3,train/lr,9.886615036985189e-05
458,3,train/loss,2.14526104927063
458,3,train/lr,9.885734329855798e-05
459,3,train/loss,2.1428885459899902
459,3,train/lr,9.884850255073586e-05
460,3,train/loss,2.020493507385254
460,3,train/lr,9.883962813247928e-05
461,3,train/loss,2.0068976879119873
461,3,train/lr,9.883072004990525e-05
462,3,train/loss,1.9804363250732422
462,3,train/lr,9.882177830915398e-05
463,3,train/loss,2.0092825889587402
463,3,train/lr,9.881280291638881e-05
464,3,train/loss,2.0759596824645996
464,3,train/lr,9.880379387779637e-05
465,3,train/loss,1.8825448751449585
465,3,train/lr,9.879475119958638e-05
466,3,train/loss,1.9103691577911377
466,3,train/lr,9.878567488799187e-05
467,3,train/loss,1.8360720872879028
467,3,train/lr,9.877656494926894e-05
468,3,train/loss,1.8844010829925537
468,3,train/lr,9.876742138969695e-05
469,3,train/loss,1.9748897552490234
469,3,train/lr,9.875824421557835e-05
470,3,train/loss,1.7497612237930298
470,3,train/lr,9.874903343323883e-05
471,3,train/loss,1.9962775707244873
471,3,train/lr,9.873978904902724e-05
472,3,train/loss,1.9100896120071411
472,3,train/lr,9.873051106931557e-05
473,3,train/loss,1.9394760131835938
473,3,train/lr,9.872119950049896e-05
474,3,train/loss,1.9331318140029907
474,3,train/lr,9.871185434899572e-05
475,3,train/loss,1.854528546333313
475,3,train/lr,9.87024756212473e-05
476,3,train/loss,1.9070333242416382
476,3,train/lr,9.869306332371831e-05
477,3,train/loss,1.789811372756958
477,3,train/lr,9.868361746289648e-05
478,3,train/loss,1.8380048274993896
478,3,train/lr,9.867413804529267e-05
479,3,train/loss,1.8922951221466064
479,3,train/lr,9.866462507744086e-05
480,3,train/loss,1.7947382926940918
480,3,train/lr,9.865507856589822e-05
481,3,train/loss,1.9230551719665527
481,3,train/lr,9.864549851724498e-05
482,3,train/loss,1.9136531352996826
482,3,train/lr,9.863588493808449e-05
483,3,train/loss,2.3150601387023926
483,3,train/lr,9.862623783504325e-05
484,3,train/loss,1.9927842617034912
484,3,train/lr,9.861655721477082e-05
485,3,train/loss,2.0890052318573
485,3,train/lr,9.860684308393988e-05
486,3,train/loss,1.9032983779907227
486,3,train/lr,9.859709544924624e-05
487,3,train/loss,1.907477855682373
487,3,train/lr,9.858731431740875e-05
488,3,train/loss,2.0086779594421387
488,3,train/lr,9.857749969516941e-05
489,3,train/loss,1.8245525360107422
489,3,train/lr,9.856765158929323e-05
490,3,train/loss,1.7404513359069824
490,3,train/lr,9.855777000656838e-05
491,3,train/loss,1.837242603302002
491,3,train/lr,9.854785495380602e-05
492,3,train/loss,1.79268479347229
492,3,train/lr,9.853790643784047e-05
493,3,train/loss,1.7866058349609375
493,3,train/lr,9.852792446552906e-05
494,3,train/loss,1.7642189264297485
494,3,train/lr,9.851790904375217e-05
495,3,train/loss,1.8997750282287598
495,3,train/lr,9.850786017941329e-05
496,3,train/loss,1.8890752792358398
496,3,train/lr,9.84977778794389e-05
497,3,train/loss,1.90238618850708
497,3,train/lr,9.848766215077858e-05
498,3,train/loss,2.0165648460388184
498,3,train/lr,9.84775130004049e-05
498,3,train/batches,331.0
498,3,train/compute_pct,99.87540956592721
498,3,train/compute_sec,39.73491448800007
498,3,train/data_wait_pct,0.12459043407278743
498,3,train/data_wait_sec,0.049567659000558706
498,3,train/examples,5296.0
498,3,train/examples_per_sec,133.11722848199165
498,3,train/input_tokens,625993.0
498,3,train/peak_vram_gb,4.878176212310791
498,3,train/target_tokens,424438.0
498,3,train/tokens_per_sec,26403.033125295875
498,3,train/total_sec,39.78448214700063
498,3,train/epoch_loss,1.979666359835161
498,3,epoch3/batches,331.0
498,3,epoch3/compute_pct,99.87540956592721
498,3,epoch3/compute_sec,39.73491448800007
498,3,epoch3/data_wait_pct,0.12459043407278743
498,3,epoch3/data_wait_sec,0.049567659000558706
498,3,epoch3/examples,5296.0
498,3,epoch3/examples_per_sec,133.11722848199165
498,3,epoch3/input_tokens,625993.0
498,3,epoch3/peak_vram_gb,4.878176212310791
498,3,epoch3/target_tokens,424438.0
498,3,epoch3/tokens_per_sec,26403.033125295875
498,3,epoch3/total_sec,39.78448214700063
498,3,val/bleu,2.562394599505241
498,3,val/chrf,17.508163468932615
498,3,val/combined,6.697971597435142
498,3,val/eval_peak_vram_gb,4.878176212310791
498,3,val/eval_samples_per_sec,9.012664827366823
498,3,val/eval_seconds,66.2401200349999
498,3,val/eval_tokens_per_sec,3393.9552023941364
499,4,train/loss,1.971386432647705
499,4,train/lr,9.846733043531354e-05
500,4,train/loss,1.9920413494110107
500,4,train/lr,9.845711446252313e-05
501,4,train/loss,1.9204487800598145
501,4,train/lr,9.844686508907537e-05
502,4,train/loss,1.9932806491851807
502,4,train/lr,9.843658232203498e-05
503,4,train/loss,1.9451382160186768
503,4,train/lr,9.842626616848971e-05
504,4,train/loss,1.8981833457946777
504,4,train/lr,9.841591663555029e-05
505,4,train/loss,1.8186168670654297
505,4,train/lr,9.840553373035047e-05
506,4,train/loss,1.981948733329773
506,4,train/lr,9.839511746004704e-05
507,4,train/loss,1.840567946434021
507,4,train/lr,9.838466783181971e-05
508,4,train/loss,1.9285062551498413
508,4,train/lr,9.837418485287127e-05
509,4,train/loss,1.8446242809295654
509,4,train/lr,9.836366853042743e-05
510,4,train/loss,1.773202896118164
510,4,train/lr,9.835311887173694e-05
511,4,train/loss,1.9278086423873901
511,4,train/lr,9.834253588407148e-05
512,4,train/loss,1.8885767459869385
512,4,train/lr,9.83319195747257e-05
513,4,train/loss,1.7503745555877686
513,4,train/lr,9.832126995101728e-05
514,4,train/loss,1.8575377464294434
514,4,train/lr,9.83105870202868e-05
515,4,train/loss,1.8885128498077393
515,4,train/lr,9.829987078989783e-05
516,4,train/loss,1.7855401039123535
516,4,train/lr,9.828912126723689e-05
517,4,train/loss,1.857464075088501
517,4,train/lr,9.827833845971342e-05
518,4,train/loss,1.9105768203735352
518,4,train/lr,9.826752237475982e-05
519,4,train/loss,1.9223226308822632
519,4,train/lr,9.825667301983148e-05
520,4,train/loss,1.9221324920654297
520,4,train/lr,9.824579040240662e-05
521,4,train/loss,1.8762054443359375
521,4,train/lr,9.823487452998648e-05
522,4,train/loss,1.946110725402832
522,4,train/lr,9.822392541009515e-05
523,4,train/loss,1.9415130615234375
523,4,train/lr,9.821294305027969e-05
524,4,train/loss,2.098062038421631
524,4,train/lr,9.820192745811006e-05
525,4,train/loss,2.063443660736084
525,4,train/lr,9.819087864117908e-05
526,4,train/loss,1.8873393535614014
526,4,train/lr,9.817979660710257e-05
527,4,train/loss,1.9975680112838745
527,4,train/lr,9.816868136351913e-05
528,4,train/loss,2.0587804317474365
528,4,train/lr,9.815753291809036e-05
529,4,train/loss,2.204092502593994
529,4,train/lr,9.814635127850062e-05
530,4,train/loss,1.9469325542449951
530,4,train/lr,9.813513645245729e-05
531,4,train/loss,1.7817716598510742
531,4,train/lr,9.812388844769053e-05
532,4,train/loss,1.8539905548095703
532,4,train/lr,9.811260727195341e-05
533,4,train/loss,1.916083574295044
533,4,train/lr,9.810129293302182e-05
534,4,train/loss,1.9669740200042725
534,4,train/lr,9.808994543869457e-05
535,4,train/loss,1.9669086933135986
535,4,train/lr,9.807856479679327e-05
536,4,train/loss,1.809045433998108
536,4,train/lr,9.806715101516243e-05
537,4,train/loss,1.708298683166504
537,4,train/lr,9.805570410166934e-05
538,4,train/loss,1.9302191734313965
538,4,train/lr,9.804422406420419e-05
539,4,train/loss,1.8443189859390259
539,4,train/lr,9.803271091067996e-05
540,4,train/loss,1.6942379474639893
540,4,train/lr,9.802116464903246e-05
541,4,train/loss,1.8302662372589111
541,4,train/lr,9.800958528722036e-05
542,4,train/loss,1.8636831045150757
542,4,train/lr,9.799797283322507e-05
543,4,train/loss,1.8877842426300049
543,4,train/lr,9.798632729505088e-05
544,4,train/loss,1.811051368713379
544,4,train/lr,9.797464868072488e-05
545,4,train/loss,1.9493435621261597
545,4,train/lr,9.79629369982969e-05
546,4,train/loss,1.8226118087768555
546,4,train/lr,9.795119225583962e-05
547,4,train/loss,1.9359028339385986
547,4,train/lr,9.79394144614485e-05
548,4,train/loss,1.914179801940918
548,4,train/lr,9.792760362324176e-05
549,4,train/loss,1.9385333061218262
549,4,train/lr,9.791575974936042e-05
550,4,train/loss,2.0712504386901855
550,4,train/lr,9.790388284796823e-05
551,4,train/loss,1.8714864253997803
551,4,train/lr,9.789197292725176e-05
552,4,train/loss,2.036447048187256
552,4,train/lr,9.78800299954203e-05
553,4,train/loss,1.902083158493042
553,4,train/lr,9.786805406070591e-05
554,4,train/loss,1.9301292896270752
554,4,train/lr,9.785604513136342e-05
555,4,train/loss,1.9165112972259521
555,4,train/lr,9.784400321567036e-05
556,4,train/loss,1.7458919286727905
556,4,train/lr,9.783192832192699e-05
557,4,train/loss,1.8433806896209717
557,4,train/lr,9.781982045845636e-05
558,4,train/loss,1.9215832948684692
558,4,train/lr,9.780767963360422e-05
559,4,train/loss,1.8343298435211182
559,4,train/lr,9.7795505855739e-05
560,4,train/loss,1.7088178396224976
560,4,train/lr,9.778329913325191e-05
561,4,train/loss,1.894223928451538
561,4,train/lr,9.77710594745568e-05
562,4,train/loss,1.8616724014282227
562,4,train/lr,9.775878688809029e-05
563,4,train/loss,1.8741222620010376
563,4,train/lr,9.774648138231163e-05
564,4,train/loss,1.731988787651062
564,4,train/lr,9.773414296570283e-05
565,4,train/loss,1.8490992784500122
565,4,train/lr,9.77217716467685e-05
566,4,train/loss,1.8449628353118896
566,4,train/lr,9.770936743403603e-05
567,4,train/loss,1.8815515041351318
567,4,train/lr,9.769693033605541e-05
568,4,train/loss,1.826874017715454
568,4,train/lr,9.76844603613993e-05
569,4,train/loss,1.688835620880127
569,4,train/lr,9.767195751866308e-05
570,4,train/loss,1.744872808456421
570,4,train/lr,9.765942181646471e-05
571,4,train/loss,1.8062647581100464
571,4,train/lr,9.764685326344485e-05
572,4,train/loss,1.9121731519699097
572,4,train/lr,9.763425186826678e-05
573,4,train/loss,1.912489891052246
573,4,train/lr,9.762161763961642e-05
574,4,train/loss,1.9095964431762695
574,4,train/lr,9.760895058620235e-05
575,4,train/loss,1.9827371835708618
575,4,train/lr,9.759625071675574e-05
576,4,train/loss,1.9028602838516235
576,4,train/lr,9.758351804003038e-05
577,4,train/loss,1.8939729928970337
577,4,train/lr,9.75707525648027e-05
578,4,train/loss,2.056023359298706
578,4,train/lr,9.755795429987171e-05
579,4,train/loss,1.7313048839569092
579,4,train/lr,9.754512325405906e-05
580,4,train/loss,1.9465045928955078
580,4,train/lr,9.753225943620894e-05
581,4,train/loss,1.8729808330535889
581,4,train/lr,9.751936285518818e-05
582,4,train/loss,1.882765293121338
582,4,train/lr,9.750643351988615e-05
583,4,train/loss,1.8016765117645264
583,4,train/lr,9.749347143921485e-05
584,4,train/loss,1.8593593835830688
584,4,train/lr,9.74804766221088e-05
585,4,train/loss,1.8346552848815918
585,4,train/lr,9.746744907752509e-05
586,4,train/loss,1.7429494857788086
586,4,train/lr,9.745438881444342e-05
587,4,train/loss,1.9006145000457764
587,4,train/lr,9.744129584186598e-05
588,4,train/loss,1.8865940570831299
588,4,train/lr,9.742817016881753e-05
589,4,train/loss,1.8101422786712646
589,4,train/lr,9.74150118043454e-05
590,4,train/loss,1.6826002597808838
590,4,train/lr,9.740182075751937e-05
591,4,train/loss,1.8268405199050903
591,4,train/lr,9.738859703743186e-05
592,4,train/loss,1.6803064346313477
592,4,train/lr,9.737534065319772e-05
593,4,train/loss,1.8209644556045532
593,4,train/lr,9.736205161395436e-05
594,4,train/loss,1.8729338645935059
594,4,train/lr,9.734872992886166e-05
595,4,train/loss,1.8819273710250854
595,4,train/lr,9.733537560710206e-05
596,4,train/loss,1.7544257640838623
596,4,train/lr,9.732198865788047e-05
597,4,train/loss,1.8837602138519287
597,4,train/lr,9.730856909042428e-05
598,4,train/loss,1.879917860031128
598,4,train/lr,9.729511691398333e-05
599,4,train/loss,2.0028538703918457
599,4,train/lr,9.728163213783002e-05
600,4,train/loss,1.8844071626663208
600,4,train/lr,9.726811477125914e-05
601,4,train/loss,2.059598922729492
601,4,train/lr,9.725456482358801e-05
602,4,train/loss,2.0721397399902344
602,4,train/lr,9.724098230415638e-05
603,4,train/loss,1.9799537658691406
603,4,train/lr,9.72273672223264e-05
604,4,train/loss,1.871124029159546
604,4,train/lr,9.721371958748276e-05
605,4,train/loss,1.8165488243103027
605,4,train/lr,9.72000394090325e-05
606,4,train/loss,1.7726526260375977
606,4,train/lr,9.718632669640517e-05
607,4,train/loss,1.804983139038086
607,4,train/lr,9.71725814590527e-05
608,4,train/loss,1.7047078609466553
608,4,train/lr,9.715880370644944e-05
609,4,train/loss,1.9021536111831665
609,4,train/lr,9.714499344809213e-05
610,4,train/loss,1.6755112409591675
610,4,train/lr,9.713115069349998e-05
611,4,train/loss,1.7760071754455566
611,4,train/lr,9.711727545221457e-05
612,4,train/loss,1.8488078117370605
612,4,train/lr,9.710336773379984e-05
613,4,train/loss,1.7420892715454102
613,4,train/lr,9.708942754784216e-05
614,4,train/loss,1.7559815645217896
614,4,train/lr,9.707545490395024e-05
615,4,train/loss,1.726679801940918
615,4,train/lr,9.706144981175521e-05
616,4,train/loss,1.9493303298950195
616,4,train/lr,9.704741228091052e-05
617,4,train/loss,1.8020645380020142
617,4,train/lr,9.7033342321092e-05
618,4,train/loss,1.9574024677276611
618,4,train/lr,9.701923994199784e-05
619,4,train/loss,1.9968457221984863
619,4,train/lr,9.700510515334858e-05
620,4,train/loss,1.773378849029541
620,4,train/lr,9.699093796488705e-05
621,4,train/loss,1.92000150680542
621,4,train/lr,9.697673838637848e-05
622,4,train/loss,1.8741776943206787
622,4,train/lr,9.696250642761038e-05
623,4,train/loss,1.9218461513519287
623,4,train/lr,9.694824209839261e-05
624,4,train/loss,1.8983652591705322
624,4,train/lr,9.693394540855731e-05
625,4,train/loss,1.8374063968658447
625,4,train/lr,9.691961636795896e-05
626,4,train/loss,2.16105318069458
626,4,train/lr,9.690525498647431e-05
627,4,train/loss,1.9013447761535645
627,4,train/lr,9.689086127400244e-05
628,4,train/loss,1.9933836460113525
628,4,train/lr,9.687643524046464e-05
629,4,train/loss,2.058964490890503
629,4,train/lr,9.686197689580456e-05
630,4,train/loss,1.8683106899261475
630,4,train/lr,9.68474862499881e-05
631,4,train/loss,1.9431467056274414
631,4,train/lr,9.683296331300338e-05
632,4,train/loss,1.700791835784912
632,4,train/lr,9.681840809486082e-05
633,4,train/loss,1.8353750705718994
633,4,train/lr,9.680382060559311e-05
634,4,train/loss,1.8545558452606201
634,4,train/lr,9.678920085525513e-05
635,4,train/loss,1.8194124698638916
635,4,train/lr,9.677454885392403e-05
636,4,train/loss,1.830122470855713
636,4,train/lr,9.675986461169917e-05
637,4,train/loss,1.5967495441436768
637,4,train/lr,9.674514813870217e-05
638,4,train/loss,1.7745115756988525
638,4,train/lr,9.673039944507682e-05
639,4,train/loss,1.8823281526565552
639,4,train/lr,9.671561854098916e-05
640,4,train/loss,1.8013770580291748
640,4,train/lr,9.67008054366274e-05
641,4,train/loss,1.709179401397705
641,4,train/lr,9.668596014220196e-05
642,4,train/loss,1.6892096996307373
642,4,train/lr,9.667108266794547e-05
643,4,train/loss,1.965421438217163
643,4,train/lr,9.66561730241127e-05
644,4,train/loss,1.7495791912078857
644,4,train/lr,9.664123122098059e-05
645,4,train/loss,1.8331226110458374
645,4,train/lr,9.662625726884828e-05
646,4,train/loss,1.8209419250488281
646,4,train/lr,9.661125117803708e-05
647,4,train/loss,1.8093032836914062
647,4,train/lr,9.659621295889043e-05
648,4,train/loss,1.861565113067627
648,4,train/lr,9.658114262177389e-05
649,4,train/loss,2.099745273590088
649,4,train/lr,9.65660401770752e-05
650,4,train/loss,2.0185391902923584
650,4,train/lr,9.655090563520421e-05
651,4,train/loss,1.7383848428726196
651,4,train/lr,9.653573900659292e-05
652,4,train/loss,1.9494707584381104
652,4,train/lr,9.65205403016954e-05
653,4,train/loss,1.7292988300323486
653,4,train/lr,9.650530953098786e-05
654,4,train/loss,1.7928783893585205
654,4,train/lr,9.649004670496862e-05
655,4,train/loss,1.8098936080932617
655,4,train/lr,9.647475183415808e-05
656,4,train/loss,1.6302142143249512
656,4,train/lr,9.645942492909874e-05
657,4,train/loss,1.7065441608428955
657,4,train/lr,9.644406600035517e-05
658,4,train/loss,2.048767566680908
658,4,train/lr,9.6428675058514e-05
659,4,train/loss,1.7182315587997437
659,4,train/lr,9.641325211418395e-05
660,4,train/loss,1.8586397171020508
660,4,train/lr,9.639779717799581e-05
661,4,train/loss,1.983864426612854
661,4,train/lr,9.638231026060237e-05
662,4,train/loss,1.8891671895980835
662,4,train/lr,9.636679137267852e-05
663,4,train/loss,1.9099936485290527
663,4,train/lr,9.635124052492115e-05
664,4,train/loss,1.8342022895812988
664,4,train/lr,9.63356577280492e-05
664,4,train/batches,331.0
664,4,train/compute_pct,99.86984745683738
664,4,train/compute_sec,39.173723560999406
664,4,train/data_wait_pct,0.13015254316262312
664,4,train/data_wait_sec,0.051052042998435354
664,4,train/examples,5296.0
664,4,train/examples_per_sec,135.01670611113005
664,4,train/input_tokens,625993.0
664,4,train/peak_vram_gb,4.878176212310791
664,4,train/target_tokens,424715.0
664,4,train/tokens_per_sec,26786.845401173192
664,4,train/total_sec,39.22477560399784
664,4,train/epoch_loss,1.8623568705561657
664,4,epoch4/batches,331.0
664,4,epoch4/compute_pct,99.86984745683738
664,4,epoch4/compute_sec,39.173723560999406
664,4,epoch4/data_wait_pct,0.13015254316262312
664,4,epoch4/data_wait_sec,0.051052042998435354
664,4,epoch4/examples,5296.0
664,4,epoch4/examples_per_sec,135.01670611113005
664,4,epoch4/input_tokens,625993.0
664,4,epoch4/peak_vram_gb,4.878176212310791
664,4,epoch4/target_tokens,424715.0
664,4,epoch4/tokens_per_sec,26786.845401173192
664,4,epoch4/total_sec,39.22477560399784
664,4,val/bleu,4.519605207207348
664,4,val/chrf,22.796724548322207
664,4,val/combined,10.150477573782853
664,4,val/eval_peak_vram_gb,4.878176212310791
664,4,val/eval_samples_per_sec,9.50554904610301
664,4,val/eval_seconds,62.8054199820001
664,4,val/eval_tokens_per_sec,3478.027852733158
665,5,train/loss,1.9834741353988647
665,5,train/lr,9.632004299280364e-05
666,5,train/loss,1.8999426364898682
666,5,train/lr,9.63043963299474e-05
667,5,train/loss,1.7884838581085205
667,5,train/lr,9.628871775026548e-05
668,5,train/loss,1.8698959350585938
668,5,train/lr,9.627300726456485e-05
669,5,train/loss,1.99295973777771
669,5,train/lr,9.625726488367451e-05
670,5,train/loss,1.865229606628418
670,5,train/lr,9.624149061844535e-05
671,5,train/loss,1.7308568954467773
671,5,train/lr,9.622568447975035e-05
672,5,train/loss,1.8738205432891846
672,5,train/lr,9.620984647848439e-05
673,5,train/loss,1.8112781047821045
673,5,train/lr,9.619397662556435e-05
674,5,train/loss,1.7792809009552002
674,5,train/lr,9.617807493192902e-05
675,5,train/loss,1.8980598449707031
675,5,train/lr,9.616214140853918e-05
676,5,train/loss,1.7260770797729492
676,5,train/lr,9.614617606637755e-05
677,5,train/loss,1.7663674354553223
677,5,train/lr,9.613017891644873e-05
678,5,train/loss,1.7667925357818604
678,5,train/lr,9.61141499697793e-05
679,5,train/loss,1.6974003314971924
679,5,train/lr,9.609808923741776e-05
680,5,train/loss,1.699622631072998
680,5,train/lr,9.608199673043447e-05
681,5,train/loss,1.6947940587997437
681,5,train/lr,9.606587245992171e-05
682,5,train/loss,1.6832222938537598
682,5,train/lr,9.604971643699369e-05
683,5,train/loss,1.7454094886779785
683,5,train/lr,9.603352867278645e-05
684,5,train/loss,1.8104379177093506
684,5,train/lr,9.601730917845797e-05
685,5,train/loss,1.8616266250610352
685,5,train/lr,9.600105796518806e-05
686,5,train/loss,1.7799025774002075
686,5,train/lr,9.59847750441784e-05
687,5,train/loss,1.7120184898376465
687,5,train/lr,9.59684604266525e-05
688,5,train/loss,1.8208820819854736
688,5,train/lr,9.595211412385578e-05
689,5,train/loss,1.814335823059082
689,5,train/lr,9.593573614705547e-05
690,5,train/loss,1.962594985961914
690,5,train/lr,9.59193265075406e-05
691,5,train/loss,1.8850525617599487
691,5,train/lr,9.590288521662207e-05
692,5,train/loss,1.7865228652954102
692,5,train/lr,9.588641228563258e-05
693,5,train/loss,1.8914356231689453
693,5,train/lr,9.586990772592664e-05
694,5,train/loss,1.9149718284606934
694,5,train/lr,9.585337154888055e-05
695,5,train/loss,1.850791096687317
695,5,train/lr,9.583680376589241e-05
696,5,train/loss,1.9388139247894287
696,5,train/lr,9.582020438838211e-05
697,5,train/loss,1.843878984451294
697,5,train/lr,9.580357342779135e-05
698,5,train/loss,1.7915964126586914
698,5,train/lr,9.578691089558352e-05
699,5,train/loss,1.7755093574523926
699,5,train/lr,9.577021680324385e-05
700,5,train/loss,1.7227392196655273
700,5,train/lr,9.575349116227927e-05
701,5,train/loss,1.7376158237457275
701,5,train/lr,9.573673398421848e-05
702,5,train/loss,1.5881085395812988
702,5,train/lr,9.571994528061192e-05
703,5,train/loss,1.7424981594085693
703,5,train/lr,9.570312506303176e-05
704,5,train/loss,1.6219072341918945
704,5,train/lr,9.568627334307188e-05
705,5,train/loss,1.797724962234497
705,5,train/lr,9.566939013234789e-05
706,5,train/loss,1.69500732421875
706,5,train/lr,9.56524754424971e-05
707,5,train/loss,1.6970151662826538
707,5,train/lr,9.563552928517849e-05
708,5,train/loss,1.6164658069610596
708,5,train/lr,9.561855167207276e-05
709,5,train/loss,1.7829821109771729
709,5,train/lr,9.560154261488233e-05
710,5,train/loss,1.7007339000701904
710,5,train/lr,9.55845021253312e-05
711,5,train/loss,1.7673547267913818
711,5,train/lr,9.556743021516512e-05
712,5,train/loss,1.7704781293869019
712,5,train/lr,9.555032689615144e-05
713,5,train/loss,1.7566814422607422
713,5,train/lr,9.55331921800792e-05
714,5,train/loss,1.8801705837249756
714,5,train/lr,9.551602607875906e-05
715,5,train/loss,1.8738974332809448
715,5,train/lr,9.549882860402333e-05
716,5,train/loss,1.9503611326217651
716,5,train/lr,9.548159976772592e-05
717,5,train/loss,1.771978497505188
717,5,train/lr,9.546433958174238e-05
718,5,train/loss,1.8238434791564941
718,5,train/lr,9.544704805796986e-05
719,5,train/loss,1.842540979385376
719,5,train/lr,9.542972520832709e-05
720,5,train/loss,1.822204828262329
720,5,train/lr,9.541237104475445e-05
721,5,train/loss,1.8616687059402466
721,5,train/lr,9.539498557921384e-05
722,5,train/loss,1.7308406829833984
722,5,train/lr,9.537756882368877e-05
723,5,train/loss,1.8642394542694092
723,5,train/lr,9.53601207901843e-05
724,5,train/loss,1.6580064296722412
724,5,train/lr,9.53426414907271e-05
725,5,train/loss,1.7427167892456055
725,5,train/lr,9.532513093736529e-05
726,5,train/loss,1.8611392974853516
726,5,train/lr,9.530758914216864e-05
727,5,train/loss,1.8443150520324707
727,5,train/lr,9.529001611722839e-05
728,5,train/loss,1.8234134912490845
728,5,train/lr,9.527241187465734e-05
729,5,train/loss,1.7445878982543945
729,5,train/lr,9.525477642658978e-05
730,5,train/loss,1.6515746116638184
730,5,train/lr,9.52371097851815e-05
731,5,train/loss,1.5697062015533447
731,5,train/lr,9.521941196260986e-05
732,5,train/loss,1.8075804710388184
732,5,train/lr,9.520168297107363e-05
733,5,train/loss,1.7627172470092773
733,5,train/lr,9.518392282279312e-05
734,5,train/loss,1.6945555210113525
734,5,train/lr,9.516613153001007e-05
735,5,train/loss,1.7977516651153564
735,5,train/lr,9.514830910498773e-05
736,5,train/loss,1.8277592658996582
736,5,train/lr,9.513045556001081e-05
737,5,train/loss,1.8246769905090332
737,5,train/lr,9.51125709073854e-05
738,5,train/loss,1.891798496246338
738,5,train/lr,9.509465515943915e-05
739,5,train/loss,1.9289374351501465
739,5,train/lr,9.507670832852102e-05
740,5,train/loss,1.9372520446777344
740,5,train/lr,9.50587304270015e-05
741,5,train/loss,1.91659677028656
741,5,train/lr,9.504072146727241e-05
742,5,train/loss,2.251927375793457
742,5,train/lr,9.502268146174703e-05
743,5,train/loss,1.94647216796875
743,5,train/lr,9.500461042286005e-05
744,5,train/loss,1.763455867767334
744,5,train/lr,9.498650836306748e-05
745,5,train/loss,1.8405548334121704
745,5,train/lr,9.496837529484678e-05
746,5,train/loss,2.0174221992492676
746,5,train/lr,9.49502112306968e-05
747,5,train/loss,1.9608312845230103
747,5,train/lr,9.493201618313765e-05
748,5,train/loss,1.6414000988006592
748,5,train/lr,9.491379016471093e-05
749,5,train/loss,1.8064823150634766
749,5,train/lr,9.489553318797946e-05
750,5,train/loss,1.8585753440856934
750,5,train/lr,9.487724526552753e-05
751,5,train/loss,1.7729504108428955
751,5,train/lr,9.485892640996062e-05
752,5,train/loss,1.8360848426818848
752,5,train/lr,9.484057663390564e-05
753,5,train/loss,1.7511932849884033
753,5,train/lr,9.482219595001078e-05
754,5,train/loss,1.7035818099975586
754,5,train/lr,9.480378437094552e-05
755,5,train/loss,1.7288743257522583
755,5,train/lr,9.478534190940065e-05
756,5,train/loss,1.6328365802764893
756,5,train/lr,9.476686857808823e-05
757,5,train/loss,1.6792402267456055
757,5,train/lr,9.474836438974161e-05
758,5,train/loss,1.696556568145752
758,5,train/lr,9.472982935711543e-05
759,5,train/loss,1.739485502243042
759,5,train/lr,9.471126349298556e-05
760,5,train/loss,1.7438973188400269
760,5,train/lr,9.469266681014915e-05
761,5,train/loss,1.820980191230774
761,5,train/lr,9.467403932142452e-05
762,5,train/loss,1.7207868099212646
762,5,train/lr,9.465538103965132e-05
763,5,train/loss,1.904015064239502
763,5,train/lr,9.463669197769038e-05
764,5,train/loss,1.8328322172164917
764,5,train/lr,9.461797214842375e-05
765,5,train/loss,1.910265564918518
765,5,train/lr,9.459922156475468e-05
766,5,train/loss,1.8256750106811523
766,5,train/lr,9.458044023960763e-05
767,5,train/loss,1.7554001808166504
767,5,train/lr,9.456162818592825e-05
768,5,train/loss,1.9345405101776123
768,5,train/lr,9.454278541668333e-05
769,5,train/loss,1.8919239044189453
769,5,train/lr,9.452391194486092e-05
770,5,train/loss,2.0421292781829834
770,5,train/lr,9.450500778347015e-05
771,5,train/loss,1.6867992877960205
771,5,train/lr,9.448607294554135e-05
772,5,train/loss,1.6425282955169678
772,5,train/lr,9.446710744412595e-05
773,5,train/loss,1.7328886985778809
773,5,train/lr,9.444811129229659e-05
774,5,train/loss,1.7306323051452637
774,5,train/lr,9.442908450314694e-05
775,5,train/loss,1.8273096084594727
775,5,train/lr,9.441002708979188e-05
776,5,train/loss,1.7655305862426758
776,5,train/lr,9.439093906536732e-05
777,5,train/loss,1.808075189590454
777,5,train/lr,9.437182044303035e-05
778,5,train/loss,1.7872014045715332
778,5,train/lr,9.435267123595908e-05
779,5,train/loss,1.7010538578033447
779,5,train/lr,9.433349145735275e-05
780,5,train/loss,1.7191126346588135
780,5,train/lr,9.431428112043164e-05
781,5,train/loss,1.6195173263549805
781,5,train/lr,9.42950402384371e-05
782,5,train/loss,1.7299137115478516
782,5,train/lr,9.427576882463154e-05
783,5,train/loss,1.7644492387771606
783,5,train/lr,9.425646689229842e-05
784,5,train/loss,1.7846531867980957
784,5,train/lr,9.423713445474223e-05
785,5,train/loss,1.9009099006652832
785,5,train/lr,9.42177715252885e-05
786,5,train/loss,1.766547679901123
786,5,train/lr,9.419837811728375e-05
787,5,train/loss,1.7793903350830078
787,5,train/lr,9.417895424409553e-05
788,5,train/loss,1.7858386039733887
788,5,train/lr,9.415949991911238e-05
789,5,train/loss,1.801110863685608
789,5,train/lr,9.414001515574382e-05
790,5,train/loss,1.9131054878234863
790,5,train/lr,9.412049996742037e-05
791,5,train/loss,1.851086139678955
791,5,train/lr,9.410095436759354e-05
792,5,train/loss,1.8495116233825684
792,5,train/lr,9.408137836973574e-05
793,5,train/loss,1.949202299118042
793,5,train/lr,9.406177198734038e-05
794,5,train/loss,1.8190603256225586
794,5,train/lr,9.404213523392183e-05
795,5,train/loss,1.9426569938659668
795,5,train/lr,9.402246812301532e-05
796,5,train/loss,1.9998867511749268
796,5,train/lr,9.400277066817709e-05
797,5,train/loss,1.7380154132843018
797,5,train/lr,9.398304288298424e-05
798,5,train/loss,1.7239866256713867
798,5,train/lr,9.39632847810348e-05
799,5,train/loss,1.7503833770751953
799,5,train/lr,9.394349637594769e-05
800,5,train/loss,1.7114667892456055
800,5,train/lr,9.392367768136272e-05
801,5,train/loss,1.5569926500320435
801,5,train/lr,9.390382871094057e-05
802,5,train/loss,1.6751275062561035
802,5,train/lr,9.388394947836279e-05
803,5,train/loss,1.592552661895752
803,5,train/lr,9.38640399973318e-05
804,5,train/loss,1.6213579177856445
804,5,train/lr,9.384410028157087e-05
805,5,train/loss,1.5576465129852295
805,5,train/lr,9.38241303448241e-05
806,5,train/loss,1.6893930435180664
806,5,train/lr,9.380413020085642e-05
807,5,train/loss,1.7820343971252441
807,5,train/lr,9.37840998634536e-05
808,5,train/loss,1.7247819900512695
808,5,train/lr,9.376403934642219e-05
809,5,train/loss,1.949941635131836
809,5,train/lr,9.374394866358955e-05
810,5,train/loss,1.8027737140655518
810,5,train/lr,9.372382782880389e-05
811,5,train/loss,1.888024091720581
811,5,train/lr,9.370367685593411e-05
812,5,train/loss,1.7810752391815186
812,5,train/lr,9.368349575886994e-05
813,5,train/loss,1.855035424232483
813,5,train/lr,9.366328455152189e-05
814,5,train/loss,1.8324486017227173
814,5,train/lr,9.364304324782115e-05
815,5,train/loss,1.7744007110595703
815,5,train/lr,9.362277186171975e-05
816,5,train/loss,1.783407211303711
816,5,train/lr,9.360247040719039e-05
817,5,train/loss,1.8723948001861572
817,5,train/lr,9.358213889822651e-05
818,5,train/loss,1.9014695882797241
818,5,train/lr,9.356177734884227e-05
819,5,train/loss,1.8688105344772339
819,5,train/lr,9.354138577307255e-05
820,5,train/loss,1.779536485671997
820,5,train/lr,9.35209641849729e-05
821,5,train/loss,1.757286787033081
821,5,train/lr,9.350051259861957e-05
822,5,train/loss,1.6844934225082397
822,5,train/lr,9.348003102810949e-05
823,5,train/loss,1.7430968284606934
823,5,train/lr,9.345951948756026e-05
824,5,train/loss,1.5135940313339233
824,5,train/lr,9.343897799111012e-05
825,5,train/loss,1.7571830749511719
825,5,train/lr,9.3418406552918e-05
826,5,train/loss,1.7301361560821533
826,5,train/lr,9.33978051871634e-05
827,5,train/loss,1.799445390701294
827,5,train/lr,9.337717390804652e-05
828,5,train/loss,1.7986128330230713
828,5,train/lr,9.335651272978814e-05
829,5,train/loss,1.7931528091430664
829,5,train/lr,9.333582166662965e-05
830,5,train/loss,1.767486572265625
830,5,train/lr,9.331510073283303e-05
830,5,train/batches,331.0
830,5,train/compute_pct,99.8717441770609
830,5,train/compute_sec,39.428288528996745
830,5,train/data_wait_pct,0.12825582293909904
830,5,train/data_wait_sec,0.05063401699885617
830,5,train/examples,5296.0
830,5,train/examples_per_sec,134.14753135245277
830,5,train/input_tokens,626062.0
830,5,train/peak_vram_gb,4.878176212310791
830,5,train/target_tokens,424758.0
830,5,train/tokens_per_sec,26617.24110569948
830,5,train/total_sec,39.4789225459956
830,5,train/epoch_loss,1.7905068685641101
830,5,epoch5/batches,331.0
830,5,epoch5/compute_pct,99.8717441770609
830,5,epoch5/compute_sec,39.428288528996745
830,5,epoch5/data_wait_pct,0.12825582293909904
830,5,epoch5/data_wait_sec,0.05063401699885617
830,5,epoch5/examples,5296.0
830,5,epoch5/examples_per_sec,134.14753135245277
830,5,epoch5/input_tokens,626062.0
830,5,epoch5/peak_vram_gb,4.878176212310791
830,5,epoch5/target_tokens,424758.0
830,5,epoch5/tokens_per_sec,26617.24110569948
830,5,epoch5/total_sec,39.4789225459956
830,5,val/bleu,6.780838499968357
830,5,val/chrf,26.62796191169917
830,5,val/combined,13.437258251092025
830,5,val/eval_peak_vram_gb,4.878176212310791
830,5,val/eval_samples_per_sec,9.819374314470792
830,5,val/eval_seconds,60.798171134000086
830,5,val/eval_tokens_per_sec,3423.474688757563
831,6,train/loss,1.9585998058319092
831,6,train/lr,9.329434994268088e-05
832,6,train/loss,1.8613297939300537
832,6,train/lr,9.327356931047635e-05
833,6,train/loss,1.755813479423523
833,6,train/lr,9.325275885054322e-05
834,6,train/loss,1.7399158477783203
834,6,train/lr,9.323191857722572e-05
835,6,train/loss,1.8354367017745972
835,6,train/lr,9.321104850488873e-05
836,6,train/loss,1.9837050437927246
836,6,train/lr,9.319014864791762e-05
837,6,train/loss,1.6793699264526367
837,6,train/lr,9.316921902071831e-05
838,6,train/loss,1.828840970993042
838,6,train/lr,9.314825963771723e-05
839,6,train/loss,1.98958158493042
839,6,train/lr,9.312727051336132e-05
840,6,train/loss,1.9624831676483154
840,6,train/lr,9.310625166211801e-05
841,6,train/loss,1.6199548244476318
841,6,train/lr,9.308520309847527e-05
842,6,train/loss,1.723367691040039
842,6,train/lr,9.306412483694149e-05
843,6,train/loss,1.6112101078033447
843,6,train/lr,9.304301689204554e-05
844,6,train/loss,1.6733707189559937
844,6,train/lr,9.302187927833679e-05
845,6,train/loss,1.7266039848327637
845,6,train/lr,9.300071201038503e-05
846,6,train/loss,1.5619232654571533
846,6,train/lr,9.297951510278049e-05
847,6,train/loss,1.6761572360992432
847,6,train/lr,9.295828857013383e-05
848,6,train/loss,1.743528127670288
848,6,train/lr,9.293703242707613e-05
849,6,train/loss,1.7165836095809937
849,6,train/lr,9.29157466882589e-05
850,6,train/loss,1.671262264251709
850,6,train/lr,9.289443136835402e-05
851,6,train/loss,1.7740473747253418
851,6,train/lr,9.28730864820538e-05
852,6,train/loss,1.7903937101364136
852,6,train/lr,9.285171204407086e-05
853,6,train/loss,1.6413228511810303
853,6,train/lr,9.283030806913828e-05
854,6,train/loss,1.890411138534546
854,6,train/lr,9.280887457200941e-05
855,6,train/loss,1.8301854133605957
855,6,train/lr,9.278741156745804e-05
856,6,train/loss,1.6968083381652832
856,6,train/lr,9.276591907027821e-05
857,6,train/loss,1.9705848693847656
857,6,train/lr,9.274439709528434e-05
858,6,train/loss,1.8524843454360962
858,6,train/lr,9.272284565731117e-05
859,6,train/loss,1.8608119487762451
859,6,train/lr,9.270126477121371e-05
860,6,train/loss,1.9175636768341064
860,6,train/lr,9.267965445186733e-05
861,6,train/loss,1.6666383743286133
861,6,train/lr,9.265801471416762e-05
862,6,train/loss,1.8988933563232422
862,6,train/lr,9.26363455730305e-05
863,6,train/loss,1.6396052837371826
863,6,train/lr,9.261464704339214e-05
864,6,train/loss,1.8924635648727417
864,6,train/lr,9.259291914020893e-05
865,6,train/loss,1.757497787475586
865,6,train/lr,9.25711618784576e-05
866,6,train/loss,1.8119723796844482
866,6,train/lr,9.254937527313499e-05
867,6,train/loss,1.8229212760925293
867,6,train/lr,9.252755933925829e-05
868,6,train/loss,1.8397729396820068
868,6,train/lr,9.250571409186482e-05
869,6,train/loss,1.7144184112548828
869,6,train/lr,9.248383954601211e-05
870,6,train/loss,1.6955645084381104
870,6,train/lr,9.246193571677797e-05
871,6,train/loss,1.6750006675720215
871,6,train/lr,9.24400026192603e-05
872,6,train/loss,1.8589820861816406
872,6,train/lr,9.24180402685772e-05
873,6,train/loss,1.7293570041656494
873,6,train/lr,9.239604867986696e-05
874,6,train/loss,1.5921306610107422
874,6,train/lr,9.237402786828798e-05
875,6,train/loss,1.7105724811553955
875,6,train/lr,9.235197784901885e-05
876,6,train/loss,1.8242862224578857
876,6,train/lr,9.232989863725826e-05
877,6,train/loss,1.7343569993972778
877,6,train/lr,9.230779024822505e-05
878,6,train/loss,1.697779893875122
878,6,train/lr,9.228565269715811e-05
879,6,train/loss,1.7640231847763062
879,6,train/lr,9.226348599931651e-05
880,6,train/loss,1.845163106918335
880,6,train/lr,9.224129016997938e-05
881,6,train/loss,1.8281104564666748
881,6,train/lr,9.22190652244459e-05
882,6,train/loss,1.7987463474273682
882,6,train/lr,9.219681117803536e-05
883,6,train/loss,1.7828946113586426
883,6,train/lr,9.217452804608707e-05
884,6,train/loss,1.8537793159484863
884,6,train/lr,9.215221584396043e-05
885,6,train/loss,1.9100341796875
885,6,train/lr,9.212987458703487e-05
886,6,train/loss,1.891141414642334
886,6,train/lr,9.21075042907098e-05
887,6,train/loss,1.7225379943847656
887,6,train/lr,9.208510497040472e-05
888,6,train/loss,1.691375970840454
888,6,train/lr,9.206267664155907e-05
889,6,train/loss,1.7897312641143799
889,6,train/lr,9.204021931963231e-05
890,6,train/loss,1.6800763607025146
890,6,train/lr,9.201773302010391e-05
891,6,train/loss,1.8104770183563232
891,6,train/lr,9.199521775847326e-05
892,6,train/loss,1.5970158576965332
892,6,train/lr,9.197267355025976e-05
893,6,train/loss,1.5790783166885376
893,6,train/lr,9.195010041100275e-05
894,6,train/loss,1.7544995546340942
894,6,train/lr,9.192749835626152e-05
895,6,train/loss,1.5843651294708252
895,6,train/lr,9.190486740161526e-05
896,6,train/loss,1.6062288284301758
896,6,train/lr,9.188220756266309e-05
897,6,train/loss,1.6841349601745605
897,6,train/lr,9.185951885502405e-05
898,6,train/loss,1.7010356187820435
898,6,train/lr,9.18368012943371e-05
899,6,train/loss,1.615365743637085
899,6,train/lr,9.181405489626102e-05
900,6,train/loss,1.7471323013305664
900,6,train/lr,9.179127967647458e-05
901,6,train/loss,1.729355812072754
901,6,train/lr,9.17684756506763e-05
902,6,train/loss,1.6249321699142456
902,6,train/lr,9.17456428345846e-05
903,6,train/loss,1.7644727230072021
903,6,train/lr,9.172278124393777e-05
904,6,train/loss,1.8099311590194702
904,6,train/lr,9.16998908944939e-05
905,6,train/loss,1.825416088104248
905,6,train/lr,9.167697180203092e-05
906,6,train/loss,1.7646387815475464
906,6,train/lr,9.165402398234657e-05
907,6,train/loss,1.7267353534698486
907,6,train/lr,9.163104745125838e-05
908,6,train/loss,2.008964776992798
908,6,train/lr,9.160804222460369e-05
909,6,train/loss,1.654019832611084
909,6,train/lr,9.15850083182396e-05
910,6,train/loss,1.8667535781860352
910,6,train/lr,9.156194574804298e-05
911,6,train/loss,1.723447561264038
911,6,train/lr,9.153885452991047e-05
912,6,train/loss,1.825563669204712
912,6,train/lr,9.151573467975844e-05
913,6,train/loss,1.766934871673584
913,6,train/lr,9.149258621352303e-05
914,6,train/loss,1.8221216201782227
914,6,train/lr,9.146940914716007e-05
915,6,train/loss,1.6731643676757812
915,6,train/lr,9.14462034966451e-05
916,6,train/loss,1.698724389076233
916,6,train/lr,9.14229692779734e-05
917,6,train/loss,1.6265517473220825
917,6,train/lr,9.13997065071599e-05
918,6,train/loss,1.5626521110534668
918,6,train/lr,9.137641520023924e-05
919,6,train/loss,1.7343344688415527
919,6,train/lr,9.135309537326571e-05
920,6,train/loss,1.523183822631836
920,6,train/lr,9.132974704231327e-05
921,6,train/loss,1.7514009475708008
921,6,train/lr,9.130637022347553e-05
922,6,train/loss,1.6679353713989258
922,6,train/lr,9.12829649328657e-05
923,6,train/loss,1.6485662460327148
923,6,train/lr,9.125953118661668e-05
924,6,train/loss,1.7216644287109375
924,6,train/lr,9.123606900088096e-05
925,6,train/loss,1.7590010166168213
925,6,train/lr,9.121257839183057e-05
926,6,train/loss,1.6840468645095825
926,6,train/lr,9.118905937565722e-05
927,6,train/loss,1.7042683362960815
927,6,train/lr,9.116551196857218e-05
928,6,train/loss,1.6595792770385742
928,6,train/lr,9.114193618680622e-05
929,6,train/loss,1.7427481412887573
929,6,train/lr,9.111833204660976e-05
930,6,train/loss,1.6963140964508057
930,6,train/lr,9.109469956425272e-05
931,6,train/loss,1.839005947113037
931,6,train/lr,9.107103875602459e-05
932,6,train/loss,1.8466527462005615
932,6,train/lr,9.104734963823431e-05
933,6,train/loss,1.814851999282837
933,6,train/lr,9.102363222721042e-05
934,6,train/loss,1.8184645175933838
934,6,train/lr,9.099988653930089e-05
935,6,train/loss,1.8286763429641724
935,6,train/lr,9.097611259087326e-05
936,6,train/loss,1.6766040325164795
936,6,train/lr,9.095231039831448e-05
937,6,train/loss,1.7907233238220215
937,6,train/lr,9.092847997803097e-05
938,6,train/loss,1.718677043914795
938,6,train/lr,9.090462134644868e-05
939,6,train/loss,1.667553186416626
939,6,train/lr,9.088073452001294e-05
940,6,train/loss,1.8443946838378906
940,6,train/lr,9.08568195151885e-05
941,6,train/loss,1.6532703638076782
941,6,train/lr,9.083287634845957e-05
942,6,train/loss,1.8234939575195312
942,6,train/lr,9.080890503632979e-05
943,6,train/loss,1.6368215084075928
943,6,train/lr,9.078490559532215e-05
944,6,train/loss,1.5119831562042236
944,6,train/lr,9.076087804197907e-05
945,6,train/loss,1.5782066583633423
945,6,train/lr,9.073682239286233e-05
946,6,train/loss,1.6058268547058105
946,6,train/lr,9.071273866455303e-05
947,6,train/loss,1.5089387893676758
947,6,train/lr,9.068862687365174e-05
948,6,train/loss,1.8101153373718262
948,6,train/lr,9.066448703677828e-05
949,6,train/loss,1.5856376886367798
949,6,train/lr,9.06403191705718e-05
950,6,train/loss,1.754365086555481
950,6,train/lr,9.061612329169082e-05
951,6,train/loss,1.8312957286834717
951,6,train/lr,9.059189941681314e-05
952,6,train/loss,1.7528369426727295
952,6,train/lr,9.056764756263585e-05
953,6,train/loss,1.750378131866455
953,6,train/lr,9.054336774587534e-05
954,6,train/loss,1.8519761562347412
954,6,train/lr,9.051905998326729e-05
955,6,train/loss,1.8157544136047363
955,6,train/lr,9.04947242915666e-05
956,6,train/loss,1.911133050918579
956,6,train/lr,9.047036068754745e-05
957,6,train/loss,1.899755835533142
957,6,train/lr,9.044596918800327e-05
958,6,train/loss,1.906454086303711
958,6,train/lr,9.042154980974669e-05
959,6,train/loss,1.8187798261642456
959,6,train/lr,9.039710256960957e-05
960,6,train/loss,1.7562429904937744
960,6,train/lr,9.037262748444295e-05
961,6,train/loss,1.770067811012268
961,6,train/lr,9.034812457111712e-05
962,6,train/loss,1.5861642360687256
962,6,train/lr,9.032359384652151e-05
963,6,train/loss,1.7387280464172363
963,6,train/lr,9.029903532756472e-05
964,6,train/loss,1.7324789762496948
964,6,train/lr,9.027444903117452e-05
965,6,train/loss,1.7969863414764404
965,6,train/lr,9.024983497429782e-05
966,6,train/loss,1.712623119354248
966,6,train/lr,9.022519317390067e-05
967,6,train/loss,1.8647966384887695
967,6,train/lr,9.020052364696825e-05
968,6,train/loss,1.6939566135406494
968,6,train/lr,9.01758264105048e-05
969,6,train/loss,1.6369528770446777
969,6,train/lr,9.015110148153375e-05
970,6,train/loss,1.6210747957229614
970,6,train/lr,9.012634887709754e-05
971,6,train/loss,1.6879456043243408
971,6,train/lr,9.010156861425774e-05
972,6,train/loss,1.599567174911499
972,6,train/lr,9.007676071009491e-05
973,6,train/loss,1.5787529945373535
973,6,train/lr,9.00519251817088e-05
974,6,train/loss,1.6169042587280273
974,6,train/lr,9.002706204621803e-05
975,6,train/loss,1.6748920679092407
975,6,train/lr,9.000217132076036e-05
976,6,train/loss,1.631311058998108
976,6,train/lr,8.997725302249256e-05
977,6,train/loss,1.780031442642212
977,6,train/lr,8.995230716859035e-05
978,6,train/loss,1.7771475315093994
978,6,train/lr,8.992733377624851e-05
979,6,train/loss,1.711890459060669
979,6,train/lr,8.990233286268074e-05
980,6,train/loss,1.801814079284668
980,6,train/lr,8.98773044451198e-05
981,6,train/loss,1.7450004816055298
981,6,train/lr,8.985224854081726e-05
982,6,train/loss,1.9950132369995117
982,6,train/lr,8.98271651670438e-05
983,6,train/loss,1.6180636882781982
983,6,train/lr,8.980205434108893e-05
984,6,train/loss,1.9022204875946045
984,6,train/lr,8.97769160802611e-05
985,6,train/loss,1.6540801525115967
985,6,train/lr,8.975175040188771e-05
986,6,train/loss,1.6045377254486084
986,6,train/lr,8.972655732331501e-05
987,6,train/loss,1.6706509590148926
987,6,train/lr,8.970133686190816e-05
988,6,train/loss,1.6855323314666748
988,6,train/lr,8.96760890350512e-05
989,6,train/loss,1.6247837543487549
989,6,train/lr,8.9650813860147e-05
990,6,train/loss,1.595757007598877
990,6,train/lr,8.962551135461734e-05
991,6,train/loss,1.7373632192611694
991,6,train/lr,8.960018153590276e-05
992,6,train/loss,1.6253162622451782
992,6,train/lr,8.957482442146272e-05
993,6,train/loss,1.7463996410369873
993,6,train/lr,8.954944002877539e-05
994,6,train/loss,1.6962542533874512
994,6,train/lr,8.952402837533784e-05
995,6,train/loss,1.6465423107147217
995,6,train/lr,8.949858947866587e-05
996,6,train/loss,1.7019389867782593
996,6,train/lr,8.947312335629407e-05
996,6,train/batches,331.0
996,6,train/compute_pct,99.87766973119994
996,6,train/compute_sec,39.047422707000806
996,6,train/data_wait_pct,0.12233026880005413
996,6,train/data_wait_sec,0.047825322001926907
996,6,train/examples,5296.0
996,6,train/examples_per_sec,135.46403378925166
996,6,train/input_tokens,625993.0
996,6,train/peak_vram_gb,4.895360946655273
996,6,train/target_tokens,424709.0
996,6,train/tokens_per_sec,26875.440187015538
996,6,train/total_sec,39.09524802900273
996,6,train/epoch_loss,1.7392739133172166
996,6,epoch6/batches,331.0
996,6,epoch6/compute_pct,99.87766973119994
996,6,epoch6/compute_sec,39.047422707000806
996,6,epoch6/data_wait_pct,0.12233026880005413
996,6,epoch6/data_wait_sec,0.047825322001926907
996,6,epoch6/examples,5296.0
996,6,epoch6/examples_per_sec,135.46403378925166
996,6,epoch6/input_tokens,625993.0
996,6,epoch6/peak_vram_gb,4.895360946655273
996,6,epoch6/target_tokens,424709.0
996,6,epoch6/tokens_per_sec,26875.440187015538
996,6,epoch6/total_sec,39.09524802900273
996,6,val/bleu,9.963490792089686
996,6,val/chrf,29.597613504753774
996,6,val/combined,17.17252310007017
996,6,val/eval_peak_vram_gb,4.895360946655273
996,6,val/eval_samples_per_sec,11.061902945934358
996,6,val/eval_seconds,53.96901445599997
996,6,val/eval_tokens_per_sec,3455.9460067973214
997,7,train/loss,1.6716713905334473
997,7,train/lr,8.94476300257758e-05
998,7,train/loss,1.7438609600067139
998,7,train/lr,8.942210950468318e-05
999,7,train/loss,1.8439230918884277
999,7,train/lr,8.939656181060707e-05
1000,7,train/loss,1.841799020767212
1000,7,train/lr,8.937098696115707e-05
1001,7,train/loss,1.8890025615692139
1001,7,train/lr,8.934538497396146e-05
1002,7,train/loss,1.7814853191375732
1002,7,train/lr,8.931975586666725e-05
1003,7,train/loss,1.5632749795913696
1003,7,train/lr,8.929409965694016e-05
1004,7,train/loss,1.681326150894165
1004,7,train/lr,8.926841636246457e-05
1005,7,train/loss,1.732651948928833
1005,7,train/lr,8.924270600094354e-05
1006,7,train/loss,1.8033939599990845
1006,7,train/lr,8.921696859009876e-05
1007,7,train/loss,1.6254680156707764
1007,7,train/lr,8.919120414767062e-05
1008,7,train/loss,1.728217363357544
1008,7,train/lr,8.916541269141807e-05
1009,7,train/loss,1.7055476903915405
1009,7,train/lr,8.913959423911873e-05
1010,7,train/loss,1.5234742164611816
1010,7,train/lr,8.911374880856883e-05
1011,7,train/loss,1.546818494796753
1011,7,train/lr,8.908787641758318e-05
1012,7,train/loss,1.6454823017120361
1012,7,train/lr,8.906197708399517e-05
1013,7,train/loss,1.6342045068740845
1013,7,train/lr,8.903605082565676e-05
1014,7,train/loss,1.5693752765655518
1014,7,train/lr,8.901009766043847e-05
1015,7,train/loss,1.623443603515625
1015,7,train/lr,8.898411760622938e-05
1016,7,train/loss,1.745497703552246
1016,7,train/lr,8.895811068093711e-05
1017,7,train/loss,1.6980152130126953
1017,7,train/lr,8.893207690248776e-05
1018,7,train/loss,1.6496860980987549
1018,7,train/lr,8.890601628882599e-05
1019,7,train/loss,1.6626615524291992
1019,7,train/lr,8.887992885791491e-05
1020,7,train/loss,1.8115311861038208
1020,7,train/lr,8.885381462773617e-05
1021,7,train/loss,1.7992353439331055
1021,7,train/lr,8.882767361628986e-05
1022,7,train/loss,1.6510605812072754
1022,7,train/lr,8.880150584159447e-05
1023,7,train/loss,1.8522849082946777
1023,7,train/lr,8.877531132168706e-05
1024,7,train/loss,1.9747629165649414
1024,7,train/lr,8.874909007462305e-05
1025,7,train/loss,1.8091059923171997
1025,7,train/lr,8.872284211847629e-05
1026,7,train/loss,1.8347086906433105
1026,7,train/lr,8.869656747133904e-05
1027,7,train/loss,1.7943476438522339
1027,7,train/lr,8.867026615132197e-05
1028,7,train/loss,1.7040897607803345
1028,7,train/lr,8.864393817655413e-05
1029,7,train/loss,1.6455720663070679
1029,7,train/lr,8.861758356518293e-05
1030,7,train/loss,1.6655189990997314
1030,7,train/lr,8.859120233537417e-05
1031,7,train/loss,1.6739890575408936
1031,7,train/lr,8.856479450531198e-05
1032,7,train/loss,1.7618491649627686
1032,7,train/lr,8.853836009319879e-05
1033,7,train/loss,1.59474778175354
1033,7,train/lr,8.851189911725543e-05
1034,7,train/loss,1.6890530586242676
1034,7,train/lr,8.848541159572096e-05
1035,7,train/loss,1.703881025314331
1035,7,train/lr,8.84588975468528e-05
1036,7,train/loss,1.5283842086791992
1036,7,train/lr,8.84323569889266e-05
1037,7,train/loss,1.7434546947479248
1037,7,train/lr,8.840578994023636e-05
1038,7,train/loss,1.6849943399429321
1038,7,train/lr,8.837919641909423e-05
1039,7,train/loss,1.5668301582336426
1039,7,train/lr,8.835257644383072e-05
1040,7,train/loss,1.7566514015197754
1040,7,train/lr,8.83259300327945e-05
1041,7,train/loss,1.6266741752624512
1041,7,train/lr,8.829925720435248e-05
1042,7,train/loss,1.6151514053344727
1042,7,train/lr,8.827255797688977e-05
1043,7,train/loss,1.7892887592315674
1043,7,train/lr,8.824583236880973e-05
1044,7,train/loss,1.7264540195465088
1044,7,train/lr,8.821908039853384e-05
1045,7,train/loss,1.72214937210083
1045,7,train/lr,8.819230208450177e-05
1046,7,train/loss,1.7175511121749878
1046,7,train/lr,8.816549744517135e-05
1047,7,train/loss,1.7733118534088135
1047,7,train/lr,8.813866649901856e-05
1048,7,train/loss,1.8921012878417969
1048,7,train/lr,8.811180926453753e-05
1049,7,train/loss,1.7313662767410278
1049,7,train/lr,8.808492576024046e-05
1050,7,train/loss,1.6780447959899902
1050,7,train/lr,8.805801600465771e-05
1051,7,train/loss,1.7909941673278809
1051,7,train/lr,8.80310800163377e-05
1052,7,train/loss,1.7585268020629883
1052,7,train/lr,8.800411781384694e-05
1053,7,train/loss,1.8171336650848389
1053,7,train/lr,8.797712941577004e-05
1054,7,train/loss,1.7928041219711304
1054,7,train/lr,8.795011484070962e-05
1055,7,train/loss,1.7074291706085205
1055,7,train/lr,8.792307410728638e-05
1056,7,train/loss,1.7150871753692627
1056,7,train/lr,8.7896007234139e-05
1057,7,train/loss,1.685312032699585
1057,7,train/lr,8.786891423992424e-05
1058,7,train/loss,1.7444013357162476
1058,7,train/lr,8.784179514331682e-05
1059,7,train/loss,1.6209522485733032
1059,7,train/lr,8.781464996300948e-05
1060,7,train/loss,1.6522903442382812
1060,7,train/lr,8.778747871771292e-05
1061,7,train/loss,1.6714141368865967
1061,7,train/lr,8.776028142615582e-05
1062,7,train/loss,1.4671146869659424
1062,7,train/lr,8.773305810708479e-05
1063,7,train/loss,1.674811840057373
1063,7,train/lr,8.770580877926441e-05
1064,7,train/loss,1.7586779594421387
1064,7,train/lr,8.767853346147718e-05
1065,7,train/loss,1.5450522899627686
1065,7,train/lr,8.76512321725235e-05
1066,7,train/loss,1.7579635381698608
1066,7,train/lr,8.762390493122167e-05
1067,7,train/loss,1.7357337474822998
1067,7,train/lr,8.75965517564079e-05
1068,7,train/loss,1.6587079763412476
1068,7,train/lr,8.756917266693628e-05
1069,7,train/loss,1.67315673828125
1069,7,train/lr,8.75417676816787e-05
1070,7,train/loss,1.665776014328003
1070,7,train/lr,8.751433681952499e-05
1071,7,train/loss,1.7537014484405518
1071,7,train/lr,8.748688009938274e-05
1072,7,train/loss,1.7002801895141602
1072,7,train/lr,8.745939754017744e-05
1073,7,train/loss,1.754800796508789
1073,7,train/lr,8.743188916085231e-05
1074,7,train/loss,1.7558867931365967
1074,7,train/lr,8.74043549803684e-05
1075,7,train/loss,1.8210606575012207
1075,7,train/lr,8.737679501770458e-05
1076,7,train/loss,1.9153809547424316
1076,7,train/lr,8.734920929185744e-05
1077,7,train/loss,1.7872540950775146
1077,7,train/lr,8.732159782184133e-05
1078,7,train/loss,1.6054461002349854
1078,7,train/lr,8.72939606266884e-05
1079,7,train/loss,1.6474671363830566
1079,7,train/lr,8.726629772544846e-05
1080,7,train/loss,1.5460050106048584
1080,7,train/lr,8.72386091371891e-05
1081,7,train/loss,1.6123454570770264
1081,7,train/lr,8.721089488099556e-05
1082,7,train/loss,1.6003737449645996
1082,7,train/lr,8.718315497597084e-05
1083,7,train/loss,1.5432538986206055
1083,7,train/lr,8.715538944123554e-05
1084,7,train/loss,1.627520203590393
1084,7,train/lr,8.712759829592799e-05
1085,7,train/loss,1.6456516981124878
1085,7,train/lr,8.709978155920414e-05
1086,7,train/loss,1.6140835285186768
1086,7,train/lr,8.70719392502376e-05
1087,7,train/loss,1.6853469610214233
1087,7,train/lr,8.70440713882196e-05
1088,7,train/loss,1.583298683166504
1088,7,train/lr,8.701617799235895e-05
1089,7,train/loss,1.665949821472168
1089,7,train/lr,8.69882590818821e-05
1090,7,train/loss,1.618288516998291
1090,7,train/lr,8.69603146760331e-05
1091,7,train/loss,1.631518840789795
1091,7,train/lr,8.693234479407353e-05
1092,7,train/loss,1.6589739322662354
1092,7,train/lr,8.690434945528253e-05
1093,7,train/loss,1.6530656814575195
1093,7,train/lr,8.687632867895685e-05
1094,7,train/loss,1.6693933010101318
1094,7,train/lr,8.68482824844107e-05
1095,7,train/loss,1.734549880027771
1095,7,train/lr,8.682021089097588e-05
1096,7,train/loss,1.7034649848937988
1096,7,train/lr,8.67921139180016e-05
1097,7,train/loss,1.8513755798339844
1097,7,train/lr,8.676399158485464e-05
1098,7,train/loss,1.5666885375976562
1098,7,train/lr,8.673584391091926e-05
1099,7,train/loss,1.8082935810089111
1099,7,train/lr,8.670767091559715e-05
1100,7,train/loss,1.6299424171447754
1100,7,train/lr,8.667947261830749e-05
1101,7,train/loss,1.7211202383041382
1101,7,train/lr,8.665124903848688e-05
1102,7,train/loss,1.6149264574050903
1102,7,train/lr,8.662300019558931e-05
1103,7,train/loss,1.7016403675079346
1103,7,train/lr,8.659472610908627e-05
1104,7,train/loss,1.5624520778656006
1104,7,train/lr,8.65664267984666e-05
1105,7,train/loss,1.735032081604004
1105,7,train/lr,8.65381022832365e-05
1106,7,train/loss,1.715181589126587
1106,7,train/lr,8.65097525829196e-05
1107,7,train/loss,1.6394736766815186
1107,7,train/lr,8.648137771705684e-05
1108,7,train/loss,1.60690176486969
1108,7,train/lr,8.645297770520655e-05
1109,7,train/loss,1.4380059242248535
1109,7,train/lr,8.642455256694435e-05
1110,7,train/loss,1.5847148895263672
1110,7,train/lr,8.639610232186321e-05
1111,7,train/loss,1.578077793121338
1111,7,train/lr,8.636762698957339e-05
1112,7,train/loss,1.627924919128418
1112,7,train/lr,8.633912658970247e-05
1113,7,train/loss,1.614558219909668
1113,7,train/lr,8.631060114189525e-05
1114,7,train/loss,1.4826385974884033
1114,7,train/lr,8.628205066581387e-05
1115,7,train/loss,1.5883851051330566
1115,7,train/lr,8.625347518113765e-05
1116,7,train/loss,1.664309024810791
1116,7,train/lr,8.622487470756318e-05
1117,7,train/loss,1.661255121231079
1117,7,train/lr,8.619624926480431e-05
1118,7,train/loss,1.775901198387146
1118,7,train/lr,8.616759887259205e-05
1119,7,train/loss,1.627854824066162
1119,7,train/lr,8.613892355067461e-05
1120,7,train/loss,1.7612513303756714
1120,7,train/lr,8.611022331881742e-05
1121,7,train/loss,1.734250545501709
1121,7,train/lr,8.608149819680302e-05
1122,7,train/loss,1.731164574623108
1122,7,train/lr,8.605274820443119e-05
1123,7,train/loss,1.7214479446411133
1123,7,train/lr,8.602397336151879e-05
1124,7,train/loss,1.7524319887161255
1124,7,train/lr,8.59951736878998e-05
1125,7,train/loss,1.8710085153579712
1125,7,train/lr,8.596634920342537e-05
1126,7,train/loss,1.7498050928115845
1126,7,train/lr,8.593749992796372e-05
1127,7,train/loss,1.713059902191162
1127,7,train/lr,8.590862588140014e-05
1128,7,train/loss,1.7461788654327393
1128,7,train/lr,8.587972708363703e-05
1129,7,train/loss,1.6979310512542725
1129,7,train/lr,8.585080355459384e-05
1130,7,train/loss,1.6355624198913574
1130,7,train/lr,8.582185531420705e-05
1131,7,train/loss,1.7252510786056519
1131,7,train/lr,8.579288238243019e-05
1132,7,train/loss,1.6515026092529297
1132,7,train/lr,8.576388477923383e-05
1133,7,train/loss,1.5978668928146362
1133,7,train/lr,8.573486252460548e-05
1134,7,train/loss,1.6485294103622437
1134,7,train/lr,8.57058156385497e-05
1135,7,train/loss,1.8057506084442139
1135,7,train/lr,8.5676744141088e-05
1136,7,train/loss,1.6770222187042236
1136,7,train/lr,8.564764805225887e-05
1137,7,train/loss,1.6063820123672485
1137,7,train/lr,8.561852739211775e-05
1138,7,train/loss,1.5511878728866577
1138,7,train/lr,8.558938218073702e-05
1139,7,train/loss,1.6731505393981934
1139,7,train/lr,8.556021243820594e-05
1140,7,train/loss,1.7124478816986084
1140,7,train/lr,8.553101818463077e-05
1141,7,train/loss,1.6349291801452637
1141,7,train/lr,8.550179944013454e-05
1142,7,train/loss,1.8390281200408936
1142,7,train/lr,8.547255622485728e-05
1143,7,train/loss,1.7837388515472412
1143,7,train/lr,8.54432885589558e-05
1144,7,train/loss,1.711486577987671
1144,7,train/lr,8.541399646260384e-05
1145,7,train/loss,1.7681490182876587
1145,7,train/lr,8.538467995599191e-05
1146,7,train/loss,1.7117314338684082
1146,7,train/lr,8.535533905932738e-05
1147,7,train/loss,1.8489776849746704
1147,7,train/lr,8.532597379283444e-05
1148,7,train/loss,1.7089662551879883
1148,7,train/lr,8.529658417675404e-05
1149,7,train/loss,1.707777976989746
1149,7,train/lr,8.526717023134396e-05
1150,7,train/loss,1.7631101608276367
1150,7,train/lr,8.52377319768787e-05
1151,7,train/loss,1.70797860622406
1151,7,train/lr,8.520826943364959e-05
1152,7,train/loss,1.5471887588500977
1152,7,train/lr,8.517878262196462e-05
1153,7,train/loss,1.6653350591659546
1153,7,train/lr,8.514927156214854e-05
1154,7,train/loss,1.745421290397644
1154,7,train/lr,8.511973627454282e-05
1155,7,train/loss,1.661858081817627
1155,7,train/lr,8.509017677950565e-05
1156,7,train/loss,1.6212749481201172
1156,7,train/lr,8.506059309741188e-05
1157,7,train/loss,1.538206696510315
1157,7,train/lr,8.503098524865301e-05
1158,7,train/loss,1.7029075622558594
1158,7,train/lr,8.500135325363723e-05
1159,7,train/loss,1.6339199542999268
1159,7,train/lr,8.497169713278936e-05
1160,7,train/loss,1.7133206129074097
1160,7,train/lr,8.494201690655088e-05
1161,7,train/loss,1.7169055938720703
1161,7,train/lr,8.491231259537984e-05
1162,7,train/loss,1.7515318393707275
1162,7,train/lr,8.488258421975092e-05
1162,7,train/batches,331.0
1162,7,train/compute_pct,99.87346538456592
1162,7,train/compute_sec,39.09850981199838
1162,7,train/data_wait_pct,0.1265346154340796
1162,7,train/data_wait_sec,0.04953582900179754
1162,7,train/examples,5296.0
1162,7,train/examples_per_sec,135.28133814305767
1162,7,train/input_tokens,625993.0
1162,7,train/peak_vram_gb,4.895360946655273
1162,7,train/target_tokens,424712.0
1162,7,train/tokens_per_sec,26839.270844713257
1162,7,train/total_sec,39.14804564100018
1162,7,train/epoch_loss,1.6979580080401142
1162,7,epoch7/batches,331.0
1162,7,epoch7/compute_pct,99.87346538456592
1162,7,epoch7/compute_sec,39.09850981199838
1162,7,epoch7/data_wait_pct,0.1265346154340796
1162,7,epoch7/data_wait_sec,0.04953582900179754
1162,7,epoch7/examples,5296.0
1162,7,epoch7/examples_per_sec,135.28133814305767
1162,7,epoch7/input_tokens,625993.0
1162,7,epoch7/peak_vram_gb,4.895360946655273
1162,7,epoch7/target_tokens,424712.0
1162,7,epoch7/tokens_per_sec,26839.270844713257
1162,7,epoch7/total_sec,39.14804564100018
1162,7,val/bleu,11.197172046616082
1162,7,val/chrf,31.559787183679116
1162,7,val/combined,18.79841394507112
1162,7,val/eval_peak_vram_gb,4.895360946655273
1162,7,val/eval_samples_per_sec,12.356868609550554
1162,7,val/eval_seconds,48.313210964999826
1162,7,val/eval_tokens_per_sec,3496.6419458723844
1163,8,train/loss,1.5777372121810913
1163,8,train/lr,8.485283180015537e-05
1164,8,train/loss,1.7978384494781494
1164,8,train/lr,8.482305535710105e-05
1165,8,train/loss,1.84389066696167
1165,8,train/lr,8.479325491111232e-05
1166,8,train/loss,1.6199190616607666
1166,8,train/lr,8.476343048273011e-05
1167,8,train/loss,1.8879554271697998
1167,8,train/lr,8.473358209251192e-05
1168,8,train/loss,1.6869263648986816
1168,8,train/lr,8.47037097610317e-05
1169,8,train/loss,1.5787882804870605
1169,8,train/lr,8.467381350887995e-05
1170,8,train/loss,1.698946237564087
1170,8,train/lr,8.464389335666365e-05
1171,8,train/loss,1.5750455856323242
1171,8,train/lr,8.461394932500626e-05
1172,8,train/loss,1.7494964599609375
1172,8,train/lr,8.458398143454764e-05
1173,8,train/loss,1.5660532712936401
1173,8,train/lr,8.45539897059442e-05
1174,8,train/loss,1.5991902351379395
1174,8,train/lr,8.452397415986867e-05
1175,8,train/loss,1.478801965713501
1175,8,train/lr,8.449393481701028e-05
1176,8,train/loss,1.7077267169952393
1176,8,train/lr,8.446387169807464e-05
1177,8,train/loss,1.5622687339782715
1177,8,train/lr,8.443378482378372e-05
1178,8,train/loss,1.6720417737960815
1178,8,train/lr,8.440367421487589e-05
1179,8,train/loss,1.6707227230072021
1179,8,train/lr,8.43735398921059e-05
1180,8,train/loss,1.5655590295791626
1180,8,train/lr,8.43433818762448e-05
1181,8,train/loss,1.630737066268921
1181,8,train/lr,8.431320018808e-05
1182,8,train/loss,1.6804585456848145
1182,8,train/lr,8.428299484841523e-05
1183,8,train/loss,1.7950446605682373
1183,8,train/lr,8.425276587807046e-05
1184,8,train/loss,1.7181084156036377
1184,8,train/lr,8.422251329788207e-05
1185,8,train/loss,1.6775035858154297
1185,8,train/lr,8.419223712870262e-05
1186,8,train/loss,1.6653056144714355
1186,8,train/lr,8.416193739140092e-05
1187,8,train/loss,1.7007348537445068
1187,8,train/lr,8.41316141068621e-05
1188,8,train/loss,1.7660572528839111
1188,8,train/lr,8.410126729598747e-05
1189,8,train/loss,1.657369613647461
1189,8,train/lr,8.407089697969457e-05
1190,8,train/loss,1.7109730243682861
1190,8,train/lr,8.404050317891711e-05
1191,8,train/loss,1.7594714164733887
1191,8,train/lr,8.401008591460504e-05
1192,8,train/loss,1.6562336683273315
1192,8,train/lr,8.397964520772445e-05
1193,8,train/loss,1.6283156871795654
1193,8,train/lr,8.394918107925762e-05
1194,8,train/loss,1.7585102319717407
1194,8,train/lr,8.391869355020294e-05
1195,8,train/loss,1.7589755058288574
1195,8,train/lr,8.38881826415749e-05
1196,8,train/loss,1.608593463897705
1196,8,train/lr,8.38576483744042e-05
1197,8,train/loss,1.594015121459961
1197,8,train/lr,8.382709076973753e-05
1198,8,train/loss,1.6208207607269287
1198,8,train/lr,8.379650984863779e-05
1199,8,train/loss,1.8246577978134155
1199,8,train/lr,8.376590563218385e-05
1200,8,train/loss,1.55043625831604
1200,8,train/lr,8.373527814147067e-05
1201,8,train/loss,1.7117151021957397
1201,8,train/lr,8.370462739760923e-05
1202,8,train/loss,1.431607961654663
1202,8,train/lr,8.367395342172662e-05
1203,8,train/loss,1.4849705696105957
1203,8,train/lr,8.364325623496583e-05
1204,8,train/loss,1.622910976409912
1204,8,train/lr,8.361253585848592e-05
1205,8,train/loss,1.6437745094299316
1205,8,train/lr,8.358179231346195e-05
1206,8,train/loss,1.6814204454421997
1206,8,train/lr,8.355102562108487e-05
1207,8,train/loss,1.611088514328003
1207,8,train/lr,8.352023580256167e-05
1208,8,train/loss,1.6762218475341797
1208,8,train/lr,8.348942287911522e-05
1209,8,train/loss,1.7157930135726929
1209,8,train/lr,8.345858687198434e-05
1210,8,train/loss,1.657690167427063
1210,8,train/lr,8.342772780242378e-05
1211,8,train/loss,1.7746039628982544
1211,8,train/lr,8.339684569170416e-05
1212,8,train/loss,1.7024180889129639
1212,8,train/lr,8.336594056111197e-05
1213,8,train/loss,1.779395580291748
1213,8,train/lr,8.333501243194961e-05
1214,8,train/loss,1.716149091720581
1214,8,train/lr,8.33040613255353e-05
1215,8,train/loss,1.4831717014312744
1215,8,train/lr,8.32730872632031e-05
1216,8,train/loss,1.639146089553833
1216,8,train/lr,8.324209026630292e-05
1217,8,train/loss,1.8156323432922363
1217,8,train/lr,8.321107035620043e-05
1218,8,train/loss,1.7419190406799316
1218,8,train/lr,8.318002755427712e-05
1219,8,train/loss,1.5773111581802368
1219,8,train/lr,8.31489618819303e-05
1220,8,train/loss,1.6341466903686523
1220,8,train/lr,8.311787336057297e-05
1221,8,train/loss,1.745525598526001
1221,8,train/lr,8.308676201163394e-05
1222,8,train/loss,1.5941598415374756
1222,8,train/lr,8.305562785655769e-05
1223,8,train/loss,1.6201419830322266
1223,8,train/lr,8.30244709168045e-05
1224,8,train/loss,1.6038161516189575
1224,8,train/lr,8.299329121385027e-05
1225,8,train/loss,1.6443803310394287
1225,8,train/lr,8.296208876918669e-05
1226,8,train/loss,1.6092360019683838
1226,8,train/lr,8.293086360432102e-05
1227,8,train/loss,1.5323491096496582
1227,8,train/lr,8.289961574077624e-05
1228,8,train/loss,1.535650372505188
1228,8,train/lr,8.2868345200091e-05
1229,8,train/loss,1.5864968299865723
1229,8,train/lr,8.283705200381951e-05
1230,8,train/loss,1.605299711227417
1230,8,train/lr,8.280573617353167e-05
1231,8,train/loss,1.601449966430664
1231,8,train/lr,8.277439773081287e-05
1232,8,train/loss,1.7040945291519165
1232,8,train/lr,8.274303669726426e-05
1233,8,train/loss,1.8645224571228027
1233,8,train/lr,8.271165309450239e-05
1234,8,train/loss,1.6695234775543213
1234,8,train/lr,8.268024694415947e-05
1235,8,train/loss,1.6934726238250732
1235,8,train/lr,8.26488182678832e-05
1236,8,train/loss,1.7032747268676758
1236,8,train/lr,8.261736708733684e-05
1237,8,train/loss,1.721391201019287
1237,8,train/lr,8.258589342419917e-05
1238,8,train/loss,1.7115004062652588
1238,8,train/lr,8.255439730016442e-05
1239,8,train/loss,1.7037951946258545
1239,8,train/lr,8.252287873694231e-05
1240,8,train/loss,1.7156445980072021
1240,8,train/lr,8.249133775625808e-05
1241,8,train/loss,1.8800970315933228
1241,8,train/lr,8.245977437985237e-05
1242,8,train/loss,1.9200022220611572
1242,8,train/lr,8.242818862948127e-05
1243,8,train/loss,1.5920095443725586
1243,8,train/lr,8.239658052691632e-05
1244,8,train/loss,1.7974441051483154
1244,8,train/lr,8.236495009394441e-05
1245,8,train/loss,1.691284418106079
1245,8,train/lr,8.233329735236789e-05
1246,8,train/loss,1.630037784576416
1246,8,train/lr,8.230162232400442e-05
1247,8,train/loss,1.5937342643737793
1247,8,train/lr,8.226992503068705e-05
1248,8,train/loss,1.7164335250854492
1248,8,train/lr,8.22382054942642e-05
1249,8,train/loss,1.6301939487457275
1249,8,train/lr,8.220646373659961e-05
1250,8,train/loss,1.6504037380218506
1250,8,train/lr,8.217469977957233e-05
1251,8,train/loss,1.5953773260116577
1251,8,train/lr,8.214291364507667e-05
1252,8,train/loss,1.6104828119277954
1252,8,train/lr,8.211110535502229e-05
1253,8,train/loss,1.6490336656570435
1253,8,train/lr,8.207927493133411e-05
1254,8,train/loss,1.556137204170227
1254,8,train/lr,8.204742239595229e-05
1255,8,train/loss,1.6224396228790283
1255,8,train/lr,8.201554777083224e-05
1256,8,train/loss,1.62026846408844
1256,8,train/lr,8.198365107794457e-05
1257,8,train/loss,1.5491642951965332
1257,8,train/lr,8.195173233927513e-05
1258,8,train/loss,1.616290807723999
1258,8,train/lr,8.191979157682499e-05
1259,8,train/loss,1.7665066719055176
1259,8,train/lr,8.188782881261034e-05
1260,8,train/loss,1.5885508060455322
1260,8,train/lr,8.185584406866256e-05
1261,8,train/loss,1.702371597290039
1261,8,train/lr,8.18238373670282e-05
1262,8,train/loss,1.73439359664917
1262,8,train/lr,8.179180872976892e-05
1263,8,train/loss,1.7596346139907837
1263,8,train/lr,8.175975817896154e-05
1264,8,train/loss,1.603877305984497
1264,8,train/lr,8.172768573669789e-05
1265,8,train/loss,1.7401049137115479
1265,8,train/lr,8.169559142508502e-05
1266,8,train/loss,1.5130724906921387
1266,8,train/lr,8.166347526624495e-05
1267,8,train/loss,1.8012642860412598
1267,8,train/lr,8.163133728231482e-05
1268,8,train/loss,1.6918182373046875
1268,8,train/lr,8.159917749544678e-05
1269,8,train/loss,1.6837626695632935
1269,8,train/lr,8.156699592780801e-05
1270,8,train/loss,1.61904776096344
1270,8,train/lr,8.153479260158072e-05
1271,8,train/loss,1.7453842163085938
1271,8,train/lr,8.150256753896212e-05
1272,8,train/loss,1.6924717426300049
1272,8,train/lr,8.147032076216439e-05
1273,8,train/loss,1.5742149353027344
1273,8,train/lr,8.143805229341466e-05
1274,8,train/loss,1.6090912818908691
1274,8,train/lr,8.140576215495506e-05
1275,8,train/loss,1.3408387899398804
1275,8,train/lr,8.13734503690426e-05
1276,8,train/loss,1.538661003112793
1276,8,train/lr,8.134111695794926e-05
1277,8,train/loss,1.6772801876068115
1277,8,train/lr,8.13087619439619e-05
1278,8,train/loss,1.5991837978363037
1278,8,train/lr,8.127638534938227e-05
1279,8,train/loss,1.511664867401123
1279,8,train/lr,8.124398719652702e-05
1280,8,train/loss,1.5963802337646484
1280,8,train/lr,8.12115675077276e-05
1281,8,train/loss,1.5776362419128418
1281,8,train/lr,8.117912630533039e-05
1282,8,train/loss,1.5907728672027588
1282,8,train/lr,8.114666361169653e-05
1283,8,train/loss,1.63784921169281
1283,8,train/lr,8.111417944920201e-05
1284,8,train/loss,1.7077840566635132
1284,8,train/lr,8.108167384023759e-05
1285,8,train/loss,1.680932879447937
1285,8,train/lr,8.104914680720883e-05
1286,8,train/loss,1.7591831684112549
1286,8,train/lr,8.101659837253608e-05
1287,8,train/loss,1.8271937370300293
1287,8,train/lr,8.098402855865439e-05
1288,8,train/loss,1.7637808322906494
1288,8,train/lr,8.095143738801359e-05
1289,8,train/loss,1.7773828506469727
1289,8,train/lr,8.09188248830782e-05
1290,8,train/loss,1.9019997119903564
1290,8,train/lr,8.088619106632747e-05
1291,8,train/loss,1.6766911745071411
1291,8,train/lr,8.085353596025534e-05
1292,8,train/loss,1.7964773178100586
1292,8,train/lr,8.082085958737039e-05
1293,8,train/loss,1.7941339015960693
1293,8,train/lr,8.07881619701959e-05
1294,8,train/loss,1.6680166721343994
1294,8,train/lr,8.075544313126976e-05
1295,8,train/loss,1.7351899147033691
1295,8,train/lr,8.072270309314454e-05
1296,8,train/loss,1.6485874652862549
1296,8,train/lr,8.068994187838734e-05
1297,8,train/loss,1.5811479091644287
1297,8,train/lr,8.065715950957993e-05
1298,8,train/loss,1.6815392971038818
1298,8,train/lr,8.062435600931863e-05
1299,8,train/loss,1.6450583934783936
1299,8,train/lr,8.059153140021433e-05
1300,8,train/loss,1.6148271560668945
1300,8,train/lr,8.055868570489247e-05
1301,8,train/loss,1.467153787612915
1301,8,train/lr,8.052581894599303e-05
1302,8,train/loss,1.5210776329040527
1302,8,train/lr,8.049293114617046e-05
1303,8,train/loss,1.5378223657608032
1303,8,train/lr,8.046002232809384e-05
1304,8,train/loss,1.5828713178634644
1304,8,train/lr,8.042709251444658e-05
1305,8,train/loss,1.6788036823272705
1305,8,train/lr,8.039414172792667e-05
1306,8,train/loss,1.5791335105895996
1306,8,train/lr,8.036116999124651e-05
1307,8,train/loss,1.6627230644226074
1307,8,train/lr,8.032817732713295e-05
1308,8,train/loss,1.6322705745697021
1308,8,train/lr,8.029516375832727e-05
1309,8,train/loss,1.6584253311157227
1309,8,train/lr,8.026212930758516e-05
1310,8,train/loss,1.7782187461853027
1310,8,train/lr,8.02290739976767e-05
1311,8,train/loss,1.637336254119873
1311,8,train/lr,8.019599785138635e-05
1312,8,train/loss,1.718677043914795
1312,8,train/lr,8.016290089151292e-05
1313,8,train/loss,1.9194432497024536
1313,8,train/lr,8.012978314086957e-05
1314,8,train/loss,1.7925459146499634
1314,8,train/lr,8.009664462228383e-05
1315,8,train/loss,1.669169306755066
1315,8,train/lr,8.006348535859748e-05
1316,8,train/loss,1.5818066596984863
1316,8,train/lr,8.003030537266664e-05
1317,8,train/loss,1.607002854347229
1317,8,train/lr,7.999710468736171e-05
1318,8,train/loss,1.59726083278656
1318,8,train/lr,7.996388332556735e-05
1319,8,train/loss,1.8415396213531494
1319,8,train/lr,7.993064131018249e-05
1320,8,train/loss,1.6351428031921387
1320,8,train/lr,7.989737866412024e-05
1321,8,train/loss,1.5152602195739746
1321,8,train/lr,7.986409541030801e-05
1322,8,train/loss,1.4685003757476807
1322,8,train/lr,7.983079157168736e-05
1323,8,train/loss,1.5754632949829102
1323,8,train/lr,7.979746717121406e-05
1324,8,train/loss,1.6432024240493774
1324,8,train/lr,7.976412223185803e-05
1325,8,train/loss,1.8792994022369385
1325,8,train/lr,7.973075677660338e-05
1326,8,train/loss,1.6012661457061768
1326,8,train/lr,7.969737082844836e-05
1327,8,train/loss,1.7019582986831665
1327,8,train/lr,7.96639644104053e-05
1328,8,train/loss,1.674640417098999
1328,8,train/lr,7.963053754550069e-05
1328,8,train/batches,331.0
1328,8,train/compute_pct,99.8755329867583
1328,8,train/compute_sec,38.75438197599692
1328,8,train/data_wait_pct,0.12446701324170135
1328,8,train/data_wait_sec,0.04829653500041786
1328,8,train/examples,5296.0
1328,8,train/examples_per_sec,136.48542325497
1328,8,train/input_tokens,625993.0
1328,8,train/peak_vram_gb,4.895360946655273
1328,8,train/target_tokens,424663.0
1328,8,train/tokens_per_sec,27076.89366604489
1328,8,train/total_sec,38.80267851099734
1328,8,train/epoch_loss,1.6639739249768213
1328,8,epoch8/batches,331.0
1328,8,epoch8/compute_pct,99.8755329867583
1328,8,epoch8/compute_sec,38.75438197599692
1328,8,epoch8/data_wait_pct,0.12446701324170135
1328,8,epoch8/data_wait_sec,0.04829653500041786
1328,8,epoch8/examples,5296.0
1328,8,epoch8/examples_per_sec,136.48542325497
1328,8,epoch8/input_tokens,625993.0
1328,8,epoch8/peak_vram_gb,4.895360946655273
1328,8,epoch8/target_tokens,424663.0
1328,8,epoch8/tokens_per_sec,27076.89366604489
1328,8,epoch8/total_sec,38.80267851099734
1328,8,val/bleu,12.133143791754378
1328,8,val/chrf,32.56486497718213
1328,8,val/combined,19.877479451057596
1328,8,val/eval_peak_vram_gb,4.895360946655273
1328,8,val/eval_samples_per_sec,11.042511411248404
1328,8,val/eval_seconds,54.063788368999894
1328,8,val/eval_tokens_per_sec,3472.3796771083125
1329,9,train/loss,1.6506149768829346
1329,9,train/lr,7.959709025677508e-05
1330,9,train/loss,1.6298949718475342
1330,9,train/lr,7.956362256728315e-05
1331,9,train/loss,1.8223260641098022
1331,9,train/lr,7.953013450009355e-05
1332,9,train/loss,1.720672607421875
1332,9,train/lr,7.949662607828906e-05
1333,9,train/loss,1.6312875747680664
1333,9,train/lr,7.946309732496647e-05
1334,9,train/loss,1.5347107648849487
1334,9,train/lr,7.942954826323654e-05
1335,9,train/loss,1.8398517370224
1335,9,train/lr,7.939597891622409e-05
1336,9,train/loss,1.4666956663131714
1336,9,train/lr,7.936238930706788e-05
1337,9,train/loss,1.6218342781066895
1337,9,train/lr,7.932877945892068e-05
1338,9,train/loss,1.6248043775558472
1338,9,train/lr,7.929514939494914e-05
1339,9,train/loss,1.5186487436294556
1339,9,train/lr,7.926149913833391e-05
1340,9,train/loss,1.6093930006027222
1340,9,train/lr,7.922782871226952e-05
1341,9,train/loss,1.6237289905548096
1341,9,train/lr,7.919413813996445e-05
1342,9,train/loss,1.5571694374084473
1342,9,train/lr,7.9160427444641e-05
1343,9,train/loss,1.619095802307129
1343,9,train/lr,7.912669664953537e-05
1344,9,train/loss,1.5484728813171387
1344,9,train/lr,7.909294577789766e-05
1345,9,train/loss,1.5599632263183594
1345,9,train/lr,7.905917485299171e-05
1346,9,train/loss,1.5842742919921875
1346,9,train/lr,7.902538389809529e-05
1347,9,train/loss,1.6449742317199707
1347,9,train/lr,7.899157293649988e-05
1348,9,train/loss,1.618140459060669
1348,9,train/lr,7.895774199151082e-05
1349,9,train/loss,1.4828784465789795
1349,9,train/lr,7.892389108644721e-05
1350,9,train/loss,1.5975984334945679
1350,9,train/lr,7.88900202446419e-05
1351,9,train/loss,1.4964985847473145
1351,9,train/lr,7.885612948944145e-05
1352,9,train/loss,1.7379391193389893
1352,9,train/lr,7.882221884420617e-05
1353,9,train/loss,1.734076976776123
1353,9,train/lr,7.878828833231014e-05
1354,9,train/loss,1.782972812652588
1354,9,train/lr,7.875433797714102e-05
1355,9,train/loss,1.7865726947784424
1355,9,train/lr,7.872036780210026e-05
1356,9,train/loss,1.7723772525787354
1356,9,train/lr,7.868637783060289e-05
1357,9,train/loss,1.6322543621063232
1357,9,train/lr,7.865236808607761e-05
1358,9,train/loss,1.6500799655914307
1358,9,train/lr,7.861833859196675e-05
1359,9,train/loss,1.5671563148498535
1359,9,train/lr,7.858428937172628e-05
1360,9,train/loss,1.7845746278762817
1360,9,train/lr,7.855022044882572e-05
1361,9,train/loss,1.5598406791687012
1361,9,train/lr,7.85161318467482e-05
1362,9,train/loss,1.6530745029449463
1362,9,train/lr,7.848202358899043e-05
1363,9,train/loss,1.621501088142395
1363,9,train/lr,7.844789569906261e-05
1364,9,train/loss,1.6745777130126953
1364,9,train/lr,7.841374820048854e-05
1365,9,train/loss,1.5443861484527588
1365,9,train/lr,7.837958111680548e-05
1366,9,train/loss,1.412718415260315
1366,9,train/lr,7.834539447156424e-05
1367,9,train/loss,1.5132317543029785
1367,9,train/lr,7.831118828832906e-05
1368,9,train/loss,1.5772912502288818
1368,9,train/lr,7.827696259067769e-05
1369,9,train/loss,1.626946210861206
1369,9,train/lr,7.824271740220133e-05
1370,9,train/loss,1.6007553339004517
1370,9,train/lr,7.820845274650457e-05
1371,9,train/loss,1.7374844551086426
1371,9,train/lr,7.817416864720547e-05
1372,9,train/loss,1.5713977813720703
1372,9,train/lr,7.813986512793547e-05
1373,9,train/loss,1.6492527723312378
1373,9,train/lr,7.810554221233938e-05
1374,9,train/loss,1.7426304817199707
1374,9,train/lr,7.807119992407543e-05
1375,9,train/loss,1.6476043462753296
1375,9,train/lr,7.803683828681514e-05
1376,9,train/loss,1.6232831478118896
1376,9,train/lr,7.800245732424339e-05
1377,9,train/loss,1.6063599586486816
1377,9,train/lr,7.796805706005843e-05
1378,9,train/loss,1.7542190551757812
1378,9,train/lr,7.793363751797174e-05
1379,9,train/loss,1.597726821899414
1379,9,train/lr,7.78991987217081e-05
1380,9,train/loss,1.6090786457061768
1380,9,train/lr,7.786474069500563e-05
1381,9,train/loss,1.6494710445404053
1381,9,train/lr,7.783026346161562e-05
1382,9,train/loss,1.6293085813522339
1382,9,train/lr,7.779576704530266e-05
1383,9,train/loss,1.656813144683838
1383,9,train/lr,7.776125146984452e-05
1384,9,train/loss,1.5633251667022705
1384,9,train/lr,7.772671675903222e-05
1385,9,train/loss,1.6011719703674316
1385,9,train/lr,7.76921629366699e-05
1386,9,train/loss,1.5673843622207642
1386,9,train/lr,7.765759002657494e-05
1387,9,train/loss,1.6237921714782715
1387,9,train/lr,7.762299805257785e-05
1388,9,train/loss,1.770711064338684
1388,9,train/lr,7.75883870385223e-05
1389,9,train/loss,1.6733425855636597
1389,9,train/lr,7.755375700826505e-05
1390,9,train/loss,1.6298401355743408
1390,9,train/lr,7.751910798567598e-05
1391,9,train/loss,1.596562147140503
1391,9,train/lr,7.74844399946381e-05
1392,9,train/loss,1.4942641258239746
1392,9,train/lr,7.744975305904742e-05
1393,9,train/loss,1.6355613470077515
1393,9,train/lr,7.741504720281309e-05
1394,9,train/loss,1.513127088546753
1394,9,train/lr,7.738032244985721e-05
1395,9,train/loss,1.4772145748138428
1395,9,train/lr,7.7345578824115e-05
1396,9,train/loss,1.6095595359802246
1396,9,train/lr,7.731081634953463e-05
1397,9,train/loss,1.5440751314163208
1397,9,train/lr,7.727603505007727e-05
1398,9,train/loss,1.6277389526367188
1398,9,train/lr,7.724123494971709e-05
1399,9,train/loss,1.6884665489196777
1399,9,train/lr,7.72064160724412e-05
1400,9,train/loss,1.7834229469299316
1400,9,train/lr,7.717157844224962e-05
1401,9,train/loss,1.586338758468628
1401,9,train/lr,7.713672208315538e-05
1402,9,train/loss,1.7240097522735596
1402,9,train/lr,7.710184701918433e-05
1403,9,train/loss,1.6365885734558105
1403,9,train/lr,7.706695327437529e-05
1404,9,train/loss,1.7856502532958984
1404,9,train/lr,7.703204087277988e-05
1405,9,train/loss,1.5917606353759766
1405,9,train/lr,7.699710983846265e-05
1406,9,train/loss,1.8018629550933838
1406,9,train/lr,7.696216019550095e-05
1407,9,train/loss,1.695528507232666
1407,9,train/lr,7.692719196798497e-05
1408,9,train/loss,1.8437373638153076
1408,9,train/lr,7.68922051800177e-05
1409,9,train/loss,1.6187801361083984
1409,9,train/lr,7.685719985571496e-05
1410,9,train/loss,1.764874815940857
1410,9,train/lr,7.682217601920529e-05
1411,9,train/loss,1.501327633857727
1411,9,train/lr,7.678713369463004e-05
1412,9,train/loss,1.8258100748062134
1412,9,train/lr,7.675207290614325e-05
1413,9,train/loss,1.6506085395812988
1413,9,train/lr,7.671699367791177e-05
1414,9,train/loss,1.558121919631958
1414,9,train/lr,7.668189603411506e-05
1415,9,train/loss,1.5908914804458618
1415,9,train/lr,7.664677999894537e-05
1416,9,train/loss,1.6019315719604492
1416,9,train/lr,7.661164559660753e-05
1417,9,train/loss,1.691150426864624
1417,9,train/lr,7.657649285131914e-05
1418,9,train/loss,1.4725664854049683
1418,9,train/lr,7.654132178731034e-05
1419,9,train/loss,1.5570764541625977
1419,9,train/lr,7.650613242882394e-05
1420,9,train/loss,1.5774438381195068
1420,9,train/lr,7.64709248001154e-05
1421,9,train/loss,1.5553938150405884
1421,9,train/lr,7.643569892545267e-05
1422,9,train/loss,1.5149881839752197
1422,9,train/lr,7.64004548291164e-05
1423,9,train/loss,1.6400725841522217
1423,9,train/lr,7.636519253539971e-05
1424,9,train/loss,1.7630009651184082
1424,9,train/lr,7.632991206860831e-05
1425,9,train/loss,1.7329134941101074
1425,9,train/lr,7.629461345306042e-05
1426,9,train/loss,1.6410789489746094
1426,9,train/lr,7.625929671308676e-05
1427,9,train/loss,1.7509825229644775
1427,9,train/lr,7.622396187303054e-05
1428,9,train/loss,1.7285304069519043
1428,9,train/lr,7.618860895724748e-05
1429,9,train/loss,1.645219326019287
1429,9,train/lr,7.615323799010576e-05
1430,9,train/loss,1.8098642826080322
1430,9,train/lr,7.611784899598592e-05
1431,9,train/loss,1.7517555952072144
1431,9,train/lr,7.608244199928103e-05
1432,9,train/loss,1.613778829574585
1432,9,train/lr,7.604701702439651e-05
1433,9,train/loss,1.799354076385498
1433,9,train/lr,7.601157409575022e-05
1434,9,train/loss,1.6891977787017822
1434,9,train/lr,7.59761132377723e-05
1435,9,train/loss,1.5866978168487549
1435,9,train/lr,7.594063447490536e-05
1436,9,train/loss,1.7107055187225342
1436,9,train/lr,7.590513783160428e-05
1437,9,train/loss,1.68581223487854
1437,9,train/lr,7.58696233323363e-05
1438,9,train/loss,1.8081843852996826
1438,9,train/lr,7.583409100158095e-05
1439,9,train/loss,1.47312593460083
1439,9,train/lr,7.579854086383005e-05
1440,9,train/loss,1.5545310974121094
1440,9,train/lr,7.576297294358771e-05
1441,9,train/loss,1.41713285446167
1441,9,train/lr,7.572738726537027e-05
1442,9,train/loss,1.4759979248046875
1442,9,train/lr,7.569178385370637e-05
1443,9,train/loss,1.5670253038406372
1443,9,train/lr,7.565616273313678e-05
1444,9,train/loss,1.7128181457519531
1444,9,train/lr,7.562052392821453e-05
1445,9,train/loss,1.5439311265945435
1445,9,train/lr,7.558486746350488e-05
1446,9,train/loss,1.5714058876037598
1446,9,train/lr,7.554919336358517e-05
1447,9,train/loss,1.5731427669525146
1447,9,train/lr,7.5513501653045e-05
1448,9,train/loss,1.6015971899032593
1448,9,train/lr,7.547779235648597e-05
1449,9,train/loss,1.5461934804916382
1449,9,train/lr,7.544206549852197e-05
1450,9,train/loss,1.6198077201843262
1450,9,train/lr,7.540632110377888e-05
1451,9,train/loss,1.723822832107544
1451,9,train/lr,7.537055919689469e-05
1452,9,train/loss,1.690707802772522
1452,9,train/lr,7.533477980251947e-05
1453,9,train/loss,1.6840407848358154
1453,9,train/lr,7.529898294531535e-05
1454,9,train/loss,1.6997560262680054
1454,9,train/lr,7.526316864995647e-05
1455,9,train/loss,1.4998373985290527
1455,9,train/lr,7.522733694112903e-05
1456,9,train/loss,1.6800274848937988
1456,9,train/lr,7.519148784353122e-05
1457,9,train/loss,1.7793643474578857
1457,9,train/lr,7.515562138187317e-05
1458,9,train/loss,1.752927541732788
1458,9,train/lr,7.511973758087704e-05
1459,9,train/loss,1.4382503032684326
1459,9,train/lr,7.508383646527694e-05
1460,9,train/loss,1.8033878803253174
1460,9,train/lr,7.504791805981886e-05
1461,9,train/loss,1.5735191106796265
1461,9,train/lr,7.501198238926072e-05
1462,9,train/loss,1.5541380643844604
1462,9,train/lr,7.497602947837244e-05
1463,9,train/loss,1.580469012260437
1463,9,train/lr,7.494005935193569e-05
1464,9,train/loss,1.6294745206832886
1464,9,train/lr,7.490407203474403e-05
1465,9,train/loss,1.5625817775726318
1465,9,train/lr,7.486806755160297e-05
1466,9,train/loss,1.6129956245422363
1466,9,train/lr,7.483204592732975e-05
1467,9,train/loss,1.4881863594055176
1467,9,train/lr,7.479600718675344e-05
1468,9,train/loss,1.523616909980774
1468,9,train/lr,7.475995135471496e-05
1469,9,train/loss,1.5524649620056152
1469,9,train/lr,7.472387845606694e-05
1470,9,train/loss,1.5645275115966797
1470,9,train/lr,7.468778851567383e-05
1471,9,train/loss,1.6013236045837402
1471,9,train/lr,7.465168155841183e-05
1472,9,train/loss,1.6717870235443115
1472,9,train/lr,7.461555760916879e-05
1473,9,train/loss,1.6209437847137451
1473,9,train/lr,7.457941669284438e-05
1474,9,train/loss,1.588141918182373
1474,9,train/lr,7.454325883434988e-05
1475,9,train/loss,1.6274466514587402
1475,9,train/lr,7.450708405860828e-05
1476,9,train/loss,1.6105835437774658
1476,9,train/lr,7.447089239055428e-05
1477,9,train/loss,1.6268556118011475
1477,9,train/lr,7.443468385513413e-05
1478,9,train/loss,1.6803858280181885
1478,9,train/lr,7.439845847730575e-05
1479,9,train/loss,1.809823989868164
1479,9,train/lr,7.43622162820387e-05
1480,9,train/loss,1.7036384344100952
1480,9,train/lr,7.432595729431408e-05
1481,9,train/loss,1.5778119564056396
1481,9,train/lr,7.428968153912461e-05
1482,9,train/loss,1.6210415363311768
1482,9,train/lr,7.425338904147451e-05
1483,9,train/loss,1.647367238998413
1483,9,train/lr,7.42170798263796e-05
1484,9,train/loss,1.53429114818573
1484,9,train/lr,7.418075391886721e-05
1485,9,train/loss,1.5928757190704346
1485,9,train/lr,7.414441134397613e-05
1486,9,train/loss,1.560178279876709
1486,9,train/lr,7.410805212675672e-05
1487,9,train/loss,1.6564427614212036
1487,9,train/lr,7.407167629227072e-05
1488,9,train/loss,1.6855387687683105
1488,9,train/lr,7.403528386559137e-05
1489,9,train/loss,1.4419137239456177
1489,9,train/lr,7.39988748718034e-05
1490,9,train/loss,1.4692686796188354
1490,9,train/lr,7.396244933600285e-05
1491,9,train/loss,1.6284692287445068
1491,9,train/lr,7.392600728329723e-05
1492,9,train/loss,1.5809248685836792
1492,9,train/lr,7.388954873880542e-05
1493,9,train/loss,1.7276701927185059
1493,9,train/lr,7.385307372765769e-05
1494,9,train/loss,1.6878597736358643
1494,9,train/lr,7.381658227499561e-05
1494,9,train/batches,331.0
1494,9,train/compute_pct,99.87500500103562
1494,9,train/compute_sec,38.729556050002884
1494,9,train/data_wait_pct,0.12499499896438536
1494,9,train/data_wait_sec,0.04847059400208309
1494,9,train/examples,5296.0
1494,9,train/examples_per_sec,136.57218941590352
1494,9,train/input_tokens,625993.0
1494,9,train/peak_vram_gb,4.895360946655273
1494,9,train/target_tokens,424718.0
1494,9,train/tokens_per_sec,27095.525247993468
1494,9,train/total_sec,38.77802664400497
1494,9,train/epoch_loss,1.6359002921516441
1494,9,epoch9/batches,331.0
1494,9,epoch9/compute_pct,99.87500500103562
1494,9,epoch9/compute_sec,38.729556050002884
1494,9,epoch9/data_wait_pct,0.12499499896438536
1494,9,epoch9/data_wait_sec,0.04847059400208309
1494,9,epoch9/examples,5296.0
1494,9,epoch9/examples_per_sec,136.57218941590352
1494,9,epoch9/input_tokens,625993.0
1494,9,epoch9/peak_vram_gb,4.895360946655273
1494,9,epoch9/target_tokens,424718.0
1494,9,epoch9/tokens_per_sec,27095.525247993468
1494,9,epoch9/total_sec,38.77802664400497
1494,9,val/bleu,12.17662974926502
1494,9,val/chrf,33.08386321518832
1494,9,val/combined,20.07112236639189
1494,9,val/eval_peak_vram_gb,4.895360946655273
1494,9,val/eval_samples_per_sec,10.463501757324762
1494,9,val/eval_seconds,57.05546898600005
1494,9,val/eval_tokens_per_sec,3446.3129213476136
1495,10,train/loss,1.685905933380127
1495,10,train/lr,7.378007440597211e-05
1496,10,train/loss,1.716428518295288
1496,10,train/lr,7.374355014575147e-05
1497,10,train/loss,1.6325016021728516
1497,10,train/lr,7.370700951950922e-05
1498,10,train/loss,1.6549484729766846
1498,10,train/lr,7.367045255243216e-05
1499,10,train/loss,1.651394248008728
1499,10,train/lr,7.363387926971844e-05
1500,10,train/loss,1.5904872417449951
1500,10,train/lr,7.359728969657735e-05
1501,10,train/loss,1.6398324966430664
1501,10,train/lr,7.356068385822945e-05
1502,10,train/loss,1.5441193580627441
1502,10,train/lr,7.352406177990654e-05
1503,10,train/loss,1.7129061222076416
1503,10,train/lr,7.348742348685158e-05
1504,10,train/loss,1.5798518657684326
1504,10,train/lr,7.34507690043187e-05
1505,10,train/loss,1.6683255434036255
1505,10,train/lr,7.341409835757326e-05
1506,10,train/loss,1.6694527864456177
1506,10,train/lr,7.337741157189165e-05
1507,10,train/loss,1.5843966007232666
1507,10,train/lr,7.334070867256147e-05
1508,10,train/loss,1.5613319873809814
1508,10,train/lr,7.33039896848814e-05
1509,10,train/loss,1.494092345237732
1509,10,train/lr,7.326725463416117e-05
1510,10,train/loss,1.5225234031677246
1510,10,train/lr,7.323050354572167e-05
1511,10,train/loss,1.5036532878875732
1511,10,train/lr,7.319373644489476e-05
1512,10,train/loss,1.6642634868621826
1512,10,train/lr,7.31569533570234e-05
1513,10,train/loss,1.5960006713867188
1513,10,train/lr,7.312015430746152e-05
1514,10,train/loss,1.684928059577942
1514,10,train/lr,7.30833393215741e-05
1515,10,train/loss,1.630620002746582
1515,10,train/lr,7.304650842473701e-05
1516,10,train/loss,1.6323306560516357
1516,10,train/lr,7.300966164233725e-05
1517,10,train/loss,1.5858476161956787
1517,10,train/lr,7.297279899977261e-05
1518,10,train/loss,1.7025887966156006
1518,10,train/lr,7.293592052245189e-05
1519,10,train/loss,1.8014633655548096
1519,10,train/lr,7.28990262357948e-05
1520,10,train/loss,1.5588923692703247
1520,10,train/lr,7.286211616523193e-05
1521,10,train/loss,1.6600441932678223
1521,10,train/lr,7.282519033620477e-05
1522,10,train/loss,1.6169943809509277
1522,10,train/lr,7.278824877416565e-05
1523,10,train/loss,1.620262861251831
1523,10,train/lr,7.275129150457775e-05
1524,10,train/loss,1.7473526000976562
1524,10,train/lr,7.271431855291511e-05
1525,10,train/loss,1.7004951238632202
1525,10,train/lr,7.26773299446625e-05
1526,10,train/loss,1.6050243377685547
1526,10,train/lr,7.264032570531559e-05
1527,10,train/loss,1.5693342685699463
1527,10,train/lr,7.260330586038073e-05
1528,10,train/loss,1.6568584442138672
1528,10,train/lr,7.256627043537507e-05
1529,10,train/loss,1.6110190153121948
1529,10,train/lr,7.252921945582651e-05
1530,10,train/loss,1.4852845668792725
1530,10,train/lr,7.249215294727363e-05
1531,10,train/loss,1.5865278244018555
1531,10,train/lr,7.245507093526574e-05
1532,10,train/loss,1.7132999897003174
1532,10,train/lr,7.241797344536285e-05
1533,10,train/loss,1.5764837265014648
1533,10,train/lr,7.238086050313563e-05
1534,10,train/loss,1.5595834255218506
1534,10,train/lr,7.234373213416538e-05
1535,10,train/loss,1.646436095237732
1535,10,train/lr,7.230658836404403e-05
1536,10,train/loss,1.608208417892456
1536,10,train/lr,7.226942921837419e-05
1537,10,train/loss,1.601557970046997
1537,10,train/lr,7.223225472276897e-05
1538,10,train/loss,1.5482025146484375
1538,10,train/lr,7.219506490285213e-05
1539,10,train/loss,1.642028570175171
1539,10,train/lr,7.2157859784258e-05
1540,10,train/loss,1.6550707817077637
1540,10,train/lr,7.212063939263138e-05
1541,10,train/loss,1.7055609226226807
1541,10,train/lr,7.208340375362771e-05
1542,10,train/loss,1.5850564241409302
1542,10,train/lr,7.204615289291283e-05
1543,10,train/loss,1.7126624584197998
1543,10,train/lr,7.200888683616312e-05
1544,10,train/loss,1.6731129884719849
1544,10,train/lr,7.197160560906547e-05
1545,10,train/loss,1.6169648170471191
1545,10,train/lr,7.193430923731714e-05
1546,10,train/loss,1.6499310731887817
1546,10,train/lr,7.189699774662592e-05
1547,10,train/loss,1.5858101844787598
1547,10,train/lr,7.185967116270995e-05
1548,10,train/loss,1.6884846687316895
1548,10,train/lr,7.182232951129785e-05
1549,10,train/loss,1.566235065460205
1549,10,train/lr,7.178497281812852e-05
1550,10,train/loss,1.5665481090545654
1550,10,train/lr,7.174760110895131e-05
1551,10,train/loss,1.7839837074279785
1551,10,train/lr,7.171021440952592e-05
1552,10,train/loss,1.6011602878570557
1552,10,train/lr,7.167281274562234e-05
1553,10,train/loss,1.501032829284668
1553,10,train/lr,7.163539614302088e-05
1554,10,train/loss,1.6230945587158203
1554,10,train/lr,7.159796462751221e-05
1555,10,train/loss,1.477241039276123
1555,10,train/lr,7.15605182248972e-05
1556,10,train/loss,1.5057804584503174
1556,10,train/lr,7.152305696098699e-05
1557,10,train/loss,1.4947270154953003
1557,10,train/lr,7.148558086160304e-05
1558,10,train/loss,1.603123664855957
1558,10,train/lr,7.144808995257692e-05
1559,10,train/loss,1.5058660507202148
1559,10,train/lr,7.141058425975051e-05
1560,10,train/loss,1.4011626243591309
1560,10,train/lr,7.137306380897585e-05
1561,10,train/loss,1.5053367614746094
1561,10,train/lr,7.133552862611511e-05
1562,10,train/loss,1.4335185289382935
1562,10,train/lr,7.129797873704066e-05
1563,10,train/loss,1.5421631336212158
1563,10,train/lr,7.126041416763501e-05
1564,10,train/loss,1.620068073272705
1564,10,train/lr,7.122283494379076e-05
1565,10,train/loss,1.7491650581359863
1565,10,train/lr,7.118524109141062e-05
1566,10,train/loss,1.6562066078186035
1566,10,train/lr,7.11476326364074e-05
1567,10,train/loss,1.6607367992401123
1567,10,train/lr,7.111000960470393e-05
1568,10,train/loss,1.5653963088989258
1568,10,train/lr,7.107237202223316e-05
1569,10,train/loss,1.7219891548156738
1569,10,train/lr,7.103471991493802e-05
1570,10,train/loss,1.5728724002838135
1570,10,train/lr,7.099705330877144e-05
1571,10,train/loss,1.528275489807129
1571,10,train/lr,7.095937222969639e-05
1572,10,train/loss,1.750993251800537
1572,10,train/lr,7.09216767036858e-05
1573,10,train/loss,1.6698949337005615
1573,10,train/lr,7.088396675672249e-05
1574,10,train/loss,1.624765396118164
1574,10,train/lr,7.084624241479934e-05
1575,10,train/loss,1.6903047561645508
1575,10,train/lr,7.080850370391907e-05
1576,10,train/loss,1.6269621849060059
1576,10,train/lr,7.077075065009433e-05
1577,10,train/loss,1.6756362915039062
1577,10,train/lr,7.073298327934765e-05
1578,10,train/loss,1.6109251976013184
1578,10,train/lr,7.069520161771142e-05
1579,10,train/loss,1.6084462404251099
1579,10,train/lr,7.065740569122791e-05
1580,10,train/loss,1.7632510662078857
1580,10,train/lr,7.061959552594917e-05
1581,10,train/loss,1.6143321990966797
1581,10,train/lr,7.058177114793715e-05
1582,10,train/loss,1.5640186071395874
1582,10,train/lr,7.054393258326352e-05
1583,10,train/loss,1.481912612915039
1583,10,train/lr,7.050607985800972e-05
1584,10,train/loss,1.5272934436798096
1584,10,train/lr,7.046821299826703e-05
1585,10,train/loss,1.5287706851959229
1585,10,train/lr,7.043033203013642e-05
1586,10,train/loss,1.6219708919525146
1586,10,train/lr,7.039243697972857e-05
1587,10,train/loss,1.6572346687316895
1587,10,train/lr,7.035452787316389e-05
1588,10,train/loss,1.4235873222351074
1588,10,train/lr,7.03166047365725e-05
1589,10,train/loss,1.5999035835266113
1589,10,train/lr,7.027866759609414e-05
1590,10,train/loss,1.5824530124664307
1590,10,train/lr,7.024071647787824e-05
1591,10,train/loss,1.6364920139312744
1591,10,train/lr,7.020275140808388e-05
1592,10,train/loss,1.6648633480072021
1592,10,train/lr,7.016477241287968e-05
1593,10,train/loss,1.661087989807129
1593,10,train/lr,7.012677951844396e-05
1594,10,train/loss,1.6964828968048096
1594,10,train/lr,7.008877275096455e-05
1595,10,train/loss,1.6096625328063965
1595,10,train/lr,7.005075213663884e-05
1596,10,train/loss,1.638552188873291
1596,10,train/lr,7.001271770167383e-05
1597,10,train/loss,1.846415638923645
1597,10,train/lr,6.997466947228596e-05
1598,10,train/loss,1.8792908191680908
1598,10,train/lr,6.993660747470124e-05
1599,10,train/loss,1.9075236320495605
1599,10,train/lr,6.989853173515518e-05
1600,10,train/loss,1.715428352355957
1600,10,train/lr,6.986044227989268e-05
1601,10,train/loss,1.710968017578125
1601,10,train/lr,6.982233913516817e-05
1602,10,train/loss,1.6386497020721436
1602,10,train/lr,6.978422232724553e-05
1603,10,train/loss,1.6048147678375244
1603,10,train/lr,6.974609188239796e-05
1604,10,train/loss,1.5687421560287476
1604,10,train/lr,6.970794782690818e-05
1605,10,train/loss,1.4796009063720703
1605,10,train/lr,6.966979018706818e-05
1606,10,train/loss,1.5836786031723022
1606,10,train/lr,6.963161898917941e-05
1607,10,train/loss,1.5401103496551514
1607,10,train/lr,6.959343425955258e-05
1608,10,train/loss,1.4114985466003418
1608,10,train/lr,6.95552360245078e-05
1609,10,train/loss,1.4673930406570435
1609,10,train/lr,6.951702431037445e-05
1610,10,train/loss,1.4406535625457764
1610,10,train/lr,6.947879914349121e-05
1611,10,train/loss,1.6523770093917847
1611,10,train/lr,6.944056055020604e-05
1612,10,train/loss,1.4733803272247314
1612,10,train/lr,6.940230855687612e-05
1613,10,train/loss,1.574064016342163
1613,10,train/lr,6.936404318986791e-05
1614,10,train/loss,1.460097312927246
1614,10,train/lr,6.932576447555705e-05
1615,10,train/loss,1.5357418060302734
1615,10,train/lr,6.928747244032847e-05
1616,10,train/loss,1.6793944835662842
1616,10,train/lr,6.924916711057611e-05
1617,10,train/loss,1.5651931762695312
1617,10,train/lr,6.921084851270325e-05
1618,10,train/loss,1.6731748580932617
1618,10,train/lr,6.917251667312221e-05
1619,10,train/loss,1.652824878692627
1619,10,train/lr,6.91341716182545e-05
1620,10,train/loss,1.6360821723937988
1620,10,train/lr,6.909581337453067e-05
1621,10,train/loss,1.5273590087890625
1621,10,train/lr,6.905744196839042e-05
1622,10,train/loss,1.5786418914794922
1622,10,train/lr,6.901905742628249e-05
1623,10,train/loss,1.6779732704162598
1623,10,train/lr,6.89806597746647e-05
1624,10,train/loss,1.6485400199890137
1624,10,train/lr,6.89422490400039e-05
1625,10,train/loss,1.5931148529052734
1625,10,train/lr,6.890382524877592e-05
1626,10,train/loss,1.690077304840088
1626,10,train/lr,6.886538842746563e-05
1627,10,train/loss,1.5652806758880615
1627,10,train/lr,6.88269386025669e-05
1628,10,train/loss,1.638015866279602
1628,10,train/lr,6.87884758005825e-05
1629,10,train/loss,1.6519896984100342
1629,10,train/lr,6.875000004802421e-05
1630,10,train/loss,1.6245238780975342
1630,10,train/lr,6.871151137141266e-05
1631,10,train/loss,1.5378254652023315
1631,10,train/lr,6.867300979727748e-05
1632,10,train/loss,1.6553664207458496
1632,10,train/lr,6.863449535215711e-05
1633,10,train/loss,1.532378911972046
1633,10,train/lr,6.859596806259893e-05
1634,10,train/loss,1.5978507995605469
1634,10,train/lr,6.85574279551591e-05
1635,10,train/loss,1.825545310974121
1635,10,train/lr,6.851887505640269e-05
1636,10,train/loss,1.5695983171463013
1636,10,train/lr,6.848030939290353e-05
1637,10,train/loss,1.5431466102600098
1637,10,train/lr,6.844173099124429e-05
1638,10,train/loss,1.5455427169799805
1638,10,train/lr,6.840313987801637e-05
1639,10,train/loss,1.912893533706665
1639,10,train/lr,6.836453607981999e-05
1640,10,train/loss,1.6302790641784668
1640,10,train/lr,6.832591962326408e-05
1641,10,train/loss,1.5510764122009277
1641,10,train/lr,6.828729053496629e-05
1642,10,train/loss,1.5327060222625732
1642,10,train/lr,6.824864884155298e-05
1643,10,train/loss,1.6735689640045166
1643,10,train/lr,6.820999456965924e-05
1644,10,train/loss,1.6868245601654053
1644,10,train/lr,6.817132774592877e-05
1645,10,train/loss,1.742311954498291
1645,10,train/lr,6.813264839701394e-05
1646,10,train/loss,1.7634773254394531
1646,10,train/lr,6.80939565495758e-05
1647,10,train/loss,1.7688684463500977
1647,10,train/lr,6.805525223028393e-05
1648,10,train/loss,1.6507041454315186
1648,10,train/lr,6.801653546581659e-05
1649,10,train/loss,1.6387906074523926
1649,10,train/lr,6.797780628286056e-05
1650,10,train/loss,1.6953847408294678
1650,10,train/lr,6.793906470811118e-05
1651,10,train/loss,1.6630948781967163
1651,10,train/lr,6.790031076827241e-05
1652,10,train/loss,1.5118954181671143
1652,10,train/lr,6.786154449005665e-05
1653,10,train/loss,1.5294358730316162
1653,10,train/lr,6.78227659001848e-05
1654,10,train/loss,1.5077002048492432
1654,10,train/lr,6.778397502538633e-05
1655,10,train/loss,1.50836181640625
1655,10,train/lr,6.774517189239907e-05
1656,10,train/loss,1.5453486442565918
1656,10,train/lr,6.770635652796938e-05
1657,10,train/loss,1.674790859222412
1657,10,train/lr,6.766752895885205e-05
1658,10,train/loss,1.599855899810791
1658,10,train/lr,6.762868921181022e-05
1659,10,train/loss,1.7372360229492188
1659,10,train/lr,6.758983731361546e-05
1660,10,train/loss,1.6348073482513428
1660,10,train/lr,6.755097329104773e-05
1660,10,train/batches,331.0
1660,10,train/compute_pct,99.87490032588205
1660,10,train/compute_sec,39.42702972000188
1660,10,train/data_wait_pct,0.12509967411794246
1660,10,train/data_wait_sec,0.04938486600053693
1660,10,train/examples,5296.0
1660,10,train/examples_per_sec,134.1560538245502
1660,10,train/input_tokens,625993.0
1660,10,train/peak_vram_gb,4.895360946655273
1660,10,train/target_tokens,424765.0
1660,10,train/tokens_per_sec,26617.361556755426
1660,10,train/total_sec,39.47641458600242
1660,10,train/epoch_loss,1.6140332185969972
1660,10,epoch10/batches,331.0
1660,10,epoch10/compute_pct,99.87490032588205
1660,10,epoch10/compute_sec,39.42702972000188
1660,10,epoch10/data_wait_pct,0.12509967411794246
1660,10,epoch10/data_wait_sec,0.04938486600053693
1660,10,epoch10/examples,5296.0
1660,10,epoch10/examples_per_sec,134.1560538245502
1660,10,epoch10/input_tokens,625993.0
1660,10,epoch10/peak_vram_gb,4.895360946655273
1660,10,epoch10/target_tokens,424765.0
1660,10,epoch10/tokens_per_sec,26617.361556755426
1660,10,epoch10/total_sec,39.47641458600242
1660,10,val/bleu,13.886951628745171
1660,10,val/chrf,34.867540064196625
1660,10,val/combined,22.004632291516096
1660,10,val/eval_peak_vram_gb,4.895360946655273
1660,10,val/eval_samples_per_sec,11.898005837529702
1660,10,val/eval_seconds,50.1764756340001
1660,10,val/eval_tokens_per_sec,3418.7136069748867
1661,11,train/loss,1.6338533163070679
1661,11,train/lr,6.751209717089534e-05
1662,11,train/loss,1.6870017051696777
1662,11,train/lr,6.747320897995493e-05
1663,11,train/loss,1.6854016780853271
1663,11,train/lr,6.743430874503143e-05
1664,11,train/loss,1.6342558860778809
1664,11,train/lr,6.739539649293817e-05
1665,11,train/loss,1.7672200202941895
1665,11,train/lr,6.735647225049663e-05
1666,11,train/loss,1.545512080192566
1666,11,train/lr,6.731753604453666e-05
1667,11,train/loss,1.5633293390274048
1667,11,train/lr,6.727858790189633e-05
1668,11,train/loss,1.621631383895874
1668,11,train/lr,6.723962784942188e-05
1669,11,train/loss,1.5264673233032227
1669,11,train/lr,6.720065591396784e-05
1670,11,train/loss,1.5740220546722412
1670,11,train/lr,6.716167212239689e-05
1671,11,train/loss,1.6732585430145264
1671,11,train/lr,6.712267650157988e-05
1672,11,train/loss,1.4695382118225098
1672,11,train/lr,6.708366907839583e-05
1673,11,train/loss,1.5965609550476074
1673,11,train/lr,6.704464987973189e-05
1674,11,train/loss,1.5171432495117188
1674,11,train/lr,6.700561893248332e-05
1675,11,train/loss,1.5991109609603882
1675,11,train/lr,6.696657626355347e-05
1676,11,train/loss,1.4837000370025635
1676,11,train/lr,6.692752189985382e-05
1677,11,train/loss,1.4963383674621582
1677,11,train/lr,6.688845586830383e-05
1678,11,train/loss,1.516422986984253
1678,11,train/lr,6.684937819583105e-05
1679,11,train/loss,1.5149855613708496
1679,11,train/lr,6.681028890937108e-05
1680,11,train/loss,1.5537112951278687
1680,11,train/lr,6.677118803586748e-05
1681,11,train/loss,1.6276694536209106
1681,11,train/lr,6.673207560227177e-05
1682,11,train/loss,1.6606299877166748
1682,11,train/lr,6.669295163554354e-05
1683,11,train/loss,1.5836703777313232
1683,11,train/lr,6.665381616265024e-05
1684,11,train/loss,1.6757686138153076
1684,11,train/lr,6.661466921056729e-05
1685,11,train/loss,1.6535474061965942
1685,11,train/lr,6.6575510806278e-05
1686,11,train/loss,1.6896491050720215
1686,11,train/lr,6.653634097677359e-05
1687,11,train/loss,1.6644467115402222
1687,11,train/lr,6.649715974905315e-05
1688,11,train/loss,1.8238697052001953
1688,11,train/lr,6.645796715012364e-05
1689,11,train/loss,1.6716357469558716
1689,11,train/lr,6.641876320699982e-05
1690,11,train/loss,1.582324743270874
1690,11,train/lr,6.637954794670432e-05
1691,11,train/loss,1.6097116470336914
1691,11,train/lr,6.634032139626756e-05
1692,11,train/loss,1.7012697458267212
1692,11,train/lr,6.630108358272767e-05
1693,11,train/loss,1.5175161361694336
1693,11,train/lr,6.626183453313065e-05
1694,11,train/loss,1.6656336784362793
1694,11,train/lr,6.62225742745302e-05
1695,11,train/loss,1.5056543350219727
1695,11,train/lr,6.61833028339877e-05
1696,11,train/loss,1.518471598625183
1696,11,train/lr,6.614402023857232e-05
1697,11,train/loss,1.516518235206604
1697,11,train/lr,6.610472651536085e-05
1698,11,train/loss,1.5960745811462402
1698,11,train/lr,6.606542169143782e-05
1699,11,train/loss,1.4990174770355225
1699,11,train/lr,6.602610579389531e-05
1700,11,train/loss,1.4448950290679932
1700,11,train/lr,6.598677884983315e-05
1701,11,train/loss,1.4591611623764038
1701,11,train/lr,6.59474408863587e-05
1702,11,train/loss,1.5398366451263428
1702,11,train/lr,6.590809193058694e-05
1703,11,train/loss,1.6402146816253662
1703,11,train/lr,6.586873200964046e-05
1704,11,train/loss,1.6241215467453003
1704,11,train/lr,6.582936115064934e-05
1705,11,train/loss,1.5880839824676514
1705,11,train/lr,6.578997938075125e-05
1706,11,train/loss,1.5702507495880127
1706,11,train/lr,6.575058672709138e-05
1707,11,train/loss,1.6926887035369873
1707,11,train/lr,6.57111832168224e-05
1708,11,train/loss,1.6586456298828125
1708,11,train/lr,6.567176887710447e-05
1709,11,train/loss,1.6442111730575562
1709,11,train/lr,6.563234373510522e-05
1710,11,train/loss,1.704756498336792
1710,11,train/lr,6.559290781799973e-05
1711,11,train/loss,1.5769550800323486
1711,11,train/lr,6.555346115297049e-05
1712,11,train/loss,1.5812469720840454
1712,11,train/lr,6.551400376720744e-05
1713,11,train/loss,1.7063020467758179
1713,11,train/lr,6.547453568790784e-05
1714,11,train/loss,1.6103081703186035
1714,11,train/lr,6.543505694227637e-05
1715,11,train/loss,1.5815603733062744
1715,11,train/lr,6.539556755752505e-05
1716,11,train/loss,1.7015819549560547
1716,11,train/lr,6.535606756087327e-05
1717,11,train/loss,1.5685161352157593
1717,11,train/lr,6.531655697954764e-05
1718,11,train/loss,1.535829782485962
1718,11,train/lr,6.527703584078218e-05
1719,11,train/loss,1.447887659072876
1719,11,train/lr,6.52375041718181e-05
1720,11,train/loss,1.6716291904449463
1720,11,train/lr,6.519796199990392e-05
1721,11,train/loss,1.5498923063278198
1721,11,train/lr,6.515840935229536e-05
1722,11,train/loss,1.5096787214279175
1722,11,train/lr,6.51188462562554e-05
1723,11,train/loss,1.435347318649292
1723,11,train/lr,6.507927273905419e-05
1724,11,train/loss,1.5874472856521606
1724,11,train/lr,6.50396888279691e-05
1725,11,train/loss,1.5612579584121704
1725,11,train/lr,6.50000945502846e-05
1726,11,train/loss,1.5338616371154785
1726,11,train/lr,6.496048993329238e-05
1727,11,train/loss,1.4045183658599854
1727,11,train/lr,6.49208750042912e-05
1728,11,train/loss,1.542911410331726
1728,11,train/lr,6.488124979058697e-05
1729,11,train/loss,1.4104700088500977
1729,11,train/lr,6.484161431949267e-05
1730,11,train/loss,1.641754388809204
1730,11,train/lr,6.480196861832832e-05
1731,11,train/loss,1.5850598812103271
1731,11,train/lr,6.476231271442106e-05
1732,11,train/loss,1.6474435329437256
1732,11,train/lr,6.472264663510501e-05
1733,11,train/loss,1.5427931547164917
1733,11,train/lr,6.468297040772129e-05
1734,11,train/loss,1.6428866386413574
1734,11,train/lr,6.46432840596181e-05
1735,11,train/loss,1.7115803956985474
1735,11,train/lr,6.46035876181505e-05
1736,11,train/loss,1.6948392391204834
1736,11,train/lr,6.45638811106806e-05
1737,11,train/loss,1.7408965826034546
1737,11,train/lr,6.45241645645774e-05
1738,11,train/loss,1.7230011224746704
1738,11,train/lr,6.448443800721686e-05
1739,11,train/loss,1.5732027292251587
1739,11,train/lr,6.444470146598176e-05
1740,11,train/loss,1.788949966430664
1740,11,train/lr,6.440495496826189e-05
1741,11,train/loss,1.7236649990081787
1741,11,train/lr,6.436519854145377e-05
1742,11,train/loss,1.5102555751800537
1742,11,train/lr,6.432543221296082e-05
1743,11,train/loss,1.5378501415252686
1743,11,train/lr,6.428565601019334e-05
1744,11,train/loss,1.6673734188079834
1744,11,train/lr,6.424586996056834e-05
1745,11,train/loss,1.7451248168945312
1745,11,train/lr,6.420607409150968e-05
1746,11,train/loss,1.4440574645996094
1746,11,train/lr,6.416626843044794e-05
1747,11,train/loss,1.5973551273345947
1747,11,train/lr,6.412645300482052e-05
1748,11,train/loss,1.5203073024749756
1748,11,train/lr,6.408662784207149e-05
1749,11,train/loss,1.550252914428711
1749,11,train/lr,6.404679296965166e-05
1750,11,train/loss,1.6083322763442993
1750,11,train/lr,6.400694841501851e-05
1751,11,train/loss,1.3596997261047363
1751,11,train/lr,6.39670942056362e-05
1752,11,train/loss,1.676114797592163
1752,11,train/lr,6.392723036897559e-05
1753,11,train/loss,1.5761206150054932
1753,11,train/lr,6.38873569325141e-05
1754,11,train/loss,1.5459132194519043
1754,11,train/lr,6.384747392373583e-05
1755,11,train/loss,1.6963379383087158
1755,11,train/lr,6.380758137013145e-05
1756,11,train/loss,1.6657967567443848
1756,11,train/lr,6.376767929919819e-05
1757,11,train/loss,1.5891623497009277
1757,11,train/lr,6.372776773843989e-05
1758,11,train/loss,1.6514931917190552
1758,11,train/lr,6.368784671536689e-05
1759,11,train/loss,1.7109534740447998
1759,11,train/lr,6.364791625749606e-05
1760,11,train/loss,1.7222295999526978
1760,11,train/lr,6.36079763923508e-05
1761,11,train/loss,1.7254804372787476
1761,11,train/lr,6.356802714746097e-05
1762,11,train/loss,1.5616872310638428
1762,11,train/lr,6.352806855036287e-05
1763,11,train/loss,1.5861414670944214
1763,11,train/lr,6.348810062859931e-05
1764,11,train/loss,1.7951072454452515
1764,11,train/lr,6.344812340971949e-05
1765,11,train/loss,1.6601924896240234
1765,11,train/lr,6.340813692127899e-05
1766,11,train/loss,1.6271867752075195
1766,11,train/lr,6.336814119083983e-05
1767,11,train/loss,1.596160650253296
1767,11,train/lr,6.332813624597038e-05
1768,11,train/loss,1.658182144165039
1768,11,train/lr,6.328812211424539e-05
1769,11,train/loss,1.578554630279541
1769,11,train/lr,6.324809882324585e-05
1770,11,train/loss,1.4219586849212646
1770,11,train/lr,6.320806640055919e-05
1771,11,train/loss,1.489807367324829
1771,11,train/lr,6.316802487377904e-05
1772,11,train/loss,1.453697919845581
1772,11,train/lr,6.312797427050533e-05
1773,11,train/loss,1.5264029502868652
1773,11,train/lr,6.308791461834426e-05
1774,11,train/loss,1.5487682819366455
1774,11,train/lr,6.30478459449083e-05
1775,11,train/loss,1.4845805168151855
1775,11,train/lr,6.300776827781604e-05
1776,11,train/loss,1.5378316640853882
1776,11,train/lr,6.296768164469236e-05
1777,11,train/loss,1.5757348537445068
1777,11,train/lr,6.29275860731683e-05
1778,11,train/loss,1.4175076484680176
1778,11,train/lr,6.288748159088101e-05
1779,11,train/loss,1.5176670551300049
1779,11,train/lr,6.284736822547385e-05
1780,11,train/loss,1.602885127067566
1780,11,train/lr,6.280724600459626e-05
1781,11,train/loss,1.5734984874725342
1781,11,train/lr,6.276711495590382e-05
1782,11,train/loss,1.6693494319915771
1782,11,train/lr,6.272697510705815e-05
1783,11,train/loss,1.5900158882141113
1783,11,train/lr,6.268682648572697e-05
1784,11,train/loss,1.669588327407837
1784,11,train/lr,6.264666911958404e-05
1785,11,train/loss,1.6373372077941895
1785,11,train/lr,6.260650303630913e-05
1786,11,train/loss,1.5314139127731323
1786,11,train/lr,6.256632826358806e-05
1787,11,train/loss,1.513512372970581
1787,11,train/lr,6.252614482911256e-05
1788,11,train/loss,1.6112239360809326
1788,11,train/lr,6.248595276058041e-05
1789,11,train/loss,1.4565227031707764
1789,11,train/lr,6.244575208569533e-05
1790,11,train/loss,1.7250323295593262
1790,11,train/lr,6.240554283216694e-05
1791,11,train/loss,1.6200289726257324
1791,11,train/lr,6.236532502771078e-05
1792,11,train/loss,1.6079885959625244
1792,11,train/lr,6.232509870004831e-05
1793,11,train/loss,1.693786382675171
1793,11,train/lr,6.228486387690682e-05
1794,11,train/loss,1.627577304840088
1794,11,train/lr,6.224462058601953e-05
1795,11,train/loss,1.602908968925476
1795,11,train/lr,6.22043688551254e-05
1796,11,train/loss,1.5100059509277344
1796,11,train/lr,6.216410871196927e-05
1797,11,train/loss,1.5525702238082886
1797,11,train/lr,6.21238401843018e-05
1798,11,train/loss,1.4864425659179688
1798,11,train/lr,6.208356329987934e-05
1799,11,train/loss,1.4743080139160156
1799,11,train/lr,6.204327808646411e-05
1800,11,train/loss,1.3685572147369385
1800,11,train/lr,6.200298457182397e-05
1801,11,train/loss,1.5142450332641602
1801,11,train/lr,6.196268278373259e-05
1802,11,train/loss,1.623793363571167
1802,11,train/lr,6.192237274996924e-05
1803,11,train/loss,1.679523229598999
1803,11,train/lr,6.188205449831901e-05
1804,11,train/loss,1.4967379570007324
1804,11,train/lr,6.184172805657253e-05
1805,11,train/loss,1.56022047996521
1805,11,train/lr,6.180139345252615e-05
1806,11,train/loss,1.449573040008545
1806,11,train/lr,6.17610507139818e-05
1807,11,train/loss,1.675205945968628
1807,11,train/lr,6.172069986874702e-05
1808,11,train/loss,1.4809832572937012
1808,11,train/lr,6.168034094463501e-05
1809,11,train/loss,1.6366167068481445
1809,11,train/lr,6.163997396946443e-05
1810,11,train/loss,1.653708815574646
1810,11,train/lr,6.159959897105959e-05
1811,11,train/loss,1.7082960605621338
1811,11,train/lr,6.155921597725023e-05
1812,11,train/loss,1.5256083011627197
1812,11,train/lr,6.15188250158717e-05
1813,11,train/loss,1.5727498531341553
1813,11,train/lr,6.147842611476478e-05
1814,11,train/loss,1.5876095294952393
1814,11,train/lr,6.143801930177576e-05
1815,11,train/loss,1.5220608711242676
1815,11,train/lr,6.139760460475631e-05
1816,11,train/loss,1.619591474533081
1816,11,train/lr,6.135718205156363e-05
1817,11,train/loss,1.6896706819534302
1817,11,train/lr,6.13167516700603e-05
1818,11,train/loss,1.3715547323226929
1818,11,train/lr,6.127631348811424e-05
1819,11,train/loss,1.5307193994522095
1819,11,train/lr,6.123586753359884e-05
1820,11,train/loss,1.5323774814605713
1820,11,train/lr,6.119541383439278e-05
1821,11,train/loss,1.5424330234527588
1821,11,train/lr,6.115495241838012e-05
1822,11,train/loss,1.6059975624084473
1822,11,train/lr,6.11144833134502e-05
1823,11,train/loss,1.5811107158660889
1823,11,train/lr,6.107400654749768e-05
1824,11,train/loss,1.5556144714355469
1824,11,train/lr,6.103352214842252e-05
1825,11,train/loss,1.732656717300415
1825,11,train/lr,6.099303014412989e-05
1826,11,train/loss,1.6687114238739014
1826,11,train/lr,6.095253056253027e-05
1826,11,train/batches,331.0
1826,11,train/compute_pct,99.87534826229576
1826,11,train/compute_sec,38.94906728499927
1826,11,train/data_wait_pct,0.12465173770423842
1826,11,train/data_wait_sec,0.048611284000571686
1826,11,train/examples,5296.0
1826,11,train/examples_per_sec,135.80295531257372
1826,11,train/input_tokens,626026.0
1826,11,train/peak_vram_gb,4.895360946655273
1826,11,train/target_tokens,424720.0
1826,11,train/tokens_per_sec,26943.808928033533
1826,11,train/total_sec,38.997678568999845
1826,11,train/epoch_loss,1.5923945428381514
1826,11,epoch11/batches,331.0
1826,11,epoch11/compute_pct,99.87534826229576
1826,11,epoch11/compute_sec,38.94906728499927
1826,11,epoch11/data_wait_pct,0.12465173770423842
1826,11,epoch11/data_wait_sec,0.048611284000571686
1826,11,epoch11/examples,5296.0
1826,11,epoch11/examples_per_sec,135.80295531257372
1826,11,epoch11/input_tokens,626026.0
1826,11,epoch11/peak_vram_gb,4.895360946655273
1826,11,epoch11/target_tokens,424720.0
1826,11,epoch11/tokens_per_sec,26943.808928033533
1826,11,epoch11/total_sec,38.997678568999845
1826,11,val/bleu,13.334013236872742
1826,11,val/chrf,33.97341490067738
1826,11,val/combined,21.2838427918316
1826,11,val/eval_peak_vram_gb,4.895360946655273
1826,11,val/eval_samples_per_sec,10.971756135459044
1826,11,val/eval_seconds,54.412437957000066
1826,11,val/eval_tokens_per_sec,3409.8269985002757
1827,12,train/loss,1.641805648803711
1827,12,train/lr,6.091202343153929e-05
1828,12,train/loss,1.6155176162719727
1828,12,train/lr,6.0871508779077856e-05
1829,12,train/loss,1.558652400970459
1829,12,train/lr,6.0830986633071994e-05
1830,12,train/loss,1.767232060432434
1830,12,train/lr,6.079045702145294e-05
1831,12,train/loss,1.5707263946533203
1831,12,train/lr,6.074991997215705e-05
1832,12,train/loss,1.5423038005828857
1832,12,train/lr,6.0709375513125834e-05
1833,12,train/loss,1.5440521240234375
1833,12,train/lr,6.0668823672305867e-05
1834,12,train/loss,1.5185065269470215
1834,12,train/lr,6.062826447764883e-05
1835,12,train/loss,1.4100103378295898
1835,12,train/lr,6.0587697957111534e-05
1836,12,train/loss,1.8172938823699951
1836,12,train/lr,6.054712413865572e-05
1837,12,train/loss,1.571330189704895
1837,12,train/lr,6.050654305024826e-05
1838,12,train/loss,1.5487537384033203
1838,12,train/lr,6.046595471986102e-05
1839,12,train/loss,1.475882649421692
1839,12,train/lr,6.04253591754708e-05
1840,12,train/loss,1.5129318237304688
1840,12,train/lr,6.038475644505942e-05
1841,12,train/loss,1.535874843597412
1841,12,train/lr,6.034414655661366e-05
1842,12,train/loss,1.4442812204360962
1842,12,train/lr,6.030352953812522e-05
1843,12,train/loss,1.547925353050232
1843,12,train/lr,6.0262905417590674e-05
1844,12,train/loss,1.518890380859375
1844,12,train/lr,6.02222742230116e-05
1845,12,train/loss,1.5008419752120972
1845,12,train/lr,6.0181635982394324e-05
1846,12,train/loss,1.7171260118484497
1846,12,train/lr,6.014099072375011e-05
1847,12,train/loss,1.5400828123092651
1847,12,train/lr,6.0100338475095056e-05
1848,12,train/loss,1.5856785774230957
1848,12,train/lr,6.005967926445002e-05
1849,12,train/loss,1.5207780599594116
1849,12,train/lr,6.001901311984072e-05
1850,12,train/loss,1.6101043224334717
1850,12,train/lr,5.9978340069297647e-05
1851,12,train/loss,1.6198124885559082
1851,12,train/lr,5.9937660140856e-05
1852,12,train/loss,1.6336909532546997
1852,12,train/lr,5.9896973362555775e-05
1853,12,train/loss,1.799891471862793
1853,12,train/lr,5.985627976244169e-05
1854,12,train/loss,1.6615517139434814
1854,12,train/lr,5.98155793685631e-05
1855,12,train/loss,1.7554450035095215
1855,12,train/lr,5.9774872208974134e-05
1856,12,train/loss,1.645214557647705
1856,12,train/lr,5.97341583117335e-05
1857,12,train/loss,1.6454747915267944
1857,12,train/lr,5.969343770490462e-05
1858,12,train/loss,1.5413010120391846
1858,12,train/lr,5.965271041655548e-05
1859,12,train/loss,1.6289403438568115
1859,12,train/lr,5.9611976474758733e-05
1860,12,train/loss,1.5416181087493896
1860,12,train/lr,5.957123590759156e-05
1861,12,train/loss,1.5762025117874146
1861,12,train/lr,5.9530488743135746e-05
1862,12,train/loss,1.5782301425933838
1862,12,train/lr,5.948973500947762e-05
1863,12,train/loss,1.6449854373931885
1863,12,train/lr,5.9448974734708005e-05
1864,12,train/loss,1.6248273849487305
1864,12,train/lr,5.940820794692228e-05
1865,12,train/loss,1.6351306438446045
1865,12,train/lr,5.936743467422029e-05
1866,12,train/loss,1.4007577896118164
1866,12,train/lr,5.932665494470635e-05
1867,12,train/loss,1.4746289253234863
1867,12,train/lr,5.928586878648922e-05
1868,12,train/loss,1.4636969566345215
1868,12,train/lr,5.924507622768212e-05
1869,12,train/loss,1.7278494834899902
1869,12,train/lr,5.9204277296402634e-05
1870,12,train/loss,1.5133469104766846
1870,12,train/lr,5.916347202077278e-05
1871,12,train/loss,1.6765918731689453
1871,12,train/lr,5.9122660428918944e-05
1872,12,train/loss,1.6025114059448242
1872,12,train/lr,5.908184254897182e-05
1873,12,train/loss,1.5789973735809326
1873,12,train/lr,5.904101840906652e-05
1874,12,train/loss,1.6197891235351562
1874,12,train/lr,5.900018803734239e-05
1875,12,train/loss,1.6482858657836914
1875,12,train/lr,5.8959351461943115e-05
1876,12,train/loss,1.6756722927093506
1876,12,train/lr,5.891850871101663e-05
1877,12,train/loss,1.6248087882995605
1877,12,train/lr,5.887765981271518e-05
1878,12,train/loss,1.6775468587875366
1878,12,train/lr,5.883680479519516e-05
1879,12,train/loss,1.7703440189361572
1879,12,train/lr,5.879594368661727e-05
1880,12,train/loss,1.6415060758590698
1880,12,train/lr,5.8755076515146353e-05
1881,12,train/loss,1.6633297204971313
1881,12,train/lr,5.871420330895147e-05
1882,12,train/loss,1.5586721897125244
1882,12,train/lr,5.86733240962058e-05
1883,12,train/loss,1.6803361177444458
1883,12,train/lr,5.863243890508668e-05
1884,12,train/loss,1.4500367641448975
1884,12,train/lr,5.859154776377559e-05
1885,12,train/loss,1.5246843099594116
1885,12,train/lr,5.8550650700458055e-05
1886,12,train/loss,1.6075427532196045
1886,12,train/lr,5.850974774332376e-05
1887,12,train/loss,1.4901466369628906
1887,12,train/lr,5.846883892056641e-05
1888,12,train/loss,1.528261661529541
1888,12,train/lr,5.8427924260383724e-05
1889,12,train/loss,1.5019164085388184
1889,12,train/lr,5.83870037909775e-05
1890,12,train/loss,1.573129653930664
1890,12,train/lr,5.83460775405535e-05
1891,12,train/loss,1.552947998046875
1891,12,train/lr,5.830514553732149e-05
1892,12,train/loss,1.5413094758987427
1892,12,train/lr,5.826420780949521e-05
1893,12,train/loss,1.5075030326843262
1893,12,train/lr,5.822326438529232e-05
1894,12,train/loss,1.5410248041152954
1894,12,train/lr,5.8182315292934406e-05
1895,12,train/loss,1.4896494150161743
1895,12,train/lr,5.8141360560647004e-05
1896,12,train/loss,1.5600967407226562
1896,12,train/lr,5.81004002166595e-05
1897,12,train/loss,1.6002147197723389
1897,12,train/lr,5.805943428920515e-05
1898,12,train/loss,1.4930224418640137
1898,12,train/lr,5.8018462806521065e-05
1899,12,train/loss,1.5685539245605469
1899,12,train/lr,5.797748579684819e-05
1900,12,train/loss,1.6760575771331787
1900,12,train/lr,5.7936503288431264e-05
1901,12,train/loss,1.6622306108474731
1901,12,train/lr,5.7895515309518825e-05
1902,12,train/loss,1.5957671403884888
1902,12,train/lr,5.785452188836321e-05
1903,12,train/loss,1.6583342552185059
1903,12,train/lr,5.781352305322044e-05
1904,12,train/loss,1.5680899620056152
1904,12,train/lr,5.777251883235034e-05
1905,12,train/loss,1.5773500204086304
1905,12,train/lr,5.773150925401641e-05
1906,12,train/loss,1.6658990383148193
1906,12,train/lr,5.7690494346485843e-05
1907,12,train/loss,1.580570936203003
1907,12,train/lr,5.7649474138029514e-05
1908,12,train/loss,1.6072752475738525
1908,12,train/lr,5.760844865692195e-05
1909,12,train/loss,1.565370798110962
1909,12,train/lr,5.7567417931441305e-05
1910,12,train/loss,1.549640417098999
1910,12,train/lr,5.7526381989869346e-05
1911,12,train/loss,1.5974327325820923
1911,12,train/lr,5.7485340860491473e-05
1912,12,train/loss,1.484336256980896
1912,12,train/lr,5.74442945715966e-05
1913,12,train/loss,1.4569790363311768
1913,12,train/lr,5.740324315147725e-05
1914,12,train/loss,1.4971261024475098
1914,12,train/lr,5.736218662842945e-05
1915,12,train/loss,1.4325690269470215
1915,12,train/lr,5.732112503075276e-05
1916,12,train/loss,1.5220394134521484
1916,12,train/lr,5.7280058386750255e-05
1917,12,train/loss,1.7068519592285156
1917,12,train/lr,5.723898672472843e-05
1918,12,train/loss,1.5881052017211914
1918,12,train/lr,5.719791007299731e-05
1919,12,train/loss,1.6391626596450806
1919,12,train/lr,5.715682845987029e-05
1920,12,train/loss,1.686707615852356
1920,12,train/lr,5.7115741913664264e-05
1921,12,train/loss,1.5666626691818237
1921,12,train/lr,5.707465046269945e-05
1922,12,train/loss,1.5646746158599854
1922,12,train/lr,5.7033554135299496e-05
1923,12,train/loss,1.6081063747406006
1923,12,train/lr,5.69924529597914e-05
1924,12,train/loss,1.5515468120574951
1924,12,train/lr,5.6951346964505484e-05
1925,12,train/loss,1.6005265712738037
1925,12,train/lr,5.691023617777539e-05
1926,12,train/loss,1.6603318452835083
1926,12,train/lr,5.686912062793812e-05
1927,12,train/loss,1.6312059164047241
1927,12,train/lr,5.68280003433339e-05
1928,12,train/loss,1.629921317100525
1928,12,train/lr,5.67868753523062e-05
1929,12,train/loss,1.6736061573028564
1929,12,train/lr,5.674574568320183e-05
1930,12,train/loss,1.5564637184143066
1930,12,train/lr,5.670461136437071e-05
1931,12,train/loss,1.7744687795639038
1931,12,train/lr,5.666347242416607e-05
1932,12,train/loss,1.6141383647918701
1932,12,train/lr,5.662232889094423e-05
1933,12,train/loss,1.6097584962844849
1933,12,train/lr,5.6581180793064756e-05
1934,12,train/loss,1.4274067878723145
1934,12,train/lr,5.6540028158890303e-05
1935,12,train/loss,1.5978307723999023
1935,12,train/lr,5.6498871016786705e-05
1936,12,train/loss,1.458083152770996
1936,12,train/lr,5.6457709395122836e-05
1937,12,train/loss,1.5613772869110107
1937,12,train/lr,5.6416543322270695e-05
1938,12,train/loss,1.5455434322357178
1938,12,train/lr,5.63753728266054e-05
1939,12,train/loss,1.5181119441986084
1939,12,train/lr,5.6334197936505016e-05
1940,12,train/loss,1.5373142957687378
1940,12,train/lr,5.6293018680350714e-05
1941,12,train/loss,1.5310096740722656
1941,12,train/lr,5.6251835086526636e-05
1942,12,train/loss,1.493508219718933
1942,12,train/lr,5.621064718341994e-05
1943,12,train/loss,1.416884422302246
1943,12,train/lr,5.616945499942071e-05
1944,12,train/loss,1.5364916324615479
1944,12,train/lr,5.6128258562922065e-05
1945,12,train/loss,1.5694562196731567
1945,12,train/lr,5.608705790231995e-05
1946,12,train/loss,1.553279161453247
1946,12,train/lr,5.6045853046013286e-05
1947,12,train/loss,1.6181895732879639
1947,12,train/lr,5.6004644022403896e-05
1948,12,train/loss,1.6022777557373047
1948,12,train/lr,5.596343085989644e-05
1949,12,train/loss,1.569944143295288
1949,12,train/lr,5.592221358689843e-05
1950,12,train/loss,1.6447272300720215
1950,12,train/lr,5.588099223182024e-05
1951,12,train/loss,1.6535899639129639
1951,12,train/lr,5.5839766823075034e-05
1952,12,train/loss,1.5881966352462769
1952,12,train/lr,5.5798537389078776e-05
1953,12,train/loss,1.6773016452789307
1953,12,train/lr,5.575730395825023e-05
1954,12,train/loss,1.8905308246612549
1954,12,train/lr,5.571606655901088e-05
1955,12,train/loss,1.5282659530639648
1955,12,train/lr,5.567482521978493e-05
1956,12,train/loss,1.760772705078125
1956,12,train/lr,5.5633579968999374e-05
1957,12,train/loss,1.5762965679168701
1957,12,train/lr,5.5592330835083815e-05
1958,12,train/loss,1.6728193759918213
1958,12,train/lr,5.5551077846470613e-05
1959,12,train/loss,1.5429222583770752
1959,12,train/lr,5.550982103159469e-05
1960,12,train/loss,1.6818370819091797
1960,12,train/lr,5.546856041889373e-05
1961,12,train/loss,1.4150604009628296
1961,12,train/lr,5.54272960368079e-05
1962,12,train/loss,1.6559090614318848
1962,12,train/lr,5.538602791378007e-05
1963,12,train/loss,1.5817103385925293
1963,12,train/lr,5.534475607825566e-05
1964,12,train/loss,1.5419856309890747
1964,12,train/lr,5.530348055868257e-05
1965,12,train/loss,1.5550951957702637
1965,12,train/lr,5.526220138351138e-05
1966,12,train/loss,1.3938316106796265
1966,12,train/lr,5.522091858119509e-05
1967,12,train/loss,1.5984188318252563
1967,12,train/lr,5.517963218018922e-05
1968,12,train/loss,1.4931113719940186
1968,12,train/lr,5.513834220895179e-05
1969,12,train/loss,1.518345594406128
1969,12,train/lr,5.5097048695943265e-05
1970,12,train/loss,1.4714303016662598
1970,12,train/lr,5.505575166962654e-05
1971,12,train/loss,1.5715651512145996
1971,12,train/lr,5.5014451158466975e-05
1972,12,train/loss,1.514641523361206
1972,12,train/lr,5.49731471909323e-05
1973,12,train/loss,1.679778814315796
1973,12,train/lr,5.493183979549258e-05
1974,12,train/loss,1.536668062210083
1974,12,train/lr,5.489052900062036e-05
1975,12,train/loss,1.6190476417541504
1975,12,train/lr,5.484921483479043e-05
1976,12,train/loss,1.6350159645080566
1976,12,train/lr,5.480789732647993e-05
1977,12,train/loss,1.4672976732254028
1977,12,train/lr,5.476657650416832e-05
1978,12,train/loss,1.525745153427124
1978,12,train/lr,5.472525239633736e-05
1979,12,train/loss,1.490692138671875
1979,12,train/lr,5.468392503147098e-05
1980,12,train/loss,1.554123878479004
1980,12,train/lr,5.46425944380555e-05
1981,12,train/loss,1.5726139545440674
1981,12,train/lr,5.4601260644579346e-05
1982,12,train/loss,1.5772948265075684
1982,12,train/lr,5.4559923679533173e-05
1983,12,train/loss,1.5491504669189453
1983,12,train/lr,5.45185835714099e-05
1984,12,train/loss,1.4828979969024658
1984,12,train/lr,5.447724034870451e-05
1985,12,train/loss,1.4029721021652222
1985,12,train/lr,5.443589403991418e-05
1986,12,train/loss,1.5178155899047852
1986,12,train/lr,5.439454467353823e-05
1987,12,train/loss,1.482072114944458
1987,12,train/lr,5.435319227807807e-05
1988,12,train/loss,1.5017642974853516
1988,12,train/lr,5.431183688203716e-05
1989,12,train/loss,1.6916265487670898
1989,12,train/lr,5.427047851392111e-05
1990,12,train/loss,1.6093766689300537
1990,12,train/lr,5.42291172022375e-05
1991,12,train/loss,1.6130138635635376
1991,12,train/lr,5.4187752975495995e-05
1992,12,train/loss,1.672248363494873
1992,12,train/lr,5.414638586220824e-05
1992,12,train/batches,331.0
1992,12,train/compute_pct,99.86847795564668
1992,12,train/compute_sec,39.480611452999256
1992,12,train/data_wait_pct,0.1315220443533129
1992,12,train/data_wait_sec,0.05199409099759578
1992,12,train/examples,5296.0
1992,12,train/examples_per_sec,133.96536674280034
1992,12,train/input_tokens,625993.0
1992,12,train/peak_vram_gb,4.895360946655273
1992,12,train/target_tokens,424724.0
1992,12,train/tokens_per_sec,26578.49098336385
1992,12,train/total_sec,39.53260554399685
1992,12,train/epoch_loss,1.5769958074719523
1992,12,epoch12/batches,331.0
1992,12,epoch12/compute_pct,99.86847795564668
1992,12,epoch12/compute_sec,39.480611452999256
1992,12,epoch12/data_wait_pct,0.1315220443533129
1992,12,epoch12/data_wait_sec,0.05199409099759578
1992,12,epoch12/examples,5296.0
1992,12,epoch12/examples_per_sec,133.96536674280034
1992,12,epoch12/input_tokens,625993.0
1992,12,epoch12/peak_vram_gb,4.895360946655273
1992,12,epoch12/target_tokens,424724.0
1992,12,epoch12/tokens_per_sec,26578.49098336385
1992,12,epoch12/total_sec,39.53260554399685
1992,12,val/bleu,15.34772312210573
1992,12,val/chrf,35.653863564341975
1992,12,val/combined,23.392426685122995
1992,12,val/eval_peak_vram_gb,4.895360946655273
1992,12,val/eval_samples_per_sec,11.586371841257499
1992,12,val/eval_seconds,51.52605217400014
1992,12,val/eval_tokens_per_sec,3451.807241109508
1993,13,train/loss,1.5108901262283325
1993,13,train/lr,5.410501589088785e-05
1994,13,train/loss,1.5165740251541138
1994,13,train/lr,5.4063643090050484e-05
1995,13,train/loss,1.6527814865112305
1995,13,train/lr,5.4022267488213666e-05
1996,13,train/loss,1.529299020767212
1996,13,train/lr,5.3980889113896915e-05
1997,13,train/loss,1.693008542060852
1997,13,train/lr,5.393950799562161e-05
1998,13,train/loss,1.7462657690048218
1998,13,train/lr,5.3898124161911057e-05
1999,13,train/loss,1.6732665300369263
1999,13,train/lr,5.385673764129042e-05
2000,13,train/loss,1.519031047821045
2000,13,train/lr,5.381534846228673e-05
2001,13,train/loss,1.499508261680603
2001,13,train/lr,5.377395665342881e-05
2002,13,train/loss,1.5298049449920654
2002,13,train/lr,5.373256224324736e-05
2003,13,train/loss,1.64054274559021
2003,13,train/lr,5.36911652602748e-05
2004,13,train/loss,1.5449750423431396
2004,13,train/lr,5.364976573304538e-05
2005,13,train/loss,1.5045945644378662
2005,13,train/lr,5.3608363690095074e-05
2006,13,train/loss,1.4834181070327759
2006,13,train/lr,5.3566959159961615e-05
2007,13,train/loss,1.4163165092468262
2007,13,train/lr,5.3525552171184434e-05
2008,13,train/loss,1.4766507148742676
2008,13,train/lr,5.348414275230463e-05
2009,13,train/loss,1.4559953212738037
2009,13,train/lr,5.3442730931865036e-05
2010,13,train/loss,1.5491619110107422
2010,13,train/lr,5.34013167384101e-05
2011,13,train/loss,1.531179666519165
2011,13,train/lr,5.33599002004859e-05
2012,13,train/loss,1.4786279201507568
2012,13,train/lr,5.331848134664017e-05
2013,13,train/loss,1.583611011505127
2013,13,train/lr,5.327706020542219e-05
2014,13,train/loss,1.6621332168579102
2014,13,train/lr,5.323563680538286e-05
2015,13,train/loss,1.657861590385437
2015,13,train/lr,5.319421117507462e-05
2016,13,train/loss,1.6773960590362549
2016,13,train/lr,5.3152783343051424e-05
2017,13,train/loss,1.5928208827972412
2017,13,train/lr,5.3111353337868784e-05
2018,13,train/loss,1.6209580898284912
2018,13,train/lr,5.3069921188083695e-05
2019,13,train/loss,1.6658124923706055
2019,13,train/lr,5.302848692225461e-05
2020,13,train/loss,1.6889655590057373
2020,13,train/lr,5.2987050568941456e-05
2021,13,train/loss,1.6600887775421143
2021,13,train/lr,5.294561215670564e-05
2022,13,train/loss,1.5552973747253418
2022,13,train/lr,5.2904171714109884e-05
2023,13,train/loss,1.5108269453048706
2023,13,train/lr,5.2862729269718435e-05
2024,13,train/loss,1.744664192199707
2024,13,train/lr,5.2821284852096834e-05
2025,13,train/loss,1.545806884765625
2025,13,train/lr,5.2779838489812e-05
2026,13,train/loss,1.6664931774139404
2026,13,train/lr,5.273839021143218e-05
2027,13,train/loss,1.686732292175293
2027,13,train/lr,5.269694004552702e-05
2028,13,train/loss,1.5109117031097412
2028,13,train/lr,5.2655488020667365e-05
2029,13,train/loss,1.6777437925338745
2029,13,train/lr,5.261403416542537e-05
2030,13,train/loss,1.5812604427337646
2030,13,train/lr,5.2572578508374516e-05
2031,13,train/loss,1.3934299945831299
2031,13,train/lr,5.253112107808943e-05
2032,13,train/loss,1.4825035333633423
2032,13,train/lr,5.2489661903146034e-05
2033,13,train/loss,1.4209825992584229
2033,13,train/lr,5.244820101212142e-05
2034,13,train/loss,1.5920981168746948
2034,13,train/lr,5.2406738433593873e-05
2035,13,train/loss,1.6180782318115234
2035,13,train/lr,5.236527419614281e-05
2036,13,train/loss,1.4320896863937378
2036,13,train/lr,5.2323808328348857e-05
2037,13,train/loss,1.6138790845870972
2037,13,train/lr,5.22823408587937e-05
2038,13,train/loss,1.5955616235733032
2038,13,train/lr,5.224087181606014e-05
2039,13,train/loss,1.76522696018219
2039,13,train/lr,5.2199401228732136e-05
2040,13,train/loss,1.5199874639511108
2040,13,train/lr,5.215792912539458e-05
2041,13,train/loss,1.6513599157333374
2041,13,train/lr,5.211645553463353e-05
2042,13,train/loss,1.624592900276184
2042,13,train/lr,5.207498048503599e-05
2043,13,train/loss,1.6928459405899048
2043,13,train/lr,5.203350400519003e-05
2044,13,train/loss,1.5873857736587524
2044,13,train/lr,5.1992026123684636e-05
2045,13,train/loss,1.4675006866455078
2045,13,train/lr,5.1950546869109854e-05
2046,13,train/loss,1.5034825801849365
2046,13,train/lr,5.190906627005658e-05
2047,13,train/loss,1.7009527683258057
2047,13,train/lr,5.186758435511668e-05
2048,13,train/loss,1.3877098560333252
2048,13,train/lr,5.182610115288295e-05
2049,13,train/loss,1.3609412908554077
2049,13,train/lr,5.178461669194903e-05
2050,13,train/loss,1.5687484741210938
2050,13,train/lr,5.174313100090945e-05
2051,13,train/loss,1.542156457901001
2051,13,train/lr,5.170164410835959e-05
2052,13,train/loss,1.5627591609954834
2052,13,train/lr,5.1660156042895656e-05
2053,13,train/loss,1.4946372509002686
2053,13,train/lr,5.1618666833114645e-05
2054,13,train/loss,1.335519552230835
2054,13,train/lr,5.157717650761439e-05
2055,13,train/loss,1.6153604984283447
2055,13,train/lr,5.153568509499341e-05
2056,13,train/loss,1.4450652599334717
2056,13,train/lr,5.149419262385106e-05
2057,13,train/loss,1.5491139888763428
2057,13,train/lr,5.145269912278737e-05
2058,13,train/loss,1.310733437538147
2058,13,train/lr,5.141120462040312e-05
2059,13,train/loss,1.5295490026474
2059,13,train/lr,5.136970914529975e-05
2060,13,train/loss,1.4775352478027344
2060,13,train/lr,5.132821272607936e-05
2061,13,train/loss,1.4339243173599243
2061,13,train/lr,5.1286715391344745e-05
2062,13,train/loss,1.6726140975952148
2062,13,train/lr,5.124521716969928e-05
2063,13,train/loss,1.4822611808776855
2063,13,train/lr,5.1203718089747e-05
2064,13,train/loss,1.6595442295074463
2064,13,train/lr,5.1162218180092505e-05
2065,13,train/loss,1.565059781074524
2065,13,train/lr,5.112071746934095e-05
2066,13,train/loss,1.6276947259902954
2066,13,train/lr,5.1079215986098096e-05
2067,13,train/loss,1.6667211055755615
2067,13,train/lr,5.1037713758970174e-05
2068,13,train/loss,1.5366430282592773
2068,13,train/lr,5.099621081656397e-05
2069,13,train/loss,1.5845800638198853
2069,13,train/lr,5.095470718748675e-05
2070,13,train/loss,1.6529192924499512
2070,13,train/lr,5.091320290034625e-05
2071,13,train/loss,1.578092098236084
2071,13,train/lr,5.087169798375065e-05
2072,13,train/loss,1.6831691265106201
2072,13,train/lr,5.083019246630861e-05
2073,13,train/loss,1.4298571348190308
2073,13,train/lr,5.0788686376629147e-05
2074,13,train/loss,1.5336480140686035
2074,13,train/lr,5.0747179743321695e-05
2075,13,train/loss,1.595278263092041
2075,13,train/lr,5.070567259499608e-05
2076,13,train/loss,1.3615587949752808
2076,13,train/lr,5.066416496026245e-05
2077,13,train/loss,1.7026060819625854
2077,13,train/lr,5.0622656867731314e-05
2078,13,train/loss,1.544189691543579
2078,13,train/lr,5.058114834601346e-05
2079,13,train/loss,1.4822609424591064
2079,13,train/lr,5.0539639423720066e-05
2080,13,train/loss,1.4926064014434814
2080,13,train/lr,5.049813012946245e-05
2081,13,train/loss,1.5297801494598389
2081,13,train/lr,5.045662049185229e-05
2082,13,train/loss,1.457721471786499
2082,13,train/lr,5.041511053950147e-05
2083,13,train/loss,1.4849685430526733
2083,13,train/lr,5.037360030102208e-05
2084,13,train/loss,1.5239331722259521
2084,13,train/lr,5.033208980502642e-05
2085,13,train/loss,1.5414092540740967
2085,13,train/lr,5.0290579080126944e-05
2086,13,train/loss,1.6066100597381592
2086,13,train/lr,5.0249068154936304e-05
2087,13,train/loss,1.5841389894485474
2087,13,train/lr,5.0207557058067245e-05
2088,13,train/loss,1.4588980674743652
2088,13,train/lr,5.016604581813269e-05
2089,13,train/loss,1.5849010944366455
2089,13,train/lr,5.0124534463745576e-05
2090,13,train/loss,1.6382091045379639
2090,13,train/lr,5.008302302351901e-05
2091,13,train/loss,1.593238353729248
2091,13,train/lr,5.00415115260661e-05
2092,13,train/loss,1.73298978805542
2092,13,train/lr,5e-05
2093,13,train/loss,1.6473724842071533
2093,13,train/lr,4.99584884739339e-05
2094,13,train/loss,1.6086276769638062
2094,13,train/lr,4.9916976976481e-05
2095,13,train/loss,1.8252899646759033
2095,13,train/lr,4.9875465536254436e-05
2096,13,train/loss,1.8374128341674805
2096,13,train/lr,4.9833954181867323e-05
2097,13,train/loss,1.6197972297668457
2097,13,train/lr,4.979244294193275e-05
2098,13,train/loss,1.5817720890045166
2098,13,train/lr,4.975093184506372e-05
2099,13,train/loss,1.5488245487213135
2099,13,train/lr,4.970942091987307e-05
2100,13,train/loss,1.5395112037658691
2100,13,train/lr,4.9667910194973595e-05
2101,13,train/loss,1.4675891399383545
2101,13,train/lr,4.962639969897792e-05
2102,13,train/loss,1.4194518327713013
2102,13,train/lr,4.958488946049853e-05
2103,13,train/loss,1.5355215072631836
2103,13,train/lr,4.9543379508147716e-05
2104,13,train/loss,1.701575517654419
2104,13,train/lr,4.9501869870537545e-05
2105,13,train/loss,1.4289047718048096
2105,13,train/lr,4.946036057627996e-05
2106,13,train/loss,1.5214638710021973
2106,13,train/lr,4.941885165398655e-05
2107,13,train/loss,1.4968876838684082
2107,13,train/lr,4.9377343132268704e-05
2108,13,train/loss,1.4513452053070068
2108,13,train/lr,4.933583503973755e-05
2109,13,train/loss,1.4793046712875366
2109,13,train/lr,4.929432740500394e-05
2110,13,train/loss,1.560633897781372
2110,13,train/lr,4.925282025667832e-05
2111,13,train/loss,1.4869890213012695
2111,13,train/lr,4.921131362337086e-05
2112,13,train/loss,1.5211312770843506
2112,13,train/lr,4.91698075336914e-05
2113,13,train/loss,1.5403587818145752
2113,13,train/lr,4.912830201624936e-05
2114,13,train/loss,1.5788633823394775
2114,13,train/lr,4.9086797099653756e-05
2115,13,train/loss,1.6109412908554077
2115,13,train/lr,4.904529281251326e-05
2116,13,train/loss,1.6899542808532715
2116,13,train/lr,4.900378918343605e-05
2117,13,train/loss,1.7003309726715088
2117,13,train/lr,4.896228624102984e-05
2118,13,train/loss,1.573307991027832
2118,13,train/lr,4.892078401390192e-05
2119,13,train/loss,1.536515474319458
2119,13,train/lr,4.887928253065905e-05
2120,13,train/loss,1.698399305343628
2120,13,train/lr,4.883778181990751e-05
2121,13,train/loss,1.7522590160369873
2121,13,train/lr,4.8796281910253013e-05
2122,13,train/loss,1.6031477451324463
2122,13,train/lr,4.875478283030072e-05
2123,13,train/loss,1.7641470432281494
2123,13,train/lr,4.871328460865528e-05
2124,13,train/loss,1.5794289112091064
2124,13,train/lr,4.867178727392065e-05
2125,13,train/loss,1.498773217201233
2125,13,train/lr,4.863029085470026e-05
2126,13,train/loss,1.5876035690307617
2126,13,train/lr,4.858879537959687e-05
2127,13,train/loss,1.4914276599884033
2127,13,train/lr,4.854730087721263e-05
2128,13,train/loss,1.6114459037780762
2128,13,train/lr,4.850580737614895e-05
2129,13,train/loss,1.5429202318191528
2129,13,train/lr,4.8464314905006594e-05
2130,13,train/loss,1.544227123260498
2130,13,train/lr,4.8422823492385636e-05
2131,13,train/loss,1.509677767753601
2131,13,train/lr,4.8381333166885366e-05
2132,13,train/loss,1.4070035219192505
2132,13,train/lr,4.8339843957104355e-05
2133,13,train/loss,1.6226786375045776
2133,13,train/lr,4.8298355891640415e-05
2134,13,train/loss,1.5799293518066406
2134,13,train/lr,4.825686899909057e-05
2135,13,train/loss,1.5135725736618042
2135,13,train/lr,4.821538330805098e-05
2136,13,train/loss,1.464494228363037
2136,13,train/lr,4.817389884711705e-05
2137,13,train/loss,1.5984556674957275
2137,13,train/lr,4.8132415644883325e-05
2138,13,train/loss,1.637448787689209
2138,13,train/lr,4.8090933729943444e-05
2139,13,train/loss,1.5478646755218506
2139,13,train/lr,4.804945313089015e-05
2140,13,train/loss,1.5150716304779053
2140,13,train/lr,4.800797387631536e-05
2141,13,train/loss,1.6087594032287598
2141,13,train/lr,4.796649599481e-05
2142,13,train/loss,1.633861780166626
2142,13,train/lr,4.792501951496402e-05
2143,13,train/loss,1.6748316287994385
2143,13,train/lr,4.7883544465366485e-05
2144,13,train/loss,1.6731231212615967
2144,13,train/lr,4.784207087460542e-05
2145,13,train/loss,1.6077669858932495
2145,13,train/lr,4.780059877126789e-05
2146,13,train/loss,1.5332820415496826
2146,13,train/lr,4.7759128183939864e-05
2147,13,train/loss,1.6836178302764893
2147,13,train/lr,4.771765914120631e-05
2148,13,train/loss,1.6450070142745972
2148,13,train/lr,4.767619167165117e-05
2149,13,train/loss,1.4904723167419434
2149,13,train/lr,4.7634725803857206e-05
2150,13,train/loss,1.5397697687149048
2150,13,train/lr,4.7593261566406145e-05
2151,13,train/loss,1.4735217094421387
2151,13,train/lr,4.755179898787858e-05
2152,13,train/loss,1.5127265453338623
2152,13,train/lr,4.751033809685397e-05
2153,13,train/loss,1.4233015775680542
2153,13,train/lr,4.7468878921910574e-05
2154,13,train/loss,1.503180980682373
2154,13,train/lr,4.742742149162549e-05
2155,13,train/loss,1.6009206771850586
2155,13,train/lr,4.738596583457463e-05
2156,13,train/loss,1.4957571029663086
2156,13,train/lr,4.734451197933266e-05
2157,13,train/loss,1.5956931114196777
2157,13,train/lr,4.7303059954473e-05
2158,13,train/loss,1.6317994594573975
2158,13,train/lr,4.726160978856782e-05
2158,13,train/batches,331.0
2158,13,train/compute_pct,99.86541229191673
2158,13,train/compute_sec,38.46120703299698
2158,13,train/data_wait_pct,0.13458770808327872
2158,13,train/data_wait_sec,0.051833818995874026
2158,13,train/examples,5296.0
2158,13,train/examples_per_sec,137.5118630687392
2158,13,train/input_tokens,625993.0
2158,13,train/peak_vram_gb,4.895360946655273
2158,13,train/target_tokens,424709.0
2158,13,train/tokens_per_sec,27281.72008120287
2158,13,train/total_sec,38.513040851992855
2158,13,train/epoch_loss,1.5613560003096243
2158,13,epoch13/batches,331.0
2158,13,epoch13/compute_pct,99.86541229191673
2158,13,epoch13/compute_sec,38.46120703299698
2158,13,epoch13/data_wait_pct,0.13458770808327872
2158,13,epoch13/data_wait_sec,0.051833818995874026
2158,13,epoch13/examples,5296.0
2158,13,epoch13/examples_per_sec,137.5118630687392
2158,13,epoch13/input_tokens,625993.0
2158,13,epoch13/peak_vram_gb,4.895360946655273
2158,13,epoch13/target_tokens,424709.0
2158,13,epoch13/tokens_per_sec,27281.72008120287
2158,13,epoch13/total_sec,38.513040851992855
2158,13,val/bleu,15.484854788565396
2158,13,val/chrf,36.31341112887539
2158,13,val/combined,23.71303224406592
2158,13,val/eval_peak_vram_gb,4.895360946655273
2158,13,val/eval_samples_per_sec,12.427189014478458
2158,13,val/eval_seconds,48.03982616700023
2158,13,val/eval_tokens_per_sec,3437.897535804362
2159,14,train/loss,1.6715368032455444
2159,14,train/lr,4.7220161510188035e-05
2160,14,train/loss,1.7004749774932861
2160,14,train/lr,4.7178715147903185e-05
2161,14,train/loss,1.5278940200805664
2161,14,train/lr,4.7137270730281576e-05
2162,14,train/loss,1.5266716480255127
2162,14,train/lr,4.709582828589011e-05
2163,14,train/loss,1.5012702941894531
2163,14,train/lr,4.705438784329439e-05
2164,14,train/loss,1.6128463745117188
2164,14,train/lr,4.7012949431058556e-05
2165,14,train/loss,1.6050095558166504
2165,14,train/lr,4.6971513077745405e-05
2166,14,train/loss,1.4995405673980713
2166,14,train/lr,4.693007881191631e-05
2167,14,train/loss,1.5424273014068604
2167,14,train/lr,4.688864666213123e-05
2168,14,train/loss,1.4457950592041016
2168,14,train/lr,4.684721665694859e-05
2169,14,train/loss,1.4682037830352783
2169,14,train/lr,4.6805788824925386e-05
2170,14,train/loss,1.5273444652557373
2170,14,train/lr,4.676436319461715e-05
2171,14,train/loss,1.501458764076233
2171,14,train/lr,4.672293979457782e-05
2172,14,train/loss,1.5043116807937622
2172,14,train/lr,4.668151865335983e-05
2173,14,train/loss,1.3148534297943115
2173,14,train/lr,4.6640099799514106e-05
2174,14,train/loss,1.408867359161377
2174,14,train/lr,4.659868326158992e-05
2175,14,train/loss,1.4531760215759277
2175,14,train/lr,4.655726906813497e-05
2176,14,train/loss,1.5298984050750732
2176,14,train/lr,4.6515857247695373e-05
2177,14,train/loss,1.3772249221801758
2177,14,train/lr,4.647444782881559e-05
2178,14,train/loss,1.5901336669921875
2178,14,train/lr,4.643304084003839e-05
2179,14,train/loss,1.620645523071289
2179,14,train/lr,4.639163630990493e-05
2180,14,train/loss,1.6200237274169922
2180,14,train/lr,4.6350234266954626e-05
2181,14,train/loss,1.5087275505065918
2181,14,train/lr,4.6308834739725215e-05
2182,14,train/loss,1.5123718976974487
2182,14,train/lr,4.626743775675265e-05
2183,14,train/loss,1.6328990459442139
2183,14,train/lr,4.622604334657119e-05
2184,14,train/loss,1.518265724182129
2184,14,train/lr,4.618465153771327e-05
2185,14,train/loss,1.6082243919372559
2185,14,train/lr,4.614326235870958e-05
2186,14,train/loss,1.6481585502624512
2186,14,train/lr,4.6101875838088955e-05
2187,14,train/loss,1.5886735916137695
2187,14,train/lr,4.606049200437839e-05
2188,14,train/loss,1.598358154296875
2188,14,train/lr,4.60191108861031e-05
2189,14,train/loss,1.6091930866241455
2189,14,train/lr,4.597773251178634e-05
2190,14,train/loss,1.523058533668518
2190,14,train/lr,4.593635690994953e-05
2191,14,train/loss,1.5292710065841675
2191,14,train/lr,4.589498410911215e-05
2192,14,train/loss,1.768205165863037
2192,14,train/lr,4.585361413779179e-05
2193,14,train/loss,1.552465796470642
2193,14,train/lr,4.5812247024504016e-05
2194,14,train/loss,1.5386550426483154
2194,14,train/lr,4.577088279776251e-05
2195,14,train/loss,1.5187206268310547
2195,14,train/lr,4.572952148607892e-05
2196,14,train/loss,1.4718213081359863
2196,14,train/lr,4.568816311796285e-05
2197,14,train/loss,1.5070765018463135
2197,14,train/lr,4.564680772192195e-05
2198,14,train/loss,1.454878568649292
2198,14,train/lr,4.560545532646178e-05
2199,14,train/loss,1.6054352521896362
2199,14,train/lr,4.556410596008583e-05
2200,14,train/loss,1.5359101295471191
2200,14,train/lr,4.5522759651295504e-05
2201,14,train/loss,1.355796456336975
2201,14,train/lr,4.548141642859012e-05
2202,14,train/loss,1.4774683713912964
2202,14,train/lr,4.5440076320466825e-05
2203,14,train/loss,1.6640058755874634
2203,14,train/lr,4.5398739355420686e-05
2204,14,train/loss,1.5305495262145996
2204,14,train/lr,4.535740556194452e-05
2205,14,train/loss,1.6544296741485596
2205,14,train/lr,4.5316074968529016e-05
2206,14,train/loss,1.5663678646087646
2206,14,train/lr,4.527474760366267e-05
2207,14,train/loss,1.626363754272461
2207,14,train/lr,4.523342349583169e-05
2208,14,train/loss,1.6222234964370728
2208,14,train/lr,4.5192102673520074e-05
2209,14,train/loss,1.6231666803359985
2209,14,train/lr,4.515078516520959e-05
2210,14,train/loss,1.5931878089904785
2210,14,train/lr,4.510947099937967e-05
2211,14,train/loss,1.782702922821045
2211,14,train/lr,4.5068160204507425e-05
2212,14,train/loss,1.5856330394744873
2212,14,train/lr,4.502685280906772e-05
2213,14,train/loss,1.6568779945373535
2213,14,train/lr,4.4985548841533036e-05
2214,14,train/loss,1.6005175113677979
2214,14,train/lr,4.4944248330373465e-05
2215,14,train/loss,1.5100154876708984
2215,14,train/lr,4.490295130405674e-05
2216,14,train/loss,1.3765184879302979
2216,14,train/lr,4.486165779104822e-05
2217,14,train/loss,1.500199556350708
2217,14,train/lr,4.482036781981079e-05
2218,14,train/loss,1.5619256496429443
2218,14,train/lr,4.477908141880492e-05
2219,14,train/loss,1.470879316329956
2219,14,train/lr,4.473779861648862e-05
2220,14,train/loss,1.6098178625106812
2220,14,train/lr,4.469651944131743e-05
2221,14,train/loss,1.4444093704223633
2221,14,train/lr,4.4655243921744374e-05
2222,14,train/loss,1.6131325960159302
2222,14,train/lr,4.461397208621994e-05
2223,14,train/loss,1.5674824714660645
2223,14,train/lr,4.45727039631921e-05
2224,14,train/loss,1.5334930419921875
2224,14,train/lr,4.4531439581106295e-05
2225,14,train/loss,1.4337830543518066
2225,14,train/lr,4.449017896840532e-05
2226,14,train/loss,1.4477728605270386
2226,14,train/lr,4.4448922153529405e-05
2227,14,train/loss,1.4373829364776611
2227,14,train/lr,4.440766916491618e-05
2228,14,train/loss,1.4002292156219482
2228,14,train/lr,4.4366420031000644e-05
2229,14,train/loss,1.5225340127944946
2229,14,train/lr,4.432517478021508e-05
2230,14,train/loss,1.6590251922607422
2230,14,train/lr,4.428393344098913e-05
2231,14,train/loss,1.5470664501190186
2231,14,train/lr,4.424269604174978e-05
2232,14,train/loss,1.6325409412384033
2232,14,train/lr,4.4201462610921235e-05
2233,14,train/loss,1.5681846141815186
2233,14,train/lr,4.416023317692498e-05
2234,14,train/loss,1.6438815593719482
2234,14,train/lr,4.411900776817978e-05
2235,14,train/loss,1.529806137084961
2235,14,train/lr,4.4077786413101595e-05
2236,14,train/loss,1.657196283340454
2236,14,train/lr,4.403656914010358e-05
2237,14,train/loss,1.4734065532684326
2237,14,train/lr,4.3995355977596116e-05
2238,14,train/loss,1.5575090646743774
2238,14,train/lr,4.3954146953986706e-05
2239,14,train/loss,1.5263593196868896
2239,14,train/lr,4.391294209768007e-05
2240,14,train/loss,1.5188579559326172
2240,14,train/lr,4.3871741437077946e-05
2241,14,train/loss,1.5342484712600708
2241,14,train/lr,4.3830545000579285e-05
2242,14,train/loss,1.5143086910247803
2242,14,train/lr,4.378935281658009e-05
2243,14,train/loss,1.4382084608078003
2243,14,train/lr,4.374816491347337e-05
2244,14,train/loss,1.42423415184021
2244,14,train/lr,4.37069813196493e-05
2245,14,train/loss,1.653054118156433
2245,14,train/lr,4.366580206349498e-05
2246,14,train/loss,1.5173211097717285
2246,14,train/lr,4.362462717339461e-05
2247,14,train/loss,1.502842664718628
2247,14,train/lr,4.358345667772931e-05
2248,14,train/loss,1.540794849395752
2248,14,train/lr,4.3542290604877176e-05
2249,14,train/loss,1.3932056427001953
2249,14,train/lr,4.350112898321331e-05
2250,14,train/loss,1.468353033065796
2250,14,train/lr,4.345997184110971e-05
2251,14,train/loss,1.4484363794326782
2251,14,train/lr,4.341881920693525e-05
2252,14,train/loss,1.5004844665527344
2252,14,train/lr,4.337767110905578e-05
2253,14,train/loss,1.7065719366073608
2253,14,train/lr,4.333652757583396e-05
2254,14,train/loss,1.6344656944274902
2254,14,train/lr,4.32953886356293e-05
2255,14,train/loss,1.52749502658844
2255,14,train/lr,4.325425431679818e-05
2256,14,train/loss,1.5978362560272217
2256,14,train/lr,4.32131246476938e-05
2257,14,train/loss,1.6344223022460938
2257,14,train/lr,4.317199965666613e-05
2258,14,train/loss,1.6342891454696655
2258,14,train/lr,4.3130879372061885e-05
2259,14,train/loss,1.5661778450012207
2259,14,train/lr,4.3089763822224613e-05
2260,14,train/loss,1.5725805759429932
2260,14,train/lr,4.304865303549455e-05
2261,14,train/loss,1.5628647804260254
2261,14,train/lr,4.300754704020861e-05
2262,14,train/loss,1.6427825689315796
2262,14,train/lr,4.296644586470051e-05
2263,14,train/loss,1.6899828910827637
2263,14,train/lr,4.292534953730055e-05
2264,14,train/loss,1.6171510219573975
2264,14,train/lr,4.288425808633575e-05
2265,14,train/loss,1.5045037269592285
2265,14,train/lr,4.2843171540129726e-05
2266,14,train/loss,1.5571775436401367
2266,14,train/lr,4.28020899270027e-05
2267,14,train/loss,1.5642293691635132
2267,14,train/lr,4.2761013275271574e-05
2268,14,train/loss,1.4407309293746948
2268,14,train/lr,4.271994161324977e-05
2269,14,train/loss,1.5597279071807861
2269,14,train/lr,4.267887496924724e-05
2270,14,train/loss,1.3857815265655518
2270,14,train/lr,4.263781337157055e-05
2271,14,train/loss,1.457249402999878
2271,14,train/lr,4.259675684852276e-05
2272,14,train/loss,1.5102369785308838
2272,14,train/lr,4.255570542840342e-05
2273,14,train/loss,1.4291603565216064
2273,14,train/lr,4.251465913950853e-05
2274,14,train/loss,1.5198118686676025
2274,14,train/lr,4.247361801013066e-05
2275,14,train/loss,1.5662689208984375
2275,14,train/lr,4.243258206855872e-05
2276,14,train/loss,1.4213507175445557
2276,14,train/lr,4.239155134307806e-05
2277,14,train/loss,1.5545949935913086
2277,14,train/lr,4.235052586197049e-05
2278,14,train/loss,1.4955719709396362
2278,14,train/lr,4.2309505653514175e-05
2279,14,train/loss,1.6153367757797241
2279,14,train/lr,4.22684907459836e-05
2280,14,train/loss,1.6453155279159546
2280,14,train/lr,4.222748116764967e-05
2281,14,train/loss,1.5316615104675293
2281,14,train/lr,4.218647694677956e-05
2282,14,train/loss,1.4768681526184082
2282,14,train/lr,4.214547811163681e-05
2283,14,train/loss,1.721832036972046
2283,14,train/lr,4.2104484690481193e-05
2284,14,train/loss,1.701484203338623
2284,14,train/lr,4.2063496711568754e-05
2285,14,train/loss,1.428530216217041
2285,14,train/lr,4.202251420315181e-05
2286,14,train/loss,1.692150592803955
2286,14,train/lr,4.1981537193478946e-05
2287,14,train/loss,1.5236786603927612
2287,14,train/lr,4.194056571079486e-05
2288,14,train/loss,1.538668155670166
2288,14,train/lr,4.18995997833405e-05
2289,14,train/loss,1.5432178974151611
2289,14,train/lr,4.1858639439353e-05
2290,14,train/loss,1.4094901084899902
2290,14,train/lr,4.1817684707065605e-05
2291,14,train/loss,1.5041617155075073
2291,14,train/lr,4.177673561470769e-05
2292,14,train/loss,1.5362730026245117
2292,14,train/lr,4.17357921905048e-05
2293,14,train/loss,1.4991490840911865
2293,14,train/lr,4.169485446267852e-05
2294,14,train/loss,1.5961782932281494
2294,14,train/lr,4.165392245944651e-05
2295,14,train/loss,1.4267233610153198
2295,14,train/lr,4.1612996209022515e-05
2296,14,train/loss,1.49708890914917
2296,14,train/lr,4.1572075739616274e-05
2297,14,train/loss,1.4021782875061035
2297,14,train/lr,4.1531161079433604e-05
2298,14,train/loss,1.450150966644287
2298,14,train/lr,4.1490252256676245e-05
2299,14,train/loss,1.401738166809082
2299,14,train/lr,4.144934929954194e-05
2300,14,train/loss,1.4516406059265137
2300,14,train/lr,4.1408452236224435e-05
2301,14,train/loss,1.4279882907867432
2301,14,train/lr,4.1367561094913335e-05
2302,14,train/loss,1.5560414791107178
2302,14,train/lr,4.1326675903794214e-05
2303,14,train/loss,1.4521191120147705
2303,14,train/lr,4.1285796691048536e-05
2304,14,train/loss,1.5967458486557007
2304,14,train/lr,4.124492348485365e-05
2305,14,train/loss,1.6104273796081543
2305,14,train/lr,4.120405631338274e-05
2306,14,train/loss,1.5563607215881348
2306,14,train/lr,4.116319520480485e-05
2307,14,train/loss,1.6545120477676392
2307,14,train/lr,4.1122340187284846e-05
2308,14,train/loss,1.6680912971496582
2308,14,train/lr,4.108149128898339e-05
2309,14,train/loss,1.6107594966888428
2309,14,train/lr,4.10406485380569e-05
2310,14,train/loss,1.5735394954681396
2310,14,train/lr,4.0999811962657624e-05
2311,14,train/loss,1.647302508354187
2311,14,train/lr,4.0958981590933505e-05
2312,14,train/loss,1.6854742765426636
2312,14,train/lr,4.0918157451028185e-05
2313,14,train/loss,1.6446317434310913
2313,14,train/lr,4.0877339571081074e-05
2314,14,train/loss,1.5143202543258667
2314,14,train/lr,4.083652797922722e-05
2315,14,train/loss,1.5112123489379883
2315,14,train/lr,4.079572270359738e-05
2316,14,train/loss,1.4923899173736572
2316,14,train/lr,4.075492377231789e-05
2317,14,train/loss,1.5474092960357666
2317,14,train/lr,4.0714131213510784e-05
2318,14,train/loss,1.4211045503616333
2318,14,train/lr,4.067334505529367e-05
2319,14,train/loss,1.5852036476135254
2319,14,train/lr,4.063256532577972e-05
2320,14,train/loss,1.5468204021453857
2320,14,train/lr,4.0591792053077725e-05
2321,14,train/loss,1.575981855392456
2321,14,train/lr,4.0551025265292e-05
2322,14,train/loss,1.5484580993652344
2322,14,train/lr,4.05102649905224e-05
2323,14,train/loss,1.6092029809951782
2323,14,train/lr,4.0469511256864265e-05
2324,14,train/loss,1.6429438591003418
2324,14,train/lr,4.0428764092408445e-05
2324,14,train/batches,331.0
2324,14,train/compute_pct,99.87405663079942
2324,14,train/compute_sec,39.68497563299752
2324,14,train/data_wait_pct,0.12594336920058857
2324,14,train/data_wait_sec,0.05004362200224932
2324,14,train/examples,5296.0
2324,14,train/examples_per_sec,133.28293528720553
2324,14,train/input_tokens,626093.0
2324,14,train/peak_vram_gb,4.895360946655273
2324,14,train/target_tokens,424438.0
2324,14,train/tokens_per_sec,26438.416784403948
2324,14,train/total_sec,39.73501925499977
2324,14,train/epoch_loss,1.5484771440396496
2324,14,epoch14/batches,331.0
2324,14,epoch14/compute_pct,99.87405663079942
2324,14,epoch14/compute_sec,39.68497563299752
2324,14,epoch14/data_wait_pct,0.12594336920058857
2324,14,epoch14/data_wait_sec,0.05004362200224932
2324,14,epoch14/examples,5296.0
2324,14,epoch14/examples_per_sec,133.28293528720553
2324,14,epoch14/input_tokens,626093.0
2324,14,epoch14/peak_vram_gb,4.895360946655273
2324,14,epoch14/target_tokens,424438.0
2324,14,epoch14/tokens_per_sec,26438.416784403948
2324,14,epoch14/total_sec,39.73501925499977
2324,14,val/bleu,15.377735655004297
2324,14,val/chrf,36.82628755783068
2324,14,val/combined,23.797161915226233
2324,14,val/eval_peak_vram_gb,4.895360946655273
2324,14,val/eval_samples_per_sec,11.18167363886174
2324,14,val/eval_seconds,53.39093406600023
2324,14,val/eval_tokens_per_sec,3414.531009602495
2325,15,train/loss,1.5974922180175781
2325,15,train/lr,4.0388023525241285e-05
2326,15,train/loss,1.7341822385787964
2326,15,train/lr,4.034728958344453e-05
2327,15,train/loss,1.5167139768600464
2327,15,train/lr,4.030656229509539e-05
2328,15,train/loss,1.4034279584884644
2328,15,train/lr,4.0265841688266496e-05
2329,15,train/loss,1.561350703239441
2329,15,train/lr,4.02251277910259e-05
2330,15,train/loss,1.5955204963684082
2330,15,train/lr,4.018442063143691e-05
2331,15,train/loss,1.6195275783538818
2331,15,train/lr,4.0143720237558326e-05
2332,15,train/loss,1.3957322835922241
2332,15,train/lr,4.010302663744422e-05
2333,15,train/loss,1.5769487619400024
2333,15,train/lr,4.006233985914402e-05
2334,15,train/loss,1.5889848470687866
2334,15,train/lr,4.002165993070237e-05
2335,15,train/loss,1.388759970664978
2335,15,train/lr,3.9980986880159285e-05
2336,15,train/loss,1.6076695919036865
2336,15,train/lr,3.9940320735550004e-05
2337,15,train/loss,1.424473524093628
2337,15,train/lr,3.989966152490496e-05
2338,15,train/loss,1.5288517475128174
2338,15,train/lr,3.98590092762499e-05
2339,15,train/loss,1.4804972410202026
2339,15,train/lr,3.981836401760568e-05
2340,15,train/loss,1.4625427722930908
2340,15,train/lr,3.9777725776988424e-05
2341,15,train/loss,1.4939815998077393
2341,15,train/lr,3.973709458240934e-05
2342,15,train/loss,1.6234931945800781
2342,15,train/lr,3.96964704618748e-05
2343,15,train/loss,1.3896433115005493
2343,15,train/lr,3.965585344338636e-05
2344,15,train/loss,1.5914320945739746
2344,15,train/lr,3.961524355494059e-05
2345,15,train/loss,1.718589186668396
2345,15,train/lr,3.957464082452922e-05
2346,15,train/loss,1.558764934539795
2346,15,train/lr,3.9534045280138984e-05
2347,15,train/loss,1.6104192733764648
2347,15,train/lr,3.949345694975174e-05
2348,15,train/loss,1.622624397277832
2348,15,train/lr,3.945287586134429e-05
2349,15,train/loss,1.619139313697815
2349,15,train/lr,3.941230204288848e-05
2350,15,train/loss,1.5865378379821777
2350,15,train/lr,3.937173552235117e-05
2351,15,train/loss,1.5918142795562744
2351,15,train/lr,3.9331176327694165e-05
2352,15,train/loss,1.6443700790405273
2352,15,train/lr,3.9290624486874184e-05
2353,15,train/loss,1.4924571514129639
2353,15,train/lr,3.925008002784296e-05
2354,15,train/loss,1.6478707790374756
2354,15,train/lr,3.9209542978547084e-05
2355,15,train/loss,1.4931474924087524
2355,15,train/lr,3.916901336692802e-05
2356,15,train/loss,1.5981228351593018
2356,15,train/lr,3.9128491220922156e-05
2357,15,train/loss,1.591531753540039
2357,15,train/lr,3.908797656846071e-05
2358,15,train/loss,1.5100111961364746
2358,15,train/lr,3.904746943746975e-05
2359,15,train/loss,1.5405291318893433
2359,15,train/lr,3.900696985587011e-05
2360,15,train/loss,1.5677971839904785
2360,15,train/lr,3.896647785157749e-05
2361,15,train/loss,1.539823293685913
2361,15,train/lr,3.892599345250234e-05
2362,15,train/loss,1.6413553953170776
2362,15,train/lr,3.888551668654982e-05
2363,15,train/loss,1.5582709312438965
2363,15,train/lr,3.8845047581619896e-05
2364,15,train/loss,1.3760714530944824
2364,15,train/lr,3.880458616560721e-05
2365,15,train/loss,1.4653223752975464
2365,15,train/lr,3.8764132466401174e-05
2366,15,train/loss,1.6651828289031982
2366,15,train/lr,3.872368651188578e-05
2367,15,train/loss,1.4490282535552979
2367,15,train/lr,3.8683248329939716e-05
2368,15,train/loss,1.4879395961761475
2368,15,train/lr,3.864281794843637e-05
2369,15,train/loss,1.4987101554870605
2369,15,train/lr,3.860239539524371e-05
2370,15,train/loss,1.518925666809082
2370,15,train/lr,3.856198069822427e-05
2371,15,train/loss,1.542967438697815
2371,15,train/lr,3.8521573885235224e-05
2372,15,train/loss,1.5604029893875122
2372,15,train/lr,3.8481174984128315e-05
2373,15,train/loss,1.580317735671997
2373,15,train/lr,3.8440784022749776e-05
2374,15,train/loss,1.573570966720581
2374,15,train/lr,3.840040102894043e-05
2375,15,train/loss,1.584825038909912
2375,15,train/lr,3.8360026030535575e-05
2376,15,train/loss,1.5030066967010498
2376,15,train/lr,3.8319659055365014e-05
2377,15,train/loss,1.6097089052200317
2377,15,train/lr,3.8279300131252984e-05
2378,15,train/loss,1.6375651359558105
2378,15,train/lr,3.823894928601822e-05
2379,15,train/loss,1.6728020906448364
2379,15,train/lr,3.819860654747386e-05
2380,15,train/loss,1.537908911705017
2380,15,train/lr,3.8158271943427476e-05
2381,15,train/loss,1.3937578201293945
2381,15,train/lr,3.8117945501681e-05
2382,15,train/loss,1.5863450765609741
2382,15,train/lr,3.8077627250030746e-05
2383,15,train/loss,1.554231882095337
2383,15,train/lr,3.8037317216267436e-05
2384,15,train/loss,1.4806005954742432
2384,15,train/lr,3.799701542817604e-05
2385,15,train/loss,1.4259040355682373
2385,15,train/lr,3.79567219135359e-05
2386,15,train/loss,1.3831334114074707
2386,15,train/lr,3.791643670012066e-05
2387,15,train/loss,1.5163123607635498
2387,15,train/lr,3.787615981569823e-05
2388,15,train/loss,1.4242898225784302
2388,15,train/lr,3.783589128803073e-05
2389,15,train/loss,1.3963758945465088
2389,15,train/lr,3.7795631144874604e-05
2390,15,train/loss,1.5414561033248901
2390,15,train/lr,3.775537941398049e-05
2391,15,train/loss,1.4075429439544678
2391,15,train/lr,3.7715136123093185e-05
2392,15,train/loss,1.4314846992492676
2392,15,train/lr,3.7674901299951704e-05
2393,15,train/loss,1.386196255683899
2393,15,train/lr,3.763467497228922e-05
2394,15,train/loss,1.376512050628662
2394,15,train/lr,3.759445716783308e-05
2395,15,train/loss,1.3707964420318604
2395,15,train/lr,3.755424791430468e-05
2396,15,train/loss,1.525481939315796
2396,15,train/lr,3.75140472394196e-05
2397,15,train/loss,1.6298468112945557
2397,15,train/lr,3.747385517088745e-05
2398,15,train/loss,1.6362965106964111
2398,15,train/lr,3.743367173641197e-05
2399,15,train/loss,1.626968502998352
2399,15,train/lr,3.7393496963690874e-05
2400,15,train/loss,1.5828042030334473
2400,15,train/lr,3.735333088041596e-05
2401,15,train/loss,1.636385440826416
2401,15,train/lr,3.731317351427304e-05
2402,15,train/loss,1.5177650451660156
2402,15,train/lr,3.727302489294186e-05
2403,15,train/loss,1.5317161083221436
2403,15,train/lr,3.723288504409619e-05
2404,15,train/loss,1.6338837146759033
2404,15,train/lr,3.719275399540373e-05
2405,15,train/loss,1.3887172937393188
2405,15,train/lr,3.715263177452616e-05
2406,15,train/loss,1.6065162420272827
2406,15,train/lr,3.7112518409119004e-05
2407,15,train/loss,1.4321801662445068
2407,15,train/lr,3.7072413926831714e-05
2408,15,train/loss,1.457360863685608
2408,15,train/lr,3.703231835530765e-05
2409,15,train/loss,1.4522329568862915
2409,15,train/lr,3.699223172218397e-05
2410,15,train/loss,1.464740514755249
2410,15,train/lr,3.695215405509172e-05
2411,15,train/loss,1.5752805471420288
2411,15,train/lr,3.6912085381655734e-05
2412,15,train/loss,1.4221322536468506
2412,15,train/lr,3.6872025729494695e-05
2413,15,train/loss,1.5628395080566406
2413,15,train/lr,3.683197512622099e-05
2414,15,train/loss,1.3370778560638428
2414,15,train/lr,3.679193359944083e-05
2415,15,train/loss,1.514474630355835
2415,15,train/lr,3.675190117675415e-05
2416,15,train/loss,1.5326738357543945
2416,15,train/lr,3.671187788575464e-05
2417,15,train/loss,1.5269320011138916
2417,15,train/lr,3.667186375402963e-05
2418,15,train/loss,1.5378751754760742
2418,15,train/lr,3.6631858809160175e-05
2419,15,train/loss,1.5190682411193848
2419,15,train/lr,3.6591863078721036e-05
2420,15,train/loss,1.541727900505066
2420,15,train/lr,3.655187659028053e-05
2421,15,train/loss,1.5608420372009277
2421,15,train/lr,3.65118993714007e-05
2422,15,train/loss,1.6197184324264526
2422,15,train/lr,3.6471931449637124e-05
2423,15,train/loss,1.6216182708740234
2423,15,train/lr,3.643197285253905e-05
2424,15,train/loss,1.6769194602966309
2424,15,train/lr,3.6392023607649215e-05
2425,15,train/loss,1.7205971479415894
2425,15,train/lr,3.635208374250394e-05
2426,15,train/loss,1.7467156648635864
2426,15,train/lr,3.6312153284633136e-05
2427,15,train/loss,1.7770488262176514
2427,15,train/lr,3.627223226156014e-05
2428,15,train/loss,1.5441112518310547
2428,15,train/lr,3.6232320700801826e-05
2429,15,train/loss,1.6973079442977905
2429,15,train/lr,3.619241862986857e-05
2430,15,train/loss,1.748633623123169
2430,15,train/lr,3.615252607626419e-05
2431,15,train/loss,1.5017790794372559
2431,15,train/lr,3.611264306748591e-05
2432,15,train/loss,1.4073059558868408
2432,15,train/lr,3.6072769631024414e-05
2433,15,train/loss,1.4142708778381348
2433,15,train/lr,3.60329057943638e-05
2434,15,train/loss,1.6382081508636475
2434,15,train/lr,3.599305158498151e-05
2435,15,train/loss,1.4991309642791748
2435,15,train/lr,3.5953207030348356e-05
2436,15,train/loss,1.3908073902130127
2436,15,train/lr,3.591337215792852e-05
2437,15,train/loss,1.4474444389343262
2437,15,train/lr,3.58735469951795e-05
2438,15,train/loss,1.4364352226257324
2438,15,train/lr,3.583373156955206e-05
2439,15,train/loss,1.4961297512054443
2439,15,train/lr,3.579392590849034e-05
2440,15,train/loss,1.407214641571045
2440,15,train/lr,3.5754130039431666e-05
2441,15,train/loss,1.4852464199066162
2441,15,train/lr,3.5714343989806675e-05
2442,15,train/loss,1.4946529865264893
2442,15,train/lr,3.5674567787039184e-05
2443,15,train/loss,1.5152058601379395
2443,15,train/lr,3.563480145854624e-05
2444,15,train/loss,1.5604554414749146
2444,15,train/lr,3.5595045031738125e-05
2445,15,train/loss,1.5242959260940552
2445,15,train/lr,3.555529853401825e-05
2446,15,train/loss,1.5848249197006226
2446,15,train/lr,3.5515561992783156e-05
2447,15,train/loss,1.4546977281570435
2447,15,train/lr,3.547583543542259e-05
2448,15,train/loss,1.5877854824066162
2448,15,train/lr,3.5436118889319414e-05
2449,15,train/loss,1.6703517436981201
2449,15,train/lr,3.539641238184951e-05
2450,15,train/loss,1.6432979106903076
2450,15,train/lr,3.5356715940381915e-05
2451,15,train/loss,1.5368847846984863
2451,15,train/lr,3.531702959227871e-05
2452,15,train/loss,1.5387438535690308
2452,15,train/lr,3.527735336489502e-05
2453,15,train/loss,1.6159374713897705
2453,15,train/lr,3.523768728557895e-05
2454,15,train/loss,1.6749815940856934
2454,15,train/lr,3.519803138167168e-05
2455,15,train/loss,1.5279383659362793
2455,15,train/lr,3.515838568050736e-05
2456,15,train/loss,1.545382022857666
2456,15,train/lr,3.511875020941304e-05
2457,15,train/loss,1.4288690090179443
2457,15,train/lr,3.507912499570881e-05
2458,15,train/loss,1.5449944734573364
2458,15,train/lr,3.503951006670763e-05
2459,15,train/loss,1.5608627796173096
2459,15,train/lr,3.4999905449715417e-05
2460,15,train/loss,1.6495600938796997
2460,15,train/lr,3.496031117203092e-05
2461,15,train/loss,1.5060584545135498
2461,15,train/lr,3.4920727260945806e-05
2462,15,train/loss,1.5869314670562744
2462,15,train/lr,3.4881153743744596e-05
2463,15,train/loss,1.446226716041565
2463,15,train/lr,3.484159064770464e-05
2464,15,train/loss,1.435605525970459
2464,15,train/lr,3.480203800009609e-05
2465,15,train/loss,1.3962441682815552
2465,15,train/lr,3.4762495828181895e-05
2466,15,train/loss,1.4694825410842896
2466,15,train/lr,3.472296415921783e-05
2467,15,train/loss,1.6195844411849976
2467,15,train/lr,3.468344302045236e-05
2468,15,train/loss,1.5033313035964966
2468,15,train/lr,3.464393243912674e-05
2469,15,train/loss,1.5269666910171509
2469,15,train/lr,3.4604432442474946e-05
2470,15,train/loss,1.4705660343170166
2470,15,train/lr,3.4564943057723645e-05
2471,15,train/loss,1.465580701828003
2471,15,train/lr,3.452546431209217e-05
2472,15,train/loss,1.6008906364440918
2472,15,train/lr,3.448599623279257e-05
2473,15,train/loss,1.6331132650375366
2473,15,train/lr,3.444653884702952e-05
2474,15,train/loss,1.6551200151443481
2474,15,train/lr,3.440709218200028e-05
2475,15,train/loss,1.6528609991073608
2475,15,train/lr,3.4367656264894795e-05
2476,15,train/loss,1.529358983039856
2476,15,train/lr,3.4328231122895535e-05
2477,15,train/loss,1.4763448238372803
2477,15,train/lr,3.428881678317763e-05
2478,15,train/loss,1.6870088577270508
2478,15,train/lr,3.424941327290863e-05
2479,15,train/loss,1.5891516208648682
2479,15,train/lr,3.421002061924876e-05
2480,15,train/loss,1.7662231922149658
2480,15,train/lr,3.4170638849350665e-05
2481,15,train/loss,1.592456579208374
2481,15,train/lr,3.4131267990359554e-05
2482,15,train/loss,1.490883469581604
2482,15,train/lr,3.4091908069413056e-05
2483,15,train/loss,1.5879724025726318
2483,15,train/lr,3.40525591136413e-05
2484,15,train/loss,1.359593391418457
2484,15,train/lr,3.4013221150166865e-05
2485,15,train/loss,1.5761613845825195
2485,15,train/lr,3.397389420610469e-05
2486,15,train/loss,1.435814619064331
2486,15,train/lr,3.3934578308562195e-05
2487,15,train/loss,1.6128284931182861
2487,15,train/lr,3.389527348463915e-05
2488,15,train/loss,1.677972674369812
2488,15,train/lr,3.38559797614277e-05
2489,15,train/loss,1.5543882846832275
2489,15,train/lr,3.3816697166012314e-05
2490,15,train/loss,1.6193995475769043
2490,15,train/lr,3.377742572546982e-05
2490,15,train/batches,331.0
2490,15,train/compute_pct,99.8699520622246
2490,15,train/compute_sec,39.35562004599933
2490,15,train/data_wait_pct,0.1300479377754014
2490,15,train/data_wait_sec,0.05124781900030939
2490,15,train/examples,5296.0
2490,15,train/examples_per_sec,134.39281746885032
2490,15,train/input_tokens,625993.0
2490,15,train/peak_vram_gb,4.895360946655273
2490,15,train/target_tokens,424438.0
2490,15,train/tokens_per_sec,26656.038830555495
2490,15,train/total_sec,39.40686786499964
2490,15,train/epoch_loss,1.5398927210320879
2490,15,epoch15/batches,331.0
2490,15,epoch15/compute_pct,99.8699520622246
2490,15,epoch15/compute_sec,39.35562004599933
2490,15,epoch15/data_wait_pct,0.1300479377754014
2490,15,epoch15/data_wait_sec,0.05124781900030939
2490,15,epoch15/examples,5296.0
2490,15,epoch15/examples_per_sec,134.39281746885032
2490,15,epoch15/input_tokens,625993.0
2490,15,epoch15/peak_vram_gb,4.895360946655273
2490,15,epoch15/target_tokens,424438.0
2490,15,epoch15/tokens_per_sec,26656.038830555495
2490,15,epoch15/total_sec,39.40686786499964
2490,15,val/bleu,16.61154004923835
2490,15,val/chrf,37.40056707412817
2490,15,val/combined,24.925509379270572
2490,15,val/eval_peak_vram_gb,4.895360946655273
2490,15,val/eval_samples_per_sec,12.351959132590597
2490,15,val/eval_seconds,48.332413796999845
2490,15,val/eval_tokens_per_sec,3418.4305525054456
2491,16,train/loss,1.4829318523406982
2491,16,train/lr,3.373816546686937e-05
2492,16,train/loss,1.5727925300598145
2492,16,train/lr,3.3698916417272344e-05
2493,16,train/loss,1.614155888557434
2493,16,train/lr,3.3659678603732456e-05
2494,16,train/loss,1.5323460102081299
2494,16,train/lr,3.362045205329568e-05
2495,16,train/loss,1.565077543258667
2495,16,train/lr,3.3581236793000195e-05
2496,16,train/loss,1.5610140562057495
2496,16,train/lr,3.354203284987637e-05
2497,16,train/loss,1.6037888526916504
2497,16,train/lr,3.3502840250946856e-05
2498,16,train/loss,1.451463222503662
2498,16,train/lr,3.346365902322641e-05
2499,16,train/loss,1.6116008758544922
2499,16,train/lr,3.3424489193722013e-05
2500,16,train/loss,1.59971022605896
2500,16,train/lr,3.3385330789432724e-05
2501,16,train/loss,1.5579595565795898
2501,16,train/lr,3.334618383734976e-05
2502,16,train/loss,1.503035306930542
2502,16,train/lr,3.3307048364456474e-05
2503,16,train/loss,1.3990705013275146
2503,16,train/lr,3.3267924397728236e-05
2504,16,train/loss,1.445691704750061
2504,16,train/lr,3.322881196413255e-05
2505,16,train/loss,1.340417742729187
2505,16,train/lr,3.318971109062893e-05
2506,16,train/loss,1.4854977130889893
2506,16,train/lr,3.315062180416897e-05
2507,16,train/loss,1.4267497062683105
2507,16,train/lr,3.3111544131696185e-05
2508,16,train/loss,1.46189284324646
2508,16,train/lr,3.307247810014619e-05
2509,16,train/loss,1.5433117151260376
2509,16,train/lr,3.3033423736446525e-05
2510,16,train/loss,1.6085877418518066
2510,16,train/lr,3.2994381067516696e-05
2511,16,train/loss,1.6925137042999268
2511,16,train/lr,3.295535012026811e-05
2512,16,train/loss,1.6338064670562744
2512,16,train/lr,3.291633092160418e-05
2513,16,train/loss,1.5707147121429443
2513,16,train/lr,3.287732349842014e-05
2514,16,train/loss,1.6102583408355713
2514,16,train/lr,3.2838327877603126e-05
2515,16,train/loss,1.5968838930130005
2515,16,train/lr,3.279934408603218e-05
2516,16,train/loss,1.5162317752838135
2516,16,train/lr,3.276037215057812e-05
2517,16,train/loss,1.6011390686035156
2517,16,train/lr,3.2721412098103696e-05
2518,16,train/loss,1.7202098369598389
2518,16,train/lr,3.268246395546335e-05
2519,16,train/loss,1.6331915855407715
2519,16,train/lr,3.264352774950337e-05
2520,16,train/loss,1.4726040363311768
2520,16,train/lr,3.260460350706185e-05
2521,16,train/loss,1.5527820587158203
2521,16,train/lr,3.256569125496858e-05
2522,16,train/loss,1.4794769287109375
2522,16,train/lr,3.2526791020045086e-05
2523,16,train/loss,1.5050413608551025
2523,16,train/lr,3.248790282910466e-05
2524,16,train/loss,1.49744713306427
2524,16,train/lr,3.244902670895228e-05
2525,16,train/loss,1.4421850442886353
2525,16,train/lr,3.241016268638456e-05
2526,16,train/loss,1.5361697673797607
2526,16,train/lr,3.237131078818979e-05
2527,16,train/loss,1.5911798477172852
2527,16,train/lr,3.233247104114796e-05
2528,16,train/loss,1.381194829940796
2528,16,train/lr,3.229364347203062e-05
2529,16,train/loss,1.456376552581787
2529,16,train/lr,3.225482810760093e-05
2530,16,train/loss,1.4949071407318115
2530,16,train/lr,3.221602497461369e-05
2531,16,train/loss,1.6530247926712036
2531,16,train/lr,3.217723409981521e-05
2532,16,train/loss,1.432312250137329
2532,16,train/lr,3.2138455509943366e-05
2533,16,train/loss,1.4255027770996094
2533,16,train/lr,3.209968923172759e-05
2534,16,train/loss,1.5136281251907349
2534,16,train/lr,3.206093529188881e-05
2535,16,train/loss,1.4462406635284424
2535,16,train/lr,3.202219371713946e-05
2536,16,train/loss,1.5998332500457764
2536,16,train/lr,3.198346453418343e-05
2537,16,train/loss,1.5961415767669678
2537,16,train/lr,3.194474776971608e-05
2538,16,train/loss,1.5650519132614136
2538,16,train/lr,3.190604345042423e-05
2539,16,train/loss,1.5574016571044922
2539,16,train/lr,3.1867351602986064e-05
2540,16,train/loss,1.674311876296997
2540,16,train/lr,3.1828672254071245e-05
2541,16,train/loss,1.504866123199463
2541,16,train/lr,3.1790005430340767e-05
2542,16,train/loss,1.703800916671753
2542,16,train/lr,3.175135115844702e-05
2543,16,train/loss,1.620674967765808
2543,16,train/lr,3.171270946503373e-05
2544,16,train/loss,1.5866410732269287
2544,16,train/lr,3.167408037673593e-05
2545,16,train/loss,1.8867254257202148
2545,16,train/lr,3.1635463920180007e-05
2546,16,train/loss,1.4472765922546387
2546,16,train/lr,3.159686012198364e-05
2547,16,train/loss,1.5439503192901611
2547,16,train/lr,3.1558269008755726e-05
2548,16,train/loss,1.5522253513336182
2548,16,train/lr,3.1519690607096474e-05
2549,16,train/loss,1.422262191772461
2549,16,train/lr,3.148112494359733e-05
2550,16,train/loss,1.488227367401123
2550,16,train/lr,3.1442572044840914e-05
2551,16,train/loss,1.3904144763946533
2551,16,train/lr,3.140403193740108e-05
2552,16,train/loss,1.4198652505874634
2552,16,train/lr,3.136550464784289e-05
2553,16,train/loss,1.5139989852905273
2553,16,train/lr,3.1326990202722536e-05
2554,16,train/loss,1.4108432531356812
2554,16,train/lr,3.128848862858734e-05
2555,16,train/loss,1.3348617553710938
2555,16,train/lr,3.124999995197581e-05
2556,16,train/loss,1.4094884395599365
2556,16,train/lr,3.1211524199417505e-05
2557,16,train/loss,1.4703680276870728
2557,16,train/lr,3.11730613974331e-05
2558,16,train/loss,1.6171824932098389
2558,16,train/lr,3.1134611572534365e-05
2559,16,train/loss,1.5683813095092773
2559,16,train/lr,3.109617475122408e-05
2560,16,train/loss,1.5109468698501587
2560,16,train/lr,3.105775095999611e-05
2561,16,train/loss,1.4164714813232422
2561,16,train/lr,3.10193402253353e-05
2562,16,train/loss,1.5787992477416992
2562,16,train/lr,3.098094257371751e-05
2563,16,train/loss,1.5473791360855103
2563,16,train/lr,3.094255803160959e-05
2564,16,train/loss,1.6111299991607666
2564,16,train/lr,3.090418662546935e-05
2565,16,train/loss,1.6981754302978516
2565,16,train/lr,3.086582838174551e-05
2566,16,train/loss,1.4983503818511963
2566,16,train/lr,3.082748332687778e-05
2567,16,train/loss,1.5689537525177002
2567,16,train/lr,3.0789151487296766e-05
2568,16,train/loss,1.5143649578094482
2568,16,train/lr,3.07508328894239e-05
2569,16,train/loss,1.483555793762207
2569,16,train/lr,3.071252755967155e-05
2570,16,train/loss,1.5838168859481812
2570,16,train/lr,3.067423552444294e-05
2571,16,train/loss,1.5180221796035767
2571,16,train/lr,3.063595681013211e-05
2572,16,train/loss,1.4723244905471802
2572,16,train/lr,3.0597691443123886e-05
2573,16,train/loss,1.5219261646270752
2573,16,train/lr,3.0559439449793974e-05
2574,16,train/loss,1.4239211082458496
2574,16,train/lr,3.052120085650878e-05
2575,16,train/loss,1.6333236694335938
2575,16,train/lr,3.0482975689625553e-05
2576,16,train/loss,1.5068390369415283
2576,16,train/lr,3.0444763975492208e-05
2577,16,train/loss,1.4796268939971924
2577,16,train/lr,3.0406565740447422e-05
2578,16,train/loss,1.5577064752578735
2578,16,train/lr,3.0368381010820612e-05
2579,16,train/loss,1.5436983108520508
2579,16,train/lr,3.0330209812931832e-05
2580,16,train/loss,1.318756103515625
2580,16,train/lr,3.0292052173091833e-05
2581,16,train/loss,1.4162027835845947
2581,16,train/lr,3.025390811760203e-05
2582,16,train/loss,1.5087250471115112
2582,16,train/lr,3.0215777672754485e-05
2583,16,train/loss,1.5929455757141113
2583,16,train/lr,3.017766086483183e-05
2584,16,train/loss,1.3900316953659058
2584,16,train/lr,3.0139557720107324e-05
2585,16,train/loss,1.5981755256652832
2585,16,train/lr,3.0101468264844847e-05
2586,16,train/loss,1.6390469074249268
2586,16,train/lr,3.0063392525298774e-05
2587,16,train/loss,1.4561681747436523
2587,16,train/lr,3.0025330527714046e-05
2588,16,train/loss,1.5098087787628174
2588,16,train/lr,2.9987282298326187e-05
2589,16,train/loss,1.5386618375778198
2589,16,train/lr,2.9949247863361174e-05
2590,16,train/loss,1.6519529819488525
2590,16,train/lr,2.991122724903547e-05
2591,16,train/loss,1.6212773323059082
2591,16,train/lr,2.9873220481556047e-05
2592,16,train/loss,1.5146816968917847
2592,16,train/lr,2.9835227587120307e-05
2593,16,train/loss,1.5746958255767822
2593,16,train/lr,2.979724859191614e-05
2594,16,train/loss,1.4815912246704102
2594,16,train/lr,2.9759283522121763e-05
2595,16,train/loss,1.6166250705718994
2595,16,train/lr,2.9721332403905866e-05
2596,16,train/loss,1.5202996730804443
2596,16,train/lr,2.9683395263427522e-05
2597,16,train/loss,1.6317449808120728
2597,16,train/lr,2.9645472126836116e-05
2598,16,train/loss,1.6031697988510132
2598,16,train/lr,2.9607563020271446e-05
2599,16,train/loss,1.526860237121582
2599,16,train/lr,2.956966796986359e-05
2600,16,train/loss,1.546320915222168
2600,16,train/lr,2.953178700173298e-05
2601,16,train/loss,1.3972508907318115
2601,16,train/lr,2.9493920141990288e-05
2602,16,train/loss,1.4709482192993164
2602,16,train/lr,2.94560674167365e-05
2603,16,train/loss,1.452500581741333
2603,16,train/lr,2.941822885206287e-05
2604,16,train/loss,1.4301578998565674
2604,16,train/lr,2.9380404474050837e-05
2605,16,train/loss,1.4324517250061035
2605,16,train/lr,2.9342594308772108e-05
2606,16,train/loss,1.438096523284912
2606,16,train/lr,2.930479838228859e-05
2607,16,train/loss,1.4547312259674072
2607,16,train/lr,2.926701672065238e-05
2608,16,train/loss,1.5136549472808838
2608,16,train/lr,2.9229249349905684e-05
2609,16,train/loss,1.5049655437469482
2609,16,train/lr,2.9191496296080935e-05
2610,16,train/loss,1.5290374755859375
2610,16,train/lr,2.9153757585200665e-05
2611,16,train/loss,1.5704700946807861
2611,16,train/lr,2.9116033243277513e-05
2612,16,train/loss,1.6288068294525146
2612,16,train/lr,2.9078323296314224e-05
2613,16,train/loss,1.5820693969726562
2613,16,train/lr,2.9040627770303612e-05
2614,16,train/loss,1.6164970397949219
2614,16,train/lr,2.900294669122856e-05
2615,16,train/loss,1.6889543533325195
2615,16,train/lr,2.896528008506199e-05
2616,16,train/loss,1.7328675985336304
2616,16,train/lr,2.8927627977766846e-05
2617,16,train/loss,1.6019666194915771
2617,16,train/lr,2.8889990395296072e-05
2618,16,train/loss,1.6810734272003174
2618,16,train/lr,2.8852367363592624e-05
2619,16,train/loss,1.4936630725860596
2619,16,train/lr,2.8814758908589395e-05
2620,16,train/loss,1.4921520948410034
2620,16,train/lr,2.8777165056209256e-05
2621,16,train/loss,1.3881020545959473
2621,16,train/lr,2.8739585832365e-05
2622,16,train/loss,1.3742103576660156
2622,16,train/lr,2.870202126295935e-05
2623,16,train/loss,1.4682986736297607
2623,16,train/lr,2.866447137388491e-05
2624,16,train/loss,1.4922133684158325
2624,16,train/lr,2.8626936191024155e-05
2625,16,train/loss,1.6066644191741943
2625,16,train/lr,2.8589415740249505e-05
2626,16,train/loss,1.5413737297058105
2626,16,train/lr,2.8551910047423082e-05
2627,16,train/loss,1.5421538352966309
2627,16,train/lr,2.8514419138396982e-05
2628,16,train/loss,1.488513708114624
2628,16,train/lr,2.8476943039013016e-05
2629,16,train/loss,1.5978281497955322
2629,16,train/lr,2.8439481775102817e-05
2630,16,train/loss,1.4980688095092773
2630,16,train/lr,2.840203537248779e-05
2631,16,train/loss,1.3955204486846924
2631,16,train/lr,2.836460385697911e-05
2632,16,train/loss,1.5331047773361206
2632,16,train/lr,2.832718725437767e-05
2633,16,train/loss,1.4799318313598633
2633,16,train/lr,2.8289785590474088e-05
2634,16,train/loss,1.4003591537475586
2634,16,train/lr,2.825239889104869e-05
2635,16,train/loss,1.5409780740737915
2635,16,train/lr,2.8215027181871496e-05
2636,16,train/loss,1.5470621585845947
2636,16,train/lr,2.8177670488702175e-05
2637,16,train/loss,1.6392021179199219
2637,16,train/lr,2.8140328837290055e-05
2638,16,train/loss,1.4825475215911865
2638,16,train/lr,2.8103002253374094e-05
2639,16,train/loss,1.615241527557373
2639,16,train/lr,2.806569076268285e-05
2640,16,train/loss,1.568137288093567
2640,16,train/lr,2.8028394390934553e-05
2641,16,train/loss,1.5952720642089844
2641,16,train/lr,2.799111316383687e-05
2642,16,train/loss,1.567643642425537
2642,16,train/lr,2.7953847107087172e-05
2643,16,train/loss,1.632236123085022
2643,16,train/lr,2.7916596246372318e-05
2644,16,train/loss,1.5665518045425415
2644,16,train/lr,2.787936060736861e-05
2645,16,train/loss,1.4520972967147827
2645,16,train/lr,2.7842140215742007e-05
2646,16,train/loss,1.5365805625915527
2646,16,train/lr,2.780493509714787e-05
2647,16,train/loss,1.5936436653137207
2647,16,train/lr,2.7767745277231043e-05
2648,16,train/loss,1.6730687618255615
2648,16,train/lr,2.7730570781625832e-05
2649,16,train/loss,1.5795884132385254
2649,16,train/lr,2.7693411635955974e-05
2650,16,train/loss,1.405341625213623
2650,16,train/lr,2.765626786583464e-05
2651,16,train/loss,1.4459378719329834
2651,16,train/lr,2.7619139496864378e-05
2652,16,train/loss,1.3926268815994263
2652,16,train/lr,2.7582026554637152e-05
2653,16,train/loss,1.4140987396240234
2653,16,train/lr,2.754492906473425e-05
2654,16,train/loss,1.4614797830581665
2654,16,train/lr,2.7507847052726388e-05
2655,16,train/loss,1.6568222045898438
2655,16,train/lr,2.7470780544173515e-05
2656,16,train/loss,1.5719544887542725
2656,16,train/lr,2.7433729564624923e-05
2656,16,train/batches,331.0
2656,16,train/compute_pct,99.87414636936207
2656,16,train/compute_sec,39.05476261100148
2656,16,train/data_wait_pct,0.12585363063793115
2656,16,train/data_wait_sec,0.049213774004329025
2656,16,train/examples,5296.0
2656,16,train/examples_per_sec,135.4337970097261
2656,16,train/input_tokens,625993.0
2656,16,train/peak_vram_gb,4.895360946655273
2656,16,train/target_tokens,424718.0
2656,16,train/tokens_per_sec,26869.6715048879
2656,16,train/total_sec,39.10397638500581
2656,16,train/epoch_loss,1.5296750868195133
2656,16,epoch16/batches,331.0
2656,16,epoch16/compute_pct,99.87414636936207
2656,16,epoch16/compute_sec,39.05476261100148
2656,16,epoch16/data_wait_pct,0.12585363063793115
2656,16,epoch16/data_wait_sec,0.049213774004329025
2656,16,epoch16/examples,5296.0
2656,16,epoch16/examples_per_sec,135.4337970097261
2656,16,epoch16/input_tokens,625993.0
2656,16,epoch16/peak_vram_gb,4.895360946655273
2656,16,epoch16/target_tokens,424718.0
2656,16,epoch16/tokens_per_sec,26869.6715048879
2656,16,epoch16/total_sec,39.10397638500581
2656,16,val/bleu,17.561164523480745
2656,16,val/chrf,37.90242080732863
2656,16,val/combined,25.79943114945944
2656,16,val/eval_peak_vram_gb,4.895360946655273
2656,16,val/eval_samples_per_sec,12.226097074847532
2656,16,val/eval_seconds,48.829973812999924
2656,16,val/eval_tokens_per_sec,3395.9059784679525
2657,17,train/loss,1.609891653060913
2657,17,train/lr,2.739669413961927e-05
2658,17,train/loss,1.6768919229507446
2658,17,train/lr,2.7359674294684433e-05
2659,17,train/loss,1.6965478658676147
2659,17,train/lr,2.7322670055337496e-05
2660,17,train/loss,1.6106750965118408
2660,17,train/lr,2.7285681447084898e-05
2661,17,train/loss,1.7700021266937256
2661,17,train/lr,2.724870849542227e-05
2662,17,train/loss,1.5533987283706665
2662,17,train/lr,2.7211751225834358e-05
2663,17,train/loss,1.6542584896087646
2663,17,train/lr,2.7174809663795235e-05
2664,17,train/loss,1.4734447002410889
2664,17,train/lr,2.7137883834768073e-05
2665,17,train/loss,1.4991326332092285
2665,17,train/lr,2.7100973764205214e-05
2666,17,train/loss,1.4314426183700562
2666,17,train/lr,2.7064079477548122e-05
2667,17,train/loss,1.5141137838363647
2667,17,train/lr,2.702720100022741e-05
2668,17,train/loss,1.4618253707885742
2668,17,train/lr,2.699033835766277e-05
2669,17,train/loss,1.4085936546325684
2669,17,train/lr,2.695349157526299e-05
2670,17,train/loss,1.4732552766799927
2670,17,train/lr,2.691666067842593e-05
2671,17,train/loss,1.4737927913665771
2671,17,train/lr,2.6879845692538474e-05
2672,17,train/loss,1.3664416074752808
2672,17,train/lr,2.6843046642976614e-05
2673,17,train/loss,1.5052119493484497
2673,17,train/lr,2.6806263555105248e-05
2674,17,train/loss,1.5660607814788818
2674,17,train/lr,2.6769496454278333e-05
2675,17,train/loss,1.4254615306854248
2675,17,train/lr,2.6732745365838828e-05
2676,17,train/loss,1.5362268686294556
2676,17,train/lr,2.6696010315118636e-05
2677,17,train/loss,1.6614911556243896
2677,17,train/lr,2.6659291327438535e-05
2678,17,train/loss,1.564953327178955
2678,17,train/lr,2.6622588428108353e-05
2679,17,train/loss,1.5452187061309814
2679,17,train/lr,2.658590164242677e-05
2680,17,train/loss,1.5843693017959595
2680,17,train/lr,2.654923099568129e-05
2681,17,train/loss,1.5452107191085815
2681,17,train/lr,2.6512576513148428e-05
2682,17,train/loss,1.5650707483291626
2682,17,train/lr,2.647593822009347e-05
2683,17,train/loss,1.5593762397766113
2683,17,train/lr,2.6439316141770564e-05
2684,17,train/loss,1.7148797512054443
2684,17,train/lr,2.6402710303422673e-05
2685,17,train/loss,1.6935594081878662
2685,17,train/lr,2.6366120730281574e-05
2686,17,train/loss,1.6456871032714844
2686,17,train/lr,2.6329547447567836e-05
2687,17,train/loss,1.5796172618865967
2687,17,train/lr,2.6292990480490796e-05
2688,17,train/loss,1.5491504669189453
2688,17,train/lr,2.6256449854248545e-05
2689,17,train/loss,1.4224965572357178
2689,17,train/lr,2.6219925594027883e-05
2690,17,train/loss,1.7446315288543701
2690,17,train/lr,2.6183417725004418e-05
2691,17,train/loss,1.6015534400939941
2691,17,train/lr,2.6146926272342343e-05
2692,17,train/loss,1.4053542613983154
2692,17,train/lr,2.611045126119458e-05
2693,17,train/loss,1.3408095836639404
2693,17,train/lr,2.607399271670278e-05
2694,17,train/loss,1.4479498863220215
2694,17,train/lr,2.603755066399718e-05
2695,17,train/loss,1.3873860836029053
2695,17,train/lr,2.6001125128196603e-05
2696,17,train/loss,1.4779794216156006
2696,17,train/lr,2.5964716134408617e-05
2697,17,train/loss,1.572500228881836
2697,17,train/lr,2.5928323707729306e-05
2698,17,train/loss,1.5006914138793945
2698,17,train/lr,2.5891947873243295e-05
2699,17,train/loss,1.4864826202392578
2699,17,train/lr,2.585558865602387e-05
2700,17,train/loss,1.4123358726501465
2700,17,train/lr,2.5819246081132808e-05
2701,17,train/loss,1.5131819248199463
2701,17,train/lr,2.5782920173620407e-05
2702,17,train/loss,1.6088447570800781
2702,17,train/lr,2.5746610958525508e-05
2703,17,train/loss,1.634026050567627
2703,17,train/lr,2.5710318460875417e-05
2704,17,train/loss,1.567158579826355
2704,17,train/lr,2.5674042705685913e-05
2705,17,train/loss,1.6568729877471924
2705,17,train/lr,2.5637783717961315e-05
2706,17,train/loss,1.6497509479522705
2706,17,train/lr,2.560154152269426e-05
2707,17,train/loss,1.5794750452041626
2707,17,train/lr,2.556531614486587e-05
2708,17,train/loss,1.6709697246551514
2708,17,train/lr,2.5529107609445733e-05
2709,17,train/loss,1.5542290210723877
2709,17,train/lr,2.5492915941391725e-05
2710,17,train/loss,1.529831886291504
2710,17,train/lr,2.5456741165650122e-05
2711,17,train/loss,1.5827478170394897
2711,17,train/lr,2.5420583307155633e-05
2712,17,train/loss,1.6058728694915771
2712,17,train/lr,2.5384442390831233e-05
2713,17,train/loss,1.5098206996917725
2713,17,train/lr,2.5348318441588188e-05
2714,17,train/loss,1.445685863494873
2714,17,train/lr,2.531221148432617e-05
2715,17,train/loss,1.6513609886169434
2715,17,train/lr,2.5276121543933067e-05
2716,17,train/loss,1.4907145500183105
2716,17,train/lr,2.5240048645285058e-05
2717,17,train/loss,1.5316343307495117
2717,17,train/lr,2.5203992813246568e-05
2718,17,train/loss,1.4632794857025146
2718,17,train/lr,2.5167954072670268e-05
2719,17,train/loss,1.421443223953247
2719,17,train/lr,2.513193244839704e-05
2720,17,train/loss,1.4392445087432861
2720,17,train/lr,2.5095927965255974e-05
2721,17,train/loss,1.4956532716751099
2721,17,train/lr,2.505994064806434e-05
2722,17,train/loss,1.4330310821533203
2722,17,train/lr,2.502397052162756e-05
2723,17,train/loss,1.4851049184799194
2723,17,train/lr,2.4988017610739278e-05
2724,17,train/loss,1.521651268005371
2724,17,train/lr,2.4952081940181166e-05
2725,17,train/loss,1.5080115795135498
2725,17,train/lr,2.4916163534723063e-05
2726,17,train/loss,1.4857041835784912
2726,17,train/lr,2.4880262419122974e-05
2727,17,train/loss,1.4892992973327637
2727,17,train/lr,2.4844378618126856e-05
2728,17,train/loss,1.5933904647827148
2728,17,train/lr,2.4808512156468792e-05
2729,17,train/loss,1.5173273086547852
2729,17,train/lr,2.4772663058870975e-05
2730,17,train/loss,1.5407135486602783
2730,17,train/lr,2.4736831350043536e-05
2731,17,train/loss,1.5707738399505615
2731,17,train/lr,2.4701017054684667e-05
2732,17,train/loss,1.4635562896728516
2732,17,train/lr,2.4665220197480538e-05
2733,17,train/loss,1.5165072679519653
2733,17,train/lr,2.462944080310532e-05
2734,17,train/loss,1.7567567825317383
2734,17,train/lr,2.4593678896221127e-05
2735,17,train/loss,1.6185033321380615
2735,17,train/lr,2.455793450147803e-05
2736,17,train/loss,1.5691019296646118
2736,17,train/lr,2.4522207643514027e-05
2737,17,train/loss,1.5642039775848389
2737,17,train/lr,2.4486498346955027e-05
2738,17,train/loss,1.6160500049591064
2738,17,train/lr,2.4450806636414837e-05
2739,17,train/loss,1.4985921382904053
2739,17,train/lr,2.4415132536495138e-05
2740,17,train/loss,1.4979740381240845
2740,17,train/lr,2.4379476071785463e-05
2741,17,train/loss,1.4883546829223633
2741,17,train/lr,2.4343837266863246e-05
2742,17,train/loss,1.557374119758606
2742,17,train/lr,2.4308216146293655e-05
2743,17,train/loss,1.4190075397491455
2743,17,train/lr,2.427261273462972e-05
2744,17,train/loss,1.388448715209961
2744,17,train/lr,2.423702705641231e-05
2745,17,train/loss,1.5164624452590942
2745,17,train/lr,2.420145913616995e-05
2746,17,train/loss,1.448698878288269
2746,17,train/lr,2.4165908998419057e-05
2747,17,train/loss,1.572481632232666
2747,17,train/lr,2.413037666766371e-05
2748,17,train/loss,1.4383103847503662
2748,17,train/lr,2.4094862168395728e-05
2749,17,train/loss,1.5290296077728271
2749,17,train/lr,2.4059365525094653e-05
2750,17,train/loss,1.4723809957504272
2750,17,train/lr,2.402388676222771e-05
2751,17,train/loss,1.4225225448608398
2751,17,train/lr,2.39884259042498e-05
2752,17,train/loss,1.5865987539291382
2752,17,train/lr,2.3952982975603496e-05
2753,17,train/loss,1.61189603805542
2753,17,train/lr,2.391755800071898e-05
2754,17,train/loss,1.563352108001709
2754,17,train/lr,2.388215100401409e-05
2755,17,train/loss,1.6208080053329468
2755,17,train/lr,2.3846762009894262e-05
2756,17,train/loss,1.6628223657608032
2756,17,train/lr,2.3811391042752523e-05
2757,17,train/loss,1.4252302646636963
2757,17,train/lr,2.377603812696945e-05
2758,17,train/loss,1.4950604438781738
2758,17,train/lr,2.3740703286913247e-05
2759,17,train/loss,1.6448760032653809
2759,17,train/lr,2.37053865469396e-05
2760,17,train/loss,1.5529146194458008
2760,17,train/lr,2.3670087931391683e-05
2761,17,train/loss,1.5387976169586182
2761,17,train/lr,2.3634807464600284e-05
2762,17,train/loss,1.5753120183944702
2762,17,train/lr,2.3599545170883618e-05
2763,17,train/loss,1.5105483531951904
2763,17,train/lr,2.356430107454733e-05
2764,17,train/loss,1.4593641757965088
2764,17,train/lr,2.352907519988462e-05
2765,17,train/loss,1.4940714836120605
2765,17,train/lr,2.349386757117606e-05
2766,17,train/loss,1.6280746459960938
2766,17,train/lr,2.345867821268967e-05
2767,17,train/loss,1.5422110557556152
2767,17,train/lr,2.342350714868087e-05
2768,17,train/loss,1.4061555862426758
2768,17,train/lr,2.3388354403392464e-05
2769,17,train/loss,1.511545181274414
2769,17,train/lr,2.3353220001054637e-05
2770,17,train/loss,1.467646598815918
2770,17,train/lr,2.3318103965884942e-05
2771,17,train/loss,1.4705815315246582
2771,17,train/lr,2.3283006322088246e-05
2772,17,train/loss,1.3579953908920288
2772,17,train/lr,2.3247927093856735e-05
2773,17,train/loss,1.4014246463775635
2773,17,train/lr,2.321286630536998e-05
2774,17,train/loss,1.512993574142456
2774,17,train/lr,2.3177823980794727e-05
2775,17,train/loss,1.469559669494629
2775,17,train/lr,2.3142800144285037e-05
2776,17,train/loss,1.5038096904754639
2776,17,train/lr,2.3107794819982292e-05
2777,17,train/loss,1.4168283939361572
2777,17,train/lr,2.307280803201505e-05
2778,17,train/loss,1.5276373624801636
2778,17,train/lr,2.303783980449905e-05
2779,17,train/loss,1.5561447143554688
2779,17,train/lr,2.300289016153735e-05
2780,17,train/loss,1.5858436822891235
2780,17,train/lr,2.296795912722014e-05
2781,17,train/loss,1.5779075622558594
2781,17,train/lr,2.2933046725624718e-05
2782,17,train/loss,1.5367648601531982
2782,17,train/lr,2.2898152980815668e-05
2783,17,train/loss,1.5415754318237305
2783,17,train/lr,2.2863277916844633e-05
2784,17,train/loss,1.500547170639038
2784,17,train/lr,2.2828421557750383e-05
2785,17,train/loss,1.5203232765197754
2785,17,train/lr,2.279358392755882e-05
2786,17,train/loss,1.5167901515960693
2786,17,train/lr,2.2758765050282922e-05
2787,17,train/loss,1.4898698329925537
2787,17,train/lr,2.2723964949922716e-05
2788,17,train/loss,1.4483237266540527
2788,17,train/lr,2.2689183650465385e-05
2789,17,train/loss,1.543071985244751
2789,17,train/lr,2.265442117588501e-05
2790,17,train/loss,1.5937222242355347
2790,17,train/lr,2.2619677550142783e-05
2791,17,train/loss,1.5343990325927734
2791,17,train/lr,2.2584952797186935e-05
2792,17,train/loss,1.4849071502685547
2792,17,train/lr,2.255024694095259e-05
2793,17,train/loss,1.5626800060272217
2793,17,train/lr,2.25155600053619e-05
2794,17,train/loss,1.4871301651000977
2794,17,train/lr,2.2480892014324013e-05
2795,17,train/loss,1.4557931423187256
2795,17,train/lr,2.2446242991734974e-05
2796,17,train/loss,1.4551634788513184
2796,17,train/lr,2.24116129614777e-05
2797,17,train/loss,1.4253056049346924
2797,17,train/lr,2.237700194742215e-05
2798,17,train/loss,1.4809539318084717
2798,17,train/lr,2.234240997342509e-05
2799,17,train/loss,1.4074651002883911
2799,17,train/lr,2.230783706333011e-05
2800,17,train/loss,1.4361457824707031
2800,17,train/lr,2.2273283240967794e-05
2801,17,train/loss,1.4808106422424316
2801,17,train/lr,2.2238748530155478e-05
2802,17,train/loss,1.4785981178283691
2802,17,train/lr,2.2204232954697348e-05
2803,17,train/loss,1.6657240390777588
2803,17,train/lr,2.2169736538384384e-05
2804,17,train/loss,1.5282471179962158
2804,17,train/lr,2.213525930499438e-05
2805,17,train/loss,1.6741161346435547
2805,17,train/lr,2.210080127829189e-05
2806,17,train/loss,1.6479759216308594
2806,17,train/lr,2.2066362482028285e-05
2807,17,train/loss,1.5567762851715088
2807,17,train/lr,2.2031942939941592e-05
2808,17,train/loss,1.5497654676437378
2808,17,train/lr,2.1997542675756606e-05
2809,17,train/loss,1.5816335678100586
2809,17,train/lr,2.196316171318489e-05
2810,17,train/loss,1.7134649753570557
2810,17,train/lr,2.1928800075924594e-05
2811,17,train/loss,1.4929895401000977
2811,17,train/lr,2.1894457787660618e-05
2812,17,train/loss,1.4481961727142334
2812,17,train/lr,2.1860134872064537e-05
2813,17,train/loss,1.459789752960205
2813,17,train/lr,2.182583135279455e-05
2814,17,train/loss,1.4553239345550537
2814,17,train/lr,2.1791547253495438e-05
2815,17,train/loss,1.5031936168670654
2815,17,train/lr,2.175728259779868e-05
2816,17,train/loss,1.5331008434295654
2816,17,train/lr,2.172303740932233e-05
2817,17,train/loss,1.4500510692596436
2817,17,train/lr,2.1688811711670948e-05
2818,17,train/loss,1.601162075996399
2818,17,train/lr,2.1654605528435773e-05
2819,17,train/loss,1.5707504749298096
2819,17,train/lr,2.1620418883194525e-05
2820,17,train/loss,1.5217249393463135
2820,17,train/lr,2.1586251799511475e-05
2821,17,train/loss,1.627090334892273
2821,17,train/lr,2.1552104300937397e-05
2822,17,train/loss,1.5863521099090576
2822,17,train/lr,2.151797641100959e-05
2822,17,train/batches,331.0
2822,17,train/compute_pct,99.89430854448068
2822,17,train/compute_sec,34.66776154300214
2822,17,train/data_wait_pct,0.10569145551931586
2822,17,train/data_wait_sec,0.03667962900453858
2822,17,train/examples,5296.0
2822,17,train/examples_per_sec,152.6029470911597
2822,17,train/input_tokens,625993.0
2822,17,train/peak_vram_gb,4.895360946655273
2822,17,train/target_tokens,424724.0
2822,17,train/tokens_per_sec,30276.1538441809
2822,17,train/total_sec,34.70444117200668
2822,17,train/epoch_loss,1.5223301497831085
2822,17,epoch17/batches,331.0
2822,17,epoch17/compute_pct,99.89430854448068
2822,17,epoch17/compute_sec,34.66776154300214
2822,17,epoch17/data_wait_pct,0.10569145551931586
2822,17,epoch17/data_wait_sec,0.03667962900453858
2822,17,epoch17/examples,5296.0
2822,17,epoch17/examples_per_sec,152.6029470911597
2822,17,epoch17/input_tokens,625993.0
2822,17,epoch17/peak_vram_gb,4.895360946655273
2822,17,epoch17/target_tokens,424724.0
2822,17,epoch17/tokens_per_sec,30276.1538441809
2822,17,epoch17/total_sec,34.70444117200668
2822,17,val/bleu,17.171992565367077
2822,17,val/chrf,37.7856313164917
2822,17,val/combined,25.472624129533592
2822,17,val/eval_peak_vram_gb,4.895360946655273
2822,17,val/eval_samples_per_sec,12.969348422423057
2822,17,val/eval_seconds,46.0316108840002
2822,17,val/eval_tokens_per_sec,3674.344580862556
2823,18,train/loss,1.5016067028045654
2823,18,train/lr,2.148386815325179e-05
2824,18,train/loss,1.5897531509399414
2824,18,train/lr,2.144977955117429e-05
2825,18,train/loss,1.5362517833709717
2825,18,train/lr,2.141571062827374e-05
2826,18,train/loss,1.4907773733139038
2826,18,train/lr,2.138166140803325e-05
2827,18,train/loss,1.6038392782211304
2827,18,train/lr,2.1347631913922418e-05
2828,18,train/loss,1.5988023281097412
2828,18,train/lr,2.1313622169397135e-05
2829,18,train/loss,1.5396487712860107
2829,18,train/lr,2.127963219789974e-05
2830,18,train/loss,1.398841142654419
2830,18,train/lr,2.124566202285897e-05
2831,18,train/loss,1.5138264894485474
2831,18,train/lr,2.1211711667689888e-05
2832,18,train/loss,1.5261098146438599
2832,18,train/lr,2.1177781155793825e-05
2833,18,train/loss,1.4052700996398926
2833,18,train/lr,2.1143870510558566e-05
2834,18,train/loss,1.509159803390503
2834,18,train/lr,2.1109979755358116e-05
2835,18,train/loss,1.422432541847229
2835,18,train/lr,2.1076108913552794e-05
2836,18,train/loss,1.4604740142822266
2836,18,train/lr,2.104225800848918e-05
2837,18,train/loss,1.48979914188385
2837,18,train/lr,2.100842706350013e-05
2838,18,train/loss,1.4106850624084473
2838,18,train/lr,2.0974616101904736e-05
2839,18,train/loss,1.367966651916504
2839,18,train/lr,2.0940825147008304e-05
2840,18,train/loss,1.5095678567886353
2840,18,train/lr,2.090705422210237e-05
2841,18,train/loss,1.4051053524017334
2841,18,train/lr,2.0873303350464622e-05
2842,18,train/loss,1.4310927391052246
2842,18,train/lr,2.083957255535902e-05
2843,18,train/loss,1.5108511447906494
2843,18,train/lr,2.0805861860035574e-05
2844,18,train/loss,1.531333327293396
2844,18,train/lr,2.0772171287730473e-05
2845,18,train/loss,1.5540342330932617
2845,18,train/lr,2.073850086166611e-05
2846,18,train/loss,1.6091443300247192
2846,18,train/lr,2.0704850605050886e-05
2847,18,train/loss,1.6876319646835327
2847,18,train/lr,2.0671220541079335e-05
2848,18,train/loss,1.4943840503692627
2848,18,train/lr,2.063761069293212e-05
2849,18,train/loss,1.527761697769165
2849,18,train/lr,2.0604021083775914e-05
2850,18,train/loss,1.6556355953216553
2850,18,train/lr,2.057045173676347e-05
2851,18,train/loss,1.5424070358276367
2851,18,train/lr,2.0536902675033548e-05
2852,18,train/loss,1.5564360618591309
2852,18,train/lr,2.050337392171095e-05
2853,18,train/loss,1.6185609102249146
2853,18,train/lr,2.046986549990646e-05
2854,18,train/loss,1.5009434223175049
2854,18,train/lr,2.0436377432716868e-05
2855,18,train/loss,1.347129464149475
2855,18,train/lr,2.0402909743224925e-05
2856,18,train/loss,1.7381861209869385
2856,18,train/lr,2.036946245449932e-05
2857,18,train/loss,1.5557224750518799
2857,18,train/lr,2.0336035589594714e-05
2858,18,train/loss,1.5864977836608887
2858,18,train/lr,2.0302629171551657e-05
2859,18,train/loss,1.530548334121704
2859,18,train/lr,2.0269243223396612e-05
2860,18,train/loss,1.4351897239685059
2860,18,train/lr,2.0235877768141987e-05
2861,18,train/loss,1.3944740295410156
2861,18,train/lr,2.0202532828785953e-05
2862,18,train/loss,1.3514868021011353
2862,18,train/lr,2.0169208428312647e-05
2863,18,train/loss,1.2990477085113525
2863,18,train/lr,2.0135904589692018e-05
2864,18,train/loss,1.412057876586914
2864,18,train/lr,2.010262133587977e-05
2865,18,train/loss,1.4929568767547607
2865,18,train/lr,2.006935868981753e-05
2866,18,train/loss,1.5255770683288574
2866,18,train/lr,2.0036116674432654e-05
2867,18,train/loss,1.573946475982666
2867,18,train/lr,2.0002895312638296e-05
2868,18,train/loss,1.5934981107711792
2868,18,train/lr,1.996969462733337e-05
2869,18,train/loss,1.653404712677002
2869,18,train/lr,1.9936514641402536e-05
2870,18,train/loss,1.46492600440979
2870,18,train/lr,1.9903355377716186e-05
2871,18,train/loss,1.531886339187622
2871,18,train/lr,1.9870216859130437e-05
2872,18,train/loss,1.584985613822937
2872,18,train/lr,1.98370991084871e-05
2873,18,train/loss,1.6347837448120117
2873,18,train/lr,1.980400214861367e-05
2874,18,train/loss,1.5430607795715332
2874,18,train/lr,1.9770926002323315e-05
2875,18,train/loss,1.7647113800048828
2875,18,train/lr,1.9737870692414856e-05
2876,18,train/loss,1.4075961112976074
2876,18,train/lr,1.970483624167273e-05
2877,18,train/loss,1.5468391180038452
2877,18,train/lr,1.9671822672867053e-05
2878,18,train/loss,1.5275400876998901
2878,18,train/lr,1.963883000875351e-05
2879,18,train/loss,1.548691987991333
2879,18,train/lr,1.9605858272073335e-05
2880,18,train/loss,1.5833230018615723
2880,18,train/lr,1.957290748555342e-05
2881,18,train/loss,1.625180959701538
2881,18,train/lr,1.9539977671906185e-05
2882,18,train/loss,1.400815725326538
2882,18,train/lr,1.9507068853829523e-05
2883,18,train/loss,1.5115656852722168
2883,18,train/lr,1.9474181054006985e-05
2884,18,train/loss,1.5629581212997437
2884,18,train/lr,1.9441314295107537e-05
2885,18,train/loss,1.4163296222686768
2885,18,train/lr,1.9408468599785678e-05
2886,18,train/loss,1.4543755054473877
2886,18,train/lr,1.937564399068138e-05
2887,18,train/loss,1.386521339416504
2887,18,train/lr,1.9342840490420082e-05
2888,18,train/loss,1.4237966537475586
2888,18,train/lr,1.9310058121612672e-05
2889,18,train/loss,1.5109076499938965
2889,18,train/lr,1.9277296906855484e-05
2890,18,train/loss,1.4048594236373901
2890,18,train/lr,1.924455686873025e-05
2891,18,train/loss,1.4859329462051392
2891,18,train/lr,1.9211838029804103e-05
2892,18,train/loss,1.5362932682037354
2892,18,train/lr,1.9179140412629627e-05
2893,18,train/loss,1.4685039520263672
2893,18,train/lr,1.9146464039744682e-05
2894,18,train/loss,1.599916934967041
2894,18,train/lr,1.9113808933672527e-05
2895,18,train/loss,1.5407627820968628
2895,18,train/lr,1.90811751169218e-05
2896,18,train/loss,1.6075316667556763
2896,18,train/lr,1.9048562611986433e-05
2897,18,train/loss,1.6865437030792236
2897,18,train/lr,1.901597144134561e-05
2898,18,train/loss,1.579475998878479
2898,18,train/lr,1.8983401627463926e-05
2899,18,train/loss,1.6056839227676392
2899,18,train/lr,1.8950853192791184e-05
2900,18,train/loss,1.6269418001174927
2900,18,train/lr,1.8918326159762417e-05
2901,18,train/loss,1.552768349647522
2901,18,train/lr,1.8885820550798e-05
2902,18,train/loss,1.520986795425415
2902,18,train/lr,1.8853336388303477e-05
2903,18,train/loss,1.3680392503738403
2903,18,train/lr,1.8820873694669617e-05
2904,18,train/loss,1.546419382095337
2904,18,train/lr,1.8788432492272407e-05
2905,18,train/loss,1.4120564460754395
2905,18,train/lr,1.8756012803473e-05
2906,18,train/loss,1.5091949701309204
2906,18,train/lr,1.8723614650617723e-05
2907,18,train/loss,1.440687894821167
2907,18,train/lr,1.8691238056038113e-05
2908,18,train/loss,1.422451138496399
2908,18,train/lr,1.865888304205075e-05
2909,18,train/loss,1.5259885787963867
2909,18,train/lr,1.8626549630957396e-05
2910,18,train/loss,1.4126527309417725
2910,18,train/lr,1.859423784504496e-05
2911,18,train/loss,1.4418705701828003
2911,18,train/lr,1.856194770658535e-05
2912,18,train/loss,1.4309663772583008
2912,18,train/lr,1.8529679237835612e-05
2913,18,train/loss,1.5711033344268799
2913,18,train/lr,1.849743246103788e-05
2914,18,train/loss,1.416878342628479
2914,18,train/lr,1.8465207398419294e-05
2915,18,train/loss,1.3542267084121704
2915,18,train/lr,1.8433004072191993e-05
2916,18,train/loss,1.4945693016052246
2916,18,train/lr,1.840082250455323e-05
2917,18,train/loss,1.4709858894348145
2917,18,train/lr,1.8368662717685187e-05
2918,18,train/loss,1.649458885192871
2918,18,train/lr,1.8336524733755056e-05
2919,18,train/loss,1.5235188007354736
2919,18,train/lr,1.8304408574914993e-05
2920,18,train/loss,1.5379400253295898
2920,18,train/lr,1.8272314263302116e-05
2921,18,train/loss,1.6082961559295654
2921,18,train/lr,1.824024182103849e-05
2922,18,train/loss,1.661086082458496
2922,18,train/lr,1.820819127023109e-05
2923,18,train/loss,1.4696253538131714
2923,18,train/lr,1.8176162632971818e-05
2924,18,train/loss,1.6064684391021729
2924,18,train/lr,1.8144155931337444e-05
2925,18,train/loss,1.5940215587615967
2925,18,train/lr,1.811217118738968e-05
2926,18,train/loss,1.5575344562530518
2926,18,train/lr,1.8080208423175027e-05
2927,18,train/loss,1.5498257875442505
2927,18,train/lr,1.804826766072486e-05
2928,18,train/loss,1.411858081817627
2928,18,train/lr,1.801634892205545e-05
2929,18,train/loss,1.654086947441101
2929,18,train/lr,1.7984452229167785e-05
2930,18,train/loss,1.5357379913330078
2930,18,train/lr,1.795257760404771e-05
2931,18,train/loss,1.5109708309173584
2931,18,train/lr,1.792072506866589e-05
2932,18,train/loss,1.4555764198303223
2932,18,train/lr,1.7888894644977728e-05
2933,18,train/loss,1.4733383655548096
2933,18,train/lr,1.7857086354923343e-05
2934,18,train/loss,1.344463586807251
2934,18,train/lr,1.7825300220427687e-05
2935,18,train/loss,1.420546293258667
2935,18,train/lr,1.779353626340039e-05
2936,18,train/loss,1.470928430557251
2936,18,train/lr,1.7761794505735797e-05
2937,18,train/loss,1.2749706506729126
2937,18,train/lr,1.7730074969312955e-05
2938,18,train/loss,1.5453078746795654
2938,18,train/lr,1.76983776759956e-05
2939,18,train/loss,1.5827363729476929
2939,18,train/lr,1.766670264763213e-05
2940,18,train/loss,1.5127589702606201
2940,18,train/lr,1.7635049906055596e-05
2941,18,train/loss,1.3168396949768066
2941,18,train/lr,1.7603419473083693e-05
2942,18,train/loss,1.3842123746871948
2942,18,train/lr,1.7571811370518713e-05
2943,18,train/loss,1.49350905418396
2943,18,train/lr,1.7540225620147644e-05
2944,18,train/loss,1.5534776449203491
2944,18,train/lr,1.7508662243741937e-05
2945,18,train/loss,1.4125953912734985
2945,18,train/lr,1.747712126305769e-05
2946,18,train/loss,1.553128957748413
2946,18,train/lr,1.7445602699835612e-05
2947,18,train/loss,1.5229792594909668
2947,18,train/lr,1.7414106575800847e-05
2948,18,train/loss,1.553904414176941
2948,18,train/lr,1.738263291266315e-05
2949,18,train/loss,1.438761830329895
2949,18,train/lr,1.73511817321168e-05
2950,18,train/loss,1.5316792726516724
2950,18,train/lr,1.7319753055840553e-05
2951,18,train/loss,1.5203099250793457
2951,18,train/lr,1.7288346905497615e-05
2952,18,train/loss,1.747169852256775
2952,18,train/lr,1.725696330273575e-05
2953,18,train/loss,1.5115548372268677
2953,18,train/lr,1.722560226918712e-05
2954,18,train/loss,1.626547932624817
2954,18,train/lr,1.7194263826468354e-05
2955,18,train/loss,1.4425994157791138
2955,18,train/lr,1.7162947996180494e-05
2956,18,train/loss,1.5431349277496338
2956,18,train/lr,1.713165479990901e-05
2957,18,train/loss,1.4357399940490723
2957,18,train/lr,1.710038425922376e-05
2958,18,train/loss,1.3514586687088013
2958,18,train/lr,1.7069136395678997e-05
2959,18,train/loss,1.3486021757125854
2959,18,train/lr,1.703791123081333e-05
2960,18,train/loss,1.4335594177246094
2960,18,train/lr,1.7006708786149723e-05
2961,18,train/loss,1.3838727474212646
2961,18,train/lr,1.697552908319553e-05
2962,18,train/loss,1.5095295906066895
2962,18,train/lr,1.6944372143442326e-05
2963,18,train/loss,1.3873188495635986
2963,18,train/lr,1.691323798836607e-05
2964,18,train/loss,1.4831444025039673
2964,18,train/lr,1.688212663942705e-05
2965,18,train/loss,1.4899415969848633
2965,18,train/lr,1.68510381180697e-05
2966,18,train/loss,1.443772792816162
2966,18,train/lr,1.6819972445722877e-05
2967,18,train/loss,1.4845049381256104
2967,18,train/lr,1.6788929643799583e-05
2968,18,train/loss,1.5279484987258911
2968,18,train/lr,1.6757909733697092e-05
2969,18,train/loss,1.5631879568099976
2969,18,train/lr,1.67269127367969e-05
2970,18,train/loss,1.4578818082809448
2970,18,train/lr,1.6695938674464707e-05
2971,18,train/loss,1.6928696632385254
2971,18,train/lr,1.6664987568050393e-05
2972,18,train/loss,1.577878475189209
2972,18,train/lr,1.6634059438888033e-05
2973,18,train/loss,1.4693269729614258
2973,18,train/lr,1.6603154308295854e-05
2974,18,train/loss,1.5626847743988037
2974,18,train/lr,1.6572272197576226e-05
2975,18,train/loss,1.5617036819458008
2975,18,train/lr,1.654141312801567e-05
2976,18,train/loss,1.5383381843566895
2976,18,train/lr,1.6510577120884803e-05
2977,18,train/loss,1.5528422594070435
2977,18,train/lr,1.647976419743835e-05
2978,18,train/loss,1.5378817319869995
2978,18,train/lr,1.6448974378915127e-05
2979,18,train/loss,1.6341111660003662
2979,18,train/lr,1.6418207686538073e-05
2980,18,train/loss,1.5732089281082153
2980,18,train/lr,1.6387464141514076e-05
2981,18,train/loss,1.4305415153503418
2981,18,train/lr,1.6356743765034178e-05
2982,18,train/loss,1.4086568355560303
2982,18,train/lr,1.6326046578273396e-05
2983,18,train/loss,1.498066782951355
2983,18,train/lr,1.6295372602390767e-05
2984,18,train/loss,1.4479942321777344
2984,18,train/lr,1.6264721858529347e-05
2985,18,train/loss,1.64469313621521
2985,18,train/lr,1.623409436781616e-05
2986,18,train/loss,1.631195306777954
2986,18,train/lr,1.620349015136221e-05
2987,18,train/loss,1.6427903175354004
2987,18,train/lr,1.617290923026246e-05
2988,18,train/loss,1.5499577522277832
2988,18,train/lr,1.614235162559582e-05
2988,18,train/batches,331.0
2988,18,train/compute_pct,99.8941797397909
2988,18,train/compute_sec,34.25148334599726
2988,18,train/data_wait_pct,0.10582026020909821
2988,18,train/data_wait_sec,0.03628340399473018
2988,18,train/examples,5296.0
2988,18,train/examples_per_sec,154.457420298487
2988,18,train/input_tokens,625993.0
2988,18,train/peak_vram_gb,4.895360946655273
2988,18,train/target_tokens,424438.0
2988,18,train/tokens_per_sec,30635.73686962991
2988,18,train/total_sec,34.28776674999199
2988,18,train/epoch_loss,1.5148906009074785
2988,18,epoch18/batches,331.0
2988,18,epoch18/compute_pct,99.8941797397909
2988,18,epoch18/compute_sec,34.25148334599726
2988,18,epoch18/data_wait_pct,0.10582026020909821
2988,18,epoch18/data_wait_sec,0.03628340399473018
2988,18,epoch18/examples,5296.0
2988,18,epoch18/examples_per_sec,154.457420298487
2988,18,epoch18/input_tokens,625993.0
2988,18,epoch18/peak_vram_gb,4.895360946655273
2988,18,epoch18/target_tokens,424438.0
2988,18,epoch18/tokens_per_sec,30635.73686962991
2988,18,epoch18/total_sec,34.28776674999199
2988,18,val/bleu,17.415807850349864
2988,18,val/chrf,38.122931361913906
2988,18,val/combined,25.76706516643231
2988,18,val/eval_peak_vram_gb,4.895360946655273
2988,18,val/eval_samples_per_sec,12.908123966261781
2988,18,val/eval_seconds,46.24994317999972
2988,18,val/eval_tokens_per_sec,3710.2748284933364
2989,19,train/loss,1.4895917177200317
2989,19,train/lr,1.6111817358425112e-05
2990,19,train/loss,1.497836709022522
2990,19,train/lr,1.6081306449797085e-05
2991,19,train/loss,1.5884430408477783
2991,19,train/lr,1.605081892074239e-05
2992,19,train/loss,1.538027286529541
2992,19,train/lr,1.6020354792275548e-05
2993,19,train/loss,1.41526460647583
2993,19,train/lr,1.598991408539497e-05
2994,19,train/loss,1.4377877712249756
2994,19,train/lr,1.5959496821082905e-05
2995,19,train/loss,1.484845519065857
2995,19,train/lr,1.592910302030544e-05
2996,19,train/loss,1.4031070470809937
2996,19,train/lr,1.589873270401253e-05
2997,19,train/loss,1.5912652015686035
2997,19,train/lr,1.5868385893137917e-05
2998,19,train/loss,1.4557747840881348
2998,19,train/lr,1.5838062608599084e-05
2999,19,train/loss,1.546813726425171
2999,19,train/lr,1.58077628712974e-05
3000,19,train/loss,1.558664321899414
3000,19,train/lr,1.5777486702117937e-05
3001,19,train/loss,1.5167944431304932
3001,19,train/lr,1.5747234121929543e-05
3002,19,train/loss,1.610582709312439
3002,19,train/lr,1.5717005151584795e-05
3003,19,train/loss,1.4214608669281006
3003,19,train/lr,1.568679981192001e-05
3004,19,train/loss,1.4837284088134766
3004,19,train/lr,1.5656618123755208e-05
3005,19,train/loss,1.4978139400482178
3005,19,train/lr,1.562646010789411e-05
3006,19,train/loss,1.487195611000061
3006,19,train/lr,1.5596325785124116e-05
3007,19,train/loss,1.38986337184906
3007,19,train/lr,1.55662151762163e-05
3008,19,train/loss,1.5942139625549316
3008,19,train/lr,1.5536128301925384e-05
3009,19,train/loss,1.573624610900879
3009,19,train/lr,1.5506065182989737e-05
3010,19,train/loss,1.5782742500305176
3010,19,train/lr,1.5476025840131337e-05
3011,19,train/loss,1.5196020603179932
3011,19,train/lr,1.544601029405583e-05
3012,19,train/loss,1.576794981956482
3012,19,train/lr,1.5416018565452374e-05
3013,19,train/loss,1.6776584386825562
3013,19,train/lr,1.538605067499375e-05
3014,19,train/loss,1.6173779964447021
3014,19,train/lr,1.5356106643336343e-05
3015,19,train/loss,1.5550535917282104
3015,19,train/lr,1.5326186491120065e-05
3016,19,train/loss,1.5705821514129639
3016,19,train/lr,1.5296290238968303e-05
3017,19,train/loss,1.5374577045440674
3017,19,train/lr,1.5266417907488094e-05
3018,19,train/loss,1.4404406547546387
3018,19,train/lr,1.5236569517269895e-05
3019,19,train/loss,1.51446533203125
3019,19,train/lr,1.5206745088887698e-05
3020,19,train/loss,1.4842251539230347
3020,19,train/lr,1.517694464289896e-05
3021,19,train/loss,1.6212499141693115
3021,19,train/lr,1.5147168199844624e-05
3022,19,train/loss,1.5400550365447998
3022,19,train/lr,1.5117415780249083e-05
3023,19,train/loss,1.5337932109832764
3023,19,train/lr,1.508768740462016e-05
3024,19,train/loss,1.4167346954345703
3024,19,train/lr,1.5057983093449124e-05
3025,19,train/loss,1.461605191230774
3025,19,train/lr,1.5028302867210626e-05
3026,19,train/loss,1.5294113159179688
3026,19,train/lr,1.4998646746362788e-05
3027,19,train/loss,1.451293706893921
3027,19,train/lr,1.496901475134701e-05
3028,19,train/loss,1.5342220067977905
3028,19,train/lr,1.4939406902588127e-05
3029,19,train/loss,1.6223974227905273
3029,19,train/lr,1.4909823220494357e-05
3030,19,train/loss,1.3505200147628784
3030,19,train/lr,1.4880263725457188e-05
3031,19,train/loss,1.4775669574737549
3031,19,train/lr,1.485072843785147e-05
3032,19,train/loss,1.4871405363082886
3032,19,train/lr,1.4821217378035396e-05
3033,19,train/loss,1.3886890411376953
3033,19,train/lr,1.4791730566350436e-05
3034,19,train/loss,1.7291200160980225
3034,19,train/lr,1.4762268023121301e-05
3035,19,train/loss,1.4696483612060547
3035,19,train/lr,1.4732829768656053e-05
3036,19,train/loss,1.5299620628356934
3036,19,train/lr,1.470341582324597e-05
3037,19,train/loss,1.6069223880767822
3037,19,train/lr,1.4674026207165575e-05
3038,19,train/loss,1.6104931831359863
3038,19,train/lr,1.4644660940672627e-05
3039,19,train/loss,1.5959746837615967
3039,19,train/lr,1.4615320044008102e-05
3040,19,train/loss,1.7488442659378052
3040,19,train/lr,1.458600353739617e-05
3041,19,train/loss,1.617898941040039
3041,19,train/lr,1.4556711441044202e-05
3042,19,train/loss,1.6507633924484253
3042,19,train/lr,1.452744377514274e-05
3043,19,train/loss,1.5259945392608643
3043,19,train/lr,1.449820055986546e-05
3044,19,train/loss,1.4744571447372437
3044,19,train/lr,1.446898181536926e-05
3045,19,train/loss,1.539989709854126
3045,19,train/lr,1.4439787561794067e-05
3046,19,train/loss,1.4673476219177246
3046,19,train/lr,1.441061781926299e-05
3047,19,train/loss,1.5539244413375854
3047,19,train/lr,1.4381472607882252e-05
3048,19,train/loss,1.40018892288208
3048,19,train/lr,1.4352351947741149e-05
3049,19,train/loss,1.5602076053619385
3049,19,train/lr,1.4323255858912011e-05
3050,19,train/loss,1.509706735610962
3050,19,train/lr,1.429418436145032e-05
3051,19,train/loss,1.3339178562164307
3051,19,train/lr,1.4265137475394546e-05
3052,19,train/loss,1.582407832145691
3052,19,train/lr,1.4236115220766183e-05
3053,19,train/loss,1.5260757207870483
3053,19,train/lr,1.4207117617569804e-05
3054,19,train/loss,1.4432833194732666
3054,19,train/lr,1.4178144685792954e-05
3055,19,train/loss,1.5041449069976807
3055,19,train/lr,1.414919644540617e-05
3056,19,train/loss,1.4953687191009521
3056,19,train/lr,1.4120272916362981e-05
3057,19,train/loss,1.522866129875183
3057,19,train/lr,1.4091374118599875e-05
3058,19,train/loss,1.506201982498169
3058,19,train/lr,1.40625000720363e-05
3059,19,train/loss,1.523928165435791
3059,19,train/lr,1.4033650796574643e-05
3060,19,train/loss,1.5809080600738525
3060,19,train/lr,1.4004826312100216e-05
3061,19,train/loss,1.5600987672805786
3061,19,train/lr,1.397602663848122e-05
3062,19,train/loss,1.6154136657714844
3062,19,train/lr,1.3947251795568828e-05
3063,19,train/loss,1.6609845161437988
3063,19,train/lr,1.3918501803196993e-05
3064,19,train/loss,1.361586093902588
3064,19,train/lr,1.3889776681182593e-05
3065,19,train/loss,1.5160528421401978
3065,19,train/lr,1.3861076449325394e-05
3066,19,train/loss,1.5801453590393066
3066,19,train/lr,1.3832401127407973e-05
3067,19,train/loss,1.4856274127960205
3067,19,train/lr,1.3803750735195692e-05
3068,19,train/loss,1.5859475135803223
3068,19,train/lr,1.3775125292436819e-05
3069,19,train/loss,1.6001968383789062
3069,19,train/lr,1.3746524818862361e-05
3070,19,train/loss,1.6446733474731445
3070,19,train/lr,1.3717949334186148e-05
3071,19,train/loss,1.4446358680725098
3071,19,train/lr,1.3689398858104751e-05
3072,19,train/loss,1.4812880754470825
3072,19,train/lr,1.3660873410297543e-05
3073,19,train/loss,1.40852952003479
3073,19,train/lr,1.3632373010426608e-05
3074,19,train/loss,1.4211167097091675
3074,19,train/lr,1.3603897678136796e-05
3075,19,train/loss,1.4721177816390991
3075,19,train/lr,1.357544743305566e-05
3076,19,train/loss,1.581052303314209
3076,19,train/lr,1.3547022294793466e-05
3077,19,train/loss,1.436852216720581
3077,19,train/lr,1.3518622282943167e-05
3078,19,train/loss,1.2666311264038086
3078,19,train/lr,1.3490247417080414e-05
3079,19,train/loss,1.3591594696044922
3079,19,train/lr,1.3461897716763494e-05
3080,19,train/loss,1.4304113388061523
3080,19,train/lr,1.3433573201533417e-05
3081,19,train/loss,1.4846904277801514
3081,19,train/lr,1.340527389091374e-05
3082,19,train/loss,1.380201816558838
3082,19,train/lr,1.337699980441069e-05
3083,19,train/loss,1.4912593364715576
3083,19,train/lr,1.334875096151314e-05
3084,19,train/loss,1.474460244178772
3084,19,train/lr,1.3320527381692522e-05
3085,19,train/loss,1.4623119831085205
3085,19,train/lr,1.329232908440286e-05
3086,19,train/loss,1.5798535346984863
3086,19,train/lr,1.3264156089080753e-05
3087,19,train/loss,1.6767919063568115
3087,19,train/lr,1.3236008415145373e-05
3088,19,train/loss,1.580517292022705
3088,19,train/lr,1.3207886081998421e-05
3089,19,train/loss,1.603096842765808
3089,19,train/lr,1.3179789109024144e-05
3090,19,train/loss,1.4925572872161865
3090,19,train/lr,1.3151717515589295e-05
3091,19,train/loss,1.5085558891296387
3091,19,train/lr,1.3123671321043151e-05
3092,19,train/loss,1.5839860439300537
3092,19,train/lr,1.309565054471747e-05
3093,19,train/loss,1.635072946548462
3093,19,train/lr,1.3067655205926488e-05
3094,19,train/loss,1.651036262512207
3094,19,train/lr,1.3039685323966916e-05
3095,19,train/loss,1.6115481853485107
3095,19,train/lr,1.301174091811791e-05
3096,19,train/loss,1.4221711158752441
3096,19,train/lr,1.2983822007641072e-05
3097,19,train/loss,1.5390970706939697
3097,19,train/lr,1.2955928611780411e-05
3098,19,train/loss,1.5587637424468994
3098,19,train/lr,1.2928060749762416e-05
3099,19,train/loss,1.5703275203704834
3099,19,train/lr,1.2900218440795857e-05
3100,19,train/loss,1.3832330703735352
3100,19,train/lr,1.2872401704072012e-05
3101,19,train/loss,1.4400923252105713
3101,19,train/lr,1.2844610558764464e-05
3102,19,train/loss,1.4753453731536865
3102,19,train/lr,1.2816845024029173e-05
3103,19,train/loss,1.4185388088226318
3103,19,train/lr,1.278910511900444e-05
3104,19,train/loss,1.403200626373291
3104,19,train/lr,1.2761390862810907e-05
3105,19,train/loss,1.4906461238861084
3105,19,train/lr,1.2733702274551546e-05
3106,19,train/loss,1.4465540647506714
3106,19,train/lr,1.2706039373311613e-05
3107,19,train/loss,1.4666565656661987
3107,19,train/lr,1.2678402178158672e-05
3108,19,train/loss,1.5512917041778564
3108,19,train/lr,1.2650790708142573e-05
3109,19,train/loss,1.5083341598510742
3109,19,train/lr,1.2623204982295427e-05
3110,19,train/loss,1.5767878293991089
3110,19,train/lr,1.2595645019631603e-05
3111,19,train/loss,1.57569420337677
3111,19,train/lr,1.2568110839147706e-05
3112,19,train/loss,1.569843053817749
3112,19,train/lr,1.254060245982256e-05
3113,19,train/loss,1.5217010974884033
3113,19,train/lr,1.2513119900617265e-05
3114,19,train/loss,1.4755492210388184
3114,19,train/lr,1.2485663180475017e-05
3115,19,train/loss,1.6043493747711182
3115,19,train/lr,1.2458232318321305e-05
3116,19,train/loss,1.5498194694519043
3116,19,train/lr,1.2430827333063755e-05
3117,19,train/loss,1.5648739337921143
3117,19,train/lr,1.2403448243592103e-05
3118,19,train/loss,1.5264778137207031
3118,19,train/lr,1.2376095068778338e-05
3119,19,train/loss,1.3901240825653076
3119,19,train/lr,1.2348767827476516e-05
3120,19,train/loss,1.4974651336669922
3120,19,train/lr,1.232146653852283e-05
3121,19,train/loss,1.4825884103775024
3121,19,train/lr,1.2294191220735595e-05
3122,19,train/loss,1.5389541387557983
3122,19,train/lr,1.2266941892915218e-05
3123,19,train/loss,1.4945772886276245
3123,19,train/lr,1.2239718573844195e-05
3124,19,train/loss,1.5353639125823975
3124,19,train/lr,1.2212521282287092e-05
3125,19,train/loss,1.4098334312438965
3125,19,train/lr,1.2185350036990534e-05
3126,19,train/loss,1.373445987701416
3126,19,train/lr,1.2158204856683176e-05
3127,19,train/loss,1.3824650049209595
3127,19,train/lr,1.2131085760075778e-05
3128,19,train/loss,1.5194131135940552
3128,19,train/lr,1.2103992765861017e-05
3129,19,train/loss,1.3239325284957886
3129,19,train/lr,1.2076925892713625e-05
3130,19,train/loss,1.4101169109344482
3130,19,train/lr,1.2049885159290375e-05
3131,19,train/loss,1.543867826461792
3131,19,train/lr,1.2022870584229973e-05
3132,19,train/loss,1.4776307344436646
3132,19,train/lr,1.1995882186153056e-05
3133,19,train/loss,1.5672602653503418
3133,19,train/lr,1.1968919983662308e-05
3134,19,train/loss,1.5008482933044434
3134,19,train/lr,1.1941983995342315e-05
3135,19,train/loss,1.4737708568572998
3135,19,train/lr,1.191507423975955e-05
3136,19,train/loss,1.5600223541259766
3136,19,train/lr,1.1888190735462484e-05
3137,19,train/loss,1.5840888023376465
3137,19,train/lr,1.1861333500981448e-05
3138,19,train/loss,1.564293622970581
3138,19,train/lr,1.1834502554828663e-05
3139,19,train/loss,1.735978603363037
3139,19,train/lr,1.1807697915498245e-05
3140,19,train/loss,1.5898505449295044
3140,19,train/lr,1.1780919601466173e-05
3141,19,train/loss,1.6252704858779907
3141,19,train/lr,1.1754167631190272e-05
3142,19,train/loss,1.4121510982513428
3142,19,train/lr,1.172744202311023e-05
3143,19,train/loss,1.493948221206665
3143,19,train/lr,1.1700742795647534e-05
3144,19,train/loss,1.5919013023376465
3144,19,train/lr,1.1674069967205503e-05
3145,19,train/loss,1.5169707536697388
3145,19,train/lr,1.164742355616929e-05
3146,19,train/loss,1.4975587129592896
3146,19,train/lr,1.1620803580905775e-05
3147,19,train/loss,1.5189926624298096
3147,19,train/lr,1.1594210059763649e-05
3148,19,train/loss,1.441481351852417
3148,19,train/lr,1.1567643011073392e-05
3149,19,train/loss,1.4846179485321045
3149,19,train/lr,1.1541102453147223e-05
3150,19,train/loss,1.4658061265945435
3150,19,train/lr,1.1514588404279048e-05
3151,19,train/loss,1.6260371208190918
3151,19,train/lr,1.1488100882744579e-05
3152,19,train/loss,1.506557583808899
3152,19,train/lr,1.1461639906801226e-05
3153,19,train/loss,1.6422438621520996
3153,19,train/lr,1.1435205494688033e-05
3154,19,train/loss,1.68089759349823
3154,19,train/lr,1.140879766462583e-05
3154,19,train/batches,331.0
3154,19,train/compute_pct,99.89628246945558
3154,19,train/compute_sec,33.79353351800364
3154,19,train/data_wait_pct,0.10371753054442143
3154,19,train/data_wait_sec,0.035086208998109214
3154,19,train/examples,5296.0
3154,19,train/examples_per_sec,156.55383053576887
3154,19,train/input_tokens,625993.0
3154,19,train/peak_vram_gb,4.895360946655273
3154,19,train/target_tokens,424690.0
3154,19,train/tokens_per_sec,31058.99704093906
3154,19,train/total_sec,33.82861972700175
3154,19,train/epoch_loss,1.5127959820439087
3154,19,epoch19/batches,331.0
3154,19,epoch19/compute_pct,99.89628246945558
3154,19,epoch19/compute_sec,33.79353351800364
3154,19,epoch19/data_wait_pct,0.10371753054442143
3154,19,epoch19/data_wait_sec,0.035086208998109214
3154,19,epoch19/examples,5296.0
3154,19,epoch19/examples_per_sec,156.55383053576887
3154,19,epoch19/input_tokens,625993.0
3154,19,epoch19/peak_vram_gb,4.895360946655273
3154,19,epoch19/target_tokens,424690.0
3154,19,epoch19/tokens_per_sec,31058.99704093906
3154,19,epoch19/total_sec,33.82861972700175
3154,19,val/bleu,18.04024385496925
3154,19,val/chrf,38.213283751581514
3154,19,val/combined,26.255988981138472
3154,19,val/eval_peak_vram_gb,4.895360946655273
3154,19,val/eval_samples_per_sec,13.60521408757047
3154,19,val/eval_seconds,43.88023563299976
3154,19,val/eval_tokens_per_sec,3810.0068877996337
3155,20,train/loss,1.474999189376831
3155,20,train/lr,1.1382416434817067e-05
3156,20,train/loss,1.3971965312957764
3156,20,train/lr,1.135606182344588e-05
3157,20,train/loss,1.6112576723098755
3157,20,train/lr,1.1329733848678037e-05
3158,20,train/loss,1.574415922164917
3158,20,train/lr,1.1303432528660967e-05
3159,20,train/loss,1.524539828300476
3159,20,train/lr,1.127715788152372e-05
3160,20,train/loss,1.466031551361084
3160,20,train/lr,1.1250909925376963e-05
3161,20,train/loss,1.4253848791122437
3161,20,train/lr,1.1224688678312944e-05
3162,20,train/loss,1.3305537700653076
3162,20,train/lr,1.1198494158405525e-05
3163,20,train/loss,1.552634596824646
3163,20,train/lr,1.117232638371017e-05
3164,20,train/loss,1.5628228187561035
3164,20,train/lr,1.114618537226384e-05
3165,20,train/loss,1.452530860900879
3165,20,train/lr,1.112007114208508e-05
3166,20,train/loss,1.3772566318511963
3166,20,train/lr,1.109398371117401e-05
3167,20,train/loss,1.6244025230407715
3167,20,train/lr,1.1067923097512256e-05
3168,20,train/loss,1.5103505849838257
3168,20,train/lr,1.1041889319062898e-05
3169,20,train/loss,1.4764702320098877
3169,20,train/lr,1.1015882393770621e-05
3170,20,train/loss,1.4039697647094727
3170,20,train/lr,1.0989902339561553e-05
3171,20,train/loss,1.4822829961776733
3171,20,train/lr,1.0963949174343258e-05
3172,20,train/loss,1.543846607208252
3172,20,train/lr,1.0938022916004847e-05
3173,20,train/loss,1.3953580856323242
3173,20,train/lr,1.0912123582416827e-05
3174,20,train/loss,1.4960815906524658
3174,20,train/lr,1.0886251191431174e-05
3175,20,train/loss,1.4889562129974365
3175,20,train/lr,1.0860405760881276e-05
3176,20,train/loss,1.5909310579299927
3176,20,train/lr,1.083458730858195e-05
3177,20,train/loss,1.4111731052398682
3177,20,train/lr,1.080879585232939e-05
3178,20,train/loss,1.5544238090515137
3178,20,train/lr,1.078303140990125e-05
3179,20,train/loss,1.5675534009933472
3179,20,train/lr,1.0757293999056478e-05
3180,20,train/loss,1.4171292781829834
3180,20,train/lr,1.073158363753543e-05
3181,20,train/loss,1.539954662322998
3181,20,train/lr,1.0705900343059855e-05
3182,20,train/loss,1.7119228839874268
3182,20,train/lr,1.0680244133332768e-05
3183,20,train/loss,1.6474823951721191
3183,20,train/lr,1.065461502603855e-05
3184,20,train/loss,1.470646619796753
3184,20,train/lr,1.0629013038842939e-05
3185,20,train/loss,1.5728156566619873
3185,20,train/lr,1.060343818939294e-05
3186,20,train/loss,1.4950922727584839
3186,20,train/lr,1.0577890495316822e-05
3187,20,train/loss,1.5031249523162842
3187,20,train/lr,1.0552369974224208e-05
3188,20,train/loss,1.4503086805343628
3188,20,train/lr,1.0526876643705946e-05
3189,20,train/loss,1.5233180522918701
3189,20,train/lr,1.0501410521334142e-05
3190,20,train/loss,1.3818973302841187
3190,20,train/lr,1.0475971624662167e-05
3191,20,train/loss,1.3869082927703857
3191,20,train/lr,1.0450559971224615e-05
3192,20,train/loss,1.4045166969299316
3192,20,train/lr,1.0425175578537299e-05
3193,20,train/loss,1.4644813537597656
3193,20,train/lr,1.039981846409725e-05
3194,20,train/loss,1.3801066875457764
3194,20,train/lr,1.0374488645382679e-05
3195,20,train/loss,1.5398313999176025
3195,20,train/lr,1.0349186139852996e-05
3196,20,train/loss,1.5973484516143799
3196,20,train/lr,1.0323910964948824e-05
3197,20,train/loss,1.3967552185058594
3197,20,train/lr,1.0298663138091858e-05
3198,20,train/loss,1.4566899538040161
3198,20,train/lr,1.0273442676684991e-05
3199,20,train/loss,1.4455294609069824
3199,20,train/lr,1.0248249598112302e-05
3200,20,train/loss,1.4305386543273926
3200,20,train/lr,1.0223083919738907e-05
3201,20,train/loss,1.5859460830688477
3201,20,train/lr,1.0197945658911072e-05
3202,20,train/loss,1.5419178009033203
3202,20,train/lr,1.0172834832956201e-05
3203,20,train/loss,1.5998849868774414
3203,20,train/lr,1.0147751459182736e-05
3204,20,train/loss,1.6273550987243652
3204,20,train/lr,1.0122695554880218e-05
3205,20,train/loss,1.556931972503662
3205,20,train/lr,1.0097667137319255e-05
3206,20,train/loss,1.5236222743988037
3206,20,train/lr,1.0072666223751498e-05
3207,20,train/loss,1.5060176849365234
3207,20,train/lr,1.0047692831409655e-05
3208,20,train/loss,1.4735246896743774
3208,20,train/lr,1.0022746977507459e-05
3209,20,train/loss,1.6273772716522217
3209,20,train/lr,9.997828679239647e-06
3210,20,train/loss,1.5471112728118896
3210,20,train/lr,9.972937953781986e-06
3211,20,train/loss,1.5626240968704224
3211,20,train/lr,9.94807481829122e-06
3212,20,train/loss,1.4952057600021362
3212,20,train/lr,9.923239289905083e-06
3213,20,train/loss,1.681484580039978
3213,20,train/lr,9.898431385742263e-06
3214,20,train/loss,1.5135560035705566
3214,20,train/lr,9.873651122902472e-06
3215,20,train/loss,1.4616683721542358
3215,20,train/lr,9.848898518466266e-06
3216,20,train/loss,1.4663538932800293
3216,20,train/lr,9.8241735894952e-06
3217,20,train/loss,1.3334088325500488
3217,20,train/lr,9.799476353031778e-06
3218,20,train/loss,1.3111580610275269
3218,20,train/lr,9.77480682609933e-06
3219,20,train/loss,1.3494094610214233
3219,20,train/lr,9.75016502570218e-06
3220,20,train/loss,1.4638690948486328
3220,20,train/lr,9.72555096882548e-06
3221,20,train/loss,1.4281203746795654
3221,20,train/lr,9.700964672435281e-06
3222,20,train/loss,1.4855422973632812
3222,20,train/lr,9.676406153478495e-06
3223,20,train/loss,1.3998403549194336
3223,20,train/lr,9.651875428882885e-06
3224,20,train/loss,1.5640242099761963
3224,20,train/lr,9.62737251555706e-06
3225,20,train/loss,1.5189237594604492
3225,20,train/lr,9.602897430390457e-06
3226,20,train/loss,1.5465903282165527
3226,20,train/lr,9.57845019025333e-06
3227,20,train/loss,1.619093656539917
3227,20,train/lr,9.554030811996745e-06
3228,20,train/loss,1.5251803398132324
3228,20,train/lr,9.52963931245256e-06
3229,20,train/loss,1.5417816638946533
3229,20,train/lr,9.50527570843342e-06
3230,20,train/loss,1.638526439666748
3230,20,train/lr,9.48094001673272e-06
3231,20,train/loss,1.5723780393600464
3231,20,train/lr,9.456632254124664e-06
3232,20,train/loss,1.6965737342834473
3232,20,train/lr,9.432352437364173e-06
3233,20,train/loss,1.584173321723938
3233,20,train/lr,9.408100583186874e-06
3234,20,train/loss,1.6231319904327393
3234,20,train/lr,9.383876708309186e-06
3235,20,train/loss,1.3737916946411133
3235,20,train/lr,9.35968082942822e-06
3236,20,train/loss,1.4951934814453125
3236,20,train/lr,9.335512963221732e-06
3237,20,train/loss,1.5088063478469849
3237,20,train/lr,9.31137312634826e-06
3238,20,train/loss,1.5422122478485107
3238,20,train/lr,9.287261335446967e-06
3239,20,train/loss,1.5910855531692505
3239,20,train/lr,9.26317760713769e-06
3240,20,train/loss,1.6776620149612427
3240,20,train/lr,9.239121958020942e-06
3241,20,train/loss,1.4518499374389648
3241,20,train/lr,9.215094404677859e-06
3242,20,train/loss,1.367954134941101
3242,20,train/lr,9.191094963670227e-06
3243,20,train/loss,1.4204254150390625
3243,20,train/lr,9.167123651540444e-06
3244,20,train/loss,1.4246470928192139
3244,20,train/lr,9.14318048481152e-06
3245,20,train/loss,1.5217499732971191
3245,20,train/lr,9.119265479987071e-06
3246,20,train/loss,1.5261743068695068
3246,20,train/lr,9.095378653551322e-06
3247,20,train/loss,1.5620980262756348
3247,20,train/lr,9.071520021969027e-06
3248,20,train/loss,1.6144003868103027
3248,20,train/lr,9.047689601685522e-06
3249,20,train/loss,1.4577982425689697
3249,20,train/lr,9.02388740912674e-06
3250,20,train/loss,1.510047435760498
3250,20,train/lr,9.000113460699117e-06
3251,20,train/loss,1.5905265808105469
3251,20,train/lr,8.97636777278959e-06
3252,20,train/loss,1.5133252143859863
3252,20,train/lr,8.952650361765696e-06
3253,20,train/loss,1.5745984315872192
3253,20,train/lr,8.928961243975437e-06
3254,20,train/loss,1.5626769065856934
3254,20,train/lr,8.905300435747276e-06
3255,20,train/loss,1.4832093715667725
3255,20,train/lr,8.881667953390244e-06
3256,20,train/loss,1.6193790435791016
3256,20,train/lr,8.858063813193789e-06
3257,20,train/loss,1.575793743133545
3257,20,train/lr,8.83448803142784e-06
3258,20,train/loss,1.441176176071167
3258,20,train/lr,8.810940624342785e-06
3259,20,train/loss,1.6661126613616943
3259,20,train/lr,8.787421608169438e-06
3260,20,train/loss,1.5433721542358398
3260,20,train/lr,8.763930999119046e-06
3261,20,train/loss,1.5816314220428467
3261,20,train/lr,8.740468813383323e-06
3262,20,train/loss,1.4534993171691895
3262,20,train/lr,8.717035067134306e-06
3263,20,train/loss,1.4868521690368652
3263,20,train/lr,8.693629776524482e-06
3264,20,train/loss,1.3330092430114746
3264,20,train/lr,8.670252957686747e-06
3265,20,train/loss,1.5257518291473389
3265,20,train/lr,8.646904626734304e-06
3266,20,train/loss,1.4357075691223145
3266,20,train/lr,8.623584799760765e-06
3267,20,train/loss,1.494938850402832
3267,20,train/lr,8.6002934928401e-06
3268,20,train/loss,1.4988398551940918
3268,20,train/lr,8.577030722026618e-06
3269,20,train/loss,1.3475384712219238
3269,20,train/lr,8.553796503354899e-06
3270,20,train/loss,1.4489002227783203
3270,20,train/lr,8.530590852839938e-06
3271,20,train/loss,1.3048897981643677
3271,20,train/lr,8.507413786476986e-06
3272,20,train/loss,1.3372739553451538
3272,20,train/lr,8.484265320241563e-06
3273,20,train/loss,1.4464111328125
3273,20,train/lr,8.46114547008955e-06
3274,20,train/loss,1.4326523542404175
3274,20,train/lr,8.438054251957039e-06
3275,20,train/loss,1.3909509181976318
3275,20,train/lr,8.414991681760421e-06
3276,20,train/loss,1.5875773429870605
3276,20,train/lr,8.391957775396326e-06
3277,20,train/loss,1.4666435718536377
3277,20,train/lr,8.368952548741626e-06
3278,20,train/loss,1.6735765933990479
3278,20,train/lr,8.345976017653429e-06
3279,20,train/loss,1.6208148002624512
3279,20,train/lr,8.32302819796909e-06
3280,20,train/loss,1.656388282775879
3280,20,train/lr,8.30010910550611e-06
3281,20,train/loss,1.5362863540649414
3281,20,train/lr,8.277218756062232e-06
3282,20,train/loss,1.5569326877593994
3282,20,train/lr,8.25435716541541e-06
3283,20,train/loss,1.5302180051803589
3283,20,train/lr,8.23152434932372e-06
3284,20,train/loss,1.5259158611297607
3284,20,train/lr,8.208720323525426e-06
3285,20,train/loss,1.6605675220489502
3285,20,train/lr,8.185945103738968e-06
3286,20,train/loss,1.6369967460632324
3286,20,train/lr,8.163198705662923e-06
3287,20,train/loss,1.5097088813781738
3287,20,train/lr,8.140481144975953e-06
3288,20,train/loss,1.4498953819274902
3288,20,train/lr,8.117792437336924e-06
3289,20,train/loss,1.4337854385375977
3289,20,train/lr,8.09513259838477e-06
3290,20,train/loss,1.4915722608566284
3290,20,train/lr,8.072501643738484e-06
3291,20,train/loss,1.5658371448516846
3291,20,train/lr,8.049899588997244e-06
3292,20,train/loss,1.5123603343963623
3292,20,train/lr,8.027326449740236e-06
3293,20,train/loss,1.3839223384857178
3293,20,train/lr,8.004782241526748e-06
3294,20,train/loss,1.4165019989013672
3294,20,train/lr,7.982266979896108e-06
3295,20,train/loss,1.4107012748718262
3295,20,train/lr,7.959780680367702e-06
3296,20,train/loss,1.5301320552825928
3296,20,train/lr,7.937323358440935e-06
3297,20,train/loss,1.419406533241272
3297,20,train/lr,7.914895029595293e-06
3298,20,train/loss,1.5175917148590088
3298,20,train/lr,7.892495709290203e-06
3299,20,train/loss,1.5009009838104248
3299,20,train/lr,7.870125412965134e-06
3300,20,train/loss,1.639500379562378
3300,20,train/lr,7.847784156039579e-06
3301,20,train/loss,1.5251951217651367
3301,20,train/lr,7.825471953912944e-06
3302,20,train/loss,1.5607857704162598
3302,20,train/lr,7.803188821964652e-06
3303,20,train/loss,1.6170477867126465
3303,20,train/lr,7.780934775554105e-06
3304,20,train/loss,1.6718761920928955
3304,20,train/lr,7.758709830020638e-06
3305,20,train/loss,1.4827873706817627
3305,20,train/lr,7.736514000683487e-06
3306,20,train/loss,1.5170459747314453
3306,20,train/lr,7.714347302841896e-06
3307,20,train/loss,1.5451407432556152
3307,20,train/lr,7.69220975177497e-06
3308,20,train/loss,1.547417402267456
3308,20,train/lr,7.670101362741743e-06
3309,20,train/loss,1.3691349029541016
3309,20,train/lr,7.64802215098116e-06
3310,20,train/loss,1.4155468940734863
3310,20,train/lr,7.625972131712028e-06
3311,20,train/loss,1.3702216148376465
3311,20,train/lr,7.603951320133057e-06
3312,20,train/loss,1.454308032989502
3312,20,train/lr,7.581959731422811e-06
3313,20,train/loss,1.5831247568130493
3313,20,train/lr,7.559997380739714e-06
3314,20,train/loss,1.4288759231567383
3314,20,train/lr,7.5380642832220234e-06
3315,20,train/loss,1.3903236389160156
3315,20,train/lr,7.516160453987886e-06
3316,20,train/loss,1.3992739915847778
3316,20,train/lr,7.494285908135201e-06
3317,20,train/loss,1.5766303539276123
3317,20,train/lr,7.472440660741714e-06
3318,20,train/loss,1.453270435333252
3318,20,train/lr,7.450624726865018e-06
3319,20,train/loss,1.6443312168121338
3319,20,train/lr,7.428838121542425e-06
3320,20,train/loss,1.5706138610839844
3320,20,train/lr,7.407080859791066e-06
3320,20,train/batches,331.0
3320,20,train/compute_pct,99.88913072616903
3320,20,train/compute_sec,33.65316857500238
3320,20,train/data_wait_pct,0.11086927383096833
3320,20,train/data_wait_sec,0.037352435994762345
3320,20,train/examples,5296.0
3320,20,train/examples_per_sec,157.19555059036628
3320,20,train/input_tokens,625993.0
3320,20,train/peak_vram_gb,4.895360946655273
3320,20,train/target_tokens,424700.0
3320,20,train/tokens_per_sec,31186.60586035569
3320,20,train/total_sec,33.690521010997145
3320,20,train/epoch_loss,1.507045092179336
3320,20,epoch20/batches,331.0
3320,20,epoch20/compute_pct,99.88913072616903
3320,20,epoch20/compute_sec,33.65316857500238
3320,20,epoch20/data_wait_pct,0.11086927383096833
3320,20,epoch20/data_wait_sec,0.037352435994762345
3320,20,epoch20/examples,5296.0
3320,20,epoch20/examples_per_sec,157.19555059036628
3320,20,epoch20/input_tokens,625993.0
3320,20,epoch20/peak_vram_gb,4.895360946655273
3320,20,epoch20/target_tokens,424700.0
3320,20,epoch20/tokens_per_sec,31186.60586035569
3320,20,epoch20/total_sec,33.690521010997145
3320,20,val/bleu,18.61040486309756
3320,20,val/chrf,38.43981060267936
3320,20,val/combined,26.746596758777613
3320,20,val/eval_peak_vram_gb,4.895360946655273
3320,20,val/eval_samples_per_sec,13.232111303514685
3320,20,val/eval_seconds,45.11751649500002
3320,20,val/eval_tokens_per_sec,3700.5582968757317
3321,21,train/loss,1.621382474899292
3321,21,train/lr,7.385352956607872e-06
3322,21,train/loss,1.5824439525604248
3322,21,train/lr,7.363654426969502e-06
3323,21,train/loss,1.6255854368209839
3323,21,train/lr,7.341985285832381e-06
3324,21,train/loss,1.5520811080932617
3324,21,train/lr,7.320345548132679e-06
3325,21,train/loss,1.601240634918213
3325,21,train/lr,7.298735228786291e-06
3326,21,train/loss,1.5184195041656494
3326,21,train/lr,7.277154342688846e-06
3327,21,train/loss,1.4244189262390137
3327,21,train/lr,7.255602904715669e-06
3328,21,train/loss,1.3952211141586304
3328,21,train/lr,7.234080929721804e-06
3329,21,train/loss,1.3716316223144531
3329,21,train/lr,7.212588432541972e-06
3330,21,train/loss,1.5762604475021362
3330,21,train/lr,7.191125427990586e-06
3331,21,train/loss,1.4904985427856445
3331,21,train/lr,7.169691930861733e-06
3332,21,train/loss,1.4939452409744263
3332,21,train/lr,7.148287955929134e-06
3333,21,train/loss,1.3460361957550049
3333,21,train/lr,7.126913517946221e-06
3334,21,train/loss,1.4705134630203247
3334,21,train/lr,7.105568631645976e-06
3335,21,train/loss,1.4251611232757568
3335,21,train/lr,7.084253311741101e-06
3336,21,train/loss,1.4632599353790283
3336,21,train/lr,7.062967572923884e-06
3337,21,train/loss,1.4226179122924805
3337,21,train/lr,7.041711429866182e-06
3338,21,train/loss,1.5640349388122559
3338,21,train/lr,7.02048489721952e-06
3339,21,train/loss,1.4577224254608154
3339,21,train/lr,6.999287989614972e-06
3340,21,train/loss,1.456868290901184
3340,21,train/lr,6.978120721663212e-06
3341,21,train/loss,1.463170051574707
3341,21,train/lr,6.9569831079544624e-06
3342,21,train/loss,1.5319252014160156
3342,21,train/lr,6.935875163058525e-06
3343,21,train/loss,1.478583812713623
3343,21,train/lr,6.914796901524739e-06
3344,21,train/loss,1.5813570022583008
3344,21,train/lr,6.893748337881994e-06
3345,21,train/loss,1.6059380769729614
3345,21,train/lr,6.872729486638696e-06
3346,21,train/loss,1.581969976425171
3346,21,train/lr,6.851740362282788e-06
3347,21,train/loss,1.4881768226623535
3347,21,train/lr,6.830780979281703e-06
3348,21,train/loss,1.60788893699646
3348,21,train/lr,6.809851352082391e-06
3349,21,train/loss,1.4685523509979248
3349,21,train/lr,6.7889514951112735e-06
3350,21,train/loss,1.640439748764038
3350,21,train/lr,6.768081422774286e-06
3351,21,train/loss,1.514690637588501
3351,21,train/lr,6.747241149456807e-06
3352,21,train/loss,1.50813889503479
3352,21,train/lr,6.726430689523644e-06
3353,21,train/loss,1.6286468505859375
3353,21,train/lr,6.705650057319129e-06
3354,21,train/loss,1.4440512657165527
3354,21,train/lr,6.684899267166994e-06
3355,21,train/loss,1.421827793121338
3355,21,train/lr,6.664178333370369e-06
3356,21,train/loss,1.4918882846832275
3356,21,train/lr,6.643487270211873e-06
3357,21,train/loss,1.5411317348480225
3357,21,train/lr,6.622826091953482e-06
3358,21,train/loss,1.4414362907409668
3358,21,train/lr,6.602194812836604e-06
3359,21,train/loss,1.4629818201065063
3359,21,train/lr,6.5815934470820125e-06
3360,21,train/loss,1.3004710674285889
3360,21,train/lr,6.561022008889883e-06
3361,21,train/loss,1.484454870223999
3361,21,train/lr,6.540480512439751e-06
3362,21,train/loss,1.4179036617279053
3362,21,train/lr,6.519968971890522e-06
3363,21,train/loss,1.5589239597320557
3363,21,train/lr,6.49948740138045e-06
3364,21,train/loss,1.3676328659057617
3364,21,train/lr,6.479035815027107e-06
3365,21,train/loss,1.543948769569397
3365,21,train/lr,6.458614226927467e-06
3366,21,train/loss,1.4797041416168213
3366,21,train/lr,6.4382226511577435e-06
3367,21,train/loss,1.4337238073349
3367,21,train/lr,6.417861101773498e-06
3368,21,train/loss,1.5212966203689575
3368,21,train/lr,6.397529592809614e-06
3369,21,train/loss,1.545785665512085
3369,21,train/lr,6.377228138280267e-06
3370,21,train/loss,1.671176552772522
3370,21,train/lr,6.356956752178849e-06
3371,21,train/loss,1.4774770736694336
3371,21,train/lr,6.3367154484781255e-06
3372,21,train/loss,1.4954942464828491
3372,21,train/lr,6.316504241130072e-06
3373,21,train/loss,1.5319052934646606
3373,21,train/lr,6.296323144065902e-06
3374,21,train/loss,1.5831431150436401
3374,21,train/lr,6.27617217119612e-06
3375,21,train/loss,1.625948190689087
3375,21,train/lr,6.256051336410451e-06
3376,21,train/loss,1.4239239692687988
3376,21,train/lr,6.235960653577827e-06
3377,21,train/loss,1.5959022045135498
3377,21,train/lr,6.215900136546416e-06
3378,21,train/loss,1.406520128250122
3378,21,train/lr,6.195869799143584e-06
3379,21,train/loss,1.3790614604949951
3379,21,train/lr,6.1758696551758976e-06
3380,21,train/loss,1.574256420135498
3380,21,train/lr,6.155899718429136e-06
3381,21,train/loss,1.5287816524505615
3381,21,train/lr,6.135960002668212e-06
3382,21,train/loss,1.386673927307129
3382,21,train/lr,6.116050521637218e-06
3383,21,train/loss,1.4360620975494385
3383,21,train/lr,6.0961712890594495e-06
3384,21,train/loss,1.4564478397369385
3384,21,train/lr,6.076322318637301e-06
3385,21,train/loss,1.4537488222122192
3385,21,train/lr,6.056503624052312e-06
3386,21,train/loss,1.2784299850463867
3386,21,train/lr,6.036715218965205e-06
3387,21,train/loss,1.4095141887664795
3387,21,train/lr,6.0169571170157755e-06
3388,21,train/loss,1.5262656211853027
3388,21,train/lr,5.997229331822918e-06
3389,21,train/loss,1.408106803894043
3389,21,train/lr,5.9775318769846825e-06
3390,21,train/loss,1.4351274967193604
3390,21,train/lr,5.957864766078186e-06
3391,21,train/loss,1.6451256275177002
3391,21,train/lr,5.938228012659625e-06
3392,21,train/loss,1.6120409965515137
3392,21,train/lr,5.91862163026427e-06
3393,21,train/loss,1.467238426208496
3393,21,train/lr,5.899045632406474e-06
3394,21,train/loss,1.5824611186981201
3394,21,train/lr,5.879500032579638e-06
3395,21,train/loss,1.653226375579834
3395,21,train/lr,5.859984844256195e-06
3396,21,train/loss,1.4298710823059082
3396,21,train/lr,5.840500080887639e-06
3397,21,train/loss,1.6255550384521484
3397,21,train/lr,5.821045755904475e-06
3398,21,train/loss,1.6677639484405518
3398,21,train/lr,5.801621882716263e-06
3399,21,train/loss,1.4633115530014038
3399,21,train/lr,5.782228474711509e-06
3400,21,train/loss,1.5237520933151245
3400,21,train/lr,5.7628655452577676e-06
3401,21,train/loss,1.4986681938171387
3401,21,train/lr,5.743533107701593e-06
3402,21,train/loss,1.5250368118286133
3402,21,train/lr,5.724231175368477e-06
3403,21,train/loss,1.4119879007339478
3403,21,train/lr,5.7049597615629115e-06
3404,21,train/loss,1.446195125579834
3404,21,train/lr,5.685718879568374e-06
3405,21,train/loss,1.3929393291473389
3405,21,train/lr,5.666508542647264e-06
3406,21,train/loss,1.5271859169006348
3406,21,train/lr,5.647328764040921e-06
3407,21,train/loss,1.453935146331787
3407,21,train/lr,5.628179556969654e-06
3408,21,train/loss,1.553443193435669
3408,21,train/lr,5.609060934632681e-06
3409,21,train/loss,1.516679286956787
3409,21,train/lr,5.5899729102081414e-06
3410,21,train/loss,1.4121325016021729
3410,21,train/lr,5.570915496853074e-06
3411,21,train/loss,1.4548417329788208
3411,21,train/lr,5.5518887077034346e-06
3412,21,train/loss,1.4186453819274902
3412,21,train/lr,5.532892555874059e-06
3413,21,train/loss,1.5289170742034912
3413,21,train/lr,5.5139270544586674e-06
3414,21,train/loss,1.5178933143615723
3414,21,train/lr,5.494992216529859e-06
3415,21,train/loss,1.4802982807159424
3415,21,train/lr,5.476088055139084e-06
3416,21,train/loss,1.5673812627792358
3416,21,train/lr,5.457214583316678e-06
3417,21,train/loss,1.5575358867645264
3417,21,train/lr,5.438371814071774e-06
3418,21,train/loss,1.4943907260894775
3418,21,train/lr,5.419559760392379e-06
3419,21,train/loss,1.6256780624389648
3419,21,train/lr,5.400778435245335e-06
3420,21,train/loss,1.5839688777923584
3420,21,train/lr,5.38202785157626e-06
3421,21,train/loss,1.5616941452026367
3421,21,train/lr,5.363308022309621e-06
3422,21,train/loss,1.6313918828964233
3422,21,train/lr,5.344618960348679e-06
3423,21,train/loss,1.4334964752197266
3423,21,train/lr,5.325960678575498e-06
3424,21,train/loss,1.5490045547485352
3424,21,train/lr,5.307333189850866e-06
3425,21,train/loss,1.6626955270767212
3425,21,train/lr,5.288736507014435e-06
3426,21,train/loss,1.483826756477356
3426,21,train/lr,5.270170642884564e-06
3427,21,train/loss,1.5811009407043457
3427,21,train/lr,5.2516356102583874e-06
3428,21,train/loss,1.5353927612304688
3428,21,train/lr,5.23313142191178e-06
3429,21,train/loss,1.7759929895401
3429,21,train/lr,5.214658090599367e-06
3430,21,train/loss,1.5471768379211426
3430,21,train/lr,5.196215629054491e-06
3431,21,train/loss,1.4183645248413086
3431,21,train/lr,5.1778040499892265e-06
3432,21,train/loss,1.458014726638794
3432,21,train/lr,5.159423366094368e-06
3433,21,train/loss,1.4670610427856445
3433,21,train/lr,5.14107359003938e-06
3434,21,train/loss,1.5157444477081299
3434,21,train/lr,5.122754734472496e-06
3435,21,train/loss,1.4845082759857178
3435,21,train/lr,5.104466812020542e-06
3436,21,train/loss,1.5542879104614258
3436,21,train/lr,5.0862098352890795e-06
3437,21,train/loss,1.4566272497177124
3437,21,train/lr,5.067983816862354e-06
3438,21,train/loss,1.4995213747024536
3438,21,train/lr,5.0497887693032096e-06
3439,21,train/loss,1.4361307621002197
3439,21,train/lr,5.031624705153215e-06
3440,21,train/loss,1.491818904876709
3440,21,train/lr,5.013491636932527e-06
3441,21,train/loss,1.5399749279022217
3441,21,train/lr,4.995389577139969e-06
3442,21,train/loss,1.6549036502838135
3442,21,train/lr,4.977318538252973e-06
3443,21,train/loss,1.54558265209198
3443,21,train/lr,4.959278532727596e-06
3444,21,train/loss,1.6370493173599243
3444,21,train/lr,4.9412695729985135e-06
3445,21,train/loss,1.5482652187347412
3445,21,train/lr,4.92329167147898e-06
3446,21,train/loss,1.5439412593841553
3446,21,train/lr,4.905344840560861e-06
3447,21,train/loss,1.6123864650726318
3447,21,train/lr,4.887429092614598e-06
3448,21,train/loss,1.7316069602966309
3448,21,train/lr,4.8695444399892045e-06
3449,21,train/loss,1.4096702337265015
3449,21,train/lr,4.851690895012273e-06
3450,21,train/loss,1.5632262229919434
3450,21,train/lr,4.833868469989944e-06
3451,21,train/loss,1.5514402389526367
3451,21,train/lr,4.81607717720689e-06
3452,21,train/loss,1.4643465280532837
3452,21,train/lr,4.798317028926385e-06
3453,21,train/loss,1.3296476602554321
3453,21,train/lr,4.7805880373901494e-06
3454,21,train/loss,1.5151163339614868
3454,21,train/lr,4.7628902148185e-06
3455,21,train/loss,1.4050378799438477
3455,21,train/lr,4.745223573410235e-06
3456,21,train/loss,1.4533365964889526
3456,21,train/lr,4.727588125342669e-06
3457,21,train/loss,1.663712978363037
3457,21,train/lr,4.709983882771613e-06
3458,21,train/loss,1.3879238367080688
3458,21,train/lr,4.692410857831364e-06
3459,21,train/loss,1.491076946258545
3459,21,train/lr,4.674869062634713e-06
3460,21,train/loss,1.419116497039795
3460,21,train/lr,4.657358509272919e-06
3461,21,train/loss,1.4387720823287964
3461,21,train/lr,4.639879209815701e-06
3462,21,train/loss,1.559535264968872
3462,21,train/lr,4.622431176311243e-06
3463,21,train/loss,1.3837705850601196
3463,21,train/lr,4.605014420786169e-06
3464,21,train/loss,1.353771448135376
3464,21,train/lr,4.58762895524556e-06
3465,21,train/loss,1.4546116590499878
3465,21,train/lr,4.5702747916729124e-06
3466,21,train/loss,1.471745491027832
3466,21,train/lr,4.552951942030153e-06
3467,21,train/loss,1.6178369522094727
3467,21,train/lr,4.535660418257631e-06
3468,21,train/loss,1.589859127998352
3468,21,train/lr,4.5184002322740785e-06
3469,21,train/loss,1.529881238937378
3469,21,train/lr,4.501171395976672e-06
3470,21,train/loss,1.6057993173599243
3470,21,train/lr,4.483973921240947e-06
3471,21,train/loss,1.3843079805374146
3471,21,train/lr,4.466807819920804e-06
3472,21,train/loss,1.472276210784912
3472,21,train/lr,4.449673103848567e-06
3473,21,train/loss,1.5834661722183228
3473,21,train/lr,4.432569784834889e-06
3474,21,train/loss,1.510667085647583
3474,21,train/lr,4.415497874668806e-06
3475,21,train/loss,1.5304064750671387
3475,21,train/lr,4.398457385117683e-06
3476,21,train/loss,1.5395270586013794
3476,21,train/lr,4.38144832792724e-06
3477,21,train/loss,1.5501402616500854
3477,21,train/lr,4.364470714821523e-06
3478,21,train/loss,1.4387238025665283
3478,21,train/lr,4.3475245575029185e-06
3479,21,train/loss,1.3380074501037598
3479,21,train/lr,4.330609867652119e-06
3480,21,train/loss,1.4019612073898315
3480,21,train/lr,4.3137266569281245e-06
3481,21,train/loss,1.4443681240081787
3481,21,train/lr,4.2968749369682485e-06
3482,21,train/loss,1.4327123165130615
3482,21,train/lr,4.280054719388088e-06
3483,21,train/loss,1.4277663230895996
3483,21,train/lr,4.2632660157815255e-06
3484,21,train/loss,1.6367725133895874
3484,21,train/lr,4.246508837720748e-06
3485,21,train/loss,1.5939702987670898
3485,21,train/lr,4.229783196756165e-06
3486,21,train/loss,1.5240230560302734
3486,21,train/lr,4.213089104416479e-06
3486,21,train/batches,331.0
3486,21,train/compute_pct,99.86125339925292
3486,21,train/compute_sec,38.056722386003
3486,21,train/data_wait_pct,0.13874660074708853
3486,21,train/data_wait_sec,0.052875772002607846
3486,21,train/examples,5296.0
3486,21,train/examples_per_sec,138.96761592820624
3486,21,train/input_tokens,625993.0
3486,21,train/peak_vram_gb,4.895360946655273
3486,21,train/target_tokens,424715.0
3486,21,train/tokens_per_sec,27570.692182155162
3486,21,train/total_sec,38.10959815800561
3486,21,train/epoch_loss,1.5068947692652124
3486,21,epoch21/batches,331.0
3486,21,epoch21/compute_pct,99.86125339925292
3486,21,epoch21/compute_sec,38.056722386003
3486,21,epoch21/data_wait_pct,0.13874660074708853
3486,21,epoch21/data_wait_sec,0.052875772002607846
3486,21,epoch21/examples,5296.0
3486,21,epoch21/examples_per_sec,138.96761592820624
3486,21,epoch21/input_tokens,625993.0
3486,21,epoch21/peak_vram_gb,4.895360946655273
3486,21,epoch21/target_tokens,424715.0
3486,21,epoch21/tokens_per_sec,27570.692182155162
3486,21,epoch21/total_sec,38.10959815800561
3486,21,val/bleu,18.45170543239487
3486,21,val/chrf,38.86302352401286
3486,21,val/combined,26.778518672199134
3486,21,val/eval_peak_vram_gb,4.895360946655273
3486,21,val/eval_samples_per_sec,12.706531629078352
3486,21,val/eval_seconds,46.98371022299989
3486,21,val/eval_tokens_per_sec,3552.8909745038377
3487,22,train/loss,1.478569746017456
3487,22,train/lr,4.196426572208656e-06
3488,22,train/loss,1.4660587310791016
3488,22,train/lr,4.179795611617892e-06
3489,22,train/loss,1.5995893478393555
3489,22,train/lr,4.163196234107603e-06
3490,22,train/loss,1.6637402772903442
3490,22,train/lr,4.146628451119467e-06
3491,22,train/loss,1.6667559146881104
3491,22,train/lr,4.130092274073377e-06
3492,22,train/loss,1.567366600036621
3492,22,train/lr,4.1135877143674336e-06
3493,22,train/loss,1.4698368310928345
3493,22,train/lr,4.097114783377942e-06
3494,22,train/loss,1.3587688207626343
3494,22,train/lr,4.0806734924594135e-06
3495,22,train/loss,1.6002755165100098
3495,22,train/lr,4.064263852944544e-06
3496,22,train/loss,1.406043529510498
3496,22,train/lr,4.047885876144225e-06
3497,22,train/loss,1.32450532913208
3497,22,train/lr,4.031539573347509e-06
3498,22,train/loss,1.5415806770324707
3498,22,train/lr,4.015224955821612e-06
3499,22,train/loss,1.5397210121154785
3499,22,train/lr,3.998942034811954e-06
3500,22,train/loss,1.561781406402588
3500,22,train/lr,3.982690821542035e-06
3501,22,train/loss,1.3574714660644531
3501,22,train/lr,3.9664713272135445e-06
3502,22,train/loss,1.3349088430404663
3502,22,train/lr,3.950283563006324e-06
3503,22,train/loss,1.4450759887695312
3503,22,train/lr,3.934127540078303e-06
3504,22,train/loss,1.4656827449798584
3504,22,train/lr,3.91800326956554e-06
3505,22,train/loss,1.4468157291412354
3505,22,train/lr,3.901910762582245e-06
3506,22,train/loss,1.5411529541015625
3506,22,train/lr,3.8858500302207e-06
3507,22,train/loss,1.4217607975006104
3507,22,train/lr,3.869821083551273e-06
3508,22,train/loss,1.5544310808181763
3508,22,train/lr,3.853823933622464e-06
3509,22,train/loss,1.56235671043396
3509,22,train/lr,3.837858591460824e-06
3510,22,train/loss,1.4966646432876587
3510,22,train/lr,3.821925068070986e-06
3511,22,train/loss,1.542002558708191
3511,22,train/lr,3.8060233744356633e-06
3512,22,train/loss,1.569465160369873
3512,22,train/lr,3.790153521515616e-06
3513,22,train/loss,1.4829511642456055
3513,22,train/lr,3.7743155202496604e-06
3514,22,train/loss,1.6263879537582397
3514,22,train/lr,3.758509381554659e-06
3515,22,train/loss,1.4274487495422363
3515,22,train/lr,3.742735116325513e-06
3516,22,train/loss,1.427392840385437
3516,22,train/lr,3.726992735435142e-06
3517,22,train/loss,1.3259156942367554
3517,22,train/lr,3.7112822497345324e-06
3518,22,train/loss,1.529120922088623
3518,22,train/lr,3.6956036700526166e-06
3519,22,train/loss,1.396567702293396
3519,22,train/lr,3.679957007196372e-06
3520,22,train/loss,1.5972198247909546
3520,22,train/lr,3.664342271950799e-06
3521,22,train/loss,1.5454752445220947
3521,22,train/lr,3.6487594750788556e-06
3522,22,train/loss,1.4951741695404053
3522,22,train/lr,3.6332086273214827e-06
3523,22,train/loss,1.4471828937530518
3523,22,train/lr,3.617689739397634e-06
3524,22,train/loss,1.4708051681518555
3524,22,train/lr,3.602202822004208e-06
3525,22,train/loss,1.410357117652893
3525,22,train/lr,3.5867478858160496e-06
3526,22,train/loss,1.4164528846740723
3526,22,train/lr,3.571324941486004e-06
3527,22,train/loss,1.364332914352417
3527,22,train/lr,3.5559339996448393e-06
3528,22,train/loss,1.47257661819458
3528,22,train/lr,3.5405750709012587e-06
3529,22,train/loss,1.525679111480713
3529,22,train/lr,3.5252481658419214e-06
3530,22,train/loss,1.4150729179382324
3530,22,train/lr,3.5099532950313817e-06
3531,22,train/loss,1.3764028549194336
3531,22,train/lr,3.4946904690121463e-06
3532,22,train/loss,1.6631629467010498
3532,22,train/lr,3.4794596983046155e-06
3533,22,train/loss,1.6747841835021973
3533,22,train/lr,3.464260993407098e-06
3534,22,train/loss,1.5274900197982788
3534,22,train/lr,3.449094364795791e-06
3535,22,train/loss,1.5613325834274292
3535,22,train/lr,3.4339598229248094e-06
3536,22,train/loss,1.684525728225708
3536,22,train/lr,3.4188573782261203e-06
3537,22,train/loss,1.5382146835327148
3537,22,train/lr,3.403787041109574e-06
3538,22,train/loss,1.569852352142334
3538,22,train/lr,3.388748821962917e-06
3539,22,train/loss,1.416699767112732
3539,22,train/lr,3.3737427311517244e-06
3540,22,train/loss,1.6638002395629883
3540,22,train/lr,3.3587687790194223e-06
3541,22,train/loss,1.6455869674682617
3541,22,train/lr,3.343826975887321e-06
3542,22,train/loss,1.5149383544921875
3542,22,train/lr,3.3289173320545377e-06
3543,22,train/loss,1.5232398509979248
3543,22,train/lr,3.3140398577980346e-06
3544,22,train/loss,1.5067791938781738
3544,22,train/lr,3.299194563372604e-06
3545,22,train/loss,1.6220958232879639
3545,22,train/lr,3.2843814590108433e-06
3546,22,train/loss,1.5047601461410522
3546,22,train/lr,3.2696005549231856e-06
3547,22,train/loss,1.4500820636749268
3547,22,train/lr,3.254851861297842e-06
3548,22,train/loss,1.4061050415039062
3548,22,train/lr,3.2401353883008413e-06
3549,22,train/loss,1.3920339345932007
3549,22,train/lr,3.2254511460759864e-06
3550,22,train/loss,1.5681949853897095
3550,22,train/lr,3.210799144744886e-06
3551,22,train/loss,1.5056818723678589
3551,22,train/lr,3.1961793944069006e-06
3552,22,train/loss,1.327938199043274
3552,22,train/lr,3.181591905139175e-06
3553,22,train/loss,1.462047815322876
3553,22,train/lr,3.1670366869966327e-06
3554,22,train/loss,1.4844107627868652
3554,22,train/lr,3.1525137500119207e-06
3555,22,train/loss,1.5031869411468506
3555,22,train/lr,3.1380231041954366e-06
3556,22,train/loss,1.4608843326568604
3556,22,train/lr,3.1235647595353636e-06
3557,22,train/loss,1.5868334770202637
3557,22,train/lr,3.1091387259975733e-06
3558,22,train/loss,1.5691022872924805
3558,22,train/lr,3.094745013525685e-06
3559,22,train/loss,1.4850544929504395
3559,22,train/lr,3.0803836320410397e-06
3560,22,train/loss,1.6844077110290527
3560,22,train/lr,3.0660545914426906e-06
3561,22,train/loss,1.6149296760559082
3561,22,train/lr,3.0517579016073995e-06
3562,22,train/loss,1.4938963651657104
3562,22,train/lr,3.037493572389627e-06
3563,22,train/loss,1.4788738489151
3563,22,train/lr,3.0232616136215307e-06
3564,22,train/loss,1.5005868673324585
3564,22,train/lr,3.009062035112964e-06
3565,22,train/loss,1.4999349117279053
3565,22,train/lr,2.9948948466514357e-06
3566,22,train/loss,1.565718650817871
3566,22,train/lr,2.9807600580021634e-06
3567,22,train/loss,1.361267328262329
3567,22,train/lr,2.9666576789080027e-06
3568,22,train/loss,1.562896728515625
3568,22,train/lr,2.952587719089489e-06
3569,22,train/loss,1.4281589984893799
3569,22,train/lr,2.9385501882447987e-06
3570,22,train/loss,1.5555424690246582
3570,22,train/lr,2.9245450960497524e-06
3571,22,train/loss,1.6050546169281006
3571,22,train/lr,2.9105724521578503e-06
3572,22,train/loss,1.4477834701538086
3572,22,train/lr,2.8966322662001555e-06
3573,22,train/loss,1.6647424697875977
3573,22,train/lr,2.8827245477854314e-06
3574,22,train/loss,1.3894195556640625
3574,22,train/lr,2.8688493065000153e-06
3575,22,train/loss,1.4562402963638306
3575,22,train/lr,2.855006551907874e-06
3576,22,train/loss,1.448041319847107
3576,22,train/lr,2.84119629355058e-06
3577,22,train/loss,1.5477741956710815
3577,22,train/lr,2.827418540947313e-06
3578,22,train/loss,1.512601375579834
3578,22,train/lr,2.813673303594833e-06
3579,22,train/loss,1.4954373836517334
3579,22,train/lr,2.799960590967504e-06
3580,22,train/loss,1.4921491146087646
3580,22,train/lr,2.7862804125172614e-06
3581,22,train/loss,1.559539556503296
3581,22,train/lr,2.772632777673617e-06
3582,22,train/loss,1.3880327939987183
3582,22,train/lr,2.7590176958436466e-06
3583,22,train/loss,1.6111762523651123
3583,22,train/lr,2.745435176411998e-06
3584,22,train/loss,1.5064399242401123
3584,22,train/lr,2.7318852287408657e-06
3585,22,train/loss,1.5363801717758179
3585,22,train/lr,2.7183678621699904e-06
3586,22,train/loss,1.5689470767974854
3586,22,train/lr,2.7048830860166798e-06
3587,22,train/loss,1.5524948835372925
3587,22,train/lr,2.691430909575737e-06
3588,22,train/loss,1.618006706237793
3588,22,train/lr,2.6780113421195298e-06
3589,22,train/loss,1.642012119293213
3589,22,train/lr,2.6646243928979407e-06
3590,22,train/loss,1.609046459197998
3590,22,train/lr,2.65127007113834e-06
3591,22,train/loss,1.5387879610061646
3591,22,train/lr,2.6379483860456578e-06
3592,22,train/loss,1.5413310527801514
3592,22,train/lr,2.6246593468022886e-06
3593,22,train/loss,1.5357214212417603
3593,22,train/lr,2.611402962568149e-06
3594,22,train/loss,1.6684476137161255
3594,22,train/lr,2.598179242480625e-06
3595,22,train/loss,1.5010581016540527
3595,22,train/lr,2.584988195654614e-06
3596,22,train/loss,1.5321903228759766
3596,22,train/lr,2.5718298311824653e-06
3597,22,train/loss,1.4912042617797852
3597,22,train/lr,2.5587041581340233e-06
3598,22,train/loss,1.3040351867675781
3598,22,train/lr,2.545611185556579e-06
3599,22,train/loss,1.4763131141662598
3599,22,train/lr,2.532550922474897e-06
3600,22,train/loss,1.4338834285736084
3600,22,train/lr,2.5195233778912084e-06
3601,22,train/loss,1.4551526308059692
3601,22,train/lr,2.506528560785154e-06
3602,22,train/loss,1.3616364002227783
3602,22,train/lr,2.4935664801138405e-06
3603,22,train/loss,1.4832189083099365
3603,22,train/lr,2.4806371448118206e-06
3604,22,train/loss,1.4858975410461426
3604,22,train/lr,2.4677405637910656e-06
3605,22,train/loss,1.4299468994140625
3605,22,train/lr,2.4548767459409484e-06
3606,22,train/loss,1.4604032039642334
3606,22,train/lr,2.4420457001282872e-06
3607,22,train/loss,1.441146969795227
3607,22,train/lr,2.4292474351973127e-06
3608,22,train/loss,1.6968059539794922
3608,22,train/lr,2.41648195996963e-06
3609,22,train/loss,1.5700820684432983
3609,22,train/lr,2.403749283244272e-06
3610,22,train/loss,1.5799291133880615
3610,22,train/lr,2.3910494137976523e-06
3611,22,train/loss,1.717179775238037
3611,22,train/lr,2.3783823603835796e-06
3612,22,train/loss,1.536383032798767
3612,22,train/lr,2.365748131733231e-06
3613,22,train/loss,1.4043712615966797
3613,22,train/lr,2.353146736555156e-06
3614,22,train/loss,1.6676232814788818
3614,22,train/lr,2.3405781835352967e-06
3615,22,train/loss,1.4959677457809448
3615,22,train/lr,2.3280424813369284e-06
3616,22,train/loss,1.6473402976989746
3616,22,train/lr,2.3155396386006943e-06
3617,22,train/loss,1.4924592971801758
3617,22,train/lr,2.30306966394459e-06
3618,22,train/loss,1.4948341846466064
3618,22,train/lr,2.290632565963974e-06
3619,22,train/loss,1.3993568420410156
3619,22,train/lr,2.278228353231504e-06
3620,22,train/loss,1.4788992404937744
3620,22,train/lr,2.265857034297186e-06
3621,22,train/loss,1.440561294555664
3621,22,train/lr,2.253518617688377e-06
3622,22,train/loss,1.3623722791671753
3622,22,train/lr,2.241213111909729e-06
3623,22,train/loss,1.3628827333450317
3623,22,train/lr,2.2289405254432073e-06
3624,22,train/loss,1.3917127847671509
3624,22,train/lr,2.2167008667481e-06
3625,22,train/loss,1.4679774045944214
3625,22,train/lr,2.20449414426101e-06
3626,22,train/loss,1.3958170413970947
3626,22,train/lr,2.192320366395789e-06
3627,22,train/loss,1.4186463356018066
3627,22,train/lr,2.180179541543642e-06
3628,22,train/loss,1.443523645401001
3628,22,train/lr,2.168071678073014e-06
3629,22,train/loss,1.4250257015228271
3629,22,train/lr,2.1559967843296614e-06
3630,22,train/loss,1.3099285364151
3630,22,train/lr,2.1439548686365884e-06
3631,22,train/loss,1.5212841033935547
3631,22,train/lr,2.1319459392940887e-06
3632,22,train/loss,1.5446432828903198
3632,22,train/lr,2.1199700045797077e-06
3633,22,train/loss,1.466252326965332
3633,22,train/lr,2.1080270727482477e-06
3634,22,train/loss,1.6059614419937134
3634,22,train/lr,2.096117152031779e-06
3635,22,train/loss,1.585193157196045
3635,22,train/lr,2.0842402506395852e-06
3636,22,train/loss,1.5822296142578125
3636,22,train/lr,2.07239637675824e-06
3637,22,train/loss,1.522247314453125
3637,22,train/lr,2.0605855385515015e-06
3638,22,train/loss,1.7149643898010254
3638,22,train/lr,2.048807744160375e-06
3639,22,train/loss,1.62247896194458
3639,22,train/lr,2.037063001703099e-06
3640,22,train/loss,1.5344598293304443
3640,22,train/lr,2.0253513192751373e-06
3641,22,train/loss,1.495924711227417
3641,22,train/lr,2.013672704949121e-06
3642,22,train/loss,1.4091957807540894
3642,22,train/lr,2.002027166774939e-06
3643,22,train/loss,1.3930907249450684
3643,22,train/lr,1.9904147127796646e-06
3644,22,train/loss,1.4491114616394043
3644,22,train/lr,1.978835350967545e-06
3645,22,train/loss,1.3703327178955078
3645,22,train/lr,1.9672890893200513e-06
3646,22,train/loss,1.336522102355957
3646,22,train/lr,1.955775935795817e-06
3647,22,train/loss,1.5465176105499268
3647,22,train/lr,1.9442958983306612e-06
3648,22,train/loss,1.4570295810699463
3648,22,train/lr,1.932848984837582e-06
3649,22,train/loss,1.613425374031067
3649,22,train/lr,1.9214352032067284e-06
3650,22,train/loss,1.464443564414978
3650,22,train/lr,1.91005456130543e-06
3651,22,train/loss,1.4857985973358154
3651,22,train/lr,1.8987070669781836e-06
3652,22,train/loss,1.5034050941467285
3652,22,train/lr,1.8873927280465997e-06
3652,22,train/batches,331.0
3652,22,train/compute_pct,99.88433178975907
3652,22,train/compute_sec,34.756707657004426
3652,22,train/data_wait_pct,0.11566821024092375
3652,22,train/data_wait_sec,0.04024901700313421
3652,22,train/examples,5296.0
3652,22,train/examples_per_sec,152.1972179813063
3652,22,train/input_tokens,625993.0
3652,22,train/peak_vram_gb,4.895360946655273
3652,22,train/target_tokens,424712.0
3652,22,train/tokens_per_sec,30195.31305117984
3652,22,train/total_sec,34.79695667400756
3652,22,train/epoch_loss,1.503762514569608
3652,22,epoch22/batches,331.0
3652,22,epoch22/compute_pct,99.88433178975907
3652,22,epoch22/compute_sec,34.756707657004426
3652,22,epoch22/data_wait_pct,0.11566821024092375
3652,22,epoch22/data_wait_sec,0.04024901700313421
3652,22,epoch22/examples,5296.0
3652,22,epoch22/examples_per_sec,152.1972179813063
3652,22,epoch22/input_tokens,625993.0
3652,22,epoch22/peak_vram_gb,4.895360946655273
3652,22,epoch22/target_tokens,424712.0
3652,22,epoch22/tokens_per_sec,30195.31305117984
3652,22,epoch22/total_sec,34.79695667400756
3652,22,val/bleu,18.6876729405516
3652,22,val/chrf,38.77670851429056
3652,22,val/combined,26.919257910019816
3652,22,val/eval_peak_vram_gb,4.895360946655273
3652,22,val/eval_samples_per_sec,13.577689141384734
3652,22,val/eval_seconds,43.969190470000285
3652,22,val/eval_tokens_per_sec,3860.0665189822153
3653,23,train/loss,1.4952490329742432
3653,23,train/lr,1.876111552309462e-06
3654,23,train/loss,1.5517302751541138
3654,23,train/lr,1.864863547542711e-06
3655,23,train/loss,1.710302710533142
3655,23,train/lr,1.8536487214993792e-06
3656,23,train/loss,1.5465781688690186
3656,23,train/lr,1.8424670819096546e-06
3657,23,train/loss,1.5747907161712646
3657,23,train/lr,1.8313186364808665e-06
3658,23,train/loss,1.4462649822235107
3658,23,train/lr,1.820203392897446e-06
3659,23,train/loss,1.4660183191299438
3659,23,train/lr,1.8091213588209144e-06
3660,23,train/loss,1.4232568740844727
3660,23,train/lr,1.7980725418899557e-06
3661,23,train/loss,1.5443713665008545
3661,23,train/lr,1.787056949720317e-06
3662,23,train/loss,1.4852063655853271
3662,23,train/lr,1.776074589904858e-06
3663,23,train/loss,1.3484256267547607
3663,23,train/lr,1.7651254700135344e-06
3664,23,train/loss,1.4524550437927246
3664,23,train/lr,1.754209597593387e-06
3665,23,train/loss,1.5121965408325195
3665,23,train/lr,1.7433269801685303e-06
3666,23,train/loss,1.3974180221557617
3666,23,train/lr,1.7324776252401753e-06
3667,23,train/loss,1.46400785446167
3667,23,train/lr,1.7216615402865955e-06
3668,23,train/loss,1.3822872638702393
3668,23,train/lr,1.7108787327631216e-06
3669,23,train/loss,1.5411841869354248
3669,23,train/lr,1.700129210102175e-06
3670,23,train/loss,1.5430983304977417
3670,23,train/lr,1.6894129797132062e-06
3671,23,train/loss,1.381662130355835
3671,23,train/lr,1.678730048982724e-06
3672,23,train/loss,1.5021021366119385
3672,23,train/lr,1.66808042527431e-06
3673,23,train/loss,1.6443161964416504
3673,23,train/lr,1.657464115928542e-06
3674,23,train/loss,1.5704150199890137
3674,23,train/lr,1.646881128263067e-06
3675,23,train/loss,1.5165824890136719
3675,23,train/lr,1.6363314695725718e-06
3676,23,train/loss,1.5830100774765015
3676,23,train/lr,1.6258151471287396e-06
3677,23,train/loss,1.592256784439087
3677,23,train/lr,1.6153321681802946e-06
3678,23,train/loss,1.3702813386917114
3678,23,train/lr,1.6048825399529732e-06
3679,23,train/loss,1.6901360750198364
3679,23,train/lr,1.5944662696495306e-06
3680,23,train/loss,1.606757402420044
3680,23,train/lr,1.5840833644497178e-06
3681,23,train/loss,1.6414357423782349
3681,23,train/lr,1.5737338315102989e-06
3682,23,train/loss,1.453277587890625
3682,23,train/lr,1.5634176779650234e-06
3683,23,train/loss,1.6100084781646729
3683,23,train/lr,1.5531349109246362e-06
3684,23,train/loss,1.38218092918396
3684,23,train/lr,1.5428855374768792e-06
3685,23,train/loss,1.4725685119628906
3685,23,train/lr,1.5326695646864676e-06
3686,23,train/loss,1.6052571535110474
3686,23,train/lr,1.5224869995950853e-06
3687,23,train/loss,1.5200141668319702
3687,23,train/lr,1.5123378492214291e-06
3688,23,train/loss,1.4456321001052856
3688,23,train/lr,1.5022221205611032e-06
3689,23,train/loss,1.3974415063858032
3689,23,train/lr,1.4921398205867131e-06
3690,23,train/loss,1.3263599872589111
3690,23,train/lr,1.482090956247828e-06
3691,23,train/loss,1.4769067764282227
3691,23,train/lr,1.4720755344709402e-06
3692,23,train/loss,1.5513036251068115
3692,23,train/lr,1.4620935621595277e-06
3693,23,train/loss,1.463141918182373
3693,23,train/lr,1.4521450461939756e-06
3694,23,train/loss,1.4770113229751587
3694,23,train/lr,1.4422299934316319e-06
3695,23,train/loss,1.502932071685791
3695,23,train/lr,1.4323484107067741e-06
3696,23,train/loss,1.5644347667694092
3696,23,train/lr,1.422500304830604e-06
3697,23,train/loss,1.4174721240997314
3697,23,train/lr,1.4126856825912527e-06
3698,23,train/loss,1.5239684581756592
3698,23,train/lr,1.4029045507537697e-06
3699,23,train/loss,1.5098282098770142
3699,23,train/lr,1.3931569160601288e-06
3700,23,train/loss,1.633817434310913
3700,23,train/lr,1.3834427852291998e-06
3701,23,train/loss,1.611337423324585
3701,23,train/lr,1.3737621649567655e-06
3702,23,train/loss,1.6382113695144653
3702,23,train/lr,1.3641150619155163e-06
3703,23,train/loss,1.7074215412139893
3703,23,train/lr,1.3545014827550217e-06
3704,23,train/loss,1.6309163570404053
3704,23,train/lr,1.3449214341017812e-06
3705,23,train/loss,1.5876381397247314
3705,23,train/lr,1.3353749225591405e-06
3706,23,train/loss,1.5683273077011108
3706,23,train/lr,1.325861954707347e-06
3707,23,train/loss,1.5510783195495605
3707,23,train/lr,1.3163825371035331e-06
3708,23,train/loss,1.4227124452590942
3708,23,train/lr,1.3069366762816948e-06
3709,23,train/loss,1.4496705532073975
3709,23,train/lr,1.297524378752696e-06
3710,23,train/loss,1.551776647567749
3710,23,train/lr,1.2881456510042855e-06
3711,23,train/loss,1.4815481901168823
3711,23,train/lr,1.2788004995010428e-06
3712,23,train/loss,1.4756650924682617
3712,23,train/lr,1.269488930684437e-06
3713,23,train/loss,1.4560387134552002
3713,23,train/lr,1.2602109509727622e-06
3714,23,train/loss,1.5299193859100342
3714,23,train/lr,1.2509665667611692e-06
3715,23,train/loss,1.3455166816711426
3715,23,train/lr,1.2417557844216609e-06
3716,23,train/loss,1.4188182353973389
3716,23,train/lr,1.23257861030307e-06
3717,23,train/loss,1.4278995990753174
3717,23,train/lr,1.2234350507310588e-06
3718,23,train/loss,1.4099290370941162
3718,23,train/lr,1.21432511200813e-06
3719,23,train/loss,1.448264241218567
3719,23,train/lr,1.205248800413611e-06
3720,23,train/loss,1.4421241283416748
3720,23,train/lr,1.196206122203647e-06
3721,23,train/loss,1.4472804069519043
3721,23,train/lr,1.1871970836111912e-06
3722,23,train/loss,1.4723706245422363
3722,23,train/lr,1.1782216908460264e-06
3723,23,train/loss,1.5942814350128174
3723,23,train/lr,1.1692799500947481e-06
3724,23,train/loss,1.5231494903564453
3724,23,train/lr,1.160371867520721e-06
3725,23,train/loss,1.5737577676773071
3725,23,train/lr,1.1514974492641551e-06
3726,23,train/loss,1.5990371704101562
3726,23,train/lr,1.1426567014420297e-06
3727,23,train/loss,1.6361682415008545
3727,23,train/lr,1.1338496301481038e-06
3728,23,train/loss,1.5111286640167236
3728,23,train/lr,1.1250762414529603e-06
3729,23,train/loss,1.556459903717041
3729,23,train/lr,1.1163365414039395e-06
3730,23,train/loss,1.500396490097046
3730,23,train/lr,1.1076305360251615e-06
3731,23,train/loss,1.617844820022583
3731,23,train/lr,1.0989582313175374e-06
3732,23,train/loss,1.5413404703140259
3732,23,train/lr,1.090319633258724e-06
3733,23,train/loss,1.5410726070404053
3733,23,train/lr,1.0817147478031642e-06
3734,23,train/loss,1.5426242351531982
3734,23,train/lr,1.0731435808820688e-06
3735,23,train/loss,1.4715781211853027
3735,23,train/lr,1.0646061384033846e-06
3736,23,train/loss,1.3723053932189941
3736,23,train/lr,1.0561024262518204e-06
3737,23,train/loss,1.539201021194458
3737,23,train/lr,1.0476324502888547e-06
3738,23,train/loss,1.5364770889282227
3738,23,train/lr,1.039196216352678e-06
3739,23,train/loss,1.5069739818572998
3739,23,train/lr,1.0307937302582505e-06
3740,23,train/loss,1.5794930458068848
3740,23,train/lr,1.0224249977972612e-06
3741,23,train/loss,1.3477437496185303
3741,23,train/lr,1.0140900247381403e-06
3742,23,train/loss,1.4848062992095947
3742,23,train/lr,1.005788816826031e-06
3743,23,train/loss,1.3917088508605957
3743,23,train/lr,9.975213797828176e-07
3744,23,train/loss,1.4448195695877075
3744,23,train/lr,9.892877193071081e-07
3745,23,train/loss,1.44136643409729
3745,23,train/lr,9.81087841074213e-07
3746,23,train/loss,1.4086463451385498
3746,23,train/lr,9.729217507361722e-07
3747,23,train/loss,1.5111422538757324
3747,23,train/lr,9.647894539217328e-07
3748,23,train/loss,1.5757513046264648
3748,23,train/lr,9.566909562363502e-07
3749,23,train/loss,1.5690796375274658
3749,23,train/lr,9.486262632621756e-07
3750,23,train/loss,1.5607669353485107
3750,23,train/lr,9.405953805580625e-07
3751,23,train/loss,1.572329044342041
3751,23,train/lr,9.325983136595551e-07
3752,23,train/loss,1.6027264595031738
3752,23,train/lr,9.246350680789162e-07
3753,23,train/loss,1.6464295387268066
3753,23,train/lr,9.167056493050496e-07
3754,23,train/loss,1.5881435871124268
3754,23,train/lr,9.088100628035778e-07
3755,23,train/loss,1.3511736392974854
3755,23,train/lr,9.009483140168029e-07
3756,23,train/loss,1.564423680305481
3756,23,train/lr,8.931204083636735e-07
3757,23,train/loss,1.4302849769592285
3757,23,train/lr,8.853263512398402e-07
3758,23,train/loss,1.646545171737671
3758,23,train/lr,8.775661480176167e-07
3759,23,train/loss,1.4571670293807983
3759,23,train/lr,8.698398040459799e-07
3760,23,train/loss,1.5678826570510864
3760,23,train/lr,8.621473246505474e-07
3761,23,train/loss,1.5062811374664307
3761,23,train/lr,8.544887151336389e-07
3762,23,train/loss,1.5097918510437012
3762,23,train/lr,8.468639807741874e-07
3763,23,train/loss,1.486999750137329
3763,23,train/lr,8.392731268277887e-07
3764,23,train/loss,1.4711158275604248
3764,23,train/lr,8.317161585266964e-07
3765,23,train/loss,1.3938391208648682
3765,23,train/lr,8.241930810797938e-07
3766,23,train/loss,1.5462088584899902
3766,23,train/lr,8.167038996726162e-07
3767,23,train/loss,1.5065174102783203
3767,23,train/lr,8.092486194673177e-07
3768,23,train/loss,1.556541919708252
3768,23,train/lr,8.018272456027043e-07
3769,23,train/loss,1.4982202053070068
3769,23,train/lr,7.944397831941952e-07
3770,23,train/loss,1.3804941177368164
3770,23,train/lr,7.87086237333845e-07
3771,23,train/loss,1.4747796058654785
3771,23,train/lr,7.797666130903269e-07
3772,23,train/loss,1.5006277561187744
3772,23,train/lr,7.724809155089274e-07
3773,23,train/loss,1.471879243850708
3773,23,train/lr,7.652291496115626e-07
3774,23,train/loss,1.659374475479126
3774,23,train/lr,7.580113203967398e-07
3775,23,train/loss,1.4784765243530273
3775,23,train/lr,7.508274328395848e-07
3776,23,train/loss,1.594003677368164
3776,23,train/lr,7.436774918918366e-07
3777,23,train/loss,1.6244738101959229
3777,23,train/lr,7.365615024818251e-07
3778,23,train/loss,1.7093720436096191
3778,23,train/lr,7.294794695144713e-07
3779,23,train/loss,1.5335255861282349
3779,23,train/lr,7.224313978713094e-07
3780,23,train/loss,1.5058403015136719
3780,23,train/lr,7.154172924104474e-07
3781,23,train/loss,1.4731040000915527
3781,23,train/lr,7.084371579665849e-07
3782,23,train/loss,1.6031901836395264
3782,23,train/lr,7.014909993510232e-07
3783,23,train/loss,1.5244272947311401
3783,23,train/lr,6.945788213516158e-07
3784,23,train/loss,1.5426747798919678
3784,23,train/lr,6.877006287328125e-07
3785,23,train/loss,1.3499921560287476
3785,23,train/lr,6.808564262356321e-07
3786,23,train/loss,1.475531816482544
3786,23,train/lr,6.74046218577673e-07
3787,23,train/loss,1.5224815607070923
3787,23,train/lr,6.67270010453086e-07
3788,23,train/loss,1.4835481643676758
3788,23,train/lr,6.605278065326015e-07
3789,23,train/loss,1.4516247510910034
3789,23,train/lr,6.53819611463502e-07
3790,23,train/loss,1.4897319078445435
3790,23,train/lr,6.471454298696278e-07
3791,23,train/loss,1.4659037590026855
3791,23,train/lr,6.405052663513878e-07
3792,23,train/loss,1.5102856159210205
3792,23,train/lr,6.338991254857208e-07
3793,23,train/loss,1.3952972888946533
3793,23,train/lr,6.273270118261288e-07
3794,23,train/loss,1.5072433948516846
3794,23,train/lr,6.207889299026604e-07
3795,23,train/loss,1.549360990524292
3795,23,train/lr,6.142848842219052e-07
3796,23,train/loss,1.4759149551391602
3796,23,train/lr,6.078148792669936e-07
3797,23,train/loss,1.5799760818481445
3797,23,train/lr,6.013789194975749e-07
3798,23,train/loss,1.5228533744812012
3798,23,train/lr,5.949770093498563e-07
3799,23,train/loss,1.5574657917022705
3799,23,train/lr,5.886091532365634e-07
3800,23,train/loss,1.4663432836532593
3800,23,train/lr,5.822753555469462e-07
3801,23,train/loss,1.5859427452087402
3801,23,train/lr,5.759756206467904e-07
3802,23,train/loss,1.579890489578247
3802,23,train/lr,5.697099528783834e-07
3803,23,train/loss,1.4561424255371094
3803,23,train/lr,5.634783565605539e-07
3804,23,train/loss,1.6075830459594727
3804,23,train/lr,5.572808359886272e-07
3805,23,train/loss,1.4931483268737793
3805,23,train/lr,5.511173954344528e-07
3806,23,train/loss,1.4917902946472168
3806,23,train/lr,5.449880391463824e-07
3807,23,train/loss,1.432451844215393
3807,23,train/lr,5.388927713492698e-07
3808,23,train/loss,1.4648258686065674
3808,23,train/lr,5.328315962444874e-07
3809,23,train/loss,1.5542782545089722
3809,23,train/lr,5.268045180099046e-07
3810,23,train/loss,1.407065510749817
3810,23,train/lr,5.208115407998648e-07
3811,23,train/loss,1.5409235954284668
3811,23,train/lr,5.14852668745236e-07
3812,23,train/loss,1.3749089241027832
3812,23,train/lr,5.089279059533658e-07
3813,23,train/loss,1.541551113128662
3813,23,train/lr,5.030372565080877e-07
3814,23,train/loss,1.4035632610321045
3814,23,train/lr,4.971807244697313e-07
3815,23,train/loss,1.5633424520492554
3815,23,train/lr,4.913583138750954e-07
3816,23,train/loss,1.561159372329712
3816,23,train/lr,4.855700287374753e-07
3817,23,train/loss,1.579087257385254
3817,23,train/lr,4.798158730466351e-07
3818,23,train/loss,1.567779779434204
3818,23,train/lr,4.7409585076881313e-07
3818,23,train/batches,331.0
3818,23,train/compute_pct,99.88246394800699
3818,23,train/compute_sec,34.09494760699272
3818,23,train/data_wait_pct,0.11753605199302028
3818,23,train/data_wait_sec,0.04012101199987228
3818,23,train/examples,5296.0
3818,23,train/examples_per_sec,155.14836249818848
3818,23,train/input_tokens,625993.0
3818,23,train/peak_vram_gb,4.895360946655273
3818,23,train/target_tokens,424690.0
3818,23,train/tokens_per_sec,30780.163699902598
3818,23,train/total_sec,34.13506861899259
3818,23,train/epoch_loss,1.5045415382730998
3818,23,epoch23/batches,331.0
3818,23,epoch23/compute_pct,99.88246394800699
3818,23,epoch23/compute_sec,34.09494760699272
3818,23,epoch23/data_wait_pct,0.11753605199302028
3818,23,epoch23/data_wait_sec,0.04012101199987228
3818,23,epoch23/examples,5296.0
3818,23,epoch23/examples_per_sec,155.14836249818848
3818,23,epoch23/input_tokens,625993.0
3818,23,epoch23/peak_vram_gb,4.895360946655273
3818,23,epoch23/target_tokens,424690.0
3818,23,epoch23/tokens_per_sec,30780.163699902598
3818,23,epoch23/total_sec,34.13506861899259
3818,23,val/bleu,18.7562620464895
3818,23,val/chrf,38.763850782698874
3818,23,val/combined,26.96414180372365
3818,23,val/eval_peak_vram_gb,4.895360946655273
3818,23,val/eval_samples_per_sec,13.53368579016926
3818,23,val/eval_seconds,44.11215165300018
3818,23,val/eval_tokens_per_sec,3825.0684602124616
3819,24,train/loss,1.3862805366516113
3819,24,train/lr,4.684099658467223e-07
3820,24,train/loss,1.5458353757858276
3820,24,train/lr,4.627582221995497e-07
3821,24,train/loss,1.4686663150787354
3821,24,train/lr,4.571406237229403e-07
3822,24,train/loss,1.4572062492370605
3822,24,train/lr,4.5155717428900793e-07
3823,24,train/loss,1.5188541412353516
3823,24,train/lr,4.4600787774632945e-07
3824,24,train/loss,1.5182596445083618
3824,24,train/lr,4.404927379199508e-07
3825,24,train/loss,1.4206302165985107
3825,24,train/lr,4.3501175861134227e-07
3826,24,train/loss,1.5954262018203735
3826,24,train/lr,4.2956494359847057e-07
3827,24,train/loss,1.4494551420211792
3827,24,train/lr,4.2415229663571587e-07
3828,24,train/loss,1.5326898097991943
3828,24,train/lr,4.187738214539272e-07
3829,24,train/loss,1.464669942855835
3829,24,train/lr,4.134295217604001e-07
3830,24,train/loss,1.546678900718689
3830,24,train/lr,4.0811940123886004e-07
3831,24,train/loss,1.398964285850525
3831,24,train/lr,4.0284346354949043e-07
3832,24,train/loss,1.4154934883117676
3832,24,train/lr,3.9760171232889885e-07
3833,24,train/loss,1.3414949178695679
3833,24,train/lr,3.923941511901397e-07
3834,24,train/loss,1.3224343061447144
3834,24,train/lr,3.87220783722686e-07
3835,24,train/loss,1.4097434282302856
3835,24,train/lr,3.820816134924632e-07
3836,24,train/loss,1.419622540473938
3836,24,train/lr,3.7697664404180434e-07
3837,24,train/loss,1.3864085674285889
3837,24,train/lr,3.71905878889478e-07
3838,24,train/loss,1.4837238788604736
3838,24,train/lr,3.668693215306884e-07
3839,24,train/loss,1.5785812139511108
3839,24,train/lr,3.6186697543703076e-07
3840,24,train/loss,1.6280639171600342
3840,24,train/lr,3.5689884405654126e-07
3841,24,train/loss,1.564807415008545
3841,24,train/lr,3.5196493081366967e-07
3842,24,train/loss,1.6260592937469482
3842,24,train/lr,3.470652391092788e-07
3843,24,train/loss,1.5519616603851318
3843,24,train/lr,3.421997723206394e-07
3844,24,train/loss,1.440019965171814
3844,24,train/lr,3.3736853380144096e-07
3845,24,train/loss,1.528428077697754
3845,24,train/lr,3.325715268817642e-07
3846,24,train/loss,1.5133953094482422
3846,24,train/lr,3.2780875486810305e-07
3847,24,train/loss,1.5673964023590088
3847,24,train/lr,3.2308022104336476e-07
3848,24,train/loss,1.545238733291626
3848,24,train/lr,3.1838592866684223e-07
3849,24,train/loss,1.5115253925323486
3849,24,train/lr,3.137258809742249e-07
3850,24,train/loss,1.5615441799163818
3850,24,train/lr,3.091000811776101e-07
3851,24,train/loss,1.531231164932251
3851,24,train/lr,3.045085324654751e-07
3852,24,train/loss,1.5561938285827637
3852,24,train/lr,2.9995123800270476e-07
3853,24,train/loss,1.5031895637512207
3853,24,train/lr,2.954282009305587e-07
3854,24,train/loss,1.4606356620788574
3854,24,train/lr,2.9093942436669296e-07
3855,24,train/loss,1.4977498054504395
3855,24,train/lr,2.8648491140513266e-07
3856,24,train/loss,1.4417741298675537
3856,24,train/lr,2.820646651163161e-07
3857,24,train/loss,1.3915761709213257
3857,24,train/lr,2.776786885470228e-07
3858,24,train/loss,1.4490926265716553
3858,24,train/lr,2.733269847204456e-07
3859,24,train/loss,1.366410493850708
3859,24,train/lr,2.69009556636135e-07
3860,24,train/loss,1.4667108058929443
3860,24,train/lr,2.6472640727001616e-07
3861,24,train/loss,1.5067425966262817
3861,24,train/lr,2.6047753957439414e-07
3862,24,train/loss,1.4297593832015991
3862,24,train/lr,2.5626295647794286e-07
3863,24,train/loss,1.5130484104156494
3863,24,train/lr,2.5208266088569966e-07
3864,24,train/loss,1.442315936088562
3864,24,train/lr,2.479366556790708e-07
3865,24,train/loss,1.5310968160629272
3865,24,train/lr,2.4382494371582575e-07
3866,24,train/loss,1.5019338130950928
3866,24,train/lr,2.39747527830092e-07
3867,24,train/loss,1.5789835453033447
3867,24,train/lr,2.3570441083237137e-07
3868,24,train/loss,1.6236345767974854
3868,24,train/lr,2.3169559550951237e-07
3869,24,train/loss,1.4968924522399902
3869,24,train/lr,2.277210846247213e-07
3870,24,train/loss,1.6025683879852295
3870,24,train/lr,2.2378088091755678e-07
3871,24,train/loss,1.5889925956726074
3871,24,train/lr,2.1987498710394628e-07
3872,24,train/loss,1.4705500602722168
3872,24,train/lr,2.1600340587614176e-07
3873,24,train/loss,1.4946023225784302
3873,24,train/lr,2.1216613990275858e-07
3874,24,train/loss,1.5502969026565552
3874,24,train/lr,2.083631918287643e-07
3875,24,train/loss,1.53055739402771
3875,24,train/lr,2.0459456427546763e-07
3876,24,train/loss,1.4255783557891846
3876,24,train/lr,2.0086025984050738e-07
3877,24,train/loss,1.4919748306274414
3877,24,train/lr,1.9716028109788566e-07
3878,24,train/loss,1.3983745574951172
3878,24,train/lr,1.934946305979346e-07
3879,24,train/loss,1.418839693069458
3879,24,train/lr,1.8986331086731645e-07
3880,24,train/loss,1.5033658742904663
3880,24,train/lr,1.8626632440904568e-07
3881,24,train/loss,1.39656400680542
3881,24,train/lr,1.8270367370246123e-07
3882,24,train/loss,1.3694947957992554
3882,24,train/lr,1.7917536120323208e-07
3883,24,train/loss,1.5124564170837402
3883,24,train/lr,1.7568138934337398e-07
3884,24,train/loss,1.4294540882110596
3884,24,train/lr,1.722217605312104e-07
3885,24,train/loss,1.4891557693481445
3885,24,train/lr,1.6879647715140611e-07
3886,24,train/loss,1.4664844274520874
3886,24,train/lr,1.654055415649558e-07
3887,24,train/loss,1.3782293796539307
3887,24,train/lr,1.620489561091676e-07
3888,24,train/loss,1.4168215990066528
3888,24,train/lr,1.5872672309767967e-07
3889,24,train/loss,1.4826867580413818
3889,24,train/lr,1.5543884482046024e-07
3890,24,train/loss,1.52341890335083
3890,24,train/lr,1.521853235437687e-07
3891,24,train/loss,1.5145373344421387
3891,24,train/lr,1.489661615102167e-07
3892,24,train/loss,1.5752372741699219
3892,24,train/lr,1.457813609387071e-07
3893,24,train/loss,1.598159670829773
3893,24,train/lr,1.4263092402447832e-07
3894,24,train/loss,1.6766176223754883
3894,24,train/lr,1.3951485293906552e-07
3895,24,train/loss,1.5737173557281494
3895,24,train/lr,1.3643314983032284e-07
3896,24,train/loss,1.4508230686187744
3896,24,train/lr,1.333858168224178e-07
3897,24,train/loss,1.5058245658874512
3897,24,train/lr,1.303728560158257e-07
3898,24,train/loss,1.5330890417099
3898,24,train/lr,1.2739426948732424e-07
3899,24,train/loss,1.6708509922027588
3899,24,train/lr,1.2445005929000442e-07
3900,24,train/loss,1.4544014930725098
3900,24,train/lr,1.215402274532651e-07
3901,24,train/loss,1.3074204921722412
3901,24,train/lr,1.1866477598279636e-07
3902,24,train/loss,1.4332728385925293
3902,24,train/lr,1.1582370686059607e-07
3903,24,train/loss,1.4913297891616821
3903,24,train/lr,1.1301702204497e-07
3904,24,train/loss,1.3695690631866455
3904,24,train/lr,1.1024472347052061e-07
3905,24,train/loss,1.4099613428115845
3905,24,train/lr,1.0750681304813603e-07
3906,24,train/loss,1.3022855520248413
3906,24,train/lr,1.0480329266501776e-07
3907,24,train/loss,1.4722400903701782
3907,24,train/lr,1.0213416418465294e-07
3908,24,train/loss,1.474225640296936
3908,24,train/lr,9.949942944682545e-08
3909,24,train/loss,1.4641475677490234
3909,24,train/lr,9.68990902676159e-08
3910,24,train/loss,1.4997737407684326
3910,24,train/lr,9.433314843939611e-08
3911,24,train/loss,1.5702693462371826
3911,24,train/lr,9.180160573081798e-08
3912,24,train/loss,1.5291080474853516
3912,24,train/lr,8.930446388683566e-08
3913,24,train/loss,1.5227265357971191
3913,24,train/lr,8.684172462868345e-08
3914,24,train/loss,1.5120928287506104
3914,24,train/lr,8.441338965388679e-08
3915,24,train/loss,1.6026158332824707
3915,24,train/lr,8.201946063625677e-08
3916,24,train/loss,1.4062559604644775
3916,24,train/lr,7.965993922588455e-08
3917,24,train/loss,1.637953519821167
3917,24,train/lr,7.733482704914696e-08
3918,24,train/loss,1.6820242404937744
3918,24,train/lr,7.5044125708712e-08
3919,24,train/loss,1.5104970932006836
3919,24,train/lr,7.278783678351109e-08
3920,24,train/loss,1.4974939823150635
3920,24,train/lr,7.056596182876684e-08
3921,24,train/loss,1.6531431674957275
3921,24,train/lr,6.837850237598198e-08
3922,24,train/loss,1.5108016729354858
3922,24,train/lr,6.622545993293928e-08
3923,24,train/loss,1.5379102230072021
3923,24,train/lr,6.410683598368495e-08
3924,24,train/loss,1.4692250490188599
3924,24,train/lr,6.20226319885564e-08
3925,24,train/loss,1.4818425178527832
3925,24,train/lr,5.997284938415448e-08
3926,24,train/loss,1.4029722213745117
3926,24,train/lr,5.795748958336567e-08
3927,24,train/loss,1.4211921691894531
3927,24,train/lr,5.597655397533985e-08
3928,24,train/loss,1.4532361030578613
3928,24,train/lr,5.403004392550148e-08
3929,24,train/loss,1.6016358137130737
3929,24,train/lr,5.2117960775543986e-08
3930,24,train/loss,1.6613150835037231
3930,24,train/lr,5.024030584344086e-08
3931,24,train/loss,1.3062427043914795
3931,24,train/lr,4.839708042341795e-08
3932,24,train/loss,1.4155220985412598
3932,24,train/lr,4.658828578598673e-08
3933,24,train/loss,1.4180779457092285
3933,24,train/lr,4.481392317791655e-08
3934,24,train/loss,1.3427053689956665
3934,24,train/lr,4.30739938222402e-08
3935,24,train/loss,1.4771875143051147
3935,24,train/lr,4.1368498918265e-08
3936,24,train/loss,1.4373321533203125
3936,24,train/lr,3.969743964156169e-08
3937,24,train/loss,1.4826396703720093
3937,24,train/lr,3.8060817143958924e-08
3938,24,train/loss,1.5006210803985596
3938,24,train/lr,3.6458632553554306e-08
3939,24,train/loss,1.5039459466934204
3939,24,train/lr,3.489088697470333e-08
3940,24,train/loss,1.550684928894043
3940,24,train/lr,3.3357581488030475e-08
3941,24,train/loss,1.5597333908081055
3941,24,train/lr,3.185871715041255e-08
3942,24,train/loss,1.636192798614502
3942,24,train/lr,3.039429499499535e-08
3943,24,train/loss,1.6094624996185303
3943,24,train/lr,2.8964316031182547e-08
3944,24,train/loss,1.472293496131897
3944,24,train/lr,2.7568781244624587e-08
3945,24,train/loss,1.4795907735824585
3945,24,train/lr,2.6207691597240902e-08
3946,24,train/loss,1.7286556959152222
3946,24,train/lr,2.488104802721436e-08
3947,24,train/loss,1.4825494289398193
3947,24,train/lr,2.3588851448974604e-08
3948,24,train/loss,1.6705708503723145
3948,24,train/lr,2.2331102753209155e-08
3949,24,train/loss,1.468170166015625
3949,24,train/lr,2.1107802806863418e-08
3950,24,train/loss,1.5200001001358032
3950,24,train/lr,1.9918952453140682e-08
3951,24,train/loss,1.3581578731536865
3951,24,train/lr,1.8764552511485457e-08
3952,24,train/loss,1.5454267263412476
3952,24,train/lr,1.7644603777616787e-08
3953,24,train/loss,1.4877557754516602
3953,24,train/lr,1.6559107023489396e-08
3954,24,train/loss,1.5454888343811035
3954,24,train/lr,1.5508062997315887e-08
3955,24,train/loss,1.5776795148849487
3955,24,train/lr,1.4491472423572294e-08
3956,24,train/loss,1.3831193447113037
3956,24,train/lr,1.3509336002964779e-08
3957,24,train/loss,1.5316412448883057
3957,24,train/lr,1.2561654412474033e-08
3958,24,train/loss,1.411694049835205
3958,24,train/lr,1.1648428305316427e-08
3959,24,train/loss,1.4947774410247803
3959,24,train/lr,1.0769658310960663e-08
3960,24,train/loss,1.3383724689483643
3960,24,train/lr,9.925345035133316e-09
3961,24,train/loss,1.5474865436553955
3961,24,train/lr,9.115489059796645e-09
3962,24,train/loss,1.4679834842681885
3962,24,train/lr,8.340090943176338e-09
3963,24,train/loss,1.564220905303955
3963,24,train/lr,7.59915121974486e-09
3964,24,train/loss,1.5485175848007202
3964,24,train/lr,6.8926704002103546e-09
3965,24,train/loss,1.5009359121322632
3965,24,train/lr,6.220648971538845e-09
3966,24,train/loss,1.418619155883789
3966,24,train/lr,5.583087396954234e-09
3967,24,train/loss,1.5458228588104248
3967,24,train/lr,4.979986115899449e-09
3968,24,train/loss,1.576770305633545
3968,24,train/lr,4.4113455440975004e-09
3969,24,train/loss,1.5536918640136719
3969,24,train/lr,3.877166073495975e-09
3970,24,train/loss,1.5613282918930054
3970,24,train/lr,3.3774480722947864e-09
3971,24,train/loss,1.5254749059677124
3971,24,train/lr,2.9121918849461804e-09
3972,24,train/loss,1.4537124633789062
3972,24,train/lr,2.481397832132526e-09
3973,24,train/loss,1.4964594841003418
3973,24,train/lr,2.0850662108051755e-09
3974,24,train/loss,1.6182053089141846
3974,24,train/lr,1.7231972941400554e-09
3975,24,train/loss,1.5344476699829102
3975,24,train/lr,1.3957913315709725e-09
3976,24,train/loss,1.5485866069793701
3976,24,train/lr,1.1028485487729612e-09
3977,24,train/loss,1.4277433156967163
3977,24,train/lr,8.443691476678339e-10
3978,24,train/loss,1.444911003112793
3978,24,train/lr,6.203533064186306e-10
3979,24,train/loss,1.4373916387557983
3979,24,train/lr,4.308011794296185e-10
3980,24,train/loss,1.53474760055542
3980,24,train/lr,2.757128973684964e-10
3981,24,train/loss,1.5547449588775635
3981,24,train/lr,1.5508856712753704e-10
3982,24,train/loss,1.525880217552185
3982,24,train/lr,6.892827185134287e-11
3983,24,train/loss,1.543654203414917
3983,24,train/lr,1.7232070931294532e-11
3984,24,train/loss,1.570239543914795
3984,24,train/lr,0.0
3984,24,train/batches,331.0
3984,24,train/compute_pct,99.8752138139881
3984,24,train/compute_sec,33.37031886499972
3984,24,train/data_wait_pct,0.12478618601190686
3984,24,train/data_wait_sec,0.04169357599494106
3984,24,train/examples,5296.0
3984,24,train/examples_per_sec,158.505866994773
3984,24,train/input_tokens,625993.0
3984,24,train/peak_vram_gb,4.895360946655273
3984,24,train/target_tokens,424531.0
3984,24,train/tokens_per_sec,31441.506310199566
3984,24,train/total_sec,33.41201244099466
3984,24,train/epoch_loss,1.5039602723366545
3984,24,epoch24/batches,331.0
3984,24,epoch24/compute_pct,99.8752138139881
3984,24,epoch24/compute_sec,33.37031886499972
3984,24,epoch24/data_wait_pct,0.12478618601190686
3984,24,epoch24/data_wait_sec,0.04169357599494106
3984,24,epoch24/examples,5296.0
3984,24,epoch24/examples_per_sec,158.505866994773
3984,24,epoch24/input_tokens,625993.0
3984,24,epoch24/peak_vram_gb,4.895360946655273
3984,24,epoch24/target_tokens,424531.0
3984,24,epoch24/tokens_per_sec,31441.506310199566
3984,24,epoch24/total_sec,33.41201244099466
3984,24,val/bleu,18.803015164494354
3984,24,val/chrf,38.788672342305574
3984,24,val/combined,27.006369512820015
3984,24,val/eval_peak_vram_gb,4.895360946655273
3984,24,val/eval_samples_per_sec,13.617595192942884
3984,24,val/eval_seconds,43.84033976200044
3984,24,val/eval_tokens_per_sec,3848.0541190108283
