step,epoch,metric,value
1,1,train/loss,4.788347244262695
1,1,train/lr,3.5e-07
2,1,train/loss,4.343470573425293
2,1,train/lr,7e-07
3,1,train/loss,4.5192646980285645
3,1,train/lr,1.05e-06
4,1,train/loss,4.590882301330566
4,1,train/lr,1.4e-06
5,1,train/loss,4.995453834533691
5,1,train/lr,1.75e-06
6,1,train/loss,4.385944366455078
6,1,train/lr,2.1e-06
7,1,train/loss,4.228052616119385
7,1,train/lr,2.45e-06
8,1,train/loss,4.138632297515869
8,1,train/lr,2.8e-06
9,1,train/loss,4.365420341491699
9,1,train/lr,3.1499999999999995e-06
10,1,train/loss,4.226317405700684
10,1,train/lr,3.5e-06
11,1,train/loss,4.702767372131348
11,1,train/lr,3.8499999999999996e-06
12,1,train/loss,5.117462158203125
12,1,train/lr,4.2e-06
13,1,train/loss,5.02922248840332
13,1,train/lr,4.55e-06
14,1,train/loss,4.717463493347168
14,1,train/lr,4.9e-06
15,1,train/loss,4.858219146728516
15,1,train/lr,5.25e-06
16,1,train/loss,4.532407760620117
16,1,train/lr,5.6e-06
17,1,train/loss,4.3900041580200195
17,1,train/lr,5.95e-06
18,1,train/loss,4.603797912597656
18,1,train/lr,6.299999999999999e-06
19,1,train/loss,4.41022253036499
19,1,train/lr,6.65e-06
20,1,train/loss,4.368190288543701
20,1,train/lr,7e-06
21,1,train/loss,4.298796653747559
21,1,train/lr,7.349999999999999e-06
22,1,train/loss,4.560372829437256
22,1,train/lr,7.699999999999999e-06
23,1,train/loss,4.20391845703125
23,1,train/lr,8.05e-06
24,1,train/loss,4.819138050079346
24,1,train/lr,8.4e-06
25,1,train/loss,5.939732551574707
25,1,train/lr,8.75e-06
26,1,train/loss,4.671526908874512
26,1,train/lr,9.1e-06
27,1,train/loss,4.525402545928955
27,1,train/lr,9.45e-06
28,1,train/loss,4.457306385040283
28,1,train/lr,9.8e-06
29,1,train/loss,4.557129859924316
29,1,train/lr,1.0149999999999998e-05
30,1,train/loss,4.524360656738281
30,1,train/lr,1.05e-05
31,1,train/loss,4.445981025695801
31,1,train/lr,1.085e-05
32,1,train/loss,4.2253217697143555
32,1,train/lr,1.12e-05
33,1,train/loss,4.1957783699035645
33,1,train/lr,1.155e-05
34,1,train/loss,4.61829948425293
34,1,train/lr,1.19e-05
35,1,train/loss,4.033211708068848
35,1,train/lr,1.2249999999999998e-05
36,1,train/loss,4.021886348724365
36,1,train/lr,1.2599999999999998e-05
37,1,train/loss,4.97629451751709
37,1,train/lr,1.2949999999999998e-05
38,1,train/loss,4.961836338043213
38,1,train/lr,1.33e-05
39,1,train/loss,4.523555755615234
39,1,train/lr,1.365e-05
40,1,train/loss,4.230611324310303
40,1,train/lr,1.4e-05
41,1,train/loss,4.551222801208496
41,1,train/lr,1.4349999999999998e-05
42,1,train/loss,4.061214447021484
42,1,train/lr,1.4699999999999998e-05
43,1,train/loss,4.202522277832031
43,1,train/lr,1.5049999999999998e-05
44,1,train/loss,4.154913902282715
44,1,train/lr,1.5399999999999998e-05
45,1,train/loss,3.9361510276794434
45,1,train/lr,1.575e-05
46,1,train/loss,3.840719699859619
46,1,train/lr,1.61e-05
47,1,train/loss,4.014118194580078
47,1,train/lr,1.6449999999999997e-05
48,1,train/loss,3.7240235805511475
48,1,train/lr,1.68e-05
49,1,train/loss,3.8135411739349365
49,1,train/lr,1.7149999999999997e-05
50,1,train/loss,3.9572229385375977
50,1,train/lr,1.75e-05
51,1,train/loss,4.8791093826293945
51,1,train/lr,1.785e-05
52,1,train/loss,4.094665050506592
52,1,train/lr,1.82e-05
53,1,train/loss,4.0892438888549805
53,1,train/lr,1.855e-05
54,1,train/loss,4.1291327476501465
54,1,train/lr,1.89e-05
55,1,train/loss,4.176210880279541
55,1,train/lr,1.925e-05
56,1,train/loss,3.714686870574951
56,1,train/lr,1.96e-05
57,1,train/loss,3.8786978721618652
57,1,train/lr,1.9949999999999997e-05
58,1,train/loss,3.5704433917999268
58,1,train/lr,2.0299999999999995e-05
59,1,train/loss,3.443967819213867
59,1,train/lr,2.0649999999999997e-05
60,1,train/loss,3.473845958709717
60,1,train/lr,2.1e-05
61,1,train/loss,3.3975017070770264
61,1,train/lr,2.1349999999999997e-05
62,1,train/loss,3.711702823638916
62,1,train/lr,2.17e-05
63,1,train/loss,3.996377944946289
63,1,train/lr,2.2049999999999997e-05
64,1,train/loss,3.9852280616760254
64,1,train/lr,2.24e-05
65,1,train/loss,4.070667266845703
65,1,train/lr,2.2749999999999997e-05
66,1,train/loss,4.023977279663086
66,1,train/lr,2.31e-05
67,1,train/loss,4.075082778930664
67,1,train/lr,2.345e-05
68,1,train/loss,3.6561427116394043
68,1,train/lr,2.38e-05
69,1,train/loss,3.4046599864959717
69,1,train/lr,2.4149999999999997e-05
70,1,train/loss,3.399580478668213
70,1,train/lr,2.4499999999999996e-05
71,1,train/loss,3.3578832149505615
71,1,train/lr,2.4849999999999998e-05
72,1,train/loss,3.403273582458496
72,1,train/lr,2.5199999999999996e-05
73,1,train/loss,3.2273080348968506
73,1,train/lr,2.5549999999999998e-05
74,1,train/loss,3.3334012031555176
74,1,train/lr,2.5899999999999996e-05
75,1,train/loss,3.3661789894104004
75,1,train/lr,2.6249999999999998e-05
76,1,train/loss,3.556680679321289
76,1,train/lr,2.66e-05
77,1,train/loss,3.525761365890503
77,1,train/lr,2.6949999999999998e-05
78,1,train/loss,3.75981068611145
78,1,train/lr,2.73e-05
79,1,train/loss,3.334481716156006
79,1,train/lr,2.7649999999999998e-05
80,1,train/loss,3.2934768199920654
80,1,train/lr,2.8e-05
81,1,train/loss,3.4245986938476562
81,1,train/lr,2.8349999999999998e-05
82,1,train/loss,3.2186756134033203
82,1,train/lr,2.8699999999999996e-05
83,1,train/loss,3.3534436225891113
83,1,train/lr,2.9049999999999995e-05
84,1,train/loss,3.1301870346069336
84,1,train/lr,2.9399999999999996e-05
85,1,train/loss,3.144531488418579
85,1,train/lr,2.9749999999999998e-05
86,1,train/loss,3.2693071365356445
86,1,train/lr,3.0099999999999996e-05
87,1,train/loss,3.1674678325653076
87,1,train/lr,3.0449999999999998e-05
88,1,train/loss,3.9212050437927246
88,1,train/lr,3.0799999999999996e-05
89,1,train/loss,3.3568570613861084
89,1,train/lr,3.115e-05
90,1,train/loss,3.3040380477905273
90,1,train/lr,3.15e-05
91,1,train/loss,3.4899868965148926
91,1,train/lr,3.185e-05
92,1,train/loss,3.3347458839416504
92,1,train/lr,3.22e-05
93,1,train/loss,3.17069149017334
93,1,train/lr,3.255e-05
94,1,train/loss,3.080559253692627
94,1,train/lr,3.289999999999999e-05
95,1,train/loss,2.889739751815796
95,1,train/lr,3.3249999999999995e-05
96,1,train/loss,3.029404640197754
96,1,train/lr,3.36e-05
97,1,train/loss,3.137099266052246
97,1,train/lr,3.395e-05
98,1,train/loss,2.7883119583129883
98,1,train/lr,3.4299999999999993e-05
99,1,train/loss,2.705388307571411
99,1,train/lr,3.4649999999999995e-05
100,1,train/loss,2.795267105102539
100,1,train/lr,3.5e-05
101,1,train/loss,3.5327136516571045
101,1,train/lr,3.535e-05
102,1,train/loss,3.117168426513672
102,1,train/lr,3.57e-05
103,1,train/loss,3.049525737762451
103,1,train/lr,3.6049999999999995e-05
104,1,train/loss,2.989880323410034
104,1,train/lr,3.64e-05
105,1,train/loss,2.9699647426605225
105,1,train/lr,3.675e-05
106,1,train/loss,2.8060855865478516
106,1,train/lr,3.71e-05
107,1,train/loss,2.784684181213379
107,1,train/lr,3.745e-05
108,1,train/loss,2.6413321495056152
108,1,train/lr,3.78e-05
109,1,train/loss,2.7623274326324463
109,1,train/lr,3.815e-05
110,1,train/loss,2.527555465698242
110,1,train/lr,3.85e-05
111,1,train/loss,2.8012218475341797
111,1,train/lr,3.885e-05
112,1,train/loss,2.56719970703125
112,1,train/lr,3.92e-05
113,1,train/loss,3.186311721801758
113,1,train/lr,3.954999999999999e-05
114,1,train/loss,3.126908779144287
114,1,train/lr,3.9899999999999994e-05
115,1,train/loss,3.257117748260498
115,1,train/lr,4.0249999999999996e-05
116,1,train/loss,3.082728147506714
116,1,train/lr,4.059999999999999e-05
117,1,train/loss,2.8123600482940674
117,1,train/lr,4.094999999999999e-05
118,1,train/loss,2.8915657997131348
118,1,train/lr,4.1299999999999994e-05
119,1,train/loss,2.684615135192871
119,1,train/lr,4.1649999999999996e-05
120,1,train/loss,2.6465044021606445
120,1,train/lr,4.2e-05
121,1,train/loss,2.71006441116333
121,1,train/lr,4.234999999999999e-05
122,1,train/loss,2.5082244873046875
122,1,train/lr,4.2699999999999994e-05
123,1,train/loss,2.673038959503174
123,1,train/lr,4.3049999999999996e-05
124,1,train/loss,2.4091105461120605
124,1,train/lr,4.34e-05
125,1,train/loss,2.6442198753356934
125,1,train/lr,4.374999999999999e-05
126,1,train/loss,3.0915894508361816
126,1,train/lr,4.4099999999999995e-05
127,1,train/loss,2.900561571121216
127,1,train/lr,4.4449999999999996e-05
128,1,train/loss,2.881517171859741
128,1,train/lr,4.48e-05
129,1,train/loss,3.169720411300659
129,1,train/lr,4.515e-05
130,1,train/loss,2.694675922393799
130,1,train/lr,4.5499999999999995e-05
131,1,train/loss,2.670311450958252
131,1,train/lr,4.5849999999999996e-05
132,1,train/loss,2.5279717445373535
132,1,train/lr,4.62e-05
133,1,train/loss,2.7035531997680664
133,1,train/lr,4.655e-05
134,1,train/loss,2.6821212768554688
134,1,train/lr,4.69e-05
135,1,train/loss,2.4614646434783936
135,1,train/lr,4.7249999999999997e-05
136,1,train/loss,2.5493879318237305
136,1,train/lr,4.76e-05
137,1,train/loss,2.422656536102295
137,1,train/lr,4.795e-05
138,1,train/loss,3.2391910552978516
138,1,train/lr,4.8299999999999995e-05
139,1,train/loss,2.753985643386841
139,1,train/lr,4.864999999999999e-05
140,1,train/loss,2.662827491760254
140,1,train/lr,4.899999999999999e-05
141,1,train/loss,2.6379826068878174
141,1,train/lr,4.934999999999999e-05
142,1,train/loss,2.5766353607177734
142,1,train/lr,4.9699999999999995e-05
143,1,train/loss,2.512521982192993
143,1,train/lr,5.004999999999999e-05
144,1,train/loss,2.5599722862243652
144,1,train/lr,5.039999999999999e-05
145,1,train/loss,2.5881192684173584
145,1,train/lr,5.0749999999999994e-05
146,1,train/loss,2.438180446624756
146,1,train/lr,5.1099999999999995e-05
147,1,train/loss,2.38893985748291
147,1,train/lr,5.145e-05
148,1,train/loss,2.408595085144043
148,1,train/lr,5.179999999999999e-05
149,1,train/loss,2.304443359375
149,1,train/lr,5.2149999999999994e-05
150,1,train/loss,2.577341318130493
150,1,train/lr,5.2499999999999995e-05
151,1,train/loss,2.7178492546081543
151,1,train/lr,5.285e-05
152,1,train/loss,2.7986984252929688
152,1,train/lr,5.32e-05
153,1,train/loss,2.507925033569336
153,1,train/lr,5.3549999999999994e-05
154,1,train/loss,2.659329414367676
154,1,train/lr,5.3899999999999996e-05
155,1,train/loss,2.4485831260681152
155,1,train/lr,5.425e-05
156,1,train/loss,2.3740549087524414
156,1,train/lr,5.46e-05
157,1,train/loss,2.540724992752075
157,1,train/lr,5.495e-05
158,1,train/loss,2.449537992477417
158,1,train/lr,5.5299999999999996e-05
159,1,train/loss,2.3633437156677246
159,1,train/lr,5.565e-05
160,1,train/loss,2.418933391571045
160,1,train/lr,5.6e-05
161,1,train/loss,2.285128116607666
161,1,train/lr,5.635e-05
162,1,train/loss,2.350268840789795
162,1,train/lr,5.6699999999999996e-05
163,1,train/loss,2.752342700958252
163,1,train/lr,5.704999999999999e-05
164,1,train/loss,2.5102179050445557
164,1,train/lr,5.739999999999999e-05
165,1,train/loss,2.4269063472747803
165,1,train/lr,5.7749999999999994e-05
166,1,train/loss,2.252854824066162
166,1,train/lr,5.809999999999999e-05
166,1,train/batches,662.0
166,1,train/compute_pct,99.92006806166977
166,1,train/compute_sec,68.02868582247174
166,1,train/data_wait_pct,0.07993193833022744
166,1,train/data_wait_sec,0.05442014627624303
166,1,train/examples,5296.0
166,1,train/examples_per_sec,77.78728547476975
166,1,train/input_tokens,910581.0
166,1,train/peak_vram_gb,6.715283393859863
166,1,train/target_tokens,424718.0
166,1,train/tokens_per_sec,19612.780307245954
166,1,train/total_sec,68.08310596874799
166,1,train/epoch_loss,3.47550566751071
166,1,epoch1/batches,662.0
166,1,epoch1/compute_pct,99.92006806166977
166,1,epoch1/compute_sec,68.02868582247174
166,1,epoch1/data_wait_pct,0.07993193833022744
166,1,epoch1/data_wait_sec,0.05442014627624303
166,1,epoch1/examples,5296.0
166,1,epoch1/examples_per_sec,77.78728547476975
166,1,epoch1/input_tokens,910581.0
166,1,epoch1/peak_vram_gb,6.715283393859863
166,1,epoch1/target_tokens,424718.0
166,1,epoch1/tokens_per_sec,19612.780307245954
166,1,epoch1/total_sec,68.08310596874799
166,1,val/bleu,0.5077412571532305
166,1,val/chrf,13.507664327953378
166,1,val/combined,2.6188544188402103
166,1,val/eval_peak_vram_gb,6.715283393859863
166,1,val/eval_samples_per_sec,7.427027674437366
166,1,val/eval_seconds,80.38208906300133
166,1,val/eval_tokens_per_sec,1405.5618772416792
167,2,train/loss,2.506765604019165
167,2,train/lr,5.844999999999999e-05
168,2,train/loss,2.7326412200927734
168,2,train/lr,5.879999999999999e-05
169,2,train/loss,2.4002108573913574
169,2,train/lr,5.9149999999999994e-05
170,2,train/loss,2.353720188140869
170,2,train/lr,5.9499999999999996e-05
171,2,train/loss,2.3783578872680664
171,2,train/lr,5.984999999999999e-05
172,2,train/loss,2.4003548622131348
172,2,train/lr,6.019999999999999e-05
173,2,train/loss,2.358621597290039
173,2,train/lr,6.0549999999999995e-05
174,2,train/loss,2.3687305450439453
174,2,train/lr,6.0899999999999996e-05
175,2,train/loss,2.349888563156128
175,2,train/lr,6.125e-05
176,2,train/loss,2.2564735412597656
176,2,train/lr,6.159999999999999e-05
177,2,train/loss,2.289750337600708
177,2,train/lr,6.195e-05
178,2,train/loss,2.2332310676574707
178,2,train/lr,6.23e-05
179,2,train/loss,2.6505260467529297
179,2,train/lr,6.264999999999999e-05
180,2,train/loss,2.6121785640716553
180,2,train/lr,6.3e-05
181,2,train/loss,2.592876672744751
181,2,train/lr,6.335e-05
182,2,train/loss,2.5697574615478516
182,2,train/lr,6.37e-05
183,2,train/loss,2.2932896614074707
183,2,train/lr,6.405e-05
184,2,train/loss,2.2984166145324707
184,2,train/lr,6.44e-05
185,2,train/loss,2.4551186561584473
185,2,train/lr,6.475e-05
186,2,train/loss,2.2592129707336426
186,2,train/lr,6.51e-05
187,2,train/loss,2.3196539878845215
187,2,train/lr,6.544999999999999e-05
188,2,train/loss,2.1851370334625244
188,2,train/lr,6.579999999999999e-05
189,2,train/loss,2.251241683959961
189,2,train/lr,6.615e-05
190,2,train/loss,2.2660632133483887
190,2,train/lr,6.649999999999999e-05
191,2,train/loss,2.275946617126465
191,2,train/lr,6.684999999999999e-05
192,2,train/loss,2.4926974773406982
192,2,train/lr,6.72e-05
193,2,train/loss,2.5181355476379395
193,2,train/lr,6.754999999999999e-05
194,2,train/loss,2.5606374740600586
194,2,train/lr,6.79e-05
195,2,train/loss,2.30159592628479
195,2,train/lr,6.824999999999999e-05
196,2,train/loss,2.3914144039154053
196,2,train/lr,6.859999999999999e-05
197,2,train/loss,2.3039727210998535
197,2,train/lr,6.895e-05
198,2,train/loss,2.280815839767456
198,2,train/lr,6.929999999999999e-05
199,2,train/loss,2.11908221244812
199,2,train/lr,6.965e-05
200,2,train/loss,2.2999753952026367
200,2,train/lr,7e-05
201,2,train/loss,2.0664243698120117
201,2,train/lr,6.999998225693802e-05
202,2,train/loss,2.1201062202453613
202,2,train/lr,6.999992902777011e-05
203,2,train/loss,2.2832767963409424
203,2,train/lr,6.999984031255021e-05
204,2,train/loss,2.8396806716918945
204,2,train/lr,6.999971611136829e-05
205,2,train/loss,2.516786575317383
205,2,train/lr,6.999955642435026e-05
206,2,train/loss,2.3155603408813477
206,2,train/lr,6.999936125165803e-05
207,2,train/loss,2.100893974304199
207,2,train/lr,6.999913059348948e-05
208,2,train/loss,2.1844441890716553
208,2,train/lr,6.999886445007847e-05
209,2,train/loss,2.1446316242218018
209,2,train/lr,6.999856282169485e-05
210,2,train/loss,2.1275758743286133
210,2,train/lr,6.999822570864443e-05
211,2,train/loss,2.0367212295532227
211,2,train/lr,6.9997853111269e-05
212,2,train/loss,2.2322654724121094
212,2,train/lr,6.999744502994637e-05
213,2,train/loss,2.0595924854278564
213,2,train/lr,6.999700146509024e-05
214,2,train/loss,2.243382692337036
214,2,train/lr,6.999652241715036e-05
215,2,train/loss,2.1303911209106445
215,2,train/lr,6.999600788661242e-05
216,2,train/loss,2.131561756134033
216,2,train/lr,6.999545787399811e-05
217,2,train/loss,2.3328206539154053
217,2,train/lr,6.999487237986506e-05
218,2,train/loss,2.358609437942505
218,2,train/lr,6.999425140480695e-05
219,2,train/loss,2.3507509231567383
219,2,train/lr,6.99935949494533e-05
220,2,train/loss,2.466916561126709
220,2,train/lr,6.999290301446975e-05
221,2,train/loss,2.121441125869751
221,2,train/lr,6.999217560055781e-05
222,2,train/loss,2.0936813354492188
222,2,train/lr,6.9991412708455e-05
223,2,train/loss,2.015078544616699
223,2,train/lr,6.999061433893484e-05
224,2,train/loss,2.158085584640503
224,2,train/lr,6.998978049280675e-05
225,2,train/loss,2.1223812103271484
225,2,train/lr,6.998891117091616e-05
226,2,train/loss,2.1293869018554688
226,2,train/lr,6.998800637414449e-05
227,2,train/loss,2.161512613296509
227,2,train/lr,6.99870661034091e-05
228,2,train/loss,2.141146183013916
228,2,train/lr,6.99860903596633e-05
229,2,train/loss,2.6624257564544678
229,2,train/lr,6.99850791438964e-05
230,2,train/loss,2.1809890270233154
230,2,train/lr,6.998403245713366e-05
231,2,train/loss,2.390601396560669
231,2,train/lr,6.99829503004363e-05
232,2,train/loss,2.2459897994995117
232,2,train/lr,6.998183267490152e-05
233,2,train/loss,2.2220520973205566
233,2,train/lr,6.998067958166245e-05
234,2,train/loss,2.073050022125244
234,2,train/lr,6.99794910218882e-05
235,2,train/loss,2.136922836303711
235,2,train/lr,6.997826699678387e-05
236,2,train/loss,2.378823757171631
236,2,train/lr,6.997700750759044e-05
237,2,train/loss,1.9817132949829102
237,2,train/lr,6.997571255558491e-05
238,2,train/loss,1.9897658824920654
238,2,train/lr,6.997438214208025e-05
239,2,train/loss,2.034224271774292
239,2,train/lr,6.99730162684253e-05
240,2,train/loss,2.1210339069366455
240,2,train/lr,6.997161493600493e-05
241,2,train/loss,2.1083269119262695
241,2,train/lr,6.997017814623994e-05
242,2,train/loss,2.3134758472442627
242,2,train/lr,6.996870590058707e-05
243,2,train/loss,2.0478806495666504
243,2,train/lr,6.996719820053902e-05
244,2,train/loss,2.3000478744506836
244,2,train/lr,6.99656550476244e-05
245,2,train/loss,2.221900463104248
245,2,train/lr,6.996407644340786e-05
246,2,train/loss,2.1532864570617676
246,2,train/lr,6.996246238948986e-05
247,2,train/loss,2.005502939224243
247,2,train/lr,6.996081288750691e-05
248,2,train/loss,2.0488619804382324
248,2,train/lr,6.995912793913143e-05
249,2,train/loss,2.0392367839813232
249,2,train/lr,6.995740754607174e-05
250,2,train/loss,2.0329084396362305
250,2,train/lr,6.995565171007214e-05
251,2,train/loss,2.134026050567627
251,2,train/lr,6.995386043291288e-05
252,2,train/loss,2.017770290374756
252,2,train/lr,6.995203371641007e-05
253,2,train/loss,2.2301278114318848
253,2,train/lr,6.995017156241585e-05
254,2,train/loss,2.3493223190307617
254,2,train/lr,6.994827397281819e-05
255,2,train/loss,2.2304158210754395
255,2,train/lr,6.994634094954106e-05
256,2,train/loss,2.5116240978240967
256,2,train/lr,6.994437249454433e-05
257,2,train/loss,2.157893419265747
257,2,train/lr,6.994236860982379e-05
258,2,train/loss,1.9005932807922363
258,2,train/lr,6.994032929741117e-05
259,2,train/loss,2.0181267261505127
259,2,train/lr,6.993825455937409e-05
260,2,train/loss,1.967956304550171
260,2,train/lr,6.993614439781611e-05
261,2,train/loss,2.007694721221924
261,2,train/lr,6.99339988148767e-05
262,2,train/loss,1.9529024362564087
262,2,train/lr,6.993181781273125e-05
263,2,train/loss,1.8983924388885498
263,2,train/lr,6.992960139359104e-05
264,2,train/loss,2.122525691986084
264,2,train/lr,6.992734955970331e-05
265,2,train/loss,2.083432912826538
265,2,train/lr,6.992506231335111e-05
266,2,train/loss,2.052421808242798
266,2,train/lr,6.99227396568535e-05
267,2,train/loss,2.435962438583374
267,2,train/lr,6.99203815925654e-05
268,2,train/loss,2.1681971549987793
268,2,train/lr,6.99179881228776e-05
269,2,train/loss,2.3803327083587646
269,2,train/lr,6.991555925021683e-05
270,2,train/loss,2.0378332138061523
270,2,train/lr,6.991309497704568e-05
271,2,train/loss,2.162259817123413
271,2,train/lr,6.991059530586267e-05
272,2,train/loss,1.9359385967254639
272,2,train/lr,6.990806023920219e-05
273,2,train/loss,2.0020194053649902
273,2,train/lr,6.99054897796345e-05
274,2,train/loss,2.128215789794922
274,2,train/lr,6.990288392976576e-05
275,2,train/loss,2.0256543159484863
275,2,train/lr,6.990024269223804e-05
276,2,train/loss,2.0024752616882324
276,2,train/lr,6.989756606972923e-05
277,2,train/loss,2.0456953048706055
277,2,train/lr,6.989485406495316e-05
278,2,train/loss,2.0591142177581787
278,2,train/lr,6.989210668065948e-05
279,2,train/loss,2.3726887702941895
279,2,train/lr,6.988932391963373e-05
280,2,train/loss,2.1389918327331543
280,2,train/lr,6.988650578469734e-05
281,2,train/loss,1.8777941465377808
281,2,train/lr,6.988365227870758e-05
282,2,train/loss,2.474353551864624
282,2,train/lr,6.988076340455759e-05
283,2,train/loss,1.8563657999038696
283,2,train/lr,6.987783916517636e-05
284,2,train/loss,1.9266904592514038
284,2,train/lr,6.987487956352876e-05
285,2,train/loss,2.183556079864502
285,2,train/lr,6.987188460261548e-05
286,2,train/loss,2.0782289505004883
286,2,train/lr,6.98688542854731e-05
287,2,train/loss,2.0000054836273193
287,2,train/lr,6.9865788615174e-05
288,2,train/loss,2.127037286758423
288,2,train/lr,6.986268759482644e-05
289,2,train/loss,1.918482780456543
289,2,train/lr,6.985955122757453e-05
290,2,train/loss,2.0479960441589355
290,2,train/lr,6.985637951659818e-05
291,2,train/loss,2.059332847595215
291,2,train/lr,6.985317246511315e-05
292,2,train/loss,2.083003044128418
292,2,train/lr,6.984993007637105e-05
293,2,train/loss,2.1250078678131104
293,2,train/lr,6.98466523536593e-05
294,2,train/loss,2.0721933841705322
294,2,train/lr,6.984333930030114e-05
295,2,train/loss,1.880544662475586
295,2,train/lr,6.983999091965564e-05
296,2,train/loss,2.1079368591308594
296,2,train/lr,6.983660721511769e-05
297,2,train/loss,1.9721450805664062
297,2,train/lr,6.9833188190118e-05
298,2,train/loss,2.0499536991119385
298,2,train/lr,6.982973384812307e-05
299,2,train/loss,1.9968879222869873
299,2,train/lr,6.982624419263522e-05
300,2,train/loss,1.9499584436416626
300,2,train/lr,6.982271922719258e-05
301,2,train/loss,2.0049428939819336
301,2,train/lr,6.98191589553691e-05
302,2,train/loss,1.9485652446746826
302,2,train/lr,6.981556338077444e-05
303,2,train/loss,2.0700902938842773
303,2,train/lr,6.981193250705416e-05
304,2,train/loss,2.0806446075439453
304,2,train/lr,6.980826633788956e-05
305,2,train/loss,2.2111940383911133
305,2,train/lr,6.980456487699771e-05
306,2,train/loss,2.291957378387451
306,2,train/lr,6.98008281281315e-05
307,2,train/loss,2.0018362998962402
307,2,train/lr,6.979705609507959e-05
308,2,train/loss,2.1031265258789062
308,2,train/lr,6.979324878166637e-05
309,2,train/loss,2.0576024055480957
309,2,train/lr,6.978940619175206e-05
310,2,train/loss,2.118349313735962
310,2,train/lr,6.978552832923261e-05
311,2,train/loss,1.890815019607544
311,2,train/lr,6.978161519803974e-05
312,2,train/loss,1.9062600135803223
312,2,train/lr,6.977766680214095e-05
313,2,train/loss,2.168170690536499
313,2,train/lr,6.977368314553946e-05
314,2,train/loss,2.0971784591674805
314,2,train/lr,6.976966423227425e-05
315,2,train/loss,1.9556851387023926
315,2,train/lr,6.976561006642006e-05
316,2,train/loss,1.8432559967041016
316,2,train/lr,6.976152065208739e-05
317,2,train/loss,2.099975109100342
317,2,train/lr,6.975739599342242e-05
318,2,train/loss,2.171066999435425
318,2,train/lr,6.97532360946071e-05
319,2,train/loss,2.099651575088501
319,2,train/lr,6.974904095985912e-05
320,2,train/loss,1.7723315954208374
320,2,train/lr,6.974481059343188e-05
321,2,train/loss,1.660588264465332
321,2,train/lr,6.974054499961451e-05
322,2,train/loss,1.8175663948059082
322,2,train/lr,6.973624418273183e-05
323,2,train/loss,2.0514867305755615
323,2,train/lr,6.97319081471444e-05
324,2,train/loss,1.8447355031967163
324,2,train/lr,6.972753689724848e-05
325,2,train/loss,1.8183435201644897
325,2,train/lr,6.972313043747604e-05
326,2,train/loss,2.007925510406494
326,2,train/lr,6.971868877229475e-05
327,2,train/loss,1.913438081741333
327,2,train/lr,6.971421190620793e-05
328,2,train/loss,2.0089426040649414
328,2,train/lr,6.970969984375466e-05
329,2,train/loss,1.8495666980743408
329,2,train/lr,6.970515258950967e-05
330,2,train/loss,1.867616891860962
330,2,train/lr,6.970057014808337e-05
331,2,train/loss,1.8775243759155273
331,2,train/lr,6.969595252412182e-05
332,2,train/loss,1.8946579694747925
332,2,train/lr,6.969129972230682e-05
332,2,train/batches,662.0
332,2,train/compute_pct,99.92708877731481
332,2,train/compute_sec,66.30717823118903
332,2,train/data_wait_pct,0.07291122268519837
332,2,train/data_wait_sec,0.04838064929936081
332,2,train/examples,5296.0
332,2,train/examples_per_sec,79.81245413874842
332,2,train/input_tokens,910614.0
332,2,train/peak_vram_gb,6.732344627380371
332,2,train/target_tokens,424702.0
332,2,train/tokens_per_sec,20123.649360033418
332,2,train/total_sec,66.35555888048839
332,2,train/epoch_loss,2.154677394293586
332,2,epoch2/batches,662.0
332,2,epoch2/compute_pct,99.92708877731481
332,2,epoch2/compute_sec,66.30717823118903
332,2,epoch2/data_wait_pct,0.07291122268519837
332,2,epoch2/data_wait_sec,0.04838064929936081
332,2,epoch2/examples,5296.0
332,2,epoch2/examples_per_sec,79.81245413874842
332,2,epoch2/input_tokens,910614.0
332,2,epoch2/peak_vram_gb,6.732344627380371
332,2,epoch2/target_tokens,424702.0
332,2,epoch2/tokens_per_sec,20123.649360033418
332,2,epoch2/total_sec,66.35555888048839
332,2,val/bleu,4.857598711817086
332,2,val/chrf,22.844923271300868
332,2,val/combined,10.534299685039878
332,2,val/eval_peak_vram_gb,6.732344627380371
332,2,val/eval_samples_per_sec,7.2025507616501
332,2,val/eval_seconds,82.8873019790044
332,2,val/eval_tokens_per_sec,1417.4788802965359
333,3,train/loss,1.8625071048736572
333,3,train/lr,6.968661174735577e-05
334,3,train/loss,2.120840311050415
334,3,train/lr,6.968188860402176e-05
335,3,train/loss,1.991842269897461
335,3,train/lr,6.967713029709355e-05
336,3,train/loss,1.6594102382659912
336,3,train/lr,6.967233683139552e-05
337,3,train/loss,2.022521495819092
337,3,train/lr,6.966750821178773e-05
338,3,train/loss,2.0551705360412598
338,3,train/lr,6.966264444316584e-05
339,3,train/loss,1.9564595222473145
339,3,train/lr,6.965774553046119e-05
340,3,train/loss,1.8801820278167725
340,3,train/lr,6.965281147864074e-05
341,3,train/loss,1.966077208518982
341,3,train/lr,6.964784229270705e-05
342,3,train/loss,1.827918291091919
342,3,train/lr,6.964283797769835e-05
343,3,train/loss,1.9241845607757568
343,3,train/lr,6.963779853868846e-05
344,3,train/loss,1.907299280166626
344,3,train/lr,6.963272398078678e-05
345,3,train/loss,2.0107908248901367
345,3,train/lr,6.962761430913839e-05
346,3,train/loss,1.9257917404174805
346,3,train/lr,6.96224695289239e-05
347,3,train/loss,1.851454496383667
347,3,train/lr,6.961728964535957e-05
348,3,train/loss,1.8674451112747192
348,3,train/lr,6.961207466369722e-05
349,3,train/loss,1.993321418762207
349,3,train/lr,6.960682458922426e-05
350,3,train/loss,2.049483299255371
350,3,train/lr,6.96015394272637e-05
351,3,train/loss,1.858842372894287
351,3,train/lr,6.959621918317408e-05
352,3,train/loss,1.867396593093872
352,3,train/lr,6.959086386234956e-05
353,3,train/loss,1.8634066581726074
353,3,train/lr,6.958547347021984e-05
354,3,train/loss,1.8684532642364502
354,3,train/lr,6.958004801225018e-05
355,3,train/loss,1.9101535081863403
355,3,train/lr,6.957458749394138e-05
356,3,train/loss,1.8007452487945557
356,3,train/lr,6.956909192082982e-05
357,3,train/loss,1.8949007987976074
357,3,train/lr,6.956356129848738e-05
358,3,train/loss,1.9756351709365845
358,3,train/lr,6.955799563252153e-05
359,3,train/loss,1.642919659614563
359,3,train/lr,6.955239492857522e-05
360,3,train/loss,2.044869899749756
360,3,train/lr,6.954675919232694e-05
361,3,train/loss,2.0443825721740723
361,3,train/lr,6.954108842949072e-05
362,3,train/loss,2.0214829444885254
362,3,train/lr,6.953538264581605e-05
363,3,train/loss,1.7513904571533203
363,3,train/lr,6.952964184708802e-05
364,3,train/loss,1.8784914016723633
364,3,train/lr,6.95238660391271e-05
365,3,train/loss,1.9507733583450317
365,3,train/lr,6.951805522778936e-05
366,3,train/loss,1.9576454162597656
366,3,train/lr,6.951220941896632e-05
367,3,train/loss,1.9732186794281006
367,3,train/lr,6.950632861858496e-05
368,3,train/loss,1.9315847158432007
368,3,train/lr,6.950041283260778e-05
369,3,train/loss,1.9446780681610107
369,3,train/lr,6.949446206703272e-05
370,3,train/loss,2.1785569190979004
370,3,train/lr,6.94884763278932e-05
371,3,train/loss,1.789083480834961
371,3,train/lr,6.94824556212581e-05
372,3,train/loss,2.11637806892395
372,3,train/lr,6.947639995323174e-05
373,3,train/loss,1.9042291641235352
373,3,train/lr,6.947030932995391e-05
374,3,train/loss,1.990789532661438
374,3,train/lr,6.946418375759982e-05
375,3,train/loss,1.9901304244995117
375,3,train/lr,6.945802324238013e-05
376,3,train/loss,1.853026032447815
376,3,train/lr,6.945182779054092e-05
377,3,train/loss,1.8617918491363525
377,3,train/lr,6.944559740836367e-05
378,3,train/loss,1.7903399467468262
378,3,train/lr,6.943933210216533e-05
379,3,train/loss,2.036029100418091
379,3,train/lr,6.94330318782982e-05
380,3,train/loss,1.8489835262298584
380,3,train/lr,6.942669674315003e-05
381,3,train/loss,1.8607783317565918
381,3,train/lr,6.942032670314392e-05
382,3,train/loss,1.8840816020965576
382,3,train/lr,6.941392176473841e-05
383,3,train/loss,1.8300275802612305
383,3,train/lr,6.940748193442738e-05
384,3,train/loss,1.8426032066345215
384,3,train/lr,6.940100721874013e-05
385,3,train/loss,1.7787036895751953
385,3,train/lr,6.939449762424126e-05
386,3,train/loss,1.9163823127746582
386,3,train/lr,6.938795315753083e-05
387,3,train/loss,1.8034042119979858
387,3,train/lr,6.938137382524418e-05
388,3,train/loss,1.9145410060882568
388,3,train/lr,6.937475963405201e-05
389,3,train/loss,1.7657973766326904
389,3,train/lr,6.93681105906604e-05
390,3,train/loss,1.827911138534546
390,3,train/lr,6.936142670181074e-05
391,3,train/loss,1.8233835697174072
391,3,train/lr,6.935470797427975e-05
392,3,train/loss,1.9108202457427979
392,3,train/lr,6.934795441487947e-05
393,3,train/loss,1.7770967483520508
393,3,train/lr,6.934116603045726e-05
394,3,train/loss,1.8768935203552246
394,3,train/lr,6.93343428278958e-05
395,3,train/loss,1.7865902185440063
395,3,train/lr,6.932748481411306e-05
396,3,train/loss,1.8905210494995117
396,3,train/lr,6.93205919960623e-05
397,3,train/loss,1.9534231424331665
397,3,train/lr,6.931366438073209e-05
398,3,train/loss,1.7168998718261719
398,3,train/lr,6.930670197514624e-05
399,3,train/loss,1.699682593345642
399,3,train/lr,6.929970478636387e-05
400,3,train/loss,1.6884002685546875
400,3,train/lr,6.929267282147936e-05
401,3,train/loss,1.7539522647857666
401,3,train/lr,6.928560608762235e-05
402,3,train/loss,1.780210018157959
402,3,train/lr,6.927850459195769e-05
403,3,train/loss,1.8955612182617188
403,3,train/lr,6.927136834168557e-05
404,3,train/loss,1.8118302822113037
404,3,train/lr,6.926419734404129e-05
405,3,train/loss,2.0451042652130127
405,3,train/lr,6.925699160629549e-05
406,3,train/loss,2.0135481357574463
406,3,train/lr,6.924975113575398e-05
407,3,train/loss,1.9496197700500488
407,3,train/lr,6.92424759397578e-05
408,3,train/loss,1.723716378211975
408,3,train/lr,6.923516602568319e-05
409,3,train/loss,2.0021111965179443
409,3,train/lr,6.922782140094159e-05
410,3,train/loss,1.9598774909973145
410,3,train/lr,6.922044207297963e-05
411,3,train/loss,1.7402132749557495
411,3,train/lr,6.921302804927916e-05
412,3,train/loss,1.8499959707260132
412,3,train/lr,6.920557933735714e-05
413,3,train/loss,1.905932903289795
413,3,train/lr,6.919809594476575e-05
414,3,train/loss,1.7667919397354126
414,3,train/lr,6.919057787909234e-05
415,3,train/loss,1.8327631950378418
415,3,train/lr,6.918302514795939e-05
416,3,train/loss,1.817699670791626
416,3,train/lr,6.917543775902452e-05
417,3,train/loss,1.6891752481460571
417,3,train/lr,6.91678157199805e-05
418,3,train/loss,1.8044466972351074
418,3,train/lr,6.916015903855526e-05
419,3,train/loss,1.8692899942398071
419,3,train/lr,6.915246772251181e-05
420,3,train/loss,2.1548941135406494
420,3,train/lr,6.914474177964829e-05
421,3,train/loss,2.129390001296997
421,3,train/lr,6.913698121779793e-05
422,3,train/loss,1.9311890602111816
422,3,train/lr,6.912918604482913e-05
423,3,train/loss,1.7099794149398804
423,3,train/lr,6.91213562686453e-05
424,3,train/loss,1.7963757514953613
424,3,train/lr,6.911349189718497e-05
425,3,train/loss,1.838972806930542
425,3,train/lr,6.910559293842175e-05
426,3,train/loss,1.7256700992584229
426,3,train/lr,6.909765940036429e-05
427,3,train/loss,1.8557530641555786
427,3,train/lr,6.908969129105634e-05
428,3,train/loss,1.6517165899276733
428,3,train/lr,6.908168861857667e-05
429,3,train/loss,1.6552058458328247
429,3,train/lr,6.90736513910391e-05
430,3,train/loss,1.8339139223098755
430,3,train/lr,6.90655796165925e-05
431,3,train/loss,1.8550760746002197
431,3,train/lr,6.905747330342075e-05
432,3,train/loss,1.8589427471160889
432,3,train/lr,6.904933245974274e-05
433,3,train/loss,1.7871886491775513
433,3,train/lr,6.904115709381242e-05
434,3,train/loss,1.6778979301452637
434,3,train/lr,6.903294721391867e-05
435,3,train/loss,1.7321794033050537
435,3,train/lr,6.902470282838542e-05
436,3,train/loss,1.9436626434326172
436,3,train/lr,6.901642394557155e-05
437,3,train/loss,1.661892056465149
437,3,train/lr,6.900811057387094e-05
438,3,train/loss,1.627223014831543
438,3,train/lr,6.899976272171243e-05
439,3,train/loss,2.040682554244995
439,3,train/lr,6.899138039755981e-05
440,3,train/loss,1.682839274406433
440,3,train/lr,6.898296360991182e-05
441,3,train/loss,1.7784411907196045
441,3,train/lr,6.897451236730217e-05
442,3,train/loss,1.86209237575531
442,3,train/lr,6.896602667829947e-05
443,3,train/loss,1.9145817756652832
443,3,train/lr,6.895750655150727e-05
444,3,train/loss,1.7826203107833862
444,3,train/lr,6.894895199556405e-05
445,3,train/loss,2.263856887817383
445,3,train/lr,6.894036301914316e-05
446,3,train/loss,1.8209260702133179
446,3,train/lr,6.893173963095289e-05
447,3,train/loss,2.0066239833831787
447,3,train/lr,6.89230818397364e-05
448,3,train/loss,1.8465455770492554
448,3,train/lr,6.891438965427172e-05
449,3,train/loss,1.9855244159698486
449,3,train/lr,6.890566308337176e-05
450,3,train/loss,1.9383764266967773
450,3,train/lr,6.889690213588432e-05
451,3,train/loss,1.875665545463562
451,3,train/lr,6.8888106820692e-05
452,3,train/loss,1.8463852405548096
452,3,train/lr,6.88792771467123e-05
453,3,train/loss,1.5874003171920776
453,3,train/lr,6.88704131228975e-05
454,3,train/loss,1.79958975315094
454,3,train/lr,6.88615147582348e-05
455,3,train/loss,1.8455836772918701
455,3,train/lr,6.885258206174609e-05
456,3,train/loss,1.8458346128463745
456,3,train/lr,6.884361504248818e-05
457,3,train/loss,1.9236810207366943
457,3,train/lr,6.883461370955259e-05
458,3,train/loss,1.7525064945220947
458,3,train/lr,6.882557807206571e-05
459,3,train/loss,1.9419267177581787
459,3,train/lr,6.881650813918869e-05
460,3,train/loss,1.6399555206298828
460,3,train/lr,6.880740392011739e-05
461,3,train/loss,2.0115418434143066
461,3,train/lr,6.879826542408251e-05
462,3,train/loss,1.9832268953323364
462,3,train/lr,6.878909266034947e-05
463,3,train/loss,1.895512342453003
463,3,train/lr,6.877988563821842e-05
464,3,train/loss,1.7713730335235596
464,3,train/lr,6.87706443670243e-05
465,3,train/loss,1.5802026987075806
465,3,train/lr,6.876136885613669e-05
466,3,train/loss,1.864736557006836
466,3,train/lr,6.875205911495997e-05
467,3,train/loss,1.69386887550354
467,3,train/lr,6.874271515293316e-05
468,3,train/loss,1.8929768800735474
468,3,train/lr,6.873333697953e-05
469,3,train/loss,1.8309882879257202
469,3,train/lr,6.872392460425893e-05
470,3,train/loss,1.8821470737457275
470,3,train/lr,6.871447803666306e-05
471,3,train/loss,1.8221392631530762
471,3,train/lr,6.870499728632016e-05
472,3,train/loss,1.5957467555999756
472,3,train/lr,6.869548236284267e-05
473,3,train/loss,1.707690954208374
473,3,train/lr,6.868593327587765e-05
474,3,train/loss,1.90492582321167
474,3,train/lr,6.867635003510683e-05
475,3,train/loss,1.8752663135528564
475,3,train/lr,6.866673265024654e-05
476,3,train/loss,1.7928673028945923
476,3,train/lr,6.865708113104777e-05
477,3,train/loss,1.7438280582427979
477,3,train/lr,6.864739548729605e-05
478,3,train/loss,1.828627347946167
478,3,train/lr,6.86376757288116e-05
479,3,train/loss,1.6823118925094604
479,3,train/lr,6.862792186544915e-05
480,3,train/loss,1.8081119060516357
480,3,train/lr,6.861813390709803e-05
481,3,train/loss,1.7335633039474487
481,3,train/lr,6.860831186368215e-05
482,3,train/loss,1.8073880672454834
482,3,train/lr,6.859845574516e-05
483,3,train/loss,1.8682215213775635
483,3,train/lr,6.858856556152456e-05
484,3,train/loss,2.204857110977173
484,3,train/lr,6.857864132280341e-05
485,3,train/loss,1.7774980068206787
485,3,train/lr,6.85686830390586e-05
486,3,train/loss,1.7049968242645264
486,3,train/lr,6.855869072038675e-05
487,3,train/loss,1.6751158237457275
487,3,train/lr,6.854866437691895e-05
488,3,train/loss,1.6646103858947754
488,3,train/lr,6.853860401882081e-05
489,3,train/loss,1.7285598516464233
489,3,train/lr,6.852850965629242e-05
490,3,train/loss,1.6458866596221924
490,3,train/lr,6.851838129956833e-05
491,3,train/loss,2.0539047718048096
491,3,train/lr,6.85082189589176e-05
492,3,train/loss,1.6278107166290283
492,3,train/lr,6.84980226446437e-05
493,3,train/loss,1.741030216217041
493,3,train/lr,6.848779236708454e-05
494,3,train/loss,1.8128920793533325
494,3,train/lr,6.847752813661254e-05
495,3,train/loss,1.8176240921020508
495,3,train/lr,6.846722996363445e-05
496,3,train/loss,1.7323490381240845
496,3,train/lr,6.845689785859151e-05
497,3,train/loss,1.7592450380325317
497,3,train/lr,6.84465318319593e-05
498,3,train/loss,1.8411076068878174
498,3,train/lr,6.843613189424785e-05
498,3,train/batches,662.0
498,3,train/compute_pct,99.9246862379595
498,3,train/compute_sec,67.56723244130262
498,3,train/data_wait_pct,0.07531376204049514
498,3,train/data_wait_sec,0.050925778778037056
498,3,train/examples,5296.0
498,3,train/examples_per_sec,78.32215693841894
498,3,train/input_tokens,910581.0
498,3,train/peak_vram_gb,6.732344627380371
498,3,train/target_tokens,424712.0
498,3,train/tokens_per_sec,19747.550586248533
498,3,train/total_sec,67.61815822008066
498,3,train/epoch_loss,1.8412045107147124
498,3,epoch3/batches,662.0
498,3,epoch3/compute_pct,99.9246862379595
498,3,epoch3/compute_sec,67.56723244130262
498,3,epoch3/data_wait_pct,0.07531376204049514
498,3,epoch3/data_wait_sec,0.050925778778037056
498,3,epoch3/examples,5296.0
498,3,epoch3/examples_per_sec,78.32215693841894
498,3,epoch3/input_tokens,910581.0
498,3,epoch3/peak_vram_gb,6.732344627380371
498,3,epoch3/target_tokens,424712.0
498,3,epoch3/tokens_per_sec,19747.550586248533
498,3,epoch3/total_sec,67.61815822008066
498,3,val/bleu,9.2498504498742
498,3,val/chrf,27.319288417945547
498,3,val/combined,15.89651950154425
498,3,val/eval_peak_vram_gb,6.732344627380371
498,3,val/eval_samples_per_sec,6.627674636584268
498,3,val/eval_seconds,90.0768418390071
498,3,val/eval_tokens_per_sec,1471.543598707735
499,4,train/loss,1.9937574863433838
499,4,train/lr,6.842569805600153e-05
500,4,train/loss,1.796597957611084
500,4,train/lr,6.841523032779908e-05
501,4,train/loss,1.7739118337631226
501,4,train/lr,6.840472872025367e-05
502,4,train/loss,1.7143090963363647
502,4,train/lr,6.83941932440127e-05
503,4,train/loss,1.86964750289917
503,4,train/lr,6.838362390975803e-05
504,4,train/loss,1.5865864753723145
504,4,train/lr,6.837302072820576e-05
505,4,train/loss,1.7462501525878906
505,4,train/lr,6.836238371010637e-05
506,4,train/loss,1.8424575328826904
506,4,train/lr,6.83517128662446e-05
507,4,train/loss,1.6760292053222656
507,4,train/lr,6.834100820743949e-05
508,4,train/loss,1.694530963897705
508,4,train/lr,6.833026974454441e-05
509,4,train/loss,1.9389653205871582
509,4,train/lr,6.831949748844696e-05
510,4,train/loss,1.8588171005249023
510,4,train/lr,6.830869145006902e-05
511,4,train/loss,1.8453757762908936
511,4,train/lr,6.82978516403667e-05
512,4,train/loss,1.9194576740264893
512,4,train/lr,6.828697807033038e-05
513,4,train/loss,1.7828938961029053
513,4,train/lr,6.827607075098464e-05
514,4,train/loss,1.6019487380981445
514,4,train/lr,6.826512969338831e-05
515,4,train/loss,1.8105344772338867
515,4,train/lr,6.825415490863441e-05
516,4,train/loss,1.9148695468902588
516,4,train/lr,6.824314640785015e-05
517,4,train/loss,1.75934636592865
517,4,train/lr,6.823210420219694e-05
518,4,train/loss,1.6345579624176025
518,4,train/lr,6.822102830287034e-05
519,4,train/loss,1.8862063884735107
519,4,train/lr,6.820991872110009e-05
520,4,train/loss,1.7544246912002563
520,4,train/lr,6.819877546815009e-05
521,4,train/loss,1.642608404159546
521,4,train/lr,6.818759855531835e-05
522,4,train/loss,1.8263404369354248
522,4,train/lr,6.817638799393702e-05
523,4,train/loss,1.9954664707183838
523,4,train/lr,6.816514379537236e-05
524,4,train/loss,1.7937384843826294
524,4,train/lr,6.815386597102477e-05
525,4,train/loss,1.5143606662750244
525,4,train/lr,6.814255453232869e-05
526,4,train/loss,1.7592769861221313
526,4,train/lr,6.813120949075268e-05
527,4,train/loss,1.4510630369186401
527,4,train/lr,6.811983085779935e-05
528,4,train/loss,1.622277855873108
528,4,train/lr,6.810841864500537e-05
529,4,train/loss,1.8927550315856934
529,4,train/lr,6.809697286394147e-05
530,4,train/loss,1.68961763381958
530,4,train/lr,6.808549352621239e-05
531,4,train/loss,1.7190730571746826
531,4,train/lr,6.807398064345694e-05
532,4,train/loss,1.8622534275054932
532,4,train/lr,6.806243422734786e-05
533,4,train/loss,1.8666808605194092
533,4,train/lr,6.805085428959198e-05
534,4,train/loss,1.6714221239089966
534,4,train/lr,6.803924084193003e-05
535,4,train/loss,1.8189971446990967
535,4,train/lr,6.802759389613681e-05
536,4,train/loss,2.4526209831237793
536,4,train/lr,6.8015913464021e-05
537,4,train/loss,1.7034337520599365
537,4,train/lr,6.800419955742527e-05
538,4,train/loss,1.7303786277770996
538,4,train/lr,6.799245218822624e-05
539,4,train/loss,1.702402114868164
539,4,train/lr,6.798067136833442e-05
540,4,train/loss,1.8535951375961304
540,4,train/lr,6.796885710969426e-05
541,4,train/loss,1.7604612112045288
541,4,train/lr,6.795700942428413e-05
542,4,train/loss,1.6179256439208984
542,4,train/lr,6.794512832411624e-05
543,4,train/loss,1.7856791019439697
543,4,train/lr,6.793321382123675e-05
544,4,train/loss,1.7244701385498047
544,4,train/lr,6.79212659277256e-05
545,4,train/loss,1.4481866359710693
545,4,train/lr,6.790928465569665e-05
546,4,train/loss,1.7357351779937744
546,4,train/lr,6.78972700172976e-05
547,4,train/loss,1.652941346168518
547,4,train/lr,6.788522202470996e-05
548,4,train/loss,1.7177016735076904
548,4,train/lr,6.787314069014903e-05
549,4,train/loss,1.5973303318023682
549,4,train/lr,6.786102602586397e-05
550,4,train/loss,1.540036916732788
550,4,train/lr,6.78488780441377e-05
551,4,train/loss,1.7538750171661377
551,4,train/lr,6.783669675728695e-05
552,4,train/loss,1.6652393341064453
552,4,train/lr,6.782448217766216e-05
553,4,train/loss,1.6717965602874756
553,4,train/lr,6.781223431764757e-05
554,4,train/loss,1.6877741813659668
554,4,train/lr,6.779995318966117e-05
555,4,train/loss,1.7381700277328491
555,4,train/lr,6.778763880615467e-05
556,4,train/loss,1.5497167110443115
556,4,train/lr,6.777529117961346e-05
557,4,train/loss,1.6530442237854004
557,4,train/lr,6.776291032255668e-05
558,4,train/loss,1.6384596824645996
558,4,train/lr,6.775049624753716e-05
559,4,train/loss,1.75559401512146
559,4,train/lr,6.773804896714138e-05
560,4,train/loss,1.6865675449371338
560,4,train/lr,6.772556849398952e-05
561,4,train/loss,1.7984938621520996
561,4,train/lr,6.771305484073537e-05
562,4,train/loss,1.8950297832489014
562,4,train/lr,6.770050802006644e-05
563,4,train/loss,1.8966110944747925
563,4,train/lr,6.768792804470375e-05
564,4,train/loss,1.5833312273025513
564,4,train/lr,6.767531492740205e-05
565,4,train/loss,1.8260139226913452
565,4,train/lr,6.766266868094965e-05
566,4,train/loss,1.6683862209320068
566,4,train/lr,6.764998931816839e-05
567,4,train/loss,1.7620744705200195
567,4,train/lr,6.763727685191379e-05
568,4,train/loss,1.6667640209197998
568,4,train/lr,6.762453129507487e-05
569,4,train/loss,1.7833921909332275
569,4,train/lr,6.76117526605742e-05
570,4,train/loss,1.5338125228881836
570,4,train/lr,6.759894096136792e-05
571,4,train/loss,1.7484725713729858
571,4,train/lr,6.758609621044564e-05
572,4,train/loss,1.6172583103179932
572,4,train/lr,6.757321842083057e-05
573,4,train/loss,1.7998695373535156
573,4,train/lr,6.756030760557931e-05
574,4,train/loss,1.7376682758331299
574,4,train/lr,6.754736377778204e-05
575,4,train/loss,1.833235740661621
575,4,train/lr,6.753438695056233e-05
576,4,train/loss,1.938485860824585
576,4,train/lr,6.752137713707726e-05
577,4,train/loss,1.4887080192565918
577,4,train/lr,6.750833435051734e-05
578,4,train/loss,1.6366022825241089
578,4,train/lr,6.749525860410652e-05
579,4,train/loss,1.6681373119354248
579,4,train/lr,6.748214991110214e-05
580,4,train/loss,1.6422085762023926
580,4,train/lr,6.7469008284795e-05
581,4,train/loss,1.6773836612701416
581,4,train/lr,6.74558337385092e-05
582,4,train/loss,1.6889963150024414
582,4,train/lr,6.744262628560233e-05
583,4,train/loss,1.749941349029541
583,4,train/lr,6.742938593946522e-05
584,4,train/loss,1.5092778205871582
584,4,train/lr,6.741611271352217e-05
585,4,train/loss,1.8072046041488647
585,4,train/lr,6.740280662123074e-05
586,4,train/loss,1.782644271850586
586,4,train/lr,6.738946767608182e-05
587,4,train/loss,1.5689358711242676
587,4,train/lr,6.737609589159966e-05
588,4,train/loss,1.9205777645111084
588,4,train/lr,6.736269128134172e-05
589,4,train/loss,1.6508421897888184
589,4,train/lr,6.734925385889884e-05
590,4,train/loss,1.6242033243179321
590,4,train/lr,6.733578363789503e-05
591,4,train/loss,1.4861090183258057
591,4,train/lr,6.732228063198764e-05
592,4,train/loss,1.8972909450531006
592,4,train/lr,6.730874485486721e-05
593,4,train/loss,1.5518308877944946
593,4,train/lr,6.72951763202575e-05
594,4,train/loss,1.674702525138855
594,4,train/lr,6.728157504191556e-05
595,4,train/loss,1.6603283882141113
595,4,train/lr,6.726794103363149e-05
596,4,train/loss,1.7120490074157715
596,4,train/lr,6.725427430922875e-05
597,4,train/loss,1.6750012636184692
597,4,train/lr,6.724057488256383e-05
598,4,train/loss,1.788320541381836
598,4,train/lr,6.722684276752646e-05
599,4,train/loss,1.6434831619262695
599,4,train/lr,6.721307797803948e-05
600,4,train/loss,1.6687556505203247
600,4,train/lr,6.719928052805884e-05
601,4,train/loss,1.577925443649292
601,4,train/lr,6.718545043157365e-05
602,4,train/loss,1.662095069885254
602,4,train/lr,6.71715877026061e-05
603,4,train/loss,1.7062634229660034
603,4,train/lr,6.715769235521143e-05
604,4,train/loss,1.6179139614105225
604,4,train/lr,6.714376440347802e-05
605,4,train/loss,1.8278999328613281
605,4,train/lr,6.712980386152724e-05
606,4,train/loss,1.7046024799346924
606,4,train/lr,6.711581074351357e-05
607,4,train/loss,1.6610589027404785
607,4,train/lr,6.710178506362445e-05
608,4,train/loss,1.6361887454986572
608,4,train/lr,6.708772683608038e-05
609,4,train/loss,2.007319450378418
609,4,train/lr,6.707363607513484e-05
610,4,train/loss,1.7204114198684692
610,4,train/lr,6.70595127950743e-05
611,4,train/loss,1.6728479862213135
611,4,train/lr,6.704535701021822e-05
612,4,train/loss,1.6293935775756836
612,4,train/lr,6.703116873491896e-05
613,4,train/loss,1.5445005893707275
613,4,train/lr,6.70169479835619e-05
614,4,train/loss,1.809654712677002
614,4,train/lr,6.700269477056528e-05
615,4,train/loss,1.7080707550048828
615,4,train/lr,6.69884091103803e-05
616,4,train/loss,1.8129770755767822
616,4,train/lr,6.697409101749102e-05
617,4,train/loss,1.5869593620300293
617,4,train/lr,6.695974050641441e-05
618,4,train/loss,1.6254057884216309
618,4,train/lr,6.694535759170031e-05
619,4,train/loss,1.638772964477539
619,4,train/lr,6.693094228793138e-05
620,4,train/loss,1.7273900508880615
620,4,train/lr,6.691649460972315e-05
621,4,train/loss,1.79164719581604
621,4,train/lr,6.690201457172397e-05
622,4,train/loss,1.6466944217681885
622,4,train/lr,6.688750218861498e-05
623,4,train/loss,1.675004482269287
623,4,train/lr,6.687295747511015e-05
624,4,train/loss,1.761704444885254
624,4,train/lr,6.685838044595621e-05
625,4,train/loss,1.933210015296936
625,4,train/lr,6.684377111593263e-05
626,4,train/loss,1.6671695709228516
626,4,train/lr,6.682912949985167e-05
627,4,train/loss,1.590806245803833
627,4,train/lr,6.68144556125583e-05
628,4,train/loss,1.589699149131775
628,4,train/lr,6.679974946893022e-05
629,4,train/loss,1.7839090824127197
629,4,train/lr,6.678501108387784e-05
630,4,train/loss,1.6296184062957764
630,4,train/lr,6.677024047234424e-05
631,4,train/loss,1.735875129699707
631,4,train/lr,6.675543764930518e-05
632,4,train/loss,1.6091833114624023
632,4,train/lr,6.674060262976909e-05
633,4,train/loss,1.504955530166626
633,4,train/lr,6.672573542877702e-05
634,4,train/loss,1.6997926235198975
634,4,train/lr,6.671083606140272e-05
635,4,train/loss,1.7060811519622803
635,4,train/lr,6.669590454275242e-05
636,4,train/loss,1.8214776515960693
636,4,train/lr,6.668094088796508e-05
637,4,train/loss,1.5273489952087402
637,4,train/lr,6.666594511221218e-05
638,4,train/loss,1.5984336137771606
638,4,train/lr,6.665091723069776e-05
639,4,train/loss,1.7498496770858765
639,4,train/lr,6.663585725865844e-05
640,4,train/loss,1.8799782991409302
640,4,train/lr,6.662076521136337e-05
641,4,train/loss,1.5843048095703125
641,4,train/lr,6.66056411041142e-05
642,4,train/loss,1.615910291671753
642,4,train/lr,6.659048495224512e-05
643,4,train/loss,1.596435546875
643,4,train/lr,6.657529677112276e-05
644,4,train/loss,1.4822585582733154
644,4,train/lr,6.656007657614628e-05
645,4,train/loss,1.8798516988754272
645,4,train/lr,6.654482438274725e-05
646,4,train/loss,1.6956324577331543
646,4,train/lr,6.652954020638973e-05
647,4,train/loss,1.8274495601654053
647,4,train/lr,6.651422406257015e-05
648,4,train/loss,1.7123255729675293
648,4,train/lr,6.649887596681742e-05
649,4,train/loss,1.7095186710357666
649,4,train/lr,6.648349593469279e-05
650,4,train/loss,1.643101692199707
650,4,train/lr,6.64680839817899e-05
651,4,train/loss,1.4256047010421753
651,4,train/lr,6.645264012373479e-05
652,4,train/loss,1.5384364128112793
652,4,train/lr,6.64371643761858e-05
653,4,train/loss,1.59527587890625
653,4,train/lr,6.642165675483362e-05
654,4,train/loss,1.838578224182129
654,4,train/lr,6.640611727540128e-05
655,4,train/loss,1.5190051794052124
655,4,train/lr,6.639054595364409e-05
656,4,train/loss,1.6731456518173218
656,4,train/lr,6.637494280534962e-05
657,4,train/loss,1.5951838493347168
657,4,train/lr,6.635930784633777e-05
658,4,train/loss,1.8816254138946533
658,4,train/lr,6.634364109246064e-05
659,4,train/loss,1.780771255493164
659,4,train/lr,6.632794255960257e-05
660,4,train/loss,1.6944047212600708
660,4,train/lr,6.631221226368016e-05
661,4,train/loss,1.6099092960357666
661,4,train/lr,6.629645022064216e-05
662,4,train/loss,1.42167329788208
662,4,train/lr,6.628065644646955e-05
663,4,train/loss,1.6407010555267334
663,4,train/lr,6.626483095717549e-05
664,4,train/loss,1.7404899597167969
664,4,train/lr,6.624897376880523e-05
664,4,train/batches,662.0
664,4,train/compute_pct,99.91448997435997
664,4,train/compute_sec,68.7249747820315
664,4,train/data_wait_pct,0.08551002564003563
664,4,train/data_wait_sec,0.058817038021516055
664,4,train/examples,5296.0
664,4,train/examples_per_sec,76.99488294938722
664,4,train/input_tokens,910642.0
664,4,train/peak_vram_gb,6.732344627380371
664,4,train/target_tokens,424780.0
664,4,train/tokens_per_sec,19414.777299478206
664,4,train/total_sec,68.78379182005301
664,4,train/epoch_loss,1.7006439429755658
664,4,epoch4/batches,662.0
664,4,epoch4/compute_pct,99.91448997435997
664,4,epoch4/compute_sec,68.7249747820315
664,4,epoch4/data_wait_pct,0.08551002564003563
664,4,epoch4/data_wait_sec,0.058817038021516055
664,4,epoch4/examples,5296.0
664,4,epoch4/examples_per_sec,76.99488294938722
664,4,epoch4/input_tokens,910642.0
664,4,epoch4/peak_vram_gb,6.732344627380371
664,4,epoch4/target_tokens,424780.0
664,4,epoch4/tokens_per_sec,19414.777299478206
664,4,epoch4/total_sec,68.78379182005301
664,4,val/bleu,13.299177094215677
664,4,val/chrf,32.635701511360345
664,4,val/combined,20.833338042511176
664,4,val/eval_peak_vram_gb,6.732344627380371
664,4,val/eval_samples_per_sec,6.688392717553695
664,4,val/eval_seconds,89.2591127959895
664,4,val/eval_tokens_per_sec,1456.1090282967693
665,5,train/loss,1.7444403171539307
665,5,train/lr,6.623308489743625e-05
666,5,train/loss,1.5234851837158203
666,5,train/lr,6.621716435917806e-05
667,5,train/loss,1.512181282043457
667,5,train/lr,6.620121217017235e-05
668,5,train/loss,1.7149736881256104
668,5,train/lr,6.618522834659287e-05
669,5,train/loss,1.4969706535339355
669,5,train/lr,6.616921290464545e-05
670,5,train/loss,1.5602900981903076
670,5,train/lr,6.615316586056796e-05
671,5,train/loss,1.6884584426879883
671,5,train/lr,6.613708723063033e-05
672,5,train/loss,1.6517252922058105
672,5,train/lr,6.612097703113452e-05
673,5,train/loss,1.5492193698883057
673,5,train/lr,6.610483527841449e-05
674,5,train/loss,1.7534728050231934
674,5,train/lr,6.608866198883617e-05
675,5,train/loss,1.5740997791290283
675,5,train/lr,6.607245717879749e-05
676,5,train/loss,1.5451462268829346
676,5,train/lr,6.605622086472835e-05
677,5,train/loss,1.556015968322754
677,5,train/lr,6.603995306309056e-05
678,5,train/loss,1.3747464418411255
678,5,train/lr,6.602365379037788e-05
679,5,train/loss,1.5097665786743164
679,5,train/lr,6.600732306311595e-05
680,5,train/loss,1.5698785781860352
680,5,train/lr,6.599096089786233e-05
681,5,train/loss,1.5399904251098633
681,5,train/lr,6.597456731120646e-05
682,5,train/loss,1.8470988273620605
682,5,train/lr,6.595814231976958e-05
683,5,train/loss,1.6732105016708374
683,5,train/lr,6.594168594020486e-05
684,5,train/loss,1.5623952150344849
684,5,train/lr,6.592519818919721e-05
685,5,train/loss,1.6325589418411255
685,5,train/lr,6.59086790834634e-05
686,5,train/loss,1.6886844635009766
686,5,train/lr,6.589212863975197e-05
687,5,train/loss,1.5867588520050049
687,5,train/lr,6.587554687484325e-05
688,5,train/loss,1.7256579399108887
688,5,train/lr,6.585893380554929e-05
689,5,train/loss,1.8392469882965088
689,5,train/lr,6.58422894487139e-05
690,5,train/loss,1.6123934984207153
690,5,train/lr,6.582561382121264e-05
691,5,train/loss,1.7155859470367432
691,5,train/lr,6.580890693995274e-05
692,5,train/loss,1.657123327255249
692,5,train/lr,6.579216882187312e-05
693,5,train/loss,1.4984670877456665
693,5,train/lr,6.577539948394439e-05
694,5,train/loss,1.6773618459701538
694,5,train/lr,6.575859894316877e-05
695,5,train/loss,1.552929401397705
695,5,train/lr,6.57417672165802e-05
696,5,train/loss,1.6429023742675781
696,5,train/lr,6.572490432124416e-05
697,5,train/loss,1.5453073978424072
697,5,train/lr,6.570801027425774e-05
698,5,train/loss,1.764047622680664
698,5,train/lr,6.569108509274965e-05
699,5,train/loss,1.6535700559616089
699,5,train/lr,6.567412879388016e-05
700,5,train/loss,1.6661627292633057
700,5,train/lr,6.565714139484107e-05
701,5,train/loss,1.665759801864624
701,5,train/lr,6.564012291285572e-05
702,5,train/loss,1.692716121673584
702,5,train/lr,6.562307336517895e-05
703,5,train/loss,1.6784236431121826
703,5,train/lr,6.560599276909715e-05
704,5,train/loss,1.586810827255249
704,5,train/lr,6.558888114192812e-05
705,5,train/loss,1.6002092361450195
705,5,train/lr,6.557173850102117e-05
706,5,train/loss,1.6059718132019043
706,5,train/lr,6.555456486375705e-05
707,5,train/loss,1.5992591381072998
707,5,train/lr,6.553736024754789e-05
708,5,train/loss,1.7403457164764404
708,5,train/lr,6.55201246698373e-05
709,5,train/loss,1.6683261394500732
709,5,train/lr,6.550285814810024e-05
710,5,train/loss,1.5561389923095703
710,5,train/lr,6.548556069984304e-05
711,5,train/loss,1.537216067314148
711,5,train/lr,6.546823234260341e-05
712,5,train/loss,1.7218132019042969
712,5,train/lr,6.545087309395037e-05
713,5,train/loss,1.7035713195800781
713,5,train/lr,6.54334829714843e-05
714,5,train/loss,1.6273338794708252
714,5,train/lr,6.541606199283682e-05
715,5,train/loss,1.5295112133026123
715,5,train/lr,6.539861017567091e-05
716,5,train/loss,1.4578831195831299
716,5,train/lr,6.538112753768075e-05
717,5,train/loss,1.6552382707595825
717,5,train/lr,6.536361409659183e-05
718,5,train/loss,1.510860800743103
718,5,train/lr,6.534606987016083e-05
719,5,train/loss,1.6544301509857178
719,5,train/lr,6.532849487617562e-05
720,5,train/loss,1.5644924640655518
720,5,train/lr,6.531088913245535e-05
721,5,train/loss,1.7282600402832031
721,5,train/lr,6.529325265685025e-05
722,5,train/loss,1.5079320669174194
722,5,train/lr,6.527558546724179e-05
723,5,train/loss,1.6692230701446533
723,5,train/lr,6.525788758154253e-05
724,5,train/loss,1.5956108570098877
724,5,train/lr,6.524015901769614e-05
725,5,train/loss,1.6916403770446777
725,5,train/lr,6.522239979367745e-05
726,5,train/loss,1.6769115924835205
726,5,train/lr,6.520460992749234e-05
727,5,train/loss,1.963327169418335
727,5,train/lr,6.518678943717776e-05
728,5,train/loss,1.6326693296432495
728,5,train/lr,6.516893834080172e-05
729,5,train/loss,1.663193941116333
729,5,train/lr,6.515105665646325e-05
730,5,train/loss,1.5138527154922485
730,5,train/lr,6.51331444022924e-05
731,5,train/loss,1.4380500316619873
731,5,train/lr,6.51152015964502e-05
732,5,train/loss,1.3987784385681152
732,5,train/lr,6.50972282571287e-05
733,5,train/loss,1.7041518688201904
733,5,train/lr,6.507922440255084e-05
734,5,train/loss,1.4884130954742432
734,5,train/lr,6.506119005097056e-05
735,5,train/loss,1.3754298686981201
735,5,train/lr,6.504312522067266e-05
736,5,train/loss,1.5434755086898804
736,5,train/lr,6.502502992997292e-05
737,5,train/loss,1.6806070804595947
737,5,train/lr,6.500690419721795e-05
738,5,train/loss,1.5391589403152466
738,5,train/lr,6.498874804078521e-05
739,5,train/loss,1.72673499584198
739,5,train/lr,6.497056147908307e-05
740,5,train/loss,1.6391685009002686
740,5,train/lr,6.495234453055065e-05
741,5,train/loss,1.6512786149978638
741,5,train/lr,6.493409721365795e-05
742,5,train/loss,2.026815891265869
742,5,train/lr,6.491581954690573e-05
743,5,train/loss,1.5875720977783203
743,5,train/lr,6.489751154882549e-05
744,5,train/loss,1.6090986728668213
744,5,train/lr,6.487917323797953e-05
745,5,train/loss,1.4990596771240234
745,5,train/lr,6.486080463296086e-05
746,5,train/loss,1.6098260879516602
746,5,train/lr,6.484240575239322e-05
747,5,train/loss,1.3966152667999268
747,5,train/lr,6.482397661493104e-05
748,5,train/loss,1.4972071647644043
748,5,train/lr,6.480551723925943e-05
749,5,train/loss,1.6025359630584717
749,5,train/lr,6.478702764409411e-05
750,5,train/loss,1.7348196506500244
750,5,train/lr,6.476850784818153e-05
751,5,train/loss,1.6187715530395508
751,5,train/lr,6.474995787029869e-05
752,5,train/loss,1.7252721786499023
752,5,train/lr,6.473137772925323e-05
753,5,train/loss,1.6827266216278076
753,5,train/lr,6.471276744388333e-05
754,5,train/loss,1.9173610210418701
754,5,train/lr,6.46941270330578e-05
755,5,train/loss,1.653441071510315
755,5,train/lr,6.467545651567589e-05
756,5,train/loss,1.7472074031829834
756,5,train/lr,6.465675591066749e-05
757,5,train/loss,1.6547962427139282
757,5,train/lr,6.463802523699292e-05
758,5,train/loss,1.4567328691482544
758,5,train/lr,6.461926451364302e-05
759,5,train/loss,1.5859739780426025
759,5,train/lr,6.460047375963906e-05
760,5,train/loss,1.5722898244857788
760,5,train/lr,6.458165299403281e-05
761,5,train/loss,1.7017335891723633
761,5,train/lr,6.456280223590644e-05
762,5,train/loss,1.6611199378967285
762,5,train/lr,6.454392150437252e-05
763,5,train/loss,1.666338562965393
763,5,train/lr,6.452501081857403e-05
764,5,train/loss,1.7873685359954834
764,5,train/lr,6.45060701976843e-05
765,5,train/loss,1.7002811431884766
765,5,train/lr,6.448709966090704e-05
766,5,train/loss,1.706829309463501
766,5,train/lr,6.446809922747625e-05
767,5,train/loss,1.3801798820495605
767,5,train/lr,6.444906891665628e-05
768,5,train/loss,1.6673046350479126
768,5,train/lr,6.443000874774177e-05
769,5,train/loss,1.4904838800430298
769,5,train/lr,6.44109187400576e-05
770,5,train/loss,1.5663354396820068
770,5,train/lr,6.439179891295893e-05
771,5,train/loss,1.723757266998291
771,5,train/lr,6.437264928583114e-05
772,5,train/loss,1.4830771684646606
772,5,train/lr,6.435346987808983e-05
773,5,train/loss,1.59699547290802
773,5,train/lr,6.433426070918082e-05
774,5,train/loss,1.7060654163360596
774,5,train/lr,6.431502179858005e-05
775,5,train/loss,1.6456918716430664
775,5,train/lr,6.429575316579368e-05
776,5,train/loss,1.7390611171722412
776,5,train/lr,6.427645483035793e-05
777,5,train/loss,1.6963541507720947
777,5,train/lr,6.425712681183919e-05
778,5,train/loss,1.701737403869629
778,5,train/lr,6.423776912983395e-05
779,5,train/loss,1.5584182739257812
779,5,train/lr,6.421838180396873e-05
780,5,train/loss,1.3278889656066895
780,5,train/lr,6.419896485390014e-05
781,5,train/loss,1.504615306854248
781,5,train/lr,6.417951829931483e-05
782,5,train/loss,1.6310524940490723
782,5,train/lr,6.416004215992942e-05
783,5,train/loss,1.654843807220459
783,5,train/lr,6.414053645549059e-05
784,5,train/loss,1.6235957145690918
784,5,train/lr,6.412100120577495e-05
785,5,train/loss,1.7252432107925415
785,5,train/lr,6.410143643058908e-05
786,5,train/loss,1.533454179763794
786,5,train/lr,6.408184214976949e-05
787,5,train/loss,1.6143447160720825
787,5,train/lr,6.406221838318264e-05
788,5,train/loss,1.5533983707427979
788,5,train/lr,6.404256515072482e-05
789,5,train/loss,1.5783013105392456
789,5,train/lr,6.402288247232226e-05
790,5,train/loss,1.41384756565094
790,5,train/lr,6.400317036793099e-05
791,5,train/loss,1.5297510623931885
791,5,train/lr,6.398342885753691e-05
792,5,train/loss,1.6489254236221313
792,5,train/lr,6.396365796115574e-05
793,5,train/loss,1.6421091556549072
793,5,train/lr,6.394385769883296e-05
794,5,train/loss,1.5961790084838867
794,5,train/lr,6.392402809064386e-05
795,5,train/loss,1.5271426439285278
795,5,train/lr,6.390416915669344e-05
796,5,train/loss,1.6727862358093262
796,5,train/lr,6.388428091711649e-05
797,5,train/loss,1.561373233795166
797,5,train/lr,6.386436339207747e-05
798,5,train/loss,1.5394377708435059
798,5,train/lr,6.384441660177053e-05
799,5,train/loss,1.625976324081421
799,5,train/lr,6.382444056641955e-05
800,5,train/loss,1.5981523990631104
800,5,train/lr,6.380443530627796e-05
801,5,train/loss,1.7569246292114258
801,5,train/lr,6.378440084162893e-05
802,5,train/loss,2.1956615447998047
802,5,train/lr,6.376433719278515e-05
803,5,train/loss,1.8609997034072876
803,5,train/lr,6.374424438008895e-05
804,5,train/loss,2.0799028873443604
804,5,train/lr,6.372412242391224e-05
805,5,train/loss,1.678932547569275
805,5,train/lr,6.370397134465641e-05
806,5,train/loss,1.4555459022521973
806,5,train/lr,6.368379116275247e-05
807,5,train/loss,1.5529003143310547
807,5,train/lr,6.366358189866085e-05
808,5,train/loss,1.4193265438079834
808,5,train/lr,6.364334357287154e-05
809,5,train/loss,1.6514432430267334
809,5,train/lr,6.362307620590393e-05
810,5,train/loss,1.5272564888000488
810,5,train/lr,6.360277981830691e-05
811,5,train/loss,1.6269359588623047
811,5,train/lr,6.358245443065875e-05
812,5,train/loss,1.6714670658111572
812,5,train/lr,6.356210006356716e-05
813,5,train/loss,1.5467939376831055
813,5,train/lr,6.354171673766921e-05
814,5,train/loss,1.787325143814087
814,5,train/lr,6.352130447363133e-05
815,5,train/loss,1.6618038415908813
815,5,train/lr,6.350086329214929e-05
816,5,train/loss,1.7801902294158936
816,5,train/lr,6.348039321394819e-05
817,5,train/loss,1.414419174194336
817,5,train/lr,6.34598942597824e-05
818,5,train/loss,1.7916834354400635
818,5,train/lr,6.343936645043564e-05
819,5,train/loss,1.6108200550079346
819,5,train/lr,6.34188098067208e-05
820,5,train/loss,1.782394528388977
820,5,train/lr,6.339822434948005e-05
821,5,train/loss,1.6266496181488037
821,5,train/lr,6.337761009958476e-05
822,5,train/loss,1.5729427337646484
822,5,train/lr,6.33569670779355e-05
823,5,train/loss,1.620297908782959
823,5,train/lr,6.3336295305462e-05
824,5,train/loss,1.63330078125
824,5,train/lr,6.331559480312315e-05
825,5,train/loss,1.6322288513183594
825,5,train/lr,6.329486559190698e-05
826,5,train/loss,1.6423693895339966
826,5,train/lr,6.32741076928306e-05
827,5,train/loss,1.584031581878662
827,5,train/lr,6.325332112694024e-05
828,5,train/loss,1.5585134029388428
828,5,train/lr,6.323250591531114e-05
829,5,train/loss,1.471006155014038
829,5,train/lr,6.321166207904765e-05
830,5,train/loss,1.7721936702728271
830,5,train/lr,6.31907896392831e-05
830,5,train/batches,662.0
830,5,train/compute_pct,99.89009363883966
830,5,train/compute_sec,67.8261531580938
830,5,train/data_wait_pct,0.10990636116034676
830,5,train/data_wait_sec,0.07462727697566152
830,5,train/examples,5296.0
830,5,train/examples_per_sec,77.99615801270991
830,5,train/input_tokens,910692.0
830,5,train/peak_vram_gb,6.735131740570068
830,5,train/target_tokens,424517.0
830,5,train/tokens_per_sec,19664.11860724932
830,5,train/total_sec,67.90078043506946
830,5,train/epoch_loss,1.6188677740241106
830,5,epoch5/batches,662.0
830,5,epoch5/compute_pct,99.89009363883966
830,5,epoch5/compute_sec,67.8261531580938
830,5,epoch5/data_wait_pct,0.10990636116034676
830,5,epoch5/data_wait_sec,0.07462727697566152
830,5,epoch5/examples,5296.0
830,5,epoch5/examples_per_sec,77.99615801270991
830,5,epoch5/input_tokens,910692.0
830,5,epoch5/peak_vram_gb,6.735131740570068
830,5,epoch5/target_tokens,424517.0
830,5,epoch5/tokens_per_sec,19664.11860724932
830,5,epoch5/total_sec,67.90078043506946
830,5,val/bleu,14.689612850719529
830,5,val/chrf,35.35668459427733
830,5,val/combined,22.789822473528254
830,5,val/eval_peak_vram_gb,6.735131740570068
830,5,val/eval_samples_per_sec,6.144138863855626
830,5,val/eval_seconds,97.16577265399974
830,5,val/eval_tokens_per_sec,1453.7423636098201
831,6,train/loss,1.7864527702331543
831,6,train/lr,6.316988861717984e-05
832,6,train/loss,1.6375033855438232
832,6,train/lr,6.314895903392917e-05
833,6,train/loss,1.7159011363983154
833,6,train/lr,6.312800091075141e-05
834,6,train/loss,1.5218157768249512
834,6,train/lr,6.310701426889576e-05
835,6,train/loss,1.3817505836486816
835,6,train/lr,6.308599912964032e-05
836,6,train/loss,1.4742684364318848
836,6,train/lr,6.306495551429214e-05
837,6,train/loss,1.4052727222442627
837,6,train/lr,6.304388344418712e-05
838,6,train/loss,1.6707637310028076
838,6,train/lr,6.302278294069e-05
839,6,train/loss,1.4827446937561035
839,6,train/lr,6.300165402519434e-05
840,6,train/loss,1.6649682521820068
840,6,train/lr,6.298049671912254e-05
841,6,train/loss,1.5785014629364014
841,6,train/lr,6.295931104392576e-05
842,6,train/loss,1.6606662273406982
842,6,train/lr,6.293809702108392e-05
843,6,train/loss,1.6095881462097168
843,6,train/lr,6.291685467210569e-05
844,6,train/loss,1.5489857196807861
844,6,train/lr,6.289558401852847e-05
845,6,train/loss,1.598522663116455
845,6,train/lr,6.287428508191835e-05
846,6,train/loss,1.542165756225586
846,6,train/lr,6.285295788387007e-05
847,6,train/loss,1.650841474533081
847,6,train/lr,6.283160244600707e-05
848,6,train/loss,1.4568488597869873
848,6,train/lr,6.281021878998139e-05
849,6,train/loss,1.4337987899780273
849,6,train/lr,6.278880693747369e-05
850,6,train/loss,1.7212600708007812
850,6,train/lr,6.276736691019323e-05
851,6,train/loss,1.614395022392273
851,6,train/lr,6.27458987298778e-05
852,6,train/loss,1.5872262716293335
852,6,train/lr,6.272440241829376e-05
853,6,train/loss,1.5946681499481201
853,6,train/lr,6.2702877997236e-05
854,6,train/loss,1.609100103378296
854,6,train/lr,6.268132548852791e-05
855,6,train/loss,1.6957437992095947
855,6,train/lr,6.265974491402132e-05
856,6,train/loss,1.573451280593872
856,6,train/lr,6.263813629559657e-05
857,6,train/loss,1.545379638671875
857,6,train/lr,6.261649965516238e-05
858,6,train/loss,1.4102461338043213
858,6,train/lr,6.259483501465592e-05
859,6,train/loss,1.543201208114624
859,6,train/lr,6.257314239604274e-05
860,6,train/loss,1.4693278074264526
860,6,train/lr,6.255142182131675e-05
861,6,train/loss,1.7521677017211914
861,6,train/lr,6.252967331250021e-05
862,6,train/loss,1.4437131881713867
862,6,train/lr,6.250789689164368e-05
863,6,train/loss,1.6822333335876465
863,6,train/lr,6.248609258082606e-05
864,6,train/loss,1.4568060636520386
864,6,train/lr,6.246426040215451e-05
865,6,train/loss,1.6190855503082275
865,6,train/lr,6.244240037776443e-05
866,6,train/loss,1.616325855255127
866,6,train/lr,6.242051252981946e-05
867,6,train/loss,1.5989046096801758
867,6,train/lr,6.239859688051147e-05
868,6,train/loss,1.80560302734375
868,6,train/lr,6.237665345206047e-05
869,6,train/loss,1.8070456981658936
869,6,train/lr,6.235468226671472e-05
870,6,train/loss,1.6257176399230957
870,6,train/lr,6.233268334675051e-05
871,6,train/loss,1.635632872581482
871,6,train/lr,6.231065671447234e-05
872,6,train/loss,1.6619842052459717
872,6,train/lr,6.228860239221277e-05
873,6,train/loss,1.60947585105896
873,6,train/lr,6.226652040233245e-05
874,6,train/loss,1.4782440662384033
874,6,train/lr,6.224441076722007e-05
875,6,train/loss,1.6902698278427124
875,6,train/lr,6.222227350929234e-05
876,6,train/loss,1.388607144355774
876,6,train/lr,6.220010865099397e-05
877,6,train/loss,1.4523944854736328
877,6,train/lr,6.217791621479773e-05
878,6,train/loss,1.643441081047058
878,6,train/lr,6.215569622320423e-05
879,6,train/loss,1.4244842529296875
879,6,train/lr,6.213344869874211e-05
880,6,train/loss,1.5582122802734375
880,6,train/lr,6.21111736639679e-05
881,6,train/loss,1.5913739204406738
881,6,train/lr,6.208887114146602e-05
882,6,train/loss,1.5786341428756714
882,6,train/lr,6.206654115384874e-05
883,6,train/loss,1.5229871273040771
883,6,train/lr,6.204418372375621e-05
884,6,train/loss,1.538129210472107
884,6,train/lr,6.202179887385638e-05
885,6,train/loss,1.4776021242141724
885,6,train/lr,6.199938662684501e-05
886,6,train/loss,1.3925833702087402
886,6,train/lr,6.197694700544565e-05
887,6,train/loss,1.5444977283477783
887,6,train/lr,6.195448003240957e-05
888,6,train/loss,1.4464986324310303
888,6,train/lr,6.193198573051581e-05
889,6,train/loss,1.557639241218567
889,6,train/lr,6.190946412257108e-05
890,6,train/loss,1.484265685081482
890,6,train/lr,6.188691523140981e-05
891,6,train/loss,1.6303277015686035
891,6,train/lr,6.186433907989409e-05
892,6,train/loss,1.4556069374084473
892,6,train/lr,6.184173569091362e-05
893,6,train/loss,1.5429775714874268
893,6,train/lr,6.181910508738573e-05
894,6,train/loss,1.7104771137237549
894,6,train/lr,6.179644729225536e-05
895,6,train/loss,1.2657921314239502
895,6,train/lr,6.1773762328495e-05
896,6,train/loss,1.5183417797088623
896,6,train/lr,6.175105021910468e-05
897,6,train/loss,1.7519164085388184
897,6,train/lr,6.172831098711199e-05
898,6,train/loss,1.560920238494873
898,6,train/lr,6.170554465557197e-05
899,6,train/loss,1.5711114406585693
899,6,train/lr,6.168275124756716e-05
900,6,train/loss,1.5777910947799683
900,6,train/lr,6.165993078620756e-05
901,6,train/loss,1.670244574546814
901,6,train/lr,6.163708329463059e-05
902,6,train/loss,1.466171383857727
902,6,train/lr,6.161420879600107e-05
903,6,train/loss,1.5137603282928467
903,6,train/lr,6.159130731351123e-05
904,6,train/loss,1.6565804481506348
904,6,train/lr,6.156837887038059e-05
905,6,train/loss,1.5941386222839355
905,6,train/lr,6.15454234898561e-05
906,6,train/loss,1.674431562423706
906,6,train/lr,6.152244119521195e-05
907,6,train/loss,1.7675533294677734
907,6,train/lr,6.149943200974966e-05
908,6,train/loss,1.6023770570755005
908,6,train/lr,6.147639595679797e-05
909,6,train/loss,1.6220836639404297
909,6,train/lr,6.14533330597129e-05
910,6,train/loss,1.3929227590560913
910,6,train/lr,6.143024334187767e-05
911,6,train/loss,1.6687018871307373
911,6,train/lr,6.140712682670271e-05
912,6,train/loss,1.5783545970916748
912,6,train/lr,6.138398353762557e-05
913,6,train/loss,1.525551438331604
913,6,train/lr,6.136081349811105e-05
914,6,train/loss,1.7025299072265625
914,6,train/lr,6.133761673165094e-05
915,6,train/loss,1.6253554821014404
915,6,train/lr,6.131439326176421e-05
916,6,train/loss,1.438957691192627
916,6,train/lr,6.129114311199688e-05
917,6,train/loss,1.5994445085525513
917,6,train/lr,6.126786630592207e-05
918,6,train/loss,1.7167167663574219
918,6,train/lr,6.124456286713983e-05
919,6,train/loss,1.5836601257324219
919,6,train/lr,6.122123281927729e-05
920,6,train/loss,1.4358338117599487
920,6,train/lr,6.119787618598853e-05
921,6,train/loss,1.4660134315490723
921,6,train/lr,6.11744929909546e-05
922,6,train/loss,1.363604187965393
922,6,train/lr,6.115108325788347e-05
923,6,train/loss,1.6087819337844849
923,6,train/lr,6.112764701050999e-05
924,6,train/loss,1.6661615371704102
924,6,train/lr,6.110418427259595e-05
925,6,train/loss,1.5189545154571533
925,6,train/lr,6.108069506792995e-05
926,6,train/loss,1.6622278690338135
926,6,train/lr,6.105717942032745e-05
927,6,train/loss,1.535977840423584
927,6,train/lr,6.103363735363072e-05
928,6,train/loss,1.5029804706573486
928,6,train/lr,6.101006889170879e-05
929,6,train/loss,1.563899278640747
929,6,train/lr,6.0986474058457496e-05
930,6,train/loss,1.8375434875488281
930,6,train/lr,6.096285287779935e-05
931,6,train/loss,1.4822328090667725
931,6,train/lr,6.093920537368364e-05
932,6,train/loss,1.5495176315307617
932,6,train/lr,6.091553157008632e-05
933,6,train/loss,1.7974846363067627
933,6,train/lr,6.089183149100997e-05
934,6,train/loss,1.4568800926208496
934,6,train/lr,6.086810516048389e-05
935,6,train/loss,1.8926923274993896
935,6,train/lr,6.084435260256393e-05
936,6,train/loss,1.5054712295532227
936,6,train/lr,6.0820573841332556e-05
937,6,train/loss,1.6685630083084106
937,6,train/lr,6.079676890089879e-05
938,6,train/loss,1.6128488779067993
938,6,train/lr,6.077293780539821e-05
939,6,train/loss,1.368009090423584
939,6,train/lr,6.0749080578992925e-05
940,6,train/loss,1.560478687286377
940,6,train/lr,6.07251972458715e-05
941,6,train/loss,1.6445882320404053
941,6,train/lr,6.070128783024899e-05
942,6,train/loss,1.607655644416809
942,6,train/lr,6.067735235636691e-05
943,6,train/loss,1.466376781463623
943,6,train/lr,6.065339084849316e-05
944,6,train/loss,1.5606496334075928
944,6,train/lr,6.062940333092207e-05
945,6,train/loss,1.968919038772583
945,6,train/lr,6.060538982797432e-05
946,6,train/loss,1.5431557893753052
946,6,train/lr,6.0581350363996945e-05
947,6,train/loss,1.8104758262634277
947,6,train/lr,6.05572849633633e-05
948,6,train/loss,1.3205527067184448
948,6,train/lr,6.0533193650473035e-05
949,6,train/loss,1.4078571796417236
949,6,train/lr,6.050907644975208e-05
950,6,train/loss,1.3557438850402832
950,6,train/lr,6.048493338565259e-05
951,6,train/loss,1.56093430519104
951,6,train/lr,6.046076448265297e-05
952,6,train/loss,1.4567033052444458
952,6,train/lr,6.043656976525781e-05
953,6,train/loss,1.612356424331665
953,6,train/lr,6.041234925799787e-05
954,6,train/loss,1.464658498764038
954,6,train/lr,6.038810298543006e-05
955,6,train/loss,1.7862164974212646
955,6,train/lr,6.0363830972137425e-05
956,6,train/loss,1.478905439376831
956,6,train/lr,6.03395332427291e-05
957,6,train/loss,1.5527299642562866
957,6,train/lr,6.031520982184027e-05
958,6,train/loss,1.3949944972991943
958,6,train/lr,6.029086073413222e-05
959,6,train/loss,1.7688324451446533
959,6,train/lr,6.02664860042922e-05
960,6,train/loss,1.4647862911224365
960,6,train/lr,6.0242085657033506e-05
961,6,train/loss,1.647594928741455
961,6,train/lr,6.021765971709538e-05
962,6,train/loss,1.701669454574585
962,6,train/lr,6.0193208209243023e-05
963,6,train/loss,1.370607614517212
963,6,train/lr,6.0168731158267554e-05
964,6,train/loss,1.5055456161499023
964,6,train/lr,6.014422858898599e-05
965,6,train/loss,1.7144837379455566
965,6,train/lr,6.011970052624124e-05
966,6,train/loss,1.5604586601257324
966,6,train/lr,6.0095146994902016e-05
967,6,train/loss,1.498824119567871
967,6,train/lr,6.00705680198629e-05
968,6,train/loss,1.6852223873138428
968,6,train/lr,6.004596362604423e-05
969,6,train/loss,1.7149369716644287
969,6,train/lr,6.0021333838392165e-05
970,6,train/loss,1.7360774278640747
970,6,train/lr,5.999667868187856e-05
971,6,train/loss,1.5121493339538574
971,6,train/lr,5.997199818150102e-05
972,6,train/loss,1.652603268623352
972,6,train/lr,5.994729236228284e-05
973,6,train/loss,1.6495444774627686
973,6,train/lr,5.9922561249272975e-05
974,6,train/loss,1.8339643478393555
974,6,train/lr,5.989780486754607e-05
975,6,train/loss,1.5315654277801514
975,6,train/lr,5.9873023242202306e-05
976,6,train/loss,1.442523717880249
976,6,train/lr,5.9848216398367535e-05
977,6,train/loss,1.433786153793335
977,6,train/lr,5.982338436119314e-05
978,6,train/loss,1.5384783744812012
978,6,train/lr,5.979852715585607e-05
979,6,train/loss,1.5988118648529053
979,6,train/lr,5.977364480755875e-05
980,6,train/loss,1.764320731163025
980,6,train/lr,5.974873734152915e-05
981,6,train/loss,1.3022006750106812
981,6,train/lr,5.972380478302069e-05
982,6,train/loss,1.5746692419052124
982,6,train/lr,5.96988471573122e-05
983,6,train/loss,1.3367364406585693
983,6,train/lr,5.967386448970796e-05
984,6,train/loss,1.4753707647323608
984,6,train/lr,5.964885680553763e-05
985,6,train/loss,1.3375028371810913
985,6,train/lr,5.9623824130156217e-05
986,6,train/loss,1.6199486255645752
986,6,train/lr,5.959876648894409e-05
987,6,train/loss,1.6798574924468994
987,6,train/lr,5.957368390730694e-05
988,6,train/loss,1.53865647315979
988,6,train/lr,5.954857641067571e-05
989,6,train/loss,1.624108076095581
989,6,train/lr,5.9523444024506615e-05
990,6,train/loss,1.6006743907928467
990,6,train/lr,5.9498286774281126e-05
991,6,train/loss,1.5861217975616455
991,6,train/lr,5.94731046855059e-05
992,6,train/loss,1.6541626453399658
992,6,train/lr,5.94478977837128e-05
993,6,train/loss,1.5201739072799683
993,6,train/lr,5.94226660944588e-05
994,6,train/loss,1.4813013076782227
994,6,train/lr,5.939740964332607e-05
995,6,train/loss,1.6336452960968018
995,6,train/lr,5.9372128455921844e-05
996,6,train/loss,1.6368534564971924
996,6,train/lr,5.934682255787844e-05
996,6,train/batches,662.0
996,6,train/compute_pct,99.91187142161618
996,6,train/compute_sec,68.49469656185829
996,6,train/data_wait_pct,0.08812857838380961
996,6,train/data_wait_sec,0.060416646680096164
996,6,train/examples,5296.0
996,6,train/examples_per_sec,77.25171401715949
996,6,train/input_tokens,910581.0
996,6,train/peak_vram_gb,6.735131740570068
996,6,train/target_tokens,424714.0
996,6,train/tokens_per_sec,19477.686455540592
996,6,train/total_sec,68.55511320853839
996,6,train/epoch_loss,1.5652364596859567
996,6,epoch6/batches,662.0
996,6,epoch6/compute_pct,99.91187142161618
996,6,epoch6/compute_sec,68.49469656185829
996,6,epoch6/data_wait_pct,0.08812857838380961
996,6,epoch6/data_wait_sec,0.060416646680096164
996,6,epoch6/examples,5296.0
996,6,epoch6/examples_per_sec,77.25171401715949
996,6,epoch6/input_tokens,910581.0
996,6,epoch6/peak_vram_gb,6.735131740570068
996,6,epoch6/target_tokens,424714.0
996,6,epoch6/tokens_per_sec,19477.686455540592
996,6,epoch6/total_sec,68.55511320853839
996,6,val/bleu,18.32450418265658
996,6,val/chrf,38.42787960934845
996,6,val/combined,26.536236369013018
996,6,val/eval_peak_vram_gb,6.735131740570068
996,6,val/eval_samples_per_sec,7.0148996255486225
996,6,val/eval_seconds,85.10456768699805
996,6,val/eval_tokens_per_sec,1424.988144537953
997,7,train/loss,1.7088217735290527
997,7,train/lr,5.932149197485327e-05
998,7,train/loss,1.6307183504104614
998,7,train/lr,5.9296136732528684e-05
999,7,train/loss,1.7562928199768066
999,7,train/lr,5.9270756856612126e-05
1000,7,train/loss,1.6064534187316895
1000,7,train/lr,5.9245352372835974e-05
1001,7,train/loss,1.6958482265472412
1001,7,train/lr,5.9219923306957566e-05
1002,7,train/loss,1.6486256122589111
1002,7,train/lr,5.919446968475914e-05
1003,7,train/loss,1.6075870990753174
1003,7,train/lr,5.9168991532047867e-05
1004,7,train/loss,1.4862115383148193
1004,7,train/lr,5.914348887465576e-05
1005,7,train/loss,1.557361364364624
1005,7,train/lr,5.911796173843971e-05
1006,7,train/loss,1.6445037126541138
1006,7,train/lr,5.909241014928138e-05
1007,7,train/loss,1.5522701740264893
1007,7,train/lr,5.906683413308727e-05
1008,7,train/loss,1.6989176273345947
1008,7,train/lr,5.9041233715788624e-05
1009,7,train/loss,1.7828580141067505
1009,7,train/lr,5.9015608923341434e-05
1010,7,train/loss,1.4859979152679443
1010,7,train/lr,5.898995978172638e-05
1011,7,train/loss,1.5198936462402344
1011,7,train/lr,5.8964286316948876e-05
1012,7,train/loss,1.4725700616836548
1012,7,train/lr,5.893858855503897e-05
1013,7,train/loss,1.5571413040161133
1013,7,train/lr,5.891286652205133e-05
1014,7,train/loss,1.3718212842941284
1014,7,train/lr,5.888712024406527e-05
1015,7,train/loss,1.9732639789581299
1015,7,train/lr,5.886134974718464e-05
1016,7,train/loss,1.500375509262085
1016,7,train/lr,5.88355550575379e-05
1017,7,train/loss,1.479058027267456
1017,7,train/lr,5.880973620127798e-05
1018,7,train/loss,1.3158574104309082
1018,7,train/lr,5.8783893204582356e-05
1019,7,train/loss,1.5739574432373047
1019,7,train/lr,5.8758026093652964e-05
1020,7,train/loss,1.5220556259155273
1020,7,train/lr,5.873213489471618e-05
1021,7,train/loss,1.617908239364624
1021,7,train/lr,5.870621963402282e-05
1022,7,train/loss,1.823217749595642
1022,7,train/lr,5.8680280337848097e-05
1023,7,train/loss,1.4522292613983154
1023,7,train/lr,5.865431703249156e-05
1024,7,train/loss,1.6304619312286377
1024,7,train/lr,5.862832974427716e-05
1025,7,train/loss,1.508385181427002
1025,7,train/lr,5.86023184995531e-05
1026,7,train/loss,1.5191365480422974
1026,7,train/lr,5.857628332469192e-05
1027,7,train/loss,1.6873656511306763
1027,7,train/lr,5.855022424609039e-05
1028,7,train/loss,1.6071650981903076
1028,7,train/lr,5.852414129016954e-05
1029,7,train/loss,1.3769960403442383
1029,7,train/lr,5.84980344833746e-05
1030,7,train/loss,1.6222724914550781
1030,7,train/lr,5.847190385217495e-05
1031,7,train/loss,1.5600697994232178
1031,7,train/lr,5.844574942306421e-05
1032,7,train/loss,1.5659793615341187
1032,7,train/lr,5.8419571222560034e-05
1033,7,train/loss,1.6723783016204834
1033,7,train/lr,5.8393369277204235e-05
1034,7,train/loss,1.6543166637420654
1034,7,train/lr,5.836714361356268e-05
1035,7,train/loss,1.7881276607513428
1035,7,train/lr,5.834089425822528e-05
1036,7,train/loss,1.4176836013793945
1036,7,train/lr,5.831462123780599e-05
1037,7,train/loss,1.3883042335510254
1037,7,train/lr,5.828832457894273e-05
1038,7,train/loss,1.6280031204223633
1038,7,train/lr,5.8262004308297404e-05
1039,7,train/loss,1.388312578201294
1039,7,train/lr,5.823566045255585e-05
1040,7,train/loss,1.3987886905670166
1040,7,train/lr,5.8209293038427824e-05
1041,7,train/loss,1.4997622966766357
1041,7,train/lr,5.8182902092646967e-05
1042,7,train/loss,1.5652602910995483
1042,7,train/lr,5.8156487641970766e-05
1043,7,train/loss,1.563442587852478
1043,7,train/lr,5.813004971318056e-05
1044,7,train/loss,1.5759766101837158
1044,7,train/lr,5.8103588333081474e-05
1045,7,train/loss,1.5568982362747192
1045,7,train/lr,5.807710352850241e-05
1046,7,train/loss,1.5510413646697998
1046,7,train/lr,5.805059532629603e-05
1047,7,train/loss,1.3770705461502075
1047,7,train/lr,5.802406375333873e-05
1048,7,train/loss,1.3597354888916016
1048,7,train/lr,5.7997508836530576e-05
1049,7,train/loss,1.6549804210662842
1049,7,train/lr,5.797093060279531e-05
1050,7,train/loss,1.3612185716629028
1050,7,train/lr,5.794432907908032e-05
1051,7,train/loss,1.3177173137664795
1051,7,train/lr,5.79177042923566e-05
1052,7,train/loss,1.5081915855407715
1052,7,train/lr,5.789105626961875e-05
1053,7,train/loss,1.5240364074707031
1053,7,train/lr,5.7864385037884904e-05
1054,7,train/loss,1.5067789554595947
1054,7,train/lr,5.783769062419673e-05
1055,7,train/loss,1.630342960357666
1055,7,train/lr,5.781097305561942e-05
1056,7,train/loss,1.4908137321472168
1056,7,train/lr,5.778423235924163e-05
1057,7,train/loss,1.4237210750579834
1057,7,train/lr,5.775746856217546e-05
1058,7,train/loss,1.532902479171753
1058,7,train/lr,5.773068169155642e-05
1059,7,train/loss,1.5171891450881958
1059,7,train/lr,5.7703871774543457e-05
1060,7,train/loss,1.6546847820281982
1060,7,train/lr,5.767703883831885e-05
1061,7,train/loss,1.7189395427703857
1061,7,train/lr,5.7650182910088224e-05
1062,7,train/loss,1.3719565868377686
1062,7,train/lr,5.7623304017080506e-05
1063,7,train/loss,1.5404610633850098
1063,7,train/lr,5.759640218654793e-05
1064,7,train/loss,1.3878848552703857
1064,7,train/lr,5.7569477445765964e-05
1065,7,train/loss,1.619592308998108
1065,7,train/lr,5.754252982203332e-05
1066,7,train/loss,1.4974086284637451
1066,7,train/lr,5.75155593426719e-05
1067,7,train/loss,1.5042469501495361
1067,7,train/lr,5.748856603502679e-05
1068,7,train/loss,1.2440154552459717
1068,7,train/lr,5.74615499264662e-05
1069,7,train/loss,1.8098766803741455
1069,7,train/lr,5.743451104438149e-05
1070,7,train/loss,1.6689794063568115
1070,7,train/lr,5.740744941618708e-05
1071,7,train/loss,1.6808750629425049
1071,7,train/lr,5.738036506932046e-05
1072,7,train/loss,1.6262850761413574
1072,7,train/lr,5.735325803124217e-05
1073,7,train/loss,1.459773063659668
1073,7,train/lr,5.732612832943574e-05
1074,7,train/loss,1.600844383239746
1074,7,train/lr,5.7298975991407693e-05
1075,7,train/loss,1.2466228008270264
1075,7,train/lr,5.727180104468747e-05
1076,7,train/loss,1.7324023246765137
1076,7,train/lr,5.7244603516827486e-05
1077,7,train/loss,1.6221234798431396
1077,7,train/lr,5.7217383435402994e-05
1078,7,train/loss,1.523476243019104
1078,7,train/lr,5.7190140828012154e-05
1079,7,train/loss,1.3954318761825562
1079,7,train/lr,5.716287572227596e-05
1080,7,train/loss,1.4135799407958984
1080,7,train/lr,5.71355881458382e-05
1081,7,train/loss,1.436873435974121
1081,7,train/lr,5.710827812636546e-05
1082,7,train/loss,1.8874003887176514
1082,7,train/lr,5.7080945691547074e-05
1083,7,train/loss,1.6362364292144775
1083,7,train/lr,5.70535908690951e-05
1084,7,train/loss,1.515831470489502
1084,7,train/lr,5.702621368674431e-05
1085,7,train/loss,1.4202085733413696
1085,7,train/lr,5.699881417225212e-05
1086,7,train/loss,1.588815689086914
1086,7,train/lr,5.697139235339862e-05
1087,7,train/loss,1.5062592029571533
1087,7,train/lr,5.6943948257986476e-05
1088,7,train/loss,1.2551426887512207
1088,7,train/lr,5.6916481913840975e-05
1089,7,train/loss,1.2691915035247803
1089,7,train/lr,5.688899334880994e-05
1090,7,train/loss,1.4564855098724365
1090,7,train/lr,5.686148259076376e-05
1091,7,train/loss,1.276532530784607
1091,7,train/lr,5.6833949667595264e-05
1092,7,train/loss,1.5598541498184204
1092,7,train/lr,5.68063946072198e-05
1093,7,train/loss,1.5357720851898193
1093,7,train/lr,5.6778817437575146e-05
1094,7,train/loss,1.5683720111846924
1094,7,train/lr,5.675121818662149e-05
1095,7,train/loss,1.621908187866211
1095,7,train/lr,5.672359688234143e-05
1096,7,train/loss,1.6557618379592896
1096,7,train/lr,5.669595355273991e-05
1097,7,train/loss,1.567875623703003
1097,7,train/lr,5.666828822584419e-05
1098,7,train/loss,1.2739338874816895
1098,7,train/lr,5.664060092970386e-05
1099,7,train/loss,1.6071189641952515
1099,7,train/lr,5.6612891692390755e-05
1100,7,train/loss,1.3894190788269043
1100,7,train/lr,5.658516054199901e-05
1101,7,train/loss,1.3225041627883911
1101,7,train/lr,5.655740750664489e-05
1102,7,train/loss,1.5806294679641724
1102,7,train/lr,5.652963261446694e-05
1103,7,train/loss,1.4330132007598877
1103,7,train/lr,5.6501835893625815e-05
1104,7,train/loss,1.558539867401123
1104,7,train/lr,5.64740173723043e-05
1105,7,train/loss,1.5332448482513428
1105,7,train/lr,5.644617707870731e-05
1106,7,train/loss,1.465730905532837
1106,7,train/lr,5.6418315041061815e-05
1107,7,train/loss,1.6539359092712402
1107,7,train/lr,5.639043128761682e-05
1108,7,train/loss,1.6377264261245728
1108,7,train/lr,5.636252584664338e-05
1109,7,train/loss,1.5696234703063965
1109,7,train/lr,5.633459874643451e-05
1110,7,train/loss,1.2529258728027344
1110,7,train/lr,5.630665001530522e-05
1111,7,train/loss,1.2920743227005005
1111,7,train/lr,5.62786796815924e-05
1112,7,train/loss,1.6412379741668701
1112,7,train/lr,5.625068777365489e-05
1113,7,train/loss,1.4610633850097656
1113,7,train/lr,5.6222674319873375e-05
1114,7,train/loss,1.6142916679382324
1114,7,train/lr,5.619463934865039e-05
1115,7,train/loss,1.6923773288726807
1115,7,train/lr,5.6166582888410306e-05
1116,7,train/loss,1.5764851570129395
1116,7,train/lr,5.613850496759926e-05
1117,7,train/loss,1.48592209815979
1117,7,train/lr,5.611040561468515e-05
1118,7,train/loss,1.4517464637756348
1118,7,train/lr,5.608228485815761e-05
1119,7,train/loss,1.5720479488372803
1119,7,train/lr,5.605414272652798e-05
1120,7,train/loss,1.598203182220459
1120,7,train/lr,5.6025979248329255e-05
1121,7,train/loss,1.643160104751587
1121,7,train/lr,5.599779445211609e-05
1122,7,train/loss,1.3704967498779297
1122,7,train/lr,5.5969588366464746e-05
1123,7,train/loss,1.7082569599151611
1123,7,train/lr,5.5941361019973063e-05
1124,7,train/loss,1.3945705890655518
1124,7,train/lr,5.591311244126045e-05
1125,7,train/loss,1.4382481575012207
1125,7,train/lr,5.588484265896784e-05
1126,7,train/loss,1.3119451999664307
1126,7,train/lr,5.585655170175765e-05
1127,7,train/loss,1.3883111476898193
1127,7,train/lr,5.582823959831379e-05
1128,7,train/loss,1.495976448059082
1128,7,train/lr,5.579990637734161e-05
1129,7,train/loss,1.5554332733154297
1129,7,train/lr,5.577155206756783e-05
1130,7,train/loss,1.538710594177246
1130,7,train/lr,5.5743176697740584e-05
1131,7,train/loss,1.5936521291732788
1131,7,train/lr,5.571478029662937e-05
1132,7,train/loss,1.4811713695526123
1132,7,train/lr,5.5686362893024985e-05
1133,7,train/loss,1.5503671169281006
1133,7,train/lr,5.565792451573953e-05
1134,7,train/loss,1.583005428314209
1134,7,train/lr,5.562946519360638e-05
1135,7,train/loss,1.5173356533050537
1135,7,train/lr,5.560098495548011e-05
1136,7,train/loss,1.3888766765594482
1136,7,train/lr,5.557248383023655e-05
1137,7,train/loss,1.8527477979660034
1137,7,train/lr,5.554396184677269e-05
1138,7,train/loss,1.4020731449127197
1138,7,train/lr,5.551541903400664e-05
1139,7,train/loss,1.4423527717590332
1139,7,train/lr,5.548685542087767e-05
1140,7,train/loss,1.4099311828613281
1140,7,train/lr,5.545827103634611e-05
1141,7,train/loss,1.6652247905731201
1141,7,train/lr,5.5429665909393356e-05
1142,7,train/loss,1.4557520151138306
1142,7,train/lr,5.540104006902186e-05
1143,7,train/loss,1.5136516094207764
1143,7,train/lr,5.537239354425503e-05
1144,7,train/loss,1.467041015625
1144,7,train/lr,5.5343726364137276e-05
1145,7,train/loss,1.280950665473938
1145,7,train/lr,5.531503855773396e-05
1146,7,train/loss,1.639134168624878
1146,7,train/lr,5.5286330154131314e-05
1147,7,train/loss,1.5208438634872437
1147,7,train/lr,5.525760118243652e-05
1148,7,train/loss,1.6609992980957031
1148,7,train/lr,5.522885167177752e-05
1149,7,train/loss,1.6311748027801514
1149,7,train/lr,5.520008165130318e-05
1150,7,train/loss,1.5175645351409912
1150,7,train/lr,5.517129115018309e-05
1151,7,train/loss,1.583385705947876
1151,7,train/lr,5.514248019760763e-05
1152,7,train/loss,1.47441565990448
1152,7,train/lr,5.511364882278793e-05
1153,7,train/loss,1.4660371541976929
1153,7,train/lr,5.508479705495579e-05
1154,7,train/loss,1.4983468055725098
1154,7,train/lr,5.5055924923363736e-05
1155,7,train/loss,1.6225279569625854
1155,7,train/lr,5.502703245728489e-05
1156,7,train/loss,1.4158689975738525
1156,7,train/lr,5.4998119686013024e-05
1157,7,train/loss,1.6569905281066895
1157,7,train/lr,5.496918663886249e-05
1158,7,train/loss,1.6002933979034424
1158,7,train/lr,5.4940233345168165e-05
1159,7,train/loss,1.4894388914108276
1159,7,train/lr,5.491125983428551e-05
1160,7,train/loss,1.4034281969070435
1160,7,train/lr,5.488226613559045e-05
1161,7,train/loss,1.6292517185211182
1161,7,train/lr,5.485325227847939e-05
1162,7,train/loss,1.5908305644989014
1162,7,train/lr,5.482421829236914e-05
1162,7,train/batches,662.0
1162,7,train/compute_pct,99.90318788330283
1162,7,train/compute_sec,66.9014461497718
1162,7,train/data_wait_pct,0.09681211669717175
1162,7,train/data_wait_sec,0.0648314708378166
1162,7,train/examples,5296.0
1162,7,train/examples_per_sec,79.08458089911954
1162,7,train/input_tokens,910581.0
1162,7,train/peak_vram_gb,6.735131740570068
1162,7,train/target_tokens,424685.0
1162,7,train/tokens_per_sec,19939.379153860227
1162,7,train/total_sec,66.96627762060962
1162,7,train/epoch_loss,1.523315486591028
1162,7,epoch7/batches,662.0
1162,7,epoch7/compute_pct,99.90318788330283
1162,7,epoch7/compute_sec,66.9014461497718
1162,7,epoch7/data_wait_pct,0.09681211669717175
1162,7,epoch7/data_wait_sec,0.0648314708378166
1162,7,epoch7/examples,5296.0
1162,7,epoch7/examples_per_sec,79.08458089911954
1162,7,epoch7/input_tokens,910581.0
1162,7,epoch7/peak_vram_gb,6.735131740570068
1162,7,epoch7/target_tokens,424685.0
1162,7,epoch7/tokens_per_sec,19939.379153860227
1162,7,epoch7/total_sec,66.96627762060962
1162,7,val/bleu,17.275679841034794
1162,7,val/chrf,39.51373307601266
1162,7,val/combined,26.12712387434372
1162,7,val/eval_peak_vram_gb,6.735131740570068
1162,7,val/eval_samples_per_sec,6.439399529383109
1162,7,val/eval_seconds,92.71050775400363
1162,7,val/eval_tokens_per_sec,1467.4496267563034
1163,8,train/loss,1.4817957878112793
1163,8,train/lr,5.4795164206696986e-05
1164,8,train/loss,1.543501615524292
1164,8,train/lr,5.4766090050920534e-05
1165,8,train/loss,1.425870656967163
1165,8,train/lr,5.473699585451775e-05
1166,8,train/loss,1.4868149757385254
1166,8,train/lr,5.4707881646986947e-05
1167,8,train/loss,1.3703629970550537
1167,8,train/lr,5.467874745784669e-05
1168,8,train/loss,1.485668420791626
1168,8,train/lr,5.464959331663583e-05
1169,8,train/loss,1.544311285018921
1169,8,train/lr,5.4620419252913435e-05
1170,8,train/loss,1.5674668550491333
1170,8,train/lr,5.4591225296258774e-05
1171,8,train/loss,1.5888125896453857
1171,8,train/lr,5.456201147627128e-05
1172,8,train/loss,1.51651930809021
1172,8,train/lr,5.453277782257054e-05
1173,8,train/loss,1.5997090339660645
1173,8,train/lr,5.450352436479624e-05
1174,8,train/loss,1.4545880556106567
1174,8,train/lr,5.447425113260815e-05
1175,8,train/loss,1.6946654319763184
1175,8,train/lr,5.444495815568607e-05
1176,8,train/loss,1.6357712745666504
1176,8,train/lr,5.4415645463729855e-05
1177,8,train/loss,1.6122643947601318
1177,8,train/lr,5.438631308645931e-05
1178,8,train/loss,1.5556325912475586
1178,8,train/lr,5.435696105361424e-05
1179,8,train/loss,1.5977646112442017
1179,8,train/lr,5.4327589394954334e-05
1180,8,train/loss,1.5341099500656128
1180,8,train/lr,5.429819814025921e-05
1181,8,train/loss,1.4367625713348389
1181,8,train/lr,5.4268787319328333e-05
1182,8,train/loss,1.393176555633545
1182,8,train/lr,5.4239356961981045e-05
1183,8,train/loss,1.4075312614440918
1183,8,train/lr,5.420990709805645e-05
1184,8,train/loss,1.7111022472381592
1184,8,train/lr,5.4180437757413455e-05
1185,8,train/loss,1.3957561254501343
1185,8,train/lr,5.4150948969930694e-05
1186,8,train/loss,1.6004983186721802
1186,8,train/lr,5.4121440765506544e-05
1187,8,train/loss,1.6026629209518433
1187,8,train/lr,5.409191317405906e-05
1188,8,train/loss,1.4785218238830566
1188,8,train/lr,5.4062366225525944e-05
1189,8,train/loss,1.5312950611114502
1189,8,train/lr,5.4032799949864535e-05
1190,8,train/loss,1.4849767684936523
1190,8,train/lr,5.400321437705175e-05
1191,8,train/loss,1.2994827032089233
1191,8,train/lr,5.39736095370841e-05
1192,8,train/loss,1.4801303148269653
1192,8,train/lr,5.394398545997759e-05
1193,8,train/loss,1.3647456169128418
1193,8,train/lr,5.391434217576778e-05
1194,8,train/loss,1.2628943920135498
1194,8,train/lr,5.3884679714509674e-05
1195,8,train/loss,1.4437134265899658
1195,8,train/lr,5.3854998106277705e-05
1196,8,train/loss,1.3940701484680176
1196,8,train/lr,5.382529738116575e-05
1197,8,train/loss,1.5245428085327148
1197,8,train/lr,5.3795577569287036e-05
1198,8,train/loss,1.4664655923843384
1198,8,train/lr,5.37658387007742e-05
1199,8,train/loss,1.5221235752105713
1199,8,train/lr,5.373608080577913e-05
1200,8,train/loss,1.5469777584075928
1200,8,train/lr,5.370630391447303e-05
1201,8,train/loss,1.3649426698684692
1201,8,train/lr,5.3676508057046404e-05
1202,8,train/loss,1.476138949394226
1202,8,train/lr,5.3646693263708905e-05
1203,8,train/loss,1.2598336935043335
1203,8,train/lr,5.3616859564689496e-05
1204,8,train/loss,1.3087000846862793
1204,8,train/lr,5.3587006990236176e-05
1205,8,train/loss,1.3431864976882935
1205,8,train/lr,5.3557135570616184e-05
1206,8,train/loss,1.4423996210098267
1206,8,train/lr,5.352724533611585e-05
1207,8,train/loss,1.3748600482940674
1207,8,train/lr,5.349733631704051e-05
1208,8,train/loss,1.4498882293701172
1208,8,train/lr,5.346740854371464e-05
1209,8,train/loss,1.5637094974517822
1209,8,train/lr,5.343746204648167e-05
1210,8,train/loss,1.8763563632965088
1210,8,train/lr,5.340749685570403e-05
1211,8,train/loss,1.6053640842437744
1211,8,train/lr,5.337751300176312e-05
1212,8,train/loss,1.6446235179901123
1212,8,train/lr,5.334751051505924e-05
1213,8,train/loss,1.3115934133529663
1213,8,train/lr,5.331748942601158e-05
1214,8,train/loss,1.6945030689239502
1214,8,train/lr,5.3287449765058205e-05
1215,8,train/loss,1.3989808559417725
1215,8,train/lr,5.3257391562656006e-05
1216,8,train/loss,1.3195898532867432
1216,8,train/lr,5.322731484928068e-05
1217,8,train/loss,1.3869924545288086
1217,8,train/lr,5.3197219655426666e-05
1218,8,train/loss,1.4966819286346436
1218,8,train/lr,5.316710601160716e-05
1219,8,train/loss,1.4359784126281738
1219,8,train/lr,5.3136973948354075e-05
1220,8,train/loss,1.4089393615722656
1220,8,train/lr,5.310682349621798e-05
1221,8,train/loss,1.6225318908691406
1221,8,train/lr,5.307665468576809e-05
1222,8,train/loss,1.463404655456543
1222,8,train/lr,5.304646754759224e-05
1223,8,train/loss,1.6193468570709229
1223,8,train/lr,5.301626211229687e-05
1224,8,train/loss,1.6178486347198486
1224,8,train/lr,5.29860384105069e-05
1225,8,train/loss,1.344311237335205
1225,8,train/lr,5.295579647286584e-05
1226,8,train/loss,1.5140830278396606
1226,8,train/lr,5.2925536330035666e-05
1227,8,train/loss,1.529632568359375
1227,8,train/lr,5.2895258012696814e-05
1228,8,train/loss,1.6406326293945312
1228,8,train/lr,5.286496155154815e-05
1229,8,train/loss,1.3309292793273926
1229,8,train/lr,5.283464697730691e-05
1230,8,train/loss,1.364225149154663
1230,8,train/lr,5.280431432070873e-05
1231,8,train/loss,1.3082355260849
1231,8,train/lr,5.277396361250756e-05
1232,8,train/loss,1.5488383769989014
1232,8,train/lr,5.2743594883475664e-05
1233,8,train/loss,1.5078321695327759
1233,8,train/lr,5.271320816440356e-05
1234,8,train/loss,1.5178571939468384
1234,8,train/lr,5.2682803486100016e-05
1235,8,train/loss,1.495910406112671
1235,8,train/lr,5.265238087939202e-05
1236,8,train/loss,1.6574729681015015
1236,8,train/lr,5.262194037512472e-05
1237,8,train/loss,1.6297210454940796
1237,8,train/lr,5.259148200416141e-05
1238,8,train/loss,1.4800461530685425
1238,8,train/lr,5.256100579738352e-05
1239,8,train/loss,1.5266849994659424
1239,8,train/lr,5.253051178569053e-05
1240,8,train/loss,1.5389111042022705
1240,8,train/lr,5.2499999999999995e-05
1241,8,train/loss,1.326814889907837
1241,8,train/lr,5.2469470471247506e-05
1242,8,train/loss,1.7076265811920166
1242,8,train/lr,5.243892323038659e-05
1243,8,train/loss,1.467565894126892
1243,8,train/lr,5.240835830838881e-05
1244,8,train/loss,1.5226372480392456
1244,8,train/lr,5.2377775736243576e-05
1245,8,train/loss,1.4802846908569336
1245,8,train/lr,5.2347175544958234e-05
1246,8,train/loss,1.4340611696243286
1246,8,train/lr,5.231655776555801e-05
1247,8,train/loss,1.6195425987243652
1247,8,train/lr,5.228592242908592e-05
1248,8,train/loss,1.5460104942321777
1248,8,train/lr,5.225526956660281e-05
1249,8,train/loss,1.5191015005111694
1249,8,train/lr,5.222459920918729e-05
1250,8,train/loss,1.5223338603973389
1250,8,train/lr,5.21939113879357e-05
1251,8,train/loss,1.3488006591796875
1251,8,train/lr,5.21632061339621e-05
1252,8,train/loss,1.5005534887313843
1252,8,train/lr,5.2132483478398215e-05
1253,8,train/loss,1.5566165447235107
1253,8,train/lr,5.210174345239342e-05
1254,8,train/loss,1.5356913805007935
1254,8,train/lr,5.207098608711469e-05
1255,8,train/loss,1.779489517211914
1255,8,train/lr,5.204021141374658e-05
1256,8,train/loss,1.3989439010620117
1256,8,train/lr,5.200941946349121e-05
1257,8,train/loss,1.4224872589111328
1257,8,train/lr,5.19786102675682e-05
1258,8,train/loss,1.336730718612671
1258,8,train/lr,5.194778385721469e-05
1259,8,train/loss,1.4482545852661133
1259,8,train/lr,5.191694026368521e-05
1260,8,train/loss,1.630354881286621
1260,8,train/lr,5.188607951825177e-05
1261,8,train/loss,1.5337753295898438
1261,8,train/lr,5.185520165220373e-05
1262,8,train/loss,1.6161646842956543
1262,8,train/lr,5.182430669684785e-05
1263,8,train/loss,1.5490949153900146
1263,8,train/lr,5.1793394683508176e-05
1264,8,train/loss,1.409623146057129
1264,8,train/lr,5.176246564352607e-05
1265,8,train/loss,1.4085228443145752
1265,8,train/lr,5.1731519608260156e-05
1266,8,train/loss,1.3530149459838867
1266,8,train/lr,5.1700556609086285e-05
1267,8,train/loss,1.5306951999664307
1267,8,train/lr,5.166957667739752e-05
1268,8,train/loss,1.5331594944000244
1268,8,train/lr,5.163857984460406e-05
1269,8,train/loss,1.5142863988876343
1269,8,train/lr,5.160756614213328e-05
1270,8,train/loss,1.4265127182006836
1270,8,train/lr,5.157653560142962e-05
1271,8,train/loss,1.490760087966919
1271,8,train/lr,5.154548825395463e-05
1272,8,train/loss,1.5084576606750488
1272,8,train/lr,5.1514424131186865e-05
1273,8,train/loss,1.5304409265518188
1273,8,train/lr,5.1483343264621936e-05
1274,8,train/loss,1.4975194931030273
1274,8,train/lr,5.145224568577237e-05
1275,8,train/loss,1.6086204051971436
1275,8,train/lr,5.1421131426167666e-05
1276,8,train/loss,1.667651891708374
1276,8,train/lr,5.1390000517354254e-05
1277,8,train/loss,1.4812488555908203
1277,8,train/lr,5.1358852990895424e-05
1278,8,train/loss,1.5937378406524658
1278,8,train/lr,5.1327688878371324e-05
1279,8,train/loss,1.546212911605835
1279,8,train/lr,5.1296508211378896e-05
1280,8,train/loss,1.5770440101623535
1280,8,train/lr,5.12653110215319e-05
1281,8,train/loss,1.4179763793945312
1281,8,train/lr,5.123409734046081e-05
1282,8,train/loss,1.4557446241378784
1282,8,train/lr,5.120286719981287e-05
1283,8,train/loss,1.41989004611969
1283,8,train/lr,5.117162063125198e-05
1284,8,train/loss,1.4818512201309204
1284,8,train/lr,5.114035766645867e-05
1285,8,train/loss,1.4985750913619995
1285,8,train/lr,5.110907833713015e-05
1286,8,train/loss,1.5178908109664917
1286,8,train/lr,5.107778267498019e-05
1287,8,train/loss,1.571577787399292
1287,8,train/lr,5.104647071173913e-05
1288,8,train/loss,1.4119231700897217
1288,8,train/lr,5.101514247915384e-05
1289,8,train/loss,1.4832866191864014
1289,8,train/lr,5.098379800898765e-05
1290,8,train/loss,1.280084252357483
1290,8,train/lr,5.09524373330204e-05
1291,8,train/loss,1.437990665435791
1291,8,train/lr,5.092106048304835e-05
1292,8,train/loss,1.4913012981414795
1292,8,train/lr,5.088966749088413e-05
1293,8,train/loss,1.5985558032989502
1293,8,train/lr,5.0858258388356786e-05
1294,8,train/loss,1.3534009456634521
1294,8,train/lr,5.082683320731165e-05
1295,8,train/loss,1.3610233068466187
1295,8,train/lr,5.0795391979610375e-05
1296,8,train/loss,1.5395934581756592
1296,8,train/lr,5.0763934737130886e-05
1297,8,train/loss,1.429659366607666
1297,8,train/lr,5.073246151176735e-05
1298,8,train/loss,1.3588881492614746
1298,8,train/lr,5.0700972335430114e-05
1299,8,train/loss,1.493431568145752
1299,8,train/lr,5.066946724004574e-05
1300,8,train/loss,1.7727545499801636
1300,8,train/lr,5.06379462575569e-05
1301,8,train/loss,1.4239308834075928
1301,8,train/lr,5.060640941992236e-05
1302,8,train/loss,1.5104560852050781
1302,8,train/lr,5.057485675911701e-05
1303,8,train/loss,1.1765449047088623
1303,8,train/lr,5.054328830713173e-05
1304,8,train/loss,1.4892669916152954
1304,8,train/lr,5.0511704095973445e-05
1305,8,train/loss,1.4697085618972778
1305,8,train/lr,5.048010415766504e-05
1306,8,train/loss,1.4822602272033691
1306,8,train/lr,5.044848852424536e-05
1307,8,train/loss,1.4277074337005615
1307,8,train/lr,5.041685722776915e-05
1308,8,train/loss,1.466862440109253
1308,8,train/lr,5.0385210300307055e-05
1309,8,train/loss,1.35943603515625
1309,8,train/lr,5.035354777394555e-05
1310,8,train/loss,1.4174621105194092
1310,8,train/lr,5.032186968078691e-05
1311,8,train/loss,1.440550446510315
1311,8,train/lr,5.029017605294923e-05
1312,8,train/loss,1.5230293273925781
1312,8,train/lr,5.0258466922566345e-05
1313,8,train/loss,1.3981249332427979
1313,8,train/lr,5.0226742321787796e-05
1314,8,train/loss,1.5543756484985352
1314,8,train/lr,5.019500228277882e-05
1315,8,train/loss,1.3544895648956299
1315,8,train/lr,5.016324683772028e-05
1316,8,train/loss,1.376908302307129
1316,8,train/lr,5.01314760188087e-05
1317,8,train/loss,1.4437581300735474
1317,8,train/lr,5.009968985825616e-05
1318,8,train/loss,1.536848545074463
1318,8,train/lr,5.006788838829033e-05
1319,8,train/loss,1.5078787803649902
1319,8,train/lr,5.003607164115435e-05
1320,8,train/loss,1.5546684265136719
1320,8,train/lr,5.000423964910689e-05
1321,8,train/loss,1.5841004848480225
1321,8,train/lr,4.997239244442207e-05
1322,8,train/loss,1.3110485076904297
1322,8,train/lr,4.994053005938942e-05
1323,8,train/loss,1.5761542320251465
1323,8,train/lr,4.9908652526313884e-05
1324,8,train/loss,1.5489524602890015
1324,8,train/lr,4.987675987751573e-05
1325,8,train/loss,1.4083926677703857
1325,8,train/lr,4.984485214533058e-05
1326,8,train/loss,1.4924306869506836
1326,8,train/lr,4.981292936210935e-05
1327,8,train/loss,1.4521677494049072
1327,8,train/lr,4.978099156021819e-05
1328,8,train/loss,1.5730583667755127
1328,8,train/lr,4.974903877203852e-05
1328,8,train/batches,662.0
1328,8,train/compute_pct,99.89712702872882
1328,8,train/compute_sec,68.60483160321019
1328,8,train/data_wait_pct,0.10287297127118149
1328,8,train/data_wait_sec,0.07064850692404434
1328,8,train/examples,5296.0
1328,8,train/examples_per_sec,77.11631562687081
1328,8,train/input_tokens,910581.0
1328,8,train/peak_vram_gb,6.735131740570068
1328,8,train/target_tokens,424726.0
1328,8,train/tokens_per_sec,19443.722823030585
1328,8,train/total_sec,68.67548011013423
1328,8,train/epoch_loss,1.490749612315544
1328,8,epoch8/batches,662.0
1328,8,epoch8/compute_pct,99.89712702872882
1328,8,epoch8/compute_sec,68.60483160321019
1328,8,epoch8/data_wait_pct,0.10287297127118149
1328,8,epoch8/data_wait_sec,0.07064850692404434
1328,8,epoch8/examples,5296.0
1328,8,epoch8/examples_per_sec,77.11631562687081
1328,8,epoch8/input_tokens,910581.0
1328,8,epoch8/peak_vram_gb,6.735131740570068
1328,8,epoch8/target_tokens,424726.0
1328,8,epoch8/tokens_per_sec,19443.722823030585
1328,8,epoch8/total_sec,68.67548011013423
1328,8,val/bleu,20.299638182028207
1328,8,val/chrf,41.27330794458599
1328,8,val/combined,28.94534881203759
1328,8,val/eval_peak_vram_gb,6.735131740570068
1328,8,val/eval_samples_per_sec,7.237786893464453
1328,8,val/eval_seconds,82.48377698700642
1328,8,val/eval_tokens_per_sec,1415.1146354317334
1329,9,train/loss,1.4456686973571777
1329,9,train/lr,4.97170710299669e-05
1330,9,train/loss,1.4863064289093018
1330,9,train/lr,4.96850883664151e-05
1331,9,train/loss,1.3327083587646484
1331,9,train/lr,4.965309081380998e-05
1332,9,train/loss,1.4604475498199463
1332,9,train/lr,4.962107840459353e-05
1333,9,train/loss,1.5217912197113037
1333,9,train/lr,4.958905117122279e-05
1334,9,train/loss,1.3548204898834229
1334,9,train/lr,4.955700914616982e-05
1335,9,train/loss,1.5191452503204346
1335,9,train/lr,4.952495236192169e-05
1336,9,train/loss,1.3806767463684082
1336,9,train/lr,4.949288085098041e-05
1337,9,train/loss,1.511732578277588
1337,9,train/lr,4.946079464586298e-05
1338,9,train/loss,1.4612113237380981
1338,9,train/lr,4.942869377910123e-05
1339,9,train/loss,1.4071383476257324
1339,9,train/lr,4.939657828324187e-05
1340,9,train/loss,1.5542393922805786
1340,9,train/lr,4.936444819084649e-05
1341,9,train/loss,1.433075189590454
1341,9,train/lr,4.933230353449143e-05
1342,9,train/loss,1.5562803745269775
1342,9,train/lr,4.93001443467678e-05
1343,9,train/loss,1.3288120031356812
1343,9,train/lr,4.926797066028148e-05
1344,9,train/loss,1.5140554904937744
1344,9,train/lr,4.9235782507653006e-05
1345,9,train/loss,1.5042636394500732
1345,9,train/lr,4.920357992151761e-05
1346,9,train/loss,1.267115831375122
1346,9,train/lr,4.917136293452513e-05
1347,9,train/loss,1.4109292030334473
1347,9,train/lr,4.913913157934006e-05
1348,9,train/loss,1.5520696640014648
1348,9,train/lr,4.910688588864139e-05
1349,9,train/loss,1.5777380466461182
1349,9,train/lr,4.9074625895122695e-05
1350,9,train/loss,1.5021436214447021
1350,9,train/lr,4.904235163149202e-05
1351,9,train/loss,1.50618577003479
1351,9,train/lr,4.901006313047192e-05
1352,9,train/loss,1.5539233684539795
1352,9,train/lr,4.897776042479934e-05
1353,9,train/loss,1.5389738082885742
1353,9,train/lr,4.8945443547225654e-05
1354,9,train/loss,1.472139835357666
1354,9,train/lr,4.891311253051659e-05
1355,9,train/loss,1.3629008531570435
1355,9,train/lr,4.888076740745222e-05
1356,9,train/loss,1.5272135734558105
1356,9,train/lr,4.884840821082693e-05
1357,9,train/loss,1.4333726167678833
1357,9,train/lr,4.881603497344934e-05
1358,9,train/loss,1.5083088874816895
1358,9,train/lr,4.878364772814236e-05
1359,9,train/loss,1.4430880546569824
1359,9,train/lr,4.875124650774303e-05
1360,9,train/loss,1.4276115894317627
1360,9,train/lr,4.8718831345102625e-05
1361,9,train/loss,1.3980669975280762
1361,9,train/lr,4.868640227308652e-05
1362,9,train/loss,1.3916738033294678
1362,9,train/lr,4.865395932457421e-05
1363,9,train/loss,1.5586521625518799
1363,9,train/lr,4.862150253245924e-05
1364,9,train/loss,1.5557968616485596
1364,9,train/lr,4.858903192964922e-05
1365,9,train/loss,1.533525824546814
1365,9,train/lr,4.855654754906573e-05
1366,9,train/loss,1.3667811155319214
1366,9,train/lr,4.852404942364434e-05
1367,9,train/loss,1.4697332382202148
1367,9,train/lr,4.849153758633455e-05
1368,9,train/loss,1.4897456169128418
1368,9,train/lr,4.845901207009978e-05
1369,9,train/loss,1.3143621683120728
1369,9,train/lr,4.842647290791727e-05
1370,9,train/loss,1.2562673091888428
1370,9,train/lr,4.839392013277814e-05
1371,9,train/loss,1.653249979019165
1371,9,train/lr,4.83613537776873e-05
1372,9,train/loss,1.5463061332702637
1372,9,train/lr,4.832877387566343e-05
1373,9,train/loss,1.3669462203979492
1373,9,train/lr,4.829618045973895e-05
1374,9,train/loss,1.3993133306503296
1374,9,train/lr,4.826357356295995e-05
1375,9,train/loss,1.390937089920044
1375,9,train/lr,4.823095321838623e-05
1376,9,train/loss,1.6347359418869019
1376,9,train/lr,4.819831945909121e-05
1377,9,train/loss,1.5171990394592285
1377,9,train/lr,4.81656723181619e-05
1378,9,train/loss,1.5655547380447388
1378,9,train/lr,4.81330118286989e-05
1379,9,train/loss,1.1908658742904663
1379,9,train/lr,4.81003380238163e-05
1380,9,train/loss,1.6075069904327393
1380,9,train/lr,4.806765093664173e-05
1381,9,train/loss,1.5001466274261475
1381,9,train/lr,4.80349506003163e-05
1382,9,train/loss,1.4401448965072632
1382,9,train/lr,4.800223704799449e-05
1383,9,train/loss,1.386538028717041
1383,9,train/lr,4.796951031284427e-05
1384,9,train/loss,1.305310606956482
1384,9,train/lr,4.793677042804688e-05
1385,9,train/loss,1.3779023885726929
1385,9,train/lr,4.790401742679696e-05
1386,9,train/loss,1.4860955476760864
1386,9,train/lr,4.787125134230241e-05
1387,9,train/loss,1.3655380010604858
1387,9,train/lr,4.7838472207784435e-05
1388,9,train/loss,1.5628564357757568
1388,9,train/lr,4.7805680056477434e-05
1389,9,train/loss,1.4478721618652344
1389,9,train/lr,4.7772874921629005e-05
1390,9,train/loss,1.5882165431976318
1390,9,train/lr,4.774005683649994e-05
1391,9,train/loss,1.591118335723877
1391,9,train/lr,4.770722583436413e-05
1392,9,train/loss,1.384244680404663
1392,9,train/lr,4.767438194850858e-05
1393,9,train/loss,1.689414143562317
1393,9,train/lr,4.764152521223336e-05
1394,9,train/loss,1.5005621910095215
1394,9,train/lr,4.760865565885157e-05
1395,9,train/loss,1.4338948726654053
1395,9,train/lr,4.7575773321689255e-05
1396,9,train/loss,1.3266093730926514
1396,9,train/lr,4.75428782340855e-05
1397,9,train/loss,1.3436249494552612
1397,9,train/lr,4.750997042939228e-05
1398,9,train/loss,1.434971809387207
1398,9,train/lr,4.747704994097446e-05
1399,9,train/loss,1.5550765991210938
1399,9,train/lr,4.744411680220976e-05
1400,9,train/loss,1.419255256652832
1400,9,train/lr,4.741117104648874e-05
1401,9,train/loss,1.4086596965789795
1401,9,train/lr,4.7378212707214756e-05
1402,9,train/loss,1.5055196285247803
1402,9,train/lr,4.73452418178039e-05
1403,9,train/loss,1.5978641510009766
1403,9,train/lr,4.731225841168502e-05
1404,9,train/loss,1.3559491634368896
1404,9,train/lr,4.727926252229963e-05
1405,9,train/loss,1.3839420080184937
1405,9,train/lr,4.7246254183101895e-05
1406,9,train/loss,1.349362850189209
1406,9,train/lr,4.7213233427558624e-05
1407,9,train/loss,1.2745071649551392
1407,9,train/lr,4.718020028914921e-05
1408,9,train/loss,1.3644459247589111
1408,9,train/lr,4.71471548013656e-05
1409,9,train/loss,1.6845539808273315
1409,9,train/lr,4.711409699771225e-05
1410,9,train/loss,1.5173001289367676
1410,9,train/lr,4.708102691170612e-05
1411,9,train/loss,1.4562805891036987
1411,9,train/lr,4.70479445768766e-05
1412,9,train/loss,1.5409400463104248
1412,9,train/lr,4.7014850026765536e-05
1413,9,train/loss,1.468837857246399
1413,9,train/lr,4.698174329492712e-05
1414,9,train/loss,1.4380683898925781
1414,9,train/lr,4.6948624414927924e-05
1415,9,train/loss,1.5463566780090332
1415,9,train/lr,4.6915493420346804e-05
1416,9,train/loss,1.6730841398239136
1416,9,train/lr,4.688235034477495e-05
1417,9,train/loss,1.3844470977783203
1417,9,train/lr,4.6849195221815735e-05
1418,9,train/loss,1.450058937072754
1418,9,train/lr,4.6816028085084816e-05
1419,9,train/loss,1.6053476333618164
1419,9,train/lr,4.6782848968209975e-05
1420,9,train/loss,1.307192325592041
1420,9,train/lr,4.674965790483117e-05
1421,9,train/loss,1.4376996755599976
1421,9,train/lr,4.671645492860045e-05
1422,9,train/loss,1.475778341293335
1422,9,train/lr,4.6683240073181976e-05
1423,9,train/loss,1.4922237396240234
1423,9,train/lr,4.665001337225193e-05
1424,9,train/loss,1.447108268737793
1424,9,train/lr,4.6616774859498493e-05
1425,9,train/loss,1.3873541355133057
1425,9,train/lr,4.658352456862185e-05
1426,9,train/loss,1.4095100164413452
1426,9,train/lr,4.6550262533334095e-05
1427,9,train/loss,1.6237471103668213
1427,9,train/lr,4.6516988787359275e-05
1428,9,train/loss,1.521913766860962
1428,9,train/lr,4.6483703364433274e-05
1429,9,train/loss,1.317073941230774
1429,9,train/lr,4.645040629830381e-05
1430,9,train/loss,1.3763967752456665
1430,9,train/lr,4.641709762273043e-05
1431,9,train/loss,1.3492751121520996
1431,9,train/lr,4.638377737148444e-05
1432,9,train/loss,1.45660400390625
1432,9,train/lr,4.635044557834889e-05
1433,9,train/loss,1.6437280178070068
1433,9,train/lr,4.6317102277118534e-05
1434,9,train/loss,1.3986303806304932
1434,9,train/lr,4.6283747501599766e-05
1435,9,train/loss,1.3608531951904297
1435,9,train/lr,4.6250381285610655e-05
1436,9,train/loss,1.5227867364883423
1436,9,train/lr,4.6217003662980836e-05
1437,9,train/loss,1.369651198387146
1437,9,train/lr,4.6183614667551525e-05
1438,9,train/loss,1.3386542797088623
1438,9,train/lr,4.615021433317547e-05
1439,9,train/loss,1.525803565979004
1439,9,train/lr,4.611680269371691e-05
1440,9,train/loss,1.6479321718215942
1440,9,train/lr,4.6083379783051544e-05
1441,9,train/loss,1.5400315523147583
1441,9,train/lr,4.6049945635066494e-05
1442,9,train/loss,1.3109779357910156
1442,9,train/lr,4.60165002836603e-05
1443,9,train/loss,1.4598084688186646
1443,9,train/lr,4.598304376274283e-05
1444,9,train/loss,1.4757952690124512
1444,9,train/lr,4.5949576106235305e-05
1445,9,train/loss,1.4070347547531128
1445,9,train/lr,4.591609734807021e-05
1446,9,train/loss,1.375081181526184
1446,9,train/lr,4.588260752219131e-05
1447,9,train/loss,1.5523432493209839
1447,9,train/lr,4.584910666255357e-05
1448,9,train/loss,1.420985460281372
1448,9,train/lr,4.581559480312316e-05
1449,9,train/loss,1.3017947673797607
1449,9,train/lr,4.578207197787738e-05
1450,9,train/loss,1.419891595840454
1450,9,train/lr,4.574853822080468e-05
1451,9,train/loss,1.4039957523345947
1451,9,train/lr,4.5714993565904555e-05
1452,9,train/loss,1.540588617324829
1452,9,train/lr,4.568143804718759e-05
1453,9,train/loss,1.5447286367416382
1453,9,train/lr,4.564787169867537e-05
1454,9,train/loss,1.4389313459396362
1454,9,train/lr,4.561429455440042e-05
1455,9,train/loss,1.2791017293930054
1455,9,train/lr,4.558070664840628e-05
1456,9,train/loss,1.5627381801605225
1456,9,train/lr,4.554710801474736e-05
1457,9,train/loss,1.4355320930480957
1457,9,train/lr,4.551349868748894e-05
1458,9,train/loss,1.5564920902252197
1458,9,train/lr,4.547987870070716e-05
1459,9,train/loss,1.5420176982879639
1459,9,train/lr,4.544624808848898e-05
1460,9,train/loss,1.379496455192566
1460,9,train/lr,4.5412606884932104e-05
1461,9,train/loss,1.5764427185058594
1461,9,train/lr,4.5378955124144975e-05
1462,9,train/loss,1.3338756561279297
1462,9,train/lr,4.5345292840246776e-05
1463,9,train/loss,1.3982462882995605
1463,9,train/lr,4.5311620067367325e-05
1464,9,train/loss,1.4758172035217285
1464,9,train/lr,4.527793683964708e-05
1465,9,train/loss,1.49313485622406
1465,9,train/lr,4.5244243191237096e-05
1466,9,train/loss,1.8981389999389648
1466,9,train/lr,4.5210539156299016e-05
1467,9,train/loss,1.4390981197357178
1467,9,train/lr,4.5176824769004994e-05
1468,9,train/loss,1.362080693244934
1468,9,train/lr,4.5143100063537695e-05
1469,9,train/loss,1.4733822345733643
1469,9,train/lr,4.510936507409022e-05
1470,9,train/loss,1.441107988357544
1470,9,train/lr,4.507561983486611e-05
1471,9,train/loss,1.5879055261611938
1471,9,train/lr,4.504186438007932e-05
1472,9,train/loss,1.6227329969406128
1472,9,train/lr,4.5008098743954114e-05
1473,9,train/loss,1.3692641258239746
1473,9,train/lr,4.4974322960725146e-05
1474,9,train/loss,1.3660314083099365
1474,9,train/lr,4.49405370646373e-05
1475,9,train/loss,1.4116103649139404
1475,9,train/lr,4.490674108994571e-05
1476,9,train/loss,1.7648444175720215
1476,9,train/lr,4.487293507091579e-05
1477,9,train/loss,1.3990144729614258
1477,9,train/lr,4.483911904182308e-05
1478,9,train/loss,1.7066316604614258
1478,9,train/lr,4.4805293036953286e-05
1479,9,train/loss,1.4532299041748047
1479,9,train/lr,4.477145709060224e-05
1480,9,train/loss,1.2805389165878296
1480,9,train/lr,4.473761123707584e-05
1481,9,train/loss,1.435227870941162
1481,9,train/lr,4.4703755510690036e-05
1482,9,train/loss,1.4343197345733643
1482,9,train/lr,4.4669889945770786e-05
1483,9,train/loss,1.3551244735717773
1483,9,train/lr,4.4636014576654016e-05
1484,9,train/loss,1.546938419342041
1484,9,train/lr,4.46021294376856e-05
1485,9,train/loss,1.4406911134719849
1485,9,train/lr,4.456823456322133e-05
1486,9,train/loss,1.5041422843933105
1486,9,train/lr,4.453432998762682e-05
1487,9,train/loss,1.4558192491531372
1487,9,train/lr,4.450041574527759e-05
1488,9,train/loss,1.509177803993225
1488,9,train/lr,4.4466491870558936e-05
1489,9,train/loss,1.460848093032837
1489,9,train/lr,4.443255839786587e-05
1490,9,train/loss,1.528725504875183
1490,9,train/lr,4.439861536160318e-05
1491,9,train/loss,1.2760257720947266
1491,9,train/lr,4.436466279618538e-05
1492,9,train/loss,1.5011606216430664
1492,9,train/lr,4.433070073603658e-05
1493,9,train/loss,1.523277997970581
1493,9,train/lr,4.429672921559057e-05
1494,9,train/loss,1.3675322532653809
1494,9,train/lr,4.426274826929068e-05
1494,9,train/batches,662.0
1494,9,train/compute_pct,99.90045651436273
1494,9,train/compute_sec,68.66247476555873
1494,9,train/data_wait_pct,0.09954348563727448
1494,9,train/data_wait_sec,0.06841712549794465
1494,9,train/examples,5296.0
1494,9,train/examples_per_sec,77.05414340315174
1494,9,train/input_tokens,910581.0
1494,9,train/peak_vram_gb,6.735131740570068
1494,9,train/target_tokens,424438.0
1494,9,train/tokens_per_sec,19423.8567734011
1494,9,train/total_sec,68.73089189105667
1494,9,train/epoch_loss,1.460535134973843
1494,9,epoch9/batches,662.0
1494,9,epoch9/compute_pct,99.90045651436273
1494,9,epoch9/compute_sec,68.66247476555873
1494,9,epoch9/data_wait_pct,0.09954348563727448
1494,9,epoch9/data_wait_sec,0.06841712549794465
1494,9,epoch9/examples,5296.0
1494,9,epoch9/examples_per_sec,77.05414340315174
1494,9,epoch9/input_tokens,910581.0
1494,9,epoch9/peak_vram_gb,6.735131740570068
1494,9,epoch9/target_tokens,424438.0
1494,9,epoch9/tokens_per_sec,19423.8567734011
1494,9,epoch9/total_sec,68.73089189105667
1494,9,val/bleu,21.187948863318955
1494,9,val/chrf,41.756471861879554
1494,9,val/combined,29.744478319885204
1494,9,val/eval_peak_vram_gb,6.735131740570068
1494,9,val/eval_samples_per_sec,7.382816077078463
1494,9,val/eval_seconds,80.86345288399025
1494,9,val/eval_tokens_per_sec,1408.9925168475909
1495,10,train/loss,1.40370774269104
1495,10,train/lr,4.422875793158987e-05
1496,10,train/loss,1.6322822570800781
1496,10,train/lr,4.419475823695054e-05
1497,10,train/loss,1.4702006578445435
1497,10,train/lr,4.416074921984462e-05
1498,10,train/loss,1.419269323348999
1498,10,train/lr,4.412673091475351e-05
1499,10,train/loss,1.4588875770568848
1499,10,train/lr,4.409270335616799e-05
1500,10,train/loss,1.4367175102233887
1500,10,train/lr,4.405866657858822e-05
1501,10,train/loss,1.5248222351074219
1501,10,train/lr,4.4024620616523746e-05
1502,10,train/loss,1.6448967456817627
1502,10,train/lr,4.399056550449339e-05
1503,10,train/loss,1.352889895439148
1503,10,train/lr,4.395650127702529e-05
1504,10,train/loss,1.413154125213623
1504,10,train/lr,4.392242796865676e-05
1505,10,train/loss,1.5271906852722168
1505,10,train/lr,4.388834561393439e-05
1506,10,train/loss,1.5769292116165161
1506,10,train/lr,4.38542542474139e-05
1507,10,train/loss,1.6558642387390137
1507,10,train/lr,4.382015390366016e-05
1508,10,train/loss,1.46097731590271
1508,10,train/lr,4.378604461724716e-05
1509,10,train/loss,1.315546989440918
1509,10,train/lr,4.375192642275791e-05
1510,10,train/loss,1.5013179779052734
1510,10,train/lr,4.371779935478451e-05
1511,10,train/loss,1.5048885345458984
1511,10,train/lr,4.3683663447928006e-05
1512,10,train/loss,1.330040693283081
1512,10,train/lr,4.364951873679843e-05
1513,10,train/loss,1.3844783306121826
1513,10,train/lr,4.361536525601475e-05
1514,10,train/loss,1.4164297580718994
1514,10,train/lr,4.358120304020481e-05
1515,10,train/loss,1.373100996017456
1515,10,train/lr,4.35470321240053e-05
1516,10,train/loss,1.528049111366272
1516,10,train/lr,4.351285254206176e-05
1517,10,train/loss,1.4171655178070068
1517,10,train/lr,4.34786643290285e-05
1518,10,train/loss,1.4615898132324219
1518,10,train/lr,4.344446751956858e-05
1519,10,train/loss,1.5707429647445679
1519,10,train/lr,4.341026214835376e-05
1520,10,train/loss,1.3789284229278564
1520,10,train/lr,4.337604825006452e-05
1521,10,train/loss,1.3830952644348145
1521,10,train/lr,4.334182585938996e-05
1522,10,train/loss,1.4983627796173096
1522,10,train/lr,4.3307595011027784e-05
1523,10,train/loss,1.232852578163147
1523,10,train/lr,4.3273355739684296e-05
1524,10,train/loss,1.3587769269943237
1524,10,train/lr,4.323910808007431e-05
1525,10,train/loss,1.3352737426757812
1525,10,train/lr,4.320485206692117e-05
1526,10,train/loss,1.517863154411316
1526,10,train/lr,4.317058773495669e-05
1527,10,train/loss,1.3111662864685059
1527,10,train/lr,4.3136315118921085e-05
1528,10,train/loss,1.4061939716339111
1528,10,train/lr,4.310203425356301e-05
1529,10,train/loss,1.515850305557251
1529,10,train/lr,4.3067745173639454e-05
1530,10,train/loss,1.3968336582183838
1530,10,train/lr,4.303344791391574e-05
1531,10,train/loss,1.585120439529419
1531,10,train/lr,4.299914250916552e-05
1532,10,train/loss,1.5621556043624878
1532,10,train/lr,4.296482899417064e-05
1533,10,train/loss,1.512486457824707
1533,10,train/lr,4.293050740372124e-05
1534,10,train/loss,1.4991230964660645
1534,10,train/lr,4.2896177772615595e-05
1535,10,train/loss,1.296082615852356
1535,10,train/lr,4.286184013566014e-05
1536,10,train/loss,1.2853024005889893
1536,10,train/lr,4.282749452766945e-05
1537,10,train/loss,1.2362751960754395
1537,10,train/lr,4.279314098346614e-05
1538,10,train/loss,1.5023996829986572
1538,10,train/lr,4.275877953788095e-05
1539,10,train/loss,1.4280470609664917
1539,10,train/lr,4.2724410225752544e-05
1540,10,train/loss,1.3950681686401367
1540,10,train/lr,4.26900330819276e-05
1541,10,train/loss,1.4352521896362305
1541,10,train/lr,4.265564814126073e-05
1542,10,train/loss,1.7471418380737305
1542,10,train/lr,4.262125543861449e-05
1543,10,train/loss,1.6065177917480469
1543,10,train/lr,4.258685500885924e-05
1544,10,train/loss,1.5390028953552246
1544,10,train/lr,4.255244688687321e-05
1545,10,train/loss,1.2846636772155762
1545,10,train/lr,4.2518031107542434e-05
1546,10,train/loss,1.2680184841156006
1546,10,train/lr,4.248360770576069e-05
1547,10,train/loss,1.4633991718292236
1547,10,train/lr,4.2449176716429514e-05
1548,10,train/loss,1.3780848979949951
1548,10,train/lr,4.24147381744581e-05
1549,10,train/loss,1.4475140571594238
1549,10,train/lr,4.238029211476332e-05
1550,10,train/loss,1.3978725671768188
1550,10,train/lr,4.2345838572269656e-05
1551,10,train/loss,1.4707399606704712
1551,10,train/lr,4.2311377581909195e-05
1552,10,train/loss,1.364406704902649
1552,10,train/lr,4.227690917862157e-05
1553,10,train/loss,1.418291687965393
1553,10,train/lr,4.224243339735392e-05
1554,10,train/loss,1.4403657913208008
1554,10,train/lr,4.2207950273060853e-05
1555,10,train/loss,1.3203951120376587
1555,10,train/lr,4.217345984070445e-05
1556,10,train/loss,1.6458344459533691
1556,10,train/lr,4.21389621352542e-05
1557,10,train/loss,1.3703587055206299
1557,10,train/lr,4.210445719168694e-05
1558,10,train/loss,1.5124425888061523
1558,10,train/lr,4.206994504498688e-05
1559,10,train/loss,1.494131326675415
1559,10,train/lr,4.203542573014549e-05
1560,10,train/loss,1.3384358882904053
1560,10,train/lr,4.200089928216155e-05
1561,10,train/loss,1.4379796981811523
1561,10,train/lr,4.1966365736041046e-05
1562,10,train/loss,1.4801592826843262
1562,10,train/lr,4.1931825126797186e-05
1563,10,train/loss,1.5026750564575195
1563,10,train/lr,4.18972774894503e-05
1564,10,train/loss,1.658971905708313
1564,10,train/lr,4.1862722859027884e-05
1565,10,train/loss,1.415582537651062
1565,10,train/lr,4.182816127056449e-05
1566,10,train/loss,1.3888778686523438
1566,10,train/lr,4.179359275910175e-05
1567,10,train/loss,1.5327333211898804
1567,10,train/lr,4.1759017359688304e-05
1568,10,train/loss,1.4875677824020386
1568,10,train/lr,4.1724435107379795e-05
1569,10,train/loss,1.6363255977630615
1569,10,train/lr,4.168984603723877e-05
1570,10,train/loss,1.4451591968536377
1570,10,train/lr,4.165525018433473e-05
1571,10,train/loss,1.3094466924667358
1571,10,train/lr,4.162064758374403e-05
1572,10,train/loss,1.4169301986694336
1572,10,train/lr,4.1586038270549894e-05
1573,10,train/loss,1.4883906841278076
1573,10,train/lr,4.155142227984232e-05
1574,10,train/loss,1.3531100749969482
1574,10,train/lr,4.1516799646718084e-05
1575,10,train/loss,1.3467872142791748
1575,10,train/lr,4.148217040628071e-05
1576,10,train/loss,1.3491677045822144
1576,10,train/lr,4.14475345936404e-05
1577,10,train/loss,1.380089282989502
1577,10,train/lr,4.141289224391405e-05
1578,10,train/loss,1.4554696083068848
1578,10,train/lr,4.1378243392225166e-05
1579,10,train/loss,1.3712222576141357
1579,10,train/lr,4.134358807370382e-05
1580,10,train/loss,1.3546712398529053
1580,10,train/lr,4.13089263234867e-05
1581,10,train/loss,1.500427484512329
1581,10,train/lr,4.127425817671697e-05
1582,10,train/loss,1.476015567779541
1582,10,train/lr,4.123958366854428e-05
1583,10,train/loss,1.428574562072754
1583,10,train/lr,4.1204902834124756e-05
1584,10,train/loss,1.381603479385376
1584,10,train/lr,4.1170215708620915e-05
1585,10,train/loss,1.3153506517410278
1585,10,train/lr,4.1135522327201665e-05
1586,10,train/loss,1.437389850616455
1586,10,train/lr,4.1100822725042244e-05
1587,10,train/loss,1.4054124355316162
1587,10,train/lr,4.106611693732422e-05
1588,10,train/loss,1.2625430822372437
1588,10,train/lr,4.1031404999235416e-05
1589,10,train/loss,1.383439302444458
1589,10,train/lr,4.099668694596989e-05
1590,10,train/loss,1.423823595046997
1590,10,train/lr,4.0961962812727884e-05
1591,10,train/loss,1.2776565551757812
1591,10,train/lr,4.0927232634715856e-05
1592,10,train/loss,1.5807313919067383
1592,10,train/lr,4.089249644714634e-05
1593,10,train/loss,1.5207791328430176
1593,10,train/lr,4.0857754285238e-05
1594,10,train/loss,1.6129462718963623
1594,10,train/lr,4.082300618421552e-05
1595,10,train/loss,1.2199387550354004
1595,10,train/lr,4.0788252179309644e-05
1596,10,train/loss,1.32188880443573
1596,10,train/lr,4.075349230575706e-05
1597,10,train/loss,1.3447157144546509
1597,10,train/lr,4.071872659880046e-05
1598,10,train/loss,1.380944013595581
1598,10,train/lr,4.0683955093688406e-05
1599,10,train/loss,1.34001886844635
1599,10,train/lr,4.064917782567536e-05
1600,10,train/loss,1.3207147121429443
1600,10,train/lr,4.0614394830021604e-05
1601,10,train/loss,1.5139861106872559
1601,10,train/lr,4.057960614199326e-05
1602,10,train/loss,1.5568948984146118
1602,10,train/lr,4.054481179686219e-05
1603,10,train/loss,1.4027056694030762
1603,10,train/lr,4.0510011829906036e-05
1604,10,train/loss,1.434861183166504
1604,10,train/lr,4.047520627640808e-05
1605,10,train/loss,1.482934594154358
1605,10,train/lr,4.0440395171657305e-05
1606,10,train/loss,1.536726474761963
1606,10,train/lr,4.040557855094832e-05
1607,10,train/loss,1.34883451461792
1607,10,train/lr,4.0370756449581334e-05
1608,10,train/loss,1.434662103652954
1608,10,train/lr,4.0335928902862086e-05
1609,10,train/loss,1.595811367034912
1609,10,train/lr,4.030109594610186e-05
1610,10,train/loss,1.3407901525497437
1610,10,train/lr,4.0266257614617407e-05
1611,10,train/loss,1.1677175760269165
1611,10,train/lr,4.023141394373094e-05
1612,10,train/loss,1.4625153541564941
1612,10,train/lr,4.019656496877008e-05
1613,10,train/loss,1.5872498750686646
1613,10,train/lr,4.016171072506786e-05
1614,10,train/loss,1.386674404144287
1614,10,train/lr,4.012685124796257e-05
1615,10,train/loss,1.4808845520019531
1615,10,train/lr,4.0091986572797896e-05
1616,10,train/loss,1.5971746444702148
1616,10,train/lr,4.005711673492274e-05
1617,10,train/loss,1.5352060794830322
1617,10,train/lr,4.002224176969127e-05
1618,10,train/loss,1.3960962295532227
1618,10,train/lr,3.998736171246284e-05
1619,10,train/loss,1.5484440326690674
1619,10,train/lr,3.995247659860195e-05
1620,10,train/loss,1.37433660030365
1620,10,train/lr,3.991758646347824e-05
1621,10,train/loss,1.6315405368804932
1621,10,train/lr,3.988269134246646e-05
1622,10,train/loss,1.3173408508300781
1622,10,train/lr,3.9847791270946396e-05
1623,10,train/loss,1.299309253692627
1623,10,train/lr,3.981288628430285e-05
1624,10,train/loss,1.4513702392578125
1624,10,train/lr,3.977797641792561e-05
1625,10,train/loss,1.200290322303772
1625,10,train/lr,3.974306170720941e-05
1626,10,train/loss,1.5067994594573975
1626,10,train/lr,3.970814218755392e-05
1627,10,train/loss,1.3307008743286133
1627,10,train/lr,3.9673217894363635e-05
1628,10,train/loss,1.411044716835022
1628,10,train/lr,3.9638288863047965e-05
1629,10,train/loss,1.4392536878585815
1629,10,train/lr,3.960335512902104e-05
1630,10,train/loss,1.5329480171203613
1630,10,train/lr,3.956841672770181e-05
1631,10,train/loss,1.4502513408660889
1631,10,train/lr,3.953347369451395e-05
1632,10,train/loss,1.5654493570327759
1632,10,train/lr,3.9498526064885806e-05
1633,10,train/loss,1.3958721160888672
1633,10,train/lr,3.946357387425044e-05
1634,10,train/loss,1.4396913051605225
1634,10,train/lr,3.9428617158045476e-05
1635,10,train/loss,1.350649118423462
1635,10,train/lr,3.939365595171316e-05
1636,10,train/loss,1.1823992729187012
1636,10,train/lr,3.935869029070028e-05
1637,10,train/loss,1.2066154479980469
1637,10,train/lr,3.932372021045815e-05
1638,10,train/loss,1.4824470281600952
1638,10,train/lr,3.9288745746442545e-05
1639,10,train/loss,1.3434562683105469
1639,10,train/lr,3.925376693411372e-05
1640,10,train/loss,1.35204017162323
1640,10,train/lr,3.92187838089363e-05
1641,10,train/loss,1.446218729019165
1641,10,train/lr,3.9183796406379315e-05
1642,10,train/loss,1.4777770042419434
1642,10,train/lr,3.9148804761916095e-05
1643,10,train/loss,1.4484055042266846
1643,10,train/lr,3.911380891102432e-05
1644,10,train/loss,1.6087162494659424
1644,10,train/lr,3.907880888918588e-05
1645,10,train/loss,1.3665482997894287
1645,10,train/lr,3.904380473188693e-05
1646,10,train/loss,1.5021710395812988
1646,10,train/lr,3.900879647461781e-05
1647,10,train/loss,1.5593693256378174
1647,10,train/lr,3.897378415287303e-05
1648,10,train/loss,1.438201665878296
1648,10,train/lr,3.893876780215119e-05
1649,10,train/loss,1.2941854000091553
1649,10,train/lr,3.890374745795499e-05
1650,10,train/loss,1.3033039569854736
1650,10,train/lr,3.886872315579119e-05
1651,10,train/loss,1.6084017753601074
1651,10,train/lr,3.883369493117056e-05
1652,10,train/loss,1.4132518768310547
1652,10,train/lr,3.879866281960782e-05
1653,10,train/loss,1.5134490728378296
1653,10,train/lr,3.8763626856621666e-05
1654,10,train/loss,1.4014801979064941
1654,10,train/lr,3.8728587077734685e-05
1655,10,train/loss,1.3795876502990723
1655,10,train/lr,3.869354351847332e-05
1656,10,train/loss,1.4637640714645386
1656,10,train/lr,3.865849621436787e-05
1657,10,train/loss,1.4970083236694336
1657,10,train/lr,3.862344520095242e-05
1658,10,train/loss,1.3407649993896484
1658,10,train/lr,3.858839051376481e-05
1659,10,train/loss,1.4500020742416382
1659,10,train/lr,3.855333218834662e-05
1660,10,train/loss,1.5376811027526855
1660,10,train/lr,3.851827026024309e-05
1660,10,train/batches,662.0
1660,10,train/compute_pct,99.89348584300534
1660,10,train/compute_sec,70.37794220622163
1660,10,train/data_wait_pct,0.10651415699465835
1660,10,train/data_wait_sec,0.07504240263369866
1660,10,train/examples,5296.0
1660,10,train/examples_per_sec,75.17069758510044
1660,10,train/input_tokens,910581.0
1660,10,train/peak_vram_gb,6.735131740570068
1660,10,train/target_tokens,424438.0
1660,10,train/tokens_per_sec,18949.07657087674
1660,10,train/total_sec,70.45298460885533
1660,10,train/epoch_loss,1.4392986733387605
1660,10,epoch10/batches,662.0
1660,10,epoch10/compute_pct,99.89348584300534
1660,10,epoch10/compute_sec,70.37794220622163
1660,10,epoch10/data_wait_pct,0.10651415699465835
1660,10,epoch10/data_wait_sec,0.07504240263369866
1660,10,epoch10/examples,5296.0
1660,10,epoch10/examples_per_sec,75.17069758510044
1660,10,epoch10/input_tokens,910581.0
1660,10,epoch10/peak_vram_gb,6.735131740570068
1660,10,epoch10/target_tokens,424438.0
1660,10,epoch10/tokens_per_sec,18949.07657087674
1660,10,epoch10/total_sec,70.45298460885533
1660,10,val/bleu,21.78935363221633
1660,10,val/chrf,42.24732540286224
1660,10,val/combined,30.340433635963105
1660,10,val/eval_peak_vram_gb,6.735131740570068
1660,10,val/eval_samples_per_sec,7.830169772744659
1660,10,val/eval_seconds,76.2435575890122
1660,10,val/eval_tokens_per_sec,1372.0241199116806
1661,11,train/loss,1.4815526008605957
1661,11,train/lr,3.8483204765003155e-05
1662,11,train/loss,1.3704376220703125
1662,11,train/lr,3.8448135738179345e-05
1663,11,train/loss,1.330639362335205
1663,11,train/lr,3.841306321532775e-05
1664,11,train/loss,1.3717663288116455
1664,11,train/lr,3.8377987232008025e-05
1665,11,train/loss,1.3382035493850708
1665,11,train/lr,3.834290782378335e-05
1666,11,train/loss,1.3918733596801758
1666,11,train/lr,3.830782502622035e-05
1667,11,train/loss,1.4639194011688232
1667,11,train/lr,3.82727388748891e-05
1668,11,train/loss,1.1820509433746338
1668,11,train/lr,3.823764940536307e-05
1669,11,train/loss,1.4974756240844727
1669,11,train/lr,3.820255665321909e-05
1670,11,train/loss,1.3701386451721191
1670,11,train/lr,3.8167460654037324e-05
1671,11,train/loss,1.5125080347061157
1671,11,train/lr,3.813236144340124e-05
1672,11,train/loss,1.5407435894012451
1672,11,train/lr,3.809725905689754e-05
1673,11,train/loss,1.5635979175567627
1673,11,train/lr,3.8062153530116174e-05
1674,11,train/loss,1.335179090499878
1674,11,train/lr,3.8027044898650234e-05
1675,11,train/loss,1.2277119159698486
1675,11,train/lr,3.7991933198096003e-05
1676,11,train/loss,1.3034991025924683
1676,11,train/lr,3.7956818464052846e-05
1677,11,train/loss,1.488677978515625
1677,11,train/lr,3.792170073212322e-05
1678,11,train/loss,1.2759560346603394
1678,11,train/lr,3.7886580037912615e-05
1679,11,train/loss,1.6058684587478638
1679,11,train/lr,3.7851456417029524e-05
1680,11,train/loss,1.4238781929016113
1680,11,train/lr,3.781632990508541e-05
1681,11,train/loss,1.309119462966919
1681,11,train/lr,3.778120053769466e-05
1682,11,train/loss,1.4493577480316162
1682,11,train/lr,3.774606835047457e-05
1683,11,train/loss,1.4621789455413818
1683,11,train/lr,3.7710933379045294e-05
1684,11,train/loss,1.4407176971435547
1684,11,train/lr,3.7675795659029786e-05
1685,11,train/loss,1.5167059898376465
1685,11,train/lr,3.764065522605381e-05
1686,11,train/loss,1.2617130279541016
1686,11,train/lr,3.760551211574587e-05
1687,11,train/loss,1.3156704902648926
1687,11,train/lr,3.7570366363737193e-05
1688,11,train/loss,1.2581889629364014
1688,11,train/lr,3.7535218005661685e-05
1689,11,train/loss,1.509972333908081
1689,11,train/lr,3.750006707715587e-05
1690,11,train/loss,1.4285645484924316
1690,11,train/lr,3.7464913613858915e-05
1691,11,train/loss,1.4947636127471924
1691,11,train/lr,3.7429757651412526e-05
1692,11,train/loss,1.4837990999221802
1692,11,train/lr,3.739459922546097e-05
1693,11,train/loss,1.381166696548462
1693,11,train/lr,3.7359438371650983e-05
1694,11,train/loss,1.4320039749145508
1694,11,train/lr,3.732427512563178e-05
1695,11,train/loss,1.533345341682434
1695,11,train/lr,3.728910952305501e-05
1696,11,train/loss,1.5033652782440186
1696,11,train/lr,3.7253941599574675e-05
1697,11,train/loss,1.4671831130981445
1697,11,train/lr,3.721877139084718e-05
1698,11,train/loss,1.468193769454956
1698,11,train/lr,3.7183598932531215e-05
1699,11,train/loss,1.558951497077942
1699,11,train/lr,3.714842426028775e-05
1700,11,train/loss,1.431029200553894
1700,11,train/lr,3.711324740978001e-05
1701,11,train/loss,1.2068203687667847
1701,11,train/lr,3.707806841667343e-05
1702,11,train/loss,1.3088337182998657
1702,11,train/lr,3.704288731663561e-05
1703,11,train/loss,1.364433765411377
1703,11,train/lr,3.700770414533629e-05
1704,11,train/loss,1.4387140274047852
1704,11,train/lr,3.6972518938447306e-05
1705,11,train/loss,1.4088783264160156
1705,11,train/lr,3.693733173164257e-05
1706,11,train/loss,1.4483535289764404
1706,11,train/lr,3.6902142560598004e-05
1707,11,train/loss,1.5128259658813477
1707,11,train/lr,3.686695146099153e-05
1708,11,train/loss,1.489976406097412
1708,11,train/lr,3.683175846850304e-05
1709,11,train/loss,1.4201509952545166
1709,11,train/lr,3.6796563618814304e-05
1710,11,train/loss,1.4203803539276123
1710,11,train/lr,3.676136694760903e-05
1711,11,train/loss,1.4320311546325684
1711,11,train/lr,3.6726168490572725e-05
1712,11,train/loss,1.3178701400756836
1712,11,train/lr,3.6690968283392746e-05
1713,11,train/loss,1.5233452320098877
1713,11,train/lr,3.665576636175819e-05
1714,11,train/loss,1.2249119281768799
1714,11,train/lr,3.662056276135991e-05
1715,11,train/loss,1.3546497821807861
1715,11,train/lr,3.658535751789045e-05
1716,11,train/loss,1.3181312084197998
1716,11,train/lr,3.655015066704405e-05
1717,11,train/loss,1.3870826959609985
1717,11,train/lr,3.651494224451654e-05
1718,11,train/loss,1.4547407627105713
1718,11,train/lr,3.647973228600536e-05
1719,11,train/loss,1.5252485275268555
1719,11,train/lr,3.644452082720952e-05
1720,11,train/loss,1.4060088396072388
1720,11,train/lr,3.640930790382953e-05
1721,11,train/loss,1.5340416431427002
1721,11,train/lr,3.63740935515674e-05
1722,11,train/loss,1.4921088218688965
1722,11,train/lr,3.6338877806126584e-05
1723,11,train/loss,1.3395733833312988
1723,11,train/lr,3.630366070321195e-05
1724,11,train/loss,1.3591943979263306
1724,11,train/lr,3.626844227852973e-05
1725,11,train/loss,1.2415263652801514
1725,11,train/lr,3.6233222567787514e-05
1726,11,train/loss,1.7293295860290527
1726,11,train/lr,3.619800160669419e-05
1727,11,train/loss,1.5169451236724854
1727,11,train/lr,3.61627794309599e-05
1728,11,train/loss,1.4046008586883545
1728,11,train/lr,3.6127556076296055e-05
1729,11,train/loss,1.4683531522750854
1729,11,train/lr,3.609233157841521e-05
1730,11,train/loss,1.503566026687622
1730,11,train/lr,3.605710597303111e-05
1731,11,train/loss,1.3217287063598633
1731,11,train/lr,3.6021879295858624e-05
1732,11,train/loss,1.4412450790405273
1732,11,train/lr,3.598665158261371e-05
1733,11,train/loss,1.4631987810134888
1733,11,train/lr,3.5951422869013354e-05
1734,11,train/loss,1.483393907546997
1734,11,train/lr,3.5916193190775565e-05
1735,11,train/loss,1.4601833820343018
1735,11,train/lr,3.588096258361935e-05
1736,11,train/loss,1.2568085193634033
1736,11,train/lr,3.5845731083264626e-05
1737,11,train/loss,1.3548448085784912
1737,11,train/lr,3.581049872543226e-05
1738,11,train/loss,1.3283156156539917
1738,11,train/lr,3.5775265545843936e-05
1739,11,train/loss,1.2483179569244385
1739,11,train/lr,3.57400315802222e-05
1740,11,train/loss,1.458888292312622
1740,11,train/lr,3.570479686429041e-05
1741,11,train/loss,1.4777295589447021
1741,11,train/lr,3.566956143377264e-05
1742,11,train/loss,1.3942545652389526
1742,11,train/lr,3.563432532439374e-05
1743,11,train/loss,1.2971513271331787
1743,11,train/lr,3.55990885718792e-05
1744,11,train/loss,1.34221351146698
1744,11,train/lr,3.5563851211955195e-05
1745,11,train/loss,1.348912239074707
1745,11,train/lr,3.5528613280348505e-05
1746,11,train/loss,1.4409537315368652
1746,11,train/lr,3.549337481278649e-05
1747,11,train/loss,1.5755295753479004
1747,11,train/lr,3.545813584499705e-05
1748,11,train/loss,1.4675533771514893
1748,11,train/lr,3.54228964127086e-05
1749,11,train/loss,1.331573247909546
1749,11,train/lr,3.5387656551650034e-05
1750,11,train/loss,1.5726704597473145
1750,11,train/lr,3.535241629755064e-05
1751,11,train/loss,1.4640438556671143
1751,11,train/lr,3.5317175686140157e-05
1752,11,train/loss,1.3759946823120117
1752,11,train/lr,3.528193475314864e-05
1753,11,train/loss,1.2884896993637085
1753,11,train/lr,3.524669353430653e-05
1754,11,train/loss,1.3272905349731445
1754,11,train/lr,3.521145206534448e-05
1755,11,train/loss,1.3096551895141602
1755,11,train/lr,3.517621038199346e-05
1756,11,train/loss,1.3356425762176514
1756,11,train/lr,3.5140968519984616e-05
1757,11,train/loss,1.545276403427124
1757,11,train/lr,3.51057265150493e-05
1758,11,train/loss,1.6895921230316162
1758,11,train/lr,3.5070484402919037e-05
1759,11,train/loss,1.4634654521942139
1759,11,train/lr,3.5035242219325366e-05
1760,11,train/loss,1.518603801727295
1760,11,train/lr,3.5e-05
1761,11,train/loss,1.4428787231445312
1761,11,train/lr,3.496475778067463e-05
1762,11,train/loss,1.4512851238250732
1762,11,train/lr,3.4929515597080964e-05
1763,11,train/loss,1.277686357498169
1763,11,train/lr,3.489427348495069e-05
1764,11,train/loss,1.2662928104400635
1764,11,train/lr,3.485903148001538e-05
1765,11,train/loss,1.3725950717926025
1765,11,train/lr,3.482378961800654e-05
1766,11,train/loss,1.446730375289917
1766,11,train/lr,3.478854793465552e-05
1767,11,train/loss,1.4324861764907837
1767,11,train/lr,3.475330646569347e-05
1768,11,train/loss,1.477478265762329
1768,11,train/lr,3.4718065246851354e-05
1769,11,train/loss,1.461503267288208
1769,11,train/lr,3.4682824313859844e-05
1770,11,train/loss,1.4343287944793701
1770,11,train/lr,3.464758370244936e-05
1771,11,train/loss,1.4711437225341797
1771,11,train/lr,3.461234344834997e-05
1772,11,train/loss,1.658677101135254
1772,11,train/lr,3.457710358729139e-05
1773,11,train/loss,1.433035135269165
1773,11,train/lr,3.454186415500295e-05
1774,11,train/loss,1.5690531730651855
1774,11,train/lr,3.4506625187213507e-05
1775,11,train/loss,1.2565438747406006
1775,11,train/lr,3.4471386719651496e-05
1776,11,train/loss,1.2626135349273682
1776,11,train/lr,3.4436148788044806e-05
1777,11,train/loss,1.4139328002929688
1777,11,train/lr,3.44009114281208e-05
1778,11,train/loss,1.602843165397644
1778,11,train/lr,3.436567467560626e-05
1779,11,train/loss,1.366292953491211
1779,11,train/lr,3.433043856622735e-05
1780,11,train/loss,1.409650444984436
1780,11,train/lr,3.429520313570959e-05
1781,11,train/loss,1.3896266222000122
1781,11,train/lr,3.425996841977779e-05
1782,11,train/loss,1.4191718101501465
1782,11,train/lr,3.4224734454156065e-05
1783,11,train/loss,1.3923053741455078
1783,11,train/lr,3.418950127456774e-05
1784,11,train/loss,1.504869818687439
1784,11,train/lr,3.4154268916735375e-05
1785,11,train/loss,1.546377420425415
1785,11,train/lr,3.411903741638066e-05
1786,11,train/loss,1.4998867511749268
1786,11,train/lr,3.408380680922444e-05
1787,11,train/loss,1.3354758024215698
1787,11,train/lr,3.4048577130986654e-05
1788,11,train/loss,1.3145323991775513
1788,11,train/lr,3.401334841738629e-05
1789,11,train/loss,1.2917792797088623
1789,11,train/lr,3.3978120704141376e-05
1790,11,train/loss,1.2972067594528198
1790,11,train/lr,3.394289402696889e-05
1791,11,train/loss,1.4449412822723389
1791,11,train/lr,3.39076684215848e-05
1792,11,train/loss,1.4500504732131958
1792,11,train/lr,3.387244392370395e-05
1793,11,train/loss,1.2786389589309692
1793,11,train/lr,3.38372205690401e-05
1794,11,train/loss,1.5055115222930908
1794,11,train/lr,3.380199839330582e-05
1795,11,train/loss,1.4596105813980103
1795,11,train/lr,3.3766777432212494e-05
1796,11,train/loss,1.4753295183181763
1796,11,train/lr,3.373155772147028e-05
1797,11,train/loss,1.5248292684555054
1797,11,train/lr,3.369633929678806e-05
1798,11,train/loss,1.506591558456421
1798,11,train/lr,3.3661122193873416e-05
1799,11,train/loss,1.5240809917449951
1799,11,train/lr,3.362590644843261e-05
1800,11,train/loss,1.3709275722503662
1800,11,train/lr,3.3590692096170476e-05
1801,11,train/loss,1.4295618534088135
1801,11,train/lr,3.355547917279049e-05
1802,11,train/loss,1.3946716785430908
1802,11,train/lr,3.352026771399464e-05
1803,11,train/loss,1.2357878684997559
1803,11,train/lr,3.348505775548347e-05
1804,11,train/loss,1.3754703998565674
1804,11,train/lr,3.344984933295596e-05
1805,11,train/loss,1.4587295055389404
1805,11,train/lr,3.341464248210955e-05
1806,11,train/loss,1.2810701131820679
1806,11,train/lr,3.33794372386401e-05
1807,11,train/loss,1.2415704727172852
1807,11,train/lr,3.3344233638241815e-05
1808,11,train/loss,1.4140124320983887
1808,11,train/lr,3.3309031716607255e-05
1809,11,train/loss,1.4714937210083008
1809,11,train/lr,3.327383150942726e-05
1810,11,train/loss,1.5584731101989746
1810,11,train/lr,3.323863305239096e-05
1811,11,train/loss,1.3255800008773804
1811,11,train/lr,3.320343638118568e-05
1812,11,train/loss,1.2311601638793945
1812,11,train/lr,3.316824153149696e-05
1813,11,train/loss,1.27743399143219
1813,11,train/lr,3.313304853900846e-05
1814,11,train/loss,1.5343279838562012
1814,11,train/lr,3.309785743940199e-05
1815,11,train/loss,1.2716032266616821
1815,11,train/lr,3.306266826835742e-05
1816,11,train/loss,1.2188588380813599
1816,11,train/lr,3.302748106155268e-05
1817,11,train/loss,1.5137203931808472
1817,11,train/lr,3.299229585466371e-05
1818,11,train/loss,1.386523962020874
1818,11,train/lr,3.2957112683364385e-05
1819,11,train/loss,1.3365062475204468
1819,11,train/lr,3.2921931583326565e-05
1820,11,train/loss,1.4636962413787842
1820,11,train/lr,3.288675259021998e-05
1821,11,train/loss,1.5042463541030884
1821,11,train/lr,3.285157573971224e-05
1822,11,train/loss,1.5152184963226318
1822,11,train/lr,3.2816401067468786e-05
1823,11,train/loss,1.5991888046264648
1823,11,train/lr,3.278122860915281e-05
1824,11,train/loss,1.2557109594345093
1824,11,train/lr,3.274605840042531e-05
1825,11,train/loss,1.4703261852264404
1825,11,train/lr,3.2710890476944986e-05
1826,11,train/loss,1.4870834350585938
1826,11,train/lr,3.267572487436821e-05
1826,11,train/batches,662.0
1826,11,train/compute_pct,99.91700224483736
1826,11,train/compute_sec,68.95121297979495
1826,11,train/data_wait_pct,0.08299775516263357
1826,11,train/data_wait_sec,0.057275496306829154
1826,11,train/examples,5296.0
1826,11,train/examples_per_sec,76.74418201224694
1826,11,train/input_tokens,910581.0
1826,11,train/peak_vram_gb,6.735131740570068
1826,11,train/target_tokens,424509.0
1826,11,train/tokens_per_sec,19346.750370606263
1826,11,train/total_sec,69.00848847610177
1826,11,train/epoch_loss,1.4204635405828585
1826,11,epoch11/batches,662.0
1826,11,epoch11/compute_pct,99.91700224483736
1826,11,epoch11/compute_sec,68.95121297979495
1826,11,epoch11/data_wait_pct,0.08299775516263357
1826,11,epoch11/data_wait_sec,0.057275496306829154
1826,11,epoch11/examples,5296.0
1826,11,epoch11/examples_per_sec,76.74418201224694
1826,11,epoch11/input_tokens,910581.0
1826,11,epoch11/peak_vram_gb,6.735131740570068
1826,11,epoch11/target_tokens,424509.0
1826,11,epoch11/tokens_per_sec,19346.750370606263
1826,11,epoch11/total_sec,69.00848847610177
1826,11,val/bleu,22.523695969438574
1826,11,val/chrf,42.910006349944915
1826,11,val/combined,31.0884534364905
1826,11,val/eval_peak_vram_gb,6.735131740570068
1826,11,val/eval_samples_per_sec,7.509356785910321
1826,11,val/eval_seconds,79.5008170500223
1826,11,val/eval_tokens_per_sec,1403.419538818044
1827,12,train/loss,1.2334063053131104
1827,12,train/lr,3.264056162834901e-05
1828,12,train/loss,1.2807892560958862
1828,12,train/lr,3.260540077453903e-05
1829,12,train/loss,1.4017990827560425
1829,12,train/lr,3.257024234858747e-05
1830,12,train/loss,1.5639503002166748
1830,12,train/lr,3.253508638614108e-05
1831,12,train/loss,1.3539526462554932
1831,12,train/lr,3.249993292284412e-05
1832,12,train/loss,1.353047251701355
1832,12,train/lr,3.2464781994338315e-05
1833,12,train/loss,1.3812940120697021
1833,12,train/lr,3.24296336362628e-05
1834,12,train/loss,1.4555808305740356
1834,12,train/lr,3.2394487884254124e-05
1835,12,train/loss,1.3886322975158691
1835,12,train/lr,3.235934477394619e-05
1836,12,train/loss,1.5131257772445679
1836,12,train/lr,3.232420434097021e-05
1837,12,train/loss,1.4259061813354492
1837,12,train/lr,3.22890666209547e-05
1838,12,train/loss,1.3901358842849731
1838,12,train/lr,3.225393164952543e-05
1839,12,train/loss,1.2848232984542847
1839,12,train/lr,3.221879946230534e-05
1840,12,train/loss,1.4240200519561768
1840,12,train/lr,3.2183670094914595e-05
1841,12,train/loss,1.3201406002044678
1841,12,train/lr,3.214854358297048e-05
1842,12,train/loss,1.302631139755249
1842,12,train/lr,3.211341996208738e-05
1843,12,train/loss,1.347564935684204
1843,12,train/lr,3.2078299267876776e-05
1844,12,train/loss,1.4995290040969849
1844,12,train/lr,3.2043181535947155e-05
1845,12,train/loss,1.2912895679473877
1845,12,train/lr,3.2008066801904e-05
1846,12,train/loss,1.3559057712554932
1846,12,train/lr,3.197295510134976e-05
1847,12,train/loss,1.2889301776885986
1847,12,train/lr,3.193784646988382e-05
1848,12,train/loss,1.4769525527954102
1848,12,train/lr,3.190274094310245e-05
1849,12,train/loss,1.3186359405517578
1849,12,train/lr,3.186763855659876e-05
1850,12,train/loss,1.6581299304962158
1850,12,train/lr,3.1832539345962676e-05
1851,12,train/loss,1.5491735935211182
1851,12,train/lr,3.179744334678091e-05
1852,12,train/loss,1.5602504014968872
1852,12,train/lr,3.176235059463693e-05
1853,12,train/loss,1.5237669944763184
1853,12,train/lr,3.1727261125110903e-05
1854,12,train/loss,1.330823302268982
1854,12,train/lr,3.169217497377965e-05
1855,12,train/loss,1.526293158531189
1855,12,train/lr,3.165709217621664e-05
1856,12,train/loss,1.408475399017334
1856,12,train/lr,3.162201276799197e-05
1857,12,train/loss,1.4697949886322021
1857,12,train/lr,3.1586936784672246e-05
1858,12,train/loss,1.4690263271331787
1858,12,train/lr,3.155186426182066e-05
1859,12,train/loss,1.4612605571746826
1859,12,train/lr,3.151679523499684e-05
1860,12,train/loss,1.2282586097717285
1860,12,train/lr,3.14817297397569e-05
1861,12,train/loss,1.4204715490341187
1861,12,train/lr,3.144666781165338e-05
1862,12,train/loss,1.4429750442504883
1862,12,train/lr,3.1411609486235185e-05
1863,12,train/loss,1.5600084066390991
1863,12,train/lr,3.137655479904758e-05
1864,12,train/loss,1.6302365064620972
1864,12,train/lr,3.134150378563213e-05
1865,12,train/loss,1.4998412132263184
1865,12,train/lr,3.130645648152668e-05
1866,12,train/loss,1.352580189704895
1866,12,train/lr,3.1271412922265315e-05
1867,12,train/loss,1.3256231546401978
1867,12,train/lr,3.123637314337833e-05
1868,12,train/loss,1.4440550804138184
1868,12,train/lr,3.1201337180392183e-05
1869,12,train/loss,1.4205381870269775
1869,12,train/lr,3.1166305068829444e-05
1870,12,train/loss,1.3598837852478027
1870,12,train/lr,3.11312768442088e-05
1871,12,train/loss,1.2831541299819946
1871,12,train/lr,3.1096252542045004e-05
1872,12,train/loss,1.221447467803955
1872,12,train/lr,3.1061232197848805e-05
1873,12,train/loss,1.2060424089431763
1873,12,train/lr,3.1026215847126974e-05
1874,12,train/loss,1.4291069507598877
1874,12,train/lr,3.0991203525382184e-05
1875,12,train/loss,1.4113363027572632
1875,12,train/lr,3.0956195268113067e-05
1876,12,train/loss,1.5085629224777222
1876,12,train/lr,3.092119111081412e-05
1877,12,train/loss,1.3514338731765747
1877,12,train/lr,3.0886191088975686e-05
1878,12,train/loss,1.3513556718826294
1878,12,train/lr,3.0851195238083906e-05
1879,12,train/loss,1.120323896408081
1879,12,train/lr,3.0816203593620686e-05
1880,12,train/loss,1.4143226146697998
1880,12,train/lr,3.07812161910637e-05
1881,12,train/loss,1.3840854167938232
1881,12,train/lr,3.074623306588628e-05
1882,12,train/loss,1.3057804107666016
1882,12,train/lr,3.071125425355745e-05
1883,12,train/loss,1.3769415616989136
1883,12,train/lr,3.067627978954185e-05
1884,12,train/loss,1.220207929611206
1884,12,train/lr,3.0641309709299724e-05
1885,12,train/loss,1.3440313339233398
1885,12,train/lr,3.060634404828685e-05
1886,12,train/loss,1.5371837615966797
1886,12,train/lr,3.057138284195453e-05
1887,12,train/loss,1.5532481670379639
1887,12,train/lr,3.053642612574956e-05
1888,12,train/loss,1.4842733144760132
1888,12,train/lr,3.050147393511419e-05
1889,12,train/loss,1.4285987615585327
1889,12,train/lr,3.0466526305486063e-05
1890,12,train/loss,1.488661289215088
1890,12,train/lr,3.04315832722982e-05
1891,12,train/loss,1.4044772386550903
1891,12,train/lr,3.039664487097897e-05
1892,12,train/loss,1.6019152402877808
1892,12,train/lr,3.0361711136952042e-05
1893,12,train/loss,1.4060561656951904
1893,12,train/lr,3.0326782105636355e-05
1894,12,train/loss,1.3310179710388184
1894,12,train/lr,3.029185781244609e-05
1895,12,train/loss,1.4440104961395264
1895,12,train/lr,3.0256938292790595e-05
1896,12,train/loss,1.2982436418533325
1896,12,train/lr,3.0222023582074396e-05
1897,12,train/loss,1.3303663730621338
1897,12,train/lr,3.0187113715697158e-05
1898,12,train/loss,1.4537025690078735
1898,12,train/lr,3.0152208729053605e-05
1899,12,train/loss,1.422359824180603
1899,12,train/lr,3.0117308657533543e-05
1900,12,train/loss,1.435227394104004
1900,12,train/lr,3.0082413536521762e-05
1901,12,train/loss,1.5260465145111084
1901,12,train/lr,3.0047523401398058e-05
1902,12,train/loss,1.4421393871307373
1902,12,train/lr,3.0012638287537167e-05
1903,12,train/loss,1.454107403755188
1903,12,train/lr,2.9977758230308727e-05
1904,12,train/loss,1.3673522472381592
1904,12,train/lr,2.994288326507726e-05
1905,12,train/loss,1.2402575016021729
1905,12,train/lr,2.990801342720211e-05
1906,12,train/loss,1.4526430368423462
1906,12,train/lr,2.987314875203743e-05
1907,12,train/loss,1.2865526676177979
1907,12,train/lr,2.9838289274932145e-05
1908,12,train/loss,1.463054895401001
1908,12,train/lr,2.9803435031229907e-05
1909,12,train/loss,1.312951683998108
1909,12,train/lr,2.976858605626905e-05
1910,12,train/loss,1.2909355163574219
1910,12,train/lr,2.9733742385382587e-05
1911,12,train/loss,1.3752257823944092
1911,12,train/lr,2.969890405389813e-05
1912,12,train/loss,1.4106019735336304
1912,12,train/lr,2.9664071097137908e-05
1913,12,train/loss,1.4902644157409668
1913,12,train/lr,2.9629243550418657e-05
1914,12,train/loss,1.5542237758636475
1914,12,train/lr,2.9594421449051664e-05
1915,12,train/loss,1.5216175317764282
1915,12,train/lr,2.9559604828342682e-05
1916,12,train/loss,1.4700195789337158
1916,12,train/lr,2.9524793723591912e-05
1917,12,train/loss,1.4579756259918213
1917,12,train/lr,2.948998817009396e-05
1918,12,train/loss,1.4357216358184814
1918,12,train/lr,2.9455188203137792e-05
1919,12,train/loss,1.57375168800354
1919,12,train/lr,2.942039385800673e-05
1920,12,train/loss,1.2030645608901978
1920,12,train/lr,2.9385605169978387e-05
1921,12,train/loss,1.4656081199645996
1921,12,train/lr,2.9350822174324633e-05
1922,12,train/loss,1.510990858078003
1922,12,train/lr,2.9316044906311585e-05
1923,12,train/loss,1.348203420639038
1923,12,train/lr,2.928127340119953e-05
1924,12,train/loss,1.4648898839950562
1924,12,train/lr,2.9246507694242926e-05
1925,12,train/loss,1.4733624458312988
1925,12,train/lr,2.9211747820690353e-05
1926,12,train/loss,1.547689437866211
1926,12,train/lr,2.9176993815784468e-05
1927,12,train/loss,1.550860047340393
1927,12,train/lr,2.9142245714761997e-05
1928,12,train/loss,1.3106446266174316
1928,12,train/lr,2.9107503552853648e-05
1929,12,train/loss,1.3866970539093018
1929,12,train/lr,2.9072767365284138e-05
1930,12,train/loss,1.3373491764068604
1930,12,train/lr,2.9038037187272103e-05
1931,12,train/loss,1.365918517112732
1931,12,train/lr,2.9003313054030107e-05
1932,12,train/loss,1.5542370080947876
1932,12,train/lr,2.8968595000764585e-05
1933,12,train/loss,1.2281122207641602
1933,12,train/lr,2.8933883062675774e-05
1934,12,train/loss,1.3563910722732544
1934,12,train/lr,2.889917727495775e-05
1935,12,train/loss,1.331272840499878
1935,12,train/lr,2.8864477672798336e-05
1936,12,train/loss,1.462071180343628
1936,12,train/lr,2.8829784291379082e-05
1937,12,train/loss,1.3075155019760132
1937,12,train/lr,2.8795097165875245e-05
1938,12,train/loss,1.5402655601501465
1938,12,train/lr,2.8760416331455726e-05
1939,12,train/loss,1.4991278648376465
1939,12,train/lr,2.8725741823283035e-05
1940,12,train/loss,1.2202324867248535
1940,12,train/lr,2.8691073676513295e-05
1941,12,train/loss,1.4911952018737793
1941,12,train/lr,2.865641192629617e-05
1942,12,train/loss,1.2784497737884521
1942,12,train/lr,2.8621756607774834e-05
1943,12,train/loss,1.4168778657913208
1943,12,train/lr,2.8587107756085948e-05
1944,12,train/loss,1.2778990268707275
1944,12,train/lr,2.8552465406359593e-05
1945,12,train/loss,1.541442632675171
1945,12,train/lr,2.851782959371929e-05
1946,12,train/loss,1.4156157970428467
1946,12,train/lr,2.8483200353281913e-05
1947,12,train/loss,1.3293981552124023
1947,12,train/lr,2.8448577720157676e-05
1948,12,train/loss,1.3962477445602417
1948,12,train/lr,2.84139617294501e-05
1949,12,train/loss,1.492603063583374
1949,12,train/lr,2.837935241625596e-05
1950,12,train/loss,1.4768106937408447
1950,12,train/lr,2.8344749815665268e-05
1951,12,train/loss,1.5524120330810547
1951,12,train/lr,2.8310153962761226e-05
1952,12,train/loss,1.5332109928131104
1952,12,train/lr,2.8275564892620202e-05
1953,12,train/loss,1.3478068113327026
1953,12,train/lr,2.824098264031169e-05
1954,12,train/loss,1.2234870195388794
1954,12,train/lr,2.8206407240898248e-05
1955,12,train/loss,1.1873562335968018
1955,12,train/lr,2.8171838729435512e-05
1956,12,train/loss,1.3104643821716309
1956,12,train/lr,2.813727714097212e-05
1957,12,train/loss,1.345869779586792
1957,12,train/lr,2.8102722510549693e-05
1958,12,train/loss,1.4604179859161377
1958,12,train/lr,2.806817487320282e-05
1959,12,train/loss,1.3757554292678833
1959,12,train/lr,2.8033634263958945e-05
1960,12,train/loss,1.385666847229004
1960,12,train/lr,2.799910071783845e-05
1961,12,train/loss,1.5675948858261108
1961,12,train/lr,2.7964574269854504e-05
1962,12,train/loss,1.5422451496124268
1962,12,train/lr,2.7930054955013117e-05
1963,12,train/loss,1.4012465476989746
1963,12,train/lr,2.7895542808313058e-05
1964,12,train/loss,1.3772246837615967
1964,12,train/lr,2.7861037864745796e-05
1965,12,train/loss,1.3180549144744873
1965,12,train/lr,2.7826540159295545e-05
1966,12,train/loss,1.328373670578003
1966,12,train/lr,2.779204972693914e-05
1967,12,train/loss,1.3682076930999756
1967,12,train/lr,2.775756660264608e-05
1968,12,train/loss,1.282372236251831
1968,12,train/lr,2.7723090821378425e-05
1969,12,train/loss,1.2932051420211792
1969,12,train/lr,2.7688622418090795e-05
1970,12,train/loss,1.4258495569229126
1970,12,train/lr,2.7654161427730337e-05
1971,12,train/loss,1.5681809186935425
1971,12,train/lr,2.7619707885236676e-05
1972,12,train/loss,1.3607964515686035
1972,12,train/lr,2.7585261825541897e-05
1973,12,train/loss,1.2739779949188232
1973,12,train/lr,2.7550823283570486e-05
1974,12,train/loss,1.6246321201324463
1974,12,train/lr,2.75163922942393e-05
1975,12,train/loss,1.5894160270690918
1975,12,train/lr,2.7481968892457567e-05
1976,12,train/loss,1.5242981910705566
1976,12,train/lr,2.7447553113126786e-05
1977,12,train/loss,1.5815458297729492
1977,12,train/lr,2.741314499114076e-05
1978,12,train/loss,1.290142297744751
1978,12,train/lr,2.7378744561385505e-05
1979,12,train/loss,1.53450608253479
1979,12,train/lr,2.7344351858739266e-05
1980,12,train/loss,1.5032827854156494
1980,12,train/lr,2.7309966918072406e-05
1981,12,train/loss,1.270800232887268
1981,12,train/lr,2.7275589774247464e-05
1982,12,train/loss,1.4529528617858887
1982,12,train/lr,2.7241220462119056e-05
1983,12,train/loss,1.486296534538269
1983,12,train/lr,2.720685901653385e-05
1984,12,train/loss,1.273939847946167
1984,12,train/lr,2.7172505472330564e-05
1985,12,train/loss,1.4211934804916382
1985,12,train/lr,2.713815986433987e-05
1986,12,train/loss,1.3723833560943604
1986,12,train/lr,2.7103822227384416e-05
1987,12,train/loss,1.4155242443084717
1987,12,train/lr,2.7069492596278757e-05
1988,12,train/loss,1.6182161569595337
1988,12,train/lr,2.703517100582935e-05
1989,12,train/loss,1.4287434816360474
1989,12,train/lr,2.7000857490834488e-05
1990,12,train/loss,1.4278076887130737
1990,12,train/lr,2.696655208608426e-05
1991,12,train/loss,1.5389978885650635
1991,12,train/lr,2.6932254826360556e-05
1992,12,train/loss,1.5643165111541748
1992,12,train/lr,2.6897965746436997e-05
1992,12,train/batches,662.0
1992,12,train/compute_pct,99.91284008972184
1992,12,train/compute_sec,69.05426317622187
1992,12,train/data_wait_pct,0.08715991027816368
1992,12,train/data_wait_sec,0.060240139078814536
1992,12,train/examples,5296.0
1992,12,train/examples_per_sec,76.6264639975726
1992,12,train/input_tokens,910581.0
1992,12,train/peak_vram_gb,6.741140365600586
1992,12,train/target_tokens,424438.0
1992,12,train/tokens_per_sec,19316.047080735534
1992,12,train/total_sec,69.11450331530068
1992,12,train/epoch_loss,1.4055480746344138
1992,12,epoch12/batches,662.0
1992,12,epoch12/compute_pct,99.91284008972184
1992,12,epoch12/compute_sec,69.05426317622187
1992,12,epoch12/data_wait_pct,0.08715991027816368
1992,12,epoch12/data_wait_sec,0.060240139078814536
1992,12,epoch12/examples,5296.0
1992,12,epoch12/examples_per_sec,76.6264639975726
1992,12,epoch12/input_tokens,910581.0
1992,12,epoch12/peak_vram_gb,6.741140365600586
1992,12,epoch12/target_tokens,424438.0
1992,12,epoch12/tokens_per_sec,19316.047080735534
1992,12,epoch12/total_sec,69.11450331530068
1992,12,val/bleu,23.31835605076583
1992,12,val/chrf,43.99471050919737
1992,12,val/combined,32.029429030250185
1992,12,val/eval_peak_vram_gb,6.741140365600586
1992,12,val/eval_samples_per_sec,7.488343168628273
1992,12,val/eval_seconds,79.72391042401432
1992,12,val/eval_tokens_per_sec,1394.0359850502664
1993,13,train/loss,1.3936665058135986
1993,13,train/lr,2.6863684881078916e-05
1994,13,train/loss,1.3537466526031494
1994,13,train/lr,2.6829412265043318e-05
1995,13,train/loss,1.4492933750152588
1995,13,train/lr,2.679514793307883e-05
1996,13,train/loss,1.414121389389038
1996,13,train/lr,2.676089191992569e-05
1997,13,train/loss,1.5326004028320312
1997,13,train/lr,2.6726644260315708e-05
1998,13,train/loss,1.2737919092178345
1998,13,train/lr,2.6692404988972216e-05
1999,13,train/loss,1.494879126548767
1999,13,train/lr,2.6658174140610048e-05
2000,13,train/loss,1.4906394481658936
2000,13,train/lr,2.6623951749935487e-05
2001,13,train/loss,1.303091287612915
2001,13,train/lr,2.6589737851646243e-05
2002,13,train/loss,1.4650983810424805
2002,13,train/lr,2.655553248043143e-05
2003,13,train/loss,1.4178216457366943
2003,13,train/lr,2.6521335670971503e-05
2004,13,train/loss,1.506500482559204
2004,13,train/lr,2.6487147457938223e-05
2005,13,train/loss,1.2944039106369019
2005,13,train/lr,2.6452967875994686e-05
2006,13,train/loss,1.4151618480682373
2006,13,train/lr,2.641879695979518e-05
2007,13,train/loss,1.4237074851989746
2007,13,train/lr,2.638463474398524e-05
2008,13,train/loss,1.5685807466506958
2008,13,train/lr,2.635048126320156e-05
2009,13,train/loss,1.4311648607254028
2009,13,train/lr,2.6316336552071988e-05
2010,13,train/loss,1.4672847986221313
2010,13,train/lr,2.6282200645215486e-05
2011,13,train/loss,1.3563960790634155
2011,13,train/lr,2.624807357724208e-05
2012,13,train/loss,1.382476568222046
2012,13,train/lr,2.6213955382752837e-05
2013,13,train/loss,1.3140032291412354
2013,13,train/lr,2.6179846096339832e-05
2014,13,train/loss,1.3677219152450562
2014,13,train/lr,2.6145745752586096e-05
2015,13,train/loss,1.5163719654083252
2015,13,train/lr,2.6111654386065603e-05
2016,13,train/loss,1.4247157573699951
2016,13,train/lr,2.6077572031343227e-05
2017,13,train/loss,1.5715581178665161
2017,13,train/lr,2.604349872297471e-05
2018,13,train/loss,1.482762336730957
2018,13,train/lr,2.6009434495506595e-05
2019,13,train/loss,1.2904750108718872
2019,13,train/lr,2.597537938347624e-05
2020,13,train/loss,1.2684605121612549
2020,13,train/lr,2.5941333421411768e-05
2021,13,train/loss,1.2567458152770996
2021,13,train/lr,2.5907296643832004e-05
2022,13,train/loss,1.4703550338745117
2022,13,train/lr,2.5873269085246484e-05
2023,13,train/loss,1.270739197731018
2023,13,train/lr,2.5839250780155368e-05
2024,13,train/loss,1.5181002616882324
2024,13,train/lr,2.5805241763049455e-05
2025,13,train/loss,1.2764675617218018
2025,13,train/lr,2.5771242068410124e-05
2026,13,train/loss,1.4143766164779663
2026,13,train/lr,2.57372517307093e-05
2027,13,train/loss,1.3664131164550781
2027,13,train/lr,2.570327078440943e-05
2028,13,train/loss,1.4439870119094849
2028,13,train/lr,2.566929926396341e-05
2029,13,train/loss,1.498274326324463
2029,13,train/lr,2.5635337203814616e-05
2030,13,train/loss,1.4300289154052734
2030,13,train/lr,2.5601384638396808e-05
2031,13,train/loss,1.4750487804412842
2031,13,train/lr,2.5567441602134137e-05
2032,13,train/loss,1.332910180091858
2032,13,train/lr,2.553350812944107e-05
2033,13,train/loss,1.4897880554199219
2033,13,train/lr,2.54995842547224e-05
2034,13,train/loss,1.3269380331039429
2034,13,train/lr,2.5465670012373173e-05
2035,13,train/loss,1.217666745185852
2035,13,train/lr,2.5431765436778675e-05
2036,13,train/loss,1.3350645303726196
2036,13,train/lr,2.5397870562314397e-05
2037,13,train/loss,1.3628807067871094
2037,13,train/lr,2.536398542334598e-05
2038,13,train/loss,1.3252936601638794
2038,13,train/lr,2.533011005422922e-05
2039,13,train/loss,1.3902463912963867
2039,13,train/lr,2.529624448930996e-05
2040,13,train/loss,1.4376215934753418
2040,13,train/lr,2.5262388762924156e-05
2041,13,train/loss,1.3248968124389648
2041,13,train/lr,2.5228542909397756e-05
2042,13,train/loss,1.5033694505691528
2042,13,train/lr,2.5194706963046707e-05
2043,13,train/loss,1.2893809080123901
2043,13,train/lr,2.5160880958176925e-05
2044,13,train/loss,1.4850845336914062
2044,13,train/lr,2.5127064929084213e-05
2045,13,train/loss,1.4749842882156372
2045,13,train/lr,2.5093258910054287e-05
2046,13,train/loss,1.483811855316162
2046,13,train/lr,2.5059462935362704e-05
2047,13,train/loss,1.2540074586868286
2047,13,train/lr,2.5025677039274848e-05
2048,13,train/loss,1.2419421672821045
2048,13,train/lr,2.499190125604588e-05
2049,13,train/loss,1.323951244354248
2049,13,train/lr,2.4958135619920686e-05
2050,13,train/loss,1.4851102828979492
2050,13,train/lr,2.4924380165133884e-05
2051,13,train/loss,1.3919018507003784
2051,13,train/lr,2.4890634925909782e-05
2052,13,train/loss,1.396967887878418
2052,13,train/lr,2.4856899936462306e-05
2053,13,train/loss,1.3560726642608643
2053,13,train/lr,2.4823175230995e-05
2054,13,train/loss,1.547268271446228
2054,13,train/lr,2.478946084370098e-05
2055,13,train/loss,1.4019749164581299
2055,13,train/lr,2.4755756808762905e-05
2056,13,train/loss,1.4421263933181763
2056,13,train/lr,2.4722063160352926e-05
2057,13,train/loss,1.2420952320098877
2057,13,train/lr,2.4688379932632675e-05
2058,13,train/loss,1.3455381393432617
2058,13,train/lr,2.4654707159753225e-05
2059,13,train/loss,1.24924898147583
2059,13,train/lr,2.4621044875855016e-05
2060,13,train/loss,1.4260106086730957
2060,13,train/lr,2.45873931150679e-05
2061,13,train/loss,1.541384220123291
2061,13,train/lr,2.4553751911511014e-05
2062,13,train/loss,1.713021993637085
2062,13,train/lr,2.4520121299292827e-05
2063,13,train/loss,1.4492735862731934
2063,13,train/lr,2.4486501312511064e-05
2064,13,train/loss,1.4362523555755615
2064,13,train/lr,2.4452891985252647e-05
2065,13,train/loss,1.4099128246307373
2065,13,train/lr,2.4419293351593716e-05
2066,13,train/loss,1.4257649183273315
2066,13,train/lr,2.4385705445599578e-05
2067,13,train/loss,1.4662365913391113
2067,13,train/lr,2.4352128301324632e-05
2068,13,train/loss,1.4387867450714111
2068,13,train/lr,2.431856195281241e-05
2069,13,train/loss,1.4570740461349487
2069,13,train/lr,2.4285006434095443e-05
2070,13,train/loss,1.141141414642334
2070,13,train/lr,2.4251461779195325e-05
2071,13,train/loss,1.3699736595153809
2071,13,train/lr,2.4217928022122617e-05
2072,13,train/loss,1.359609842300415
2072,13,train/lr,2.4184405196876842e-05
2073,13,train/loss,1.4100474119186401
2073,13,train/lr,2.415089333744643e-05
2074,13,train/loss,1.3529338836669922
2074,13,train/lr,2.4117392477808692e-05
2075,13,train/loss,1.402019739151001
2075,13,train/lr,2.4083902651929788e-05
2076,13,train/loss,1.362311840057373
2076,13,train/lr,2.4050423893764696e-05
2077,13,train/loss,1.3791043758392334
2077,13,train/lr,2.401695623725717e-05
2078,13,train/loss,1.5319151878356934
2078,13,train/lr,2.3983499716339703e-05
2079,13,train/loss,1.4603315591812134
2079,13,train/lr,2.395005436493351e-05
2080,13,train/loss,1.5410397052764893
2080,13,train/lr,2.3916620216948467e-05
2081,13,train/loss,1.347432017326355
2081,13,train/lr,2.38831973062831e-05
2082,13,train/loss,1.2859066724777222
2082,13,train/lr,2.3849785666824532e-05
2083,13,train/loss,1.1912469863891602
2083,13,train/lr,2.3816385332448472e-05
2084,13,train/loss,1.4117560386657715
2084,13,train/lr,2.3782996337019168e-05
2085,13,train/loss,1.4576984643936157
2085,13,train/lr,2.374961871438935e-05
2086,13,train/loss,1.476548194885254
2086,13,train/lr,2.371625249840023e-05
2087,13,train/loss,1.4285764694213867
2087,13,train/lr,2.368289772288147e-05
2088,13,train/loss,1.4427204132080078
2088,13,train/lr,2.3649554421651106e-05
2089,13,train/loss,1.4004714488983154
2089,13,train/lr,2.3616222628515563e-05
2090,13,train/loss,1.534592866897583
2090,13,train/lr,2.358290237726958e-05
2091,13,train/loss,1.4965407848358154
2091,13,train/lr,2.35495937016962e-05
2092,13,train/loss,1.4453635215759277
2092,13,train/lr,2.351629663556674e-05
2093,13,train/loss,1.1970523595809937
2093,13,train/lr,2.3483011212640725e-05
2094,13,train/loss,1.2215907573699951
2094,13,train/lr,2.3449737466665905e-05
2095,13,train/loss,1.3539882898330688
2095,13,train/lr,2.341647543137816e-05
2096,13,train/loss,1.3020350933074951
2096,13,train/lr,2.338322514050151e-05
2097,13,train/loss,1.4437623023986816
2097,13,train/lr,2.3349986627748074e-05
2098,13,train/loss,1.2107359170913696
2098,13,train/lr,2.3316759926818018e-05
2099,13,train/loss,1.4194200038909912
2099,13,train/lr,2.3283545071399553e-05
2100,13,train/loss,1.1921188831329346
2100,13,train/lr,2.325034209516884e-05
2101,13,train/loss,1.3832025527954102
2101,13,train/lr,2.321715103179003e-05
2102,13,train/loss,1.4301644563674927
2102,13,train/lr,2.3183971914915178e-05
2103,13,train/loss,1.3282225131988525
2103,13,train/lr,2.3150804778184252e-05
2104,13,train/loss,1.4410418272018433
2104,13,train/lr,2.3117649655225048e-05
2105,13,train/loss,1.5410444736480713
2105,13,train/lr,2.308450657965318e-05
2106,13,train/loss,1.3680012226104736
2106,13,train/lr,2.3051375585072066e-05
2107,13,train/loss,1.368638038635254
2107,13,train/lr,2.3018256705072874e-05
2108,13,train/loss,1.3334733247756958
2108,13,train/lr,2.2985149973234455e-05
2109,13,train/loss,1.2094653844833374
2109,13,train/lr,2.295205542312339e-05
2110,13,train/loss,1.3534692525863647
2110,13,train/lr,2.2918973088293872e-05
2111,13,train/loss,1.594525694847107
2111,13,train/lr,2.2885903002287736e-05
2112,13,train/loss,1.276914119720459
2112,13,train/lr,2.2852845198634395e-05
2113,13,train/loss,1.4195951223373413
2113,13,train/lr,2.281979971085078e-05
2114,13,train/loss,1.3458833694458008
2114,13,train/lr,2.278676657244137e-05
2115,13,train/loss,1.5563695430755615
2115,13,train/lr,2.27537458168981e-05
2116,13,train/loss,1.4537019729614258
2116,13,train/lr,2.2720737477700367e-05
2117,13,train/loss,1.631609320640564
2117,13,train/lr,2.2687741588314975e-05
2118,13,train/loss,1.414292812347412
2118,13,train/lr,2.265475818219609e-05
2119,13,train/loss,1.4514427185058594
2119,13,train/lr,2.2621787292785238e-05
2120,13,train/loss,1.2778205871582031
2120,13,train/lr,2.258882895351125e-05
2121,13,train/loss,1.2999777793884277
2121,13,train/lr,2.2555883197790232e-05
2122,13,train/loss,1.2234148979187012
2122,13,train/lr,2.2522950059025536e-05
2123,13,train/loss,1.2911568880081177
2123,13,train/lr,2.249002957060771e-05
2124,13,train/loss,1.3379969596862793
2124,13,train/lr,2.245712176591449e-05
2125,13,train/loss,1.4240682125091553
2125,13,train/lr,2.242422667831074e-05
2126,13,train/loss,1.2972506284713745
2126,13,train/lr,2.2391344341148436e-05
2127,13,train/loss,1.3573267459869385
2127,13,train/lr,2.2358474787766636e-05
2128,13,train/loss,1.4642059803009033
2128,13,train/lr,2.2325618051491415e-05
2129,13,train/loss,1.4650949239730835
2129,13,train/lr,2.229277416563587e-05
2130,13,train/loss,1.5353327989578247
2130,13,train/lr,2.2259943163500064e-05
2131,13,train/loss,1.4222819805145264
2131,13,train/lr,2.2227125078370993e-05
2132,13,train/loss,1.3865795135498047
2132,13,train/lr,2.219431994352257e-05
2133,13,train/loss,1.1800105571746826
2133,13,train/lr,2.2161527792215565e-05
2134,13,train/loss,1.5512795448303223
2134,13,train/lr,2.2128748657697585e-05
2135,13,train/loss,1.534217119216919
2135,13,train/lr,2.2095982573203042e-05
2136,13,train/loss,1.591487169265747
2136,13,train/lr,2.2063229571953114e-05
2137,13,train/loss,1.2931771278381348
2137,13,train/lr,2.2030489687155728e-05
2138,13,train/loss,1.4524660110473633
2138,13,train/lr,2.1997762952005497e-05
2139,13,train/loss,1.4779109954833984
2139,13,train/lr,2.1965049399683705e-05
2140,13,train/loss,1.3979454040527344
2140,13,train/lr,2.1932349063358262e-05
2141,13,train/loss,1.5122095346450806
2141,13,train/lr,2.1899661976183706e-05
2142,13,train/loss,1.5264241695404053
2142,13,train/lr,2.1866988171301104e-05
2143,13,train/loss,1.471290111541748
2143,13,train/lr,2.18343276818381e-05
2144,13,train/loss,1.2213126420974731
2144,13,train/lr,2.1801680540908783e-05
2145,13,train/loss,1.3219614028930664
2145,13,train/lr,2.176904678161376e-05
2146,13,train/loss,1.3942182064056396
2146,13,train/lr,2.1736426437040048e-05
2147,13,train/loss,1.437291145324707
2147,13,train/lr,2.170381954026105e-05
2148,13,train/loss,1.3976569175720215
2148,13,train/lr,2.1671226124336567e-05
2149,13,train/loss,1.4331496953964233
2149,13,train/lr,2.1638646222312697e-05
2150,13,train/loss,1.3241441249847412
2150,13,train/lr,2.1606079867221858e-05
2151,13,train/loss,1.340036392211914
2151,13,train/lr,2.157352709208273e-05
2152,13,train/loss,1.3512533903121948
2152,13,train/lr,2.154098792990022e-05
2153,13,train/loss,1.559586763381958
2153,13,train/lr,2.150846241366544e-05
2154,13,train/loss,1.4849045276641846
2154,13,train/lr,2.1475950576355653e-05
2155,13,train/loss,1.6837469339370728
2155,13,train/lr,2.1443452450934267e-05
2156,13,train/loss,1.5529277324676514
2156,13,train/lr,2.1410968070350773e-05
2157,13,train/loss,1.2964708805084229
2157,13,train/lr,2.137849746754075e-05
2158,13,train/loss,1.3913581371307373
2158,13,train/lr,2.1346040675425795e-05
2158,13,train/batches,662.0
2158,13,train/compute_pct,99.922727285644
2158,13,train/compute_sec,69.02172548681847
2158,13,train/data_wait_pct,0.07727271435599463
2158,13,train/data_wait_sec,0.053376206022221595
2158,13,train/examples,5296.0
2158,13,train/examples_per_sec,76.670173046577
2158,13,train/input_tokens,910676.0
2158,13,train/peak_vram_gb,6.741140365600586
2158,13,train/target_tokens,424754.0
2158,13,train/tokens_per_sec,19333.015330738355
2158,13,train/total_sec,69.07510169284069
2158,13,train/epoch_loss,1.3934800203473185
2158,13,epoch13/batches,662.0
2158,13,epoch13/compute_pct,99.922727285644
2158,13,epoch13/compute_sec,69.02172548681847
2158,13,epoch13/data_wait_pct,0.07727271435599463
2158,13,epoch13/data_wait_sec,0.053376206022221595
2158,13,epoch13/examples,5296.0
2158,13,epoch13/examples_per_sec,76.670173046577
2158,13,epoch13/input_tokens,910676.0
2158,13,epoch13/peak_vram_gb,6.741140365600586
2158,13,epoch13/target_tokens,424754.0
2158,13,epoch13/tokens_per_sec,19333.015330738355
2158,13,epoch13/total_sec,69.07510169284069
2158,13,val/bleu,23.732782685917336
2158,13,val/chrf,44.55346090118329
2158,13,val/combined,32.51734314905352
2158,13,val/eval_peak_vram_gb,6.741140365600586
2158,13,val/eval_samples_per_sec,7.64326175125531
2158,13,val/eval_seconds,78.10801453999011
2158,13,val/eval_tokens_per_sec,1396.5660328512276
2159,14,train/loss,1.3080558776855469
2159,14,train/lr,2.1313597726913478e-05
2160,14,train/loss,1.2871851921081543
2160,14,train/lr,2.1281168654897375e-05
2161,14,train/loss,1.3930444717407227
2161,14,train/lr,2.124875349225697e-05
2162,14,train/loss,1.206190586090088
2162,14,train/lr,2.121635227185764e-05
2163,14,train/loss,1.3661725521087646
2163,14,train/lr,2.1183965026550648e-05
2164,14,train/loss,1.5802923440933228
2164,14,train/lr,2.1151591789173066e-05
2165,14,train/loss,1.3806543350219727
2165,14,train/lr,2.111923259254777e-05
2166,14,train/loss,1.4114264249801636
2166,14,train/lr,2.1086887469483407e-05
2167,14,train/loss,1.4614064693450928
2167,14,train/lr,2.1054556452774343e-05
2168,14,train/loss,1.48958420753479
2168,14,train/lr,2.102223957520066e-05
2169,14,train/loss,1.4585387706756592
2169,14,train/lr,2.0989936869528085e-05
2170,14,train/loss,1.4896924495697021
2170,14,train/lr,2.0957648368507974e-05
2171,14,train/loss,1.512734055519104
2171,14,train/lr,2.0925374104877306e-05
2172,14,train/loss,1.1916420459747314
2172,14,train/lr,2.0893114111358608e-05
2173,14,train/loss,1.397615671157837
2173,14,train/lr,2.0860868420659938e-05
2174,14,train/loss,1.3237483501434326
2174,14,train/lr,2.082863706547486e-05
2175,14,train/loss,1.407818078994751
2175,14,train/lr,2.0796420078482394e-05
2176,14,train/loss,1.3646833896636963
2176,14,train/lr,2.0764217492346998e-05
2177,14,train/loss,1.5035414695739746
2177,14,train/lr,2.073202933971852e-05
2178,14,train/loss,1.3515652418136597
2178,14,train/lr,2.0699855653232197e-05
2179,14,train/loss,1.3816893100738525
2179,14,train/lr,2.0667696465508584e-05
2180,14,train/loss,1.360496997833252
2180,14,train/lr,2.0635551809153517e-05
2181,14,train/loss,1.454681634902954
2181,14,train/lr,2.0603421716758132e-05
2182,14,train/loss,1.4460729360580444
2182,14,train/lr,2.0571306220898783e-05
2183,14,train/loss,1.458897352218628
2183,14,train/lr,2.0539205354137027e-05
2184,14,train/loss,1.2658445835113525
2184,14,train/lr,2.0507119149019585e-05
2185,14,train/loss,1.4461469650268555
2185,14,train/lr,2.0475047638078317e-05
2186,14,train/loss,1.3725954294204712
2186,14,train/lr,2.044299085383018e-05
2187,14,train/loss,1.5207743644714355
2187,14,train/lr,2.0410948828777218e-05
2188,14,train/loss,1.543799877166748
2188,14,train/lr,2.0378921595406475e-05
2189,14,train/loss,1.339066743850708
2189,14,train/lr,2.0346909186190027e-05
2190,14,train/loss,1.4393534660339355
2190,14,train/lr,2.031491163358491e-05
2191,14,train/loss,1.432552695274353
2191,14,train/lr,2.0282928970033104e-05
2192,14,train/loss,1.4428439140319824
2192,14,train/lr,2.0250961227961486e-05
2193,14,train/loss,1.3922182321548462
2193,14,train/lr,2.0219008439781803e-05
2194,14,train/loss,1.4903786182403564
2194,14,train/lr,2.0187070637890646e-05
2195,14,train/loss,1.4889657497406006
2195,14,train/lr,2.0155147854669415e-05
2196,14,train/loss,1.4430804252624512
2196,14,train/lr,2.0123240122484268e-05
2197,14,train/loss,1.2651170492172241
2197,14,train/lr,2.0091347473686127e-05
2198,14,train/loss,1.3592300415039062
2198,14,train/lr,2.0059469940610584e-05
2199,14,train/loss,1.3229597806930542
2199,14,train/lr,2.002760755557792e-05
2200,14,train/loss,1.4130516052246094
2200,14,train/lr,1.9995760350893095e-05
2201,14,train/loss,1.389639139175415
2201,14,train/lr,1.996392835884564e-05
2202,14,train/loss,1.4712207317352295
2202,14,train/lr,1.993211161170966e-05
2203,14,train/loss,1.446354866027832
2203,14,train/lr,1.9900310141743822e-05
2204,14,train/loss,1.3802727460861206
2204,14,train/lr,1.9868523981191285e-05
2205,14,train/loss,1.2689944505691528
2205,14,train/lr,1.983675316227972e-05
2206,14,train/loss,1.3942170143127441
2206,14,train/lr,1.9804997717221183e-05
2207,14,train/loss,1.4672359228134155
2207,14,train/lr,1.9773257678212195e-05
2208,14,train/loss,1.5691043138504028
2208,14,train/lr,1.9741533077433642e-05
2209,14,train/loss,1.352035641670227
2209,14,train/lr,1.9709823947050752e-05
2210,14,train/loss,1.312063217163086
2210,14,train/lr,1.9678130319213076e-05
2211,14,train/loss,1.1933163404464722
2211,14,train/lr,1.9646452226054446e-05
2212,14,train/loss,1.4453063011169434
2212,14,train/lr,1.961478969969293e-05
2213,14,train/loss,1.3250184059143066
2213,14,train/lr,1.958314277223083e-05
2214,14,train/loss,1.2941933870315552
2214,14,train/lr,1.9551511475754623e-05
2215,14,train/loss,1.361823320388794
2215,14,train/lr,1.951989584233496e-05
2216,14,train/loss,1.3689261674880981
2216,14,train/lr,1.9488295904026556e-05
2217,14,train/loss,1.2878472805023193
2217,14,train/lr,1.9456711692868265e-05
2218,14,train/loss,1.4401558637619019
2218,14,train/lr,1.9425143240882986e-05
2219,14,train/loss,1.3960412740707397
2219,14,train/lr,1.9393590580077628e-05
2220,14,train/loss,1.3756047487258911
2220,14,train/lr,1.9362053742443095e-05
2221,14,train/loss,1.3996886014938354
2221,14,train/lr,1.9330532759954245e-05
2222,14,train/loss,1.4819790124893188
2222,14,train/lr,1.929902766456987e-05
2223,14,train/loss,1.4416977167129517
2223,14,train/lr,1.9267538488232646e-05
2224,14,train/loss,1.3065531253814697
2224,14,train/lr,1.9236065262869107e-05
2225,14,train/loss,1.3690106868743896
2225,14,train/lr,1.9204608020389632e-05
2226,14,train/loss,1.193357229232788
2226,14,train/lr,1.917316679268836e-05
2227,14,train/loss,1.2707350254058838
2227,14,train/lr,1.9141741611643215e-05
2228,14,train/loss,1.3383561372756958
2228,14,train/lr,1.911033250911586e-05
2229,14,train/loss,1.3750828504562378
2229,14,train/lr,1.907893951695165e-05
2230,14,train/loss,1.453252911567688
2230,14,train/lr,1.9047562666979594e-05
2231,14,train/loss,1.4429574012756348
2231,14,train/lr,1.9016201991012352e-05
2232,14,train/loss,1.3824574947357178
2232,14,train/lr,1.8984857520846164e-05
2233,14,train/loss,1.4830306768417358
2233,14,train/lr,1.8953529288260864e-05
2234,14,train/loss,1.4451491832733154
2234,14,train/lr,1.89222173250198e-05
2235,14,train/loss,1.3442003726959229
2235,14,train/lr,1.8890921662869854e-05
2236,14,train/loss,1.246374487876892
2236,14,train/lr,1.8859642333541334e-05
2237,14,train/loss,1.3503166437149048
2237,14,train/lr,1.882837936874803e-05
2238,14,train/loss,1.5507999658584595
2238,14,train/lr,1.8797132800187124e-05
2239,14,train/loss,1.2844702005386353
2239,14,train/lr,1.8765902659539184e-05
2240,14,train/loss,1.4508306980133057
2240,14,train/lr,1.87346889784681e-05
2241,14,train/loss,1.3258479833602905
2241,14,train/lr,1.8703491788621098e-05
2242,14,train/loss,1.352469801902771
2242,14,train/lr,1.867231112162867e-05
2243,14,train/loss,1.4539976119995117
2243,14,train/lr,1.864114700910457e-05
2244,14,train/loss,1.3667449951171875
2244,14,train/lr,1.8609999482645737e-05
2245,14,train/loss,1.3382372856140137
2245,14,train/lr,1.8578868573832335e-05
2246,14,train/loss,1.5212273597717285
2246,14,train/lr,1.854775431422764e-05
2247,14,train/loss,1.2107025384902954
2247,14,train/lr,1.8516656735378072e-05
2248,14,train/loss,1.4298913478851318
2248,14,train/lr,1.848557586881313e-05
2249,14,train/loss,1.290605902671814
2249,14,train/lr,1.845451174604537e-05
2250,14,train/loss,1.3672820329666138
2250,14,train/lr,1.8423464398570373e-05
2251,14,train/loss,1.3907406330108643
2251,14,train/lr,1.8392433857866723e-05
2252,14,train/loss,1.2681360244750977
2252,14,train/lr,1.8361420155395934e-05
2253,14,train/loss,1.4041173458099365
2253,14,train/lr,1.8330423322602475e-05
2254,14,train/loss,1.2663414478302002
2254,14,train/lr,1.8299443390913702e-05
2255,14,train/loss,1.2237361669540405
2255,14,train/lr,1.826848039173983e-05
2256,14,train/loss,1.3342483043670654
2256,14,train/lr,1.823753435647393e-05
2257,14,train/loss,1.4566426277160645
2257,14,train/lr,1.8206605316491828e-05
2258,14,train/loss,1.5011250972747803
2258,14,train/lr,1.8175693303152154e-05
2259,14,train/loss,1.3014421463012695
2259,14,train/lr,1.814479834779627e-05
2260,14,train/loss,1.2667934894561768
2260,14,train/lr,1.8113920481748235e-05
2261,14,train/loss,1.2800352573394775
2261,14,train/lr,1.808305973631479e-05
2262,14,train/loss,1.510877013206482
2262,14,train/lr,1.8052216142785313e-05
2263,14,train/loss,1.3210431337356567
2263,14,train/lr,1.8021389732431788e-05
2264,14,train/loss,1.275775671005249
2264,14,train/lr,1.7990580536508787e-05
2265,14,train/loss,1.576094150543213
2265,14,train/lr,1.7959788586253415e-05
2266,14,train/loss,1.419508695602417
2266,14,train/lr,1.792901391288532e-05
2267,14,train/loss,1.4614417552947998
2267,14,train/lr,1.7898256547606588e-05
2268,14,train/loss,1.4085135459899902
2268,14,train/lr,1.7867516521601786e-05
2269,14,train/loss,1.4080270528793335
2269,14,train/lr,1.7836793866037896e-05
2270,14,train/loss,1.3700950145721436
2270,14,train/lr,1.78060886120643e-05
2271,14,train/loss,1.3846404552459717
2271,14,train/lr,1.777540079081271e-05
2272,14,train/loss,1.2579610347747803
2272,14,train/lr,1.774473043339719e-05
2273,14,train/loss,1.343157410621643
2273,14,train/lr,1.771407757091408e-05
2274,14,train/loss,1.3497905731201172
2274,14,train/lr,1.7683442234441995e-05
2275,14,train/loss,1.2398813962936401
2275,14,train/lr,1.7652824455041756e-05
2276,14,train/loss,1.311537265777588
2276,14,train/lr,1.7622224263756435e-05
2277,14,train/loss,1.6489787101745605
2277,14,train/lr,1.7591641691611202e-05
2278,14,train/loss,1.3301438093185425
2278,14,train/lr,1.7561076769613405e-05
2279,14,train/loss,1.289309024810791
2279,14,train/lr,1.7530529528752505e-05
2280,14,train/loss,1.2264182567596436
2280,14,train/lr,1.7500000000000005e-05
2281,14,train/loss,1.4206241369247437
2281,14,train/lr,1.7469488214309476e-05
2282,14,train/loss,1.3876852989196777
2282,14,train/lr,1.743899420261649e-05
2283,14,train/loss,1.5190627574920654
2283,14,train/lr,1.740851799583859e-05
2284,14,train/loss,1.3533936738967896
2284,14,train/lr,1.737805962487528e-05
2285,14,train/loss,1.5587598085403442
2285,14,train/lr,1.7347619120607976e-05
2286,14,train/loss,1.4107575416564941
2286,14,train/lr,1.731719651389999e-05
2287,14,train/loss,1.391770839691162
2287,14,train/lr,1.728679183559645e-05
2288,14,train/loss,1.402126431465149
2288,14,train/lr,1.7256405116524344e-05
2289,14,train/loss,1.316758632659912
2289,14,train/lr,1.7226036387492446e-05
2290,14,train/loss,1.2525311708450317
2290,14,train/lr,1.7195685679291273e-05
2291,14,train/loss,1.6181105375289917
2291,14,train/lr,1.7165353022693095e-05
2292,14,train/loss,1.3373327255249023
2292,14,train/lr,1.7135038448451855e-05
2293,14,train/loss,1.3201961517333984
2293,14,train/lr,1.710474198730318e-05
2294,14,train/loss,1.3734626770019531
2294,14,train/lr,1.7074463669964328e-05
2295,14,train/loss,1.574775218963623
2295,14,train/lr,1.7044203527134156e-05
2296,14,train/loss,1.2752869129180908
2296,14,train/lr,1.7013961589493098e-05
2297,14,train/loss,1.4996116161346436
2297,14,train/lr,1.6983737887703132e-05
2298,14,train/loss,1.252795696258545
2298,14,train/lr,1.695353245240774e-05
2299,14,train/loss,1.4162161350250244
2299,14,train/lr,1.6923345314231894e-05
2300,14,train/loss,1.3206686973571777
2300,14,train/lr,1.6893176503782007e-05
2301,14,train/loss,1.2212952375411987
2301,14,train/lr,1.686302605164591e-05
2302,14,train/loss,1.2496180534362793
2302,14,train/lr,1.6832893988392826e-05
2303,14,train/loss,1.391322374343872
2303,14,train/lr,1.6802780344573325e-05
2304,14,train/loss,1.4189469814300537
2304,14,train/lr,1.6772685150719313e-05
2305,14,train/loss,1.4127845764160156
2305,14,train/lr,1.6742608437343988e-05
2306,14,train/loss,1.440180778503418
2306,14,train/lr,1.671255023494179e-05
2307,14,train/loss,1.507319450378418
2307,14,train/lr,1.6682510573988413e-05
2308,14,train/loss,1.5542526245117188
2308,14,train/lr,1.6652489484940755e-05
2309,14,train/loss,1.4048898220062256
2309,14,train/lr,1.662248699823687e-05
2310,14,train/loss,1.4358553886413574
2310,14,train/lr,1.6592503144295955e-05
2311,14,train/loss,1.323081612586975
2311,14,train/lr,1.6562537953518318e-05
2312,14,train/loss,1.3017853498458862
2312,14,train/lr,1.653259145628535e-05
2313,14,train/loss,1.4440231323242188
2313,14,train/lr,1.6502663682959476e-05
2314,14,train/loss,1.44455885887146
2314,14,train/lr,1.6472754663884146e-05
2315,14,train/loss,1.3927972316741943
2315,14,train/lr,1.6442864429383806e-05
2316,14,train/loss,1.4777204990386963
2316,14,train/lr,1.6412993009763818e-05
2317,14,train/loss,1.4052860736846924
2317,14,train/lr,1.6383140435310508e-05
2318,14,train/loss,1.4503222703933716
2318,14,train/lr,1.6353306736291078e-05
2319,14,train/loss,1.41464102268219
2319,14,train/lr,1.6323491942953597e-05
2320,14,train/loss,1.488040804862976
2320,14,train/lr,1.6293696085526958e-05
2321,14,train/loss,1.2686185836791992
2321,14,train/lr,1.626391919422087e-05
2322,14,train/loss,1.2894697189331055
2322,14,train/lr,1.6234161299225794e-05
2323,14,train/loss,1.2719260454177856
2323,14,train/lr,1.6204422430712947e-05
2324,14,train/loss,1.5978941917419434
2324,14,train/lr,1.6174702618834246e-05
2324,14,train/batches,662.0
2324,14,train/compute_pct,99.89617644231477
2324,14,train/compute_sec,69.11446432495723
2324,14,train/data_wait_pct,0.10382355768522993
2324,14,train/data_wait_sec,0.07183167393668555
2324,14,train/examples,5296.0
2324,14,train/examples_per_sec,76.54695085981577
2324,14,train/input_tokens,910581.0
2324,14,train/peak_vram_gb,6.741140365600586
2324,14,train/target_tokens,424438.0
2324,14,train/tokens_per_sec,19296.003359123937
2324,14,train/total_sec,69.18629599889391
2324,14,train/epoch_loss,1.3834471790812166
2324,14,epoch14/batches,662.0
2324,14,epoch14/compute_pct,99.89617644231477
2324,14,epoch14/compute_sec,69.11446432495723
2324,14,epoch14/data_wait_pct,0.10382355768522993
2324,14,epoch14/data_wait_sec,0.07183167393668555
2324,14,epoch14/examples,5296.0
2324,14,epoch14/examples_per_sec,76.54695085981577
2324,14,epoch14/input_tokens,910581.0
2324,14,epoch14/peak_vram_gb,6.741140365600586
2324,14,epoch14/target_tokens,424438.0
2324,14,epoch14/tokens_per_sec,19296.003359123937
2324,14,epoch14/total_sec,69.18629599889391
2324,14,val/bleu,23.34550517110011
2324,14,val/chrf,43.999042714292166
2324,14,val/combined,32.04964709961659
2324,14,val/eval_peak_vram_gb,6.741140365600586
2324,14,val/eval_samples_per_sec,7.394269623831875
2324,14,val/eval_seconds,80.738197329978
2324,14,val/eval_tokens_per_sec,1403.6850431130488
2325,15,train/loss,1.3430323600769043
2325,15,train/lr,1.6145001893722303e-05
2326,15,train/loss,1.3171417713165283
2326,15,train/lr,1.6115320285490333e-05
2327,15,train/loss,1.351545810699463
2327,15,train/lr,1.6085657824232213e-05
2328,15,train/loss,1.3471393585205078
2328,15,train/lr,1.6056014540022405e-05
2329,15,train/loss,1.2789020538330078
2329,15,train/lr,1.6026390462915902e-05
2330,15,train/loss,1.3257490396499634
2330,15,train/lr,1.5996785622948245e-05
2331,15,train/loss,1.3798410892486572
2331,15,train/lr,1.5967200050135465e-05
2332,15,train/loss,1.3198175430297852
2332,15,train/lr,1.593763377447405e-05
2333,15,train/loss,1.3388004302978516
2333,15,train/lr,1.5908086825940932e-05
2334,15,train/loss,1.4026634693145752
2334,15,train/lr,1.5878559234493443e-05
2335,15,train/loss,1.4258346557617188
2335,15,train/lr,1.5849051030069314e-05
2336,15,train/loss,1.5110280513763428
2336,15,train/lr,1.5819562242586556e-05
2337,15,train/loss,1.3429625034332275
2337,15,train/lr,1.5790092901943553e-05
2338,15,train/loss,1.4024255275726318
2338,15,train/lr,1.5760643038018952e-05
2339,15,train/loss,1.2690227031707764
2339,15,train/lr,1.573121268067166e-05
2340,15,train/loss,1.2770581245422363
2340,15,train/lr,1.570180185974079e-05
2341,15,train/loss,1.3432437181472778
2341,15,train/lr,1.5672410605045663e-05
2342,15,train/loss,1.4452866315841675
2342,15,train/lr,1.5643038946385754e-05
2343,15,train/loss,1.3239415884017944
2343,15,train/lr,1.5613686913540678e-05
2344,15,train/loss,1.5007553100585938
2344,15,train/lr,1.5584354536270135e-05
2345,15,train/loss,1.4486379623413086
2345,15,train/lr,1.555504184431393e-05
2346,15,train/loss,1.2478429079055786
2346,15,train/lr,1.5525748867391856e-05
2347,15,train/loss,1.45878267288208
2347,15,train/lr,1.549647563520376e-05
2348,15,train/loss,1.4429819583892822
2348,15,train/lr,1.5467222177429462e-05
2349,15,train/loss,1.427146315574646
2349,15,train/lr,1.543798852372872e-05
2350,15,train/loss,1.4372310638427734
2350,15,train/lr,1.5408774703741227e-05
2351,15,train/loss,1.43254554271698
2351,15,train/lr,1.5379580747086566e-05
2352,15,train/loss,1.3877713680267334
2352,15,train/lr,1.535040668336417e-05
2353,15,train/loss,1.5620696544647217
2353,15,train/lr,1.5321252542153305e-05
2354,15,train/loss,1.4217979907989502
2354,15,train/lr,1.529211835301305e-05
2355,15,train/loss,1.3261266946792603
2355,15,train/lr,1.526300414548224e-05
2356,15,train/loss,1.5019867420196533
2356,15,train/lr,1.5233909949079473e-05
2357,15,train/loss,1.3745918273925781
2357,15,train/lr,1.5204835793303014e-05
2358,15,train/loss,1.2836439609527588
2358,15,train/lr,1.5175781707630858e-05
2359,15,train/loss,1.4851434230804443
2359,15,train/lr,1.5146747721520619e-05
2360,15,train/loss,1.2944129705429077
2360,15,train/lr,1.511773386440955e-05
2361,15,train/loss,1.4594311714172363
2361,15,train/lr,1.508874016571449e-05
2362,15,train/loss,1.405537486076355
2362,15,train/lr,1.505976665483183e-05
2363,15,train/loss,1.328343152999878
2363,15,train/lr,1.5030813361137516e-05
2364,15,train/loss,1.5787824392318726
2364,15,train/lr,1.5001880313986965e-05
2365,15,train/loss,1.3030118942260742
2365,15,train/lr,1.4972967542715099e-05
2366,15,train/loss,1.2536952495574951
2366,15,train/lr,1.4944075076636264e-05
2367,15,train/loss,1.266144037246704
2367,15,train/lr,1.4915202945044203e-05
2368,15,train/loss,1.46136474609375
2368,15,train/lr,1.4886351177212074e-05
2369,15,train/loss,1.4171595573425293
2369,15,train/lr,1.485751980239237e-05
2370,15,train/loss,1.2435755729675293
2370,15,train/lr,1.4828708849816917e-05
2371,15,train/loss,1.376469612121582
2371,15,train/lr,1.4799918348696825e-05
2372,15,train/loss,1.5128045082092285
2372,15,train/lr,1.4771148328222476e-05
2373,15,train/loss,1.3740620613098145
2373,15,train/lr,1.4742398817563486e-05
2374,15,train/loss,1.5406206846237183
2374,15,train/lr,1.4713669845868676e-05
2375,15,train/loss,1.4102351665496826
2375,15,train/lr,1.4684961442266037e-05
2376,15,train/loss,1.3239063024520874
2376,15,train/lr,1.4656273635862728e-05
2377,15,train/loss,1.1841238737106323
2377,15,train/lr,1.4627606455744978e-05
2378,15,train/loss,1.1752095222473145
2378,15,train/lr,1.4598959930978149e-05
2379,15,train/loss,1.3145979642868042
2379,15,train/lr,1.4570334090606647e-05
2380,15,train/loss,1.4457767009735107
2380,15,train/lr,1.4541728963653897e-05
2381,15,train/loss,1.2750940322875977
2381,15,train/lr,1.4513144579122334e-05
2382,15,train/loss,1.3188276290893555
2382,15,train/lr,1.4484580965993358e-05
2383,15,train/loss,1.3069792985916138
2383,15,train/lr,1.445603815322731e-05
2384,15,train/loss,1.3358166217803955
2384,15,train/lr,1.4427516169763444e-05
2385,15,train/loss,1.484206199645996
2385,15,train/lr,1.4399015044519884e-05
2386,15,train/loss,1.4195029735565186
2386,15,train/lr,1.4370534806393633e-05
2387,15,train/loss,1.4261300563812256
2387,15,train/lr,1.4342075484260477e-05
2388,15,train/loss,1.4866191148757935
2388,15,train/lr,1.431363710697502e-05
2389,15,train/loss,1.4481215476989746
2389,15,train/lr,1.4285219703370634e-05
2390,15,train/loss,1.3481166362762451
2390,15,train/lr,1.4256823302259416e-05
2391,15,train/loss,1.4396796226501465
2391,15,train/lr,1.4228447932432179e-05
2392,15,train/loss,1.3683750629425049
2392,15,train/lr,1.4200093622658394e-05
2393,15,train/loss,1.3399895429611206
2393,15,train/lr,1.4171760401686198e-05
2394,15,train/loss,1.2293484210968018
2394,15,train/lr,1.414344829824234e-05
2395,15,train/loss,1.4558602571487427
2395,15,train/lr,1.4115157341032157e-05
2396,15,train/loss,1.3839889764785767
2396,15,train/lr,1.4086887558739544e-05
2397,15,train/loss,1.4538854360580444
2397,15,train/lr,1.4058638980026932e-05
2398,15,train/loss,1.3910839557647705
2398,15,train/lr,1.4030411633535253e-05
2399,15,train/loss,1.6055831909179688
2399,15,train/lr,1.40022055478839e-05
2400,15,train/loss,1.3147809505462646
2400,15,train/lr,1.3974020751670732e-05
2401,15,train/loss,1.1918896436691284
2401,15,train/lr,1.394585727347201e-05
2402,15,train/loss,1.6488313674926758
2402,15,train/lr,1.3917715141842377e-05
2403,15,train/loss,1.3558399677276611
2403,15,train/lr,1.3889594385314836e-05
2404,15,train/loss,1.4153873920440674
2404,15,train/lr,1.3861495032400729e-05
2405,15,train/loss,1.3371057510375977
2405,15,train/lr,1.383341711158969e-05
2406,15,train/loss,1.5124852657318115
2406,15,train/lr,1.3805360651349604e-05
2407,15,train/loss,1.3924169540405273
2407,15,train/lr,1.3777325680126624e-05
2408,15,train/loss,1.5102481842041016
2408,15,train/lr,1.3749312226345108e-05
2409,15,train/loss,1.3269039392471313
2409,15,train/lr,1.3721320318407591e-05
2410,15,train/loss,1.4181838035583496
2410,15,train/lr,1.3693349984694775e-05
2411,15,train/loss,1.4554905891418457
2411,15,train/lr,1.3665401253565476e-05
2412,15,train/loss,1.531793475151062
2412,15,train/lr,1.3637474153356611e-05
2413,15,train/loss,1.4324121475219727
2413,15,train/lr,1.3609568712383169e-05
2414,15,train/loss,1.2787715196609497
2414,15,train/lr,1.3581684958938177e-05
2415,15,train/loss,1.2416883707046509
2415,15,train/lr,1.3553822921292686e-05
2416,15,train/loss,1.410569667816162
2416,15,train/lr,1.3525982627695691e-05
2417,15,train/loss,1.3393481969833374
2417,15,train/lr,1.3498164106374181e-05
2418,15,train/loss,1.4174941778182983
2418,15,train/lr,1.347036738553305e-05
2419,15,train/loss,1.3696215152740479
2419,15,train/lr,1.34425924933551e-05
2420,15,train/loss,1.4436395168304443
2420,15,train/lr,1.3414839458000992e-05
2421,15,train/loss,1.2502174377441406
2421,15,train/lr,1.3387108307609233e-05
2422,15,train/loss,1.3504338264465332
2422,15,train/lr,1.335939907029614e-05
2423,15,train/loss,1.3241736888885498
2423,15,train/lr,1.3331711774155806e-05
2424,15,train/loss,1.5021286010742188
2424,15,train/lr,1.3304046447260085e-05
2425,15,train/loss,1.1389751434326172
2425,15,train/lr,1.3276403117658572e-05
2426,15,train/loss,1.3158361911773682
2426,15,train/lr,1.3248781813378511e-05
2427,15,train/loss,1.3724985122680664
2427,15,train/lr,1.322118256242486e-05
2428,15,train/loss,1.3948724269866943
2428,15,train/lr,1.3193605392780203e-05
2429,15,train/loss,1.2915617227554321
2429,15,train/lr,1.3166050332404733e-05
2430,15,train/loss,1.3262993097305298
2430,15,train/lr,1.313851740923624e-05
2431,15,train/loss,1.3560569286346436
2431,15,train/lr,1.3111006651190046e-05
2432,15,train/loss,1.3268595933914185
2432,15,train/lr,1.308351808615902e-05
2433,15,train/loss,1.3596351146697998
2433,15,train/lr,1.305605174201352e-05
2434,15,train/loss,1.2277218103408813
2434,15,train/lr,1.302860764660138e-05
2435,15,train/loss,1.24690580368042
2435,15,train/lr,1.3001185827747881e-05
2436,15,train/loss,1.4357361793518066
2436,15,train/lr,1.2973786313255694e-05
2437,15,train/loss,1.2532591819763184
2437,15,train/lr,1.29464091309049e-05
2438,15,train/loss,1.391459345817566
2438,15,train/lr,1.2919054308452927e-05
2439,15,train/loss,1.3589379787445068
2439,15,train/lr,1.2891721873634538e-05
2440,15,train/loss,1.216342806816101
2440,15,train/lr,1.2864411854161799e-05
2441,15,train/loss,1.2670300006866455
2441,15,train/lr,1.2837124277724038e-05
2442,15,train/loss,1.223352313041687
2442,15,train/lr,1.2809859171987841e-05
2443,15,train/loss,1.5262950658798218
2443,15,train/lr,1.2782616564597003e-05
2444,15,train/loss,1.474494218826294
2444,15,train/lr,1.2755396483172515e-05
2445,15,train/loss,1.3501653671264648
2445,15,train/lr,1.2728198955312517e-05
2446,15,train/loss,1.2784004211425781
2446,15,train/lr,1.2701024008592312e-05
2447,15,train/loss,1.455872654914856
2447,15,train/lr,1.2673871670564258e-05
2448,15,train/loss,1.4887570142745972
2448,15,train/lr,1.2646741968757827e-05
2449,15,train/loss,1.4546523094177246
2449,15,train/lr,1.2619634930679534e-05
2450,15,train/loss,1.259209394454956
2450,15,train/lr,1.259255058381292e-05
2451,15,train/loss,1.410567283630371
2451,15,train/lr,1.2565488955618508e-05
2452,15,train/loss,1.3356162309646606
2452,15,train/lr,1.2538450073533793e-05
2453,15,train/loss,1.344209909439087
2453,15,train/lr,1.2511433964973207e-05
2454,15,train/loss,1.453547716140747
2454,15,train/lr,1.248444065732809e-05
2455,15,train/loss,1.2777297496795654
2455,15,train/lr,1.2457470177966669e-05
2456,15,train/loss,1.3672215938568115
2456,15,train/lr,1.2430522554234036e-05
2457,15,train/loss,1.3478268384933472
2457,15,train/lr,1.240359781345207e-05
2458,15,train/loss,1.4552110433578491
2458,15,train/lr,1.2376695982919495e-05
2459,15,train/loss,1.2911057472229004
2459,15,train/lr,1.2349817089911778e-05
2460,15,train/loss,1.265740990638733
2460,15,train/lr,1.2322961161681146e-05
2461,15,train/loss,1.4684946537017822
2461,15,train/lr,1.2296128225456537e-05
2462,15,train/loss,1.73220956325531
2462,15,train/lr,1.2269318308443575e-05
2463,15,train/loss,1.4976613521575928
2463,15,train/lr,1.2242531437824542e-05
2464,15,train/loss,1.300053596496582
2464,15,train/lr,1.2215767640758367e-05
2465,15,train/loss,1.2554209232330322
2465,15,train/lr,1.2189026944380571e-05
2466,15,train/loss,1.2942452430725098
2466,15,train/lr,1.2162309375803275e-05
2467,15,train/loss,1.469148874282837
2467,15,train/lr,1.2135614962115103e-05
2468,15,train/loss,1.5066964626312256
2468,15,train/lr,1.2108943730381253e-05
2469,15,train/loss,1.4714269638061523
2469,15,train/lr,1.20822957076434e-05
2470,15,train/loss,1.450498104095459
2470,15,train/lr,1.2055670920919686e-05
2471,15,train/loss,1.3238931894302368
2471,15,train/lr,1.2029069397204694e-05
2472,15,train/loss,1.3741227388381958
2472,15,train/lr,1.2002491163469428e-05
2473,15,train/loss,1.2721796035766602
2473,15,train/lr,1.1975936246661266e-05
2474,15,train/loss,1.379889726638794
2474,15,train/lr,1.1949404673703964e-05
2475,15,train/loss,1.3858662843704224
2475,15,train/lr,1.192289647149759e-05
2476,15,train/loss,1.3922287225723267
2476,15,train/lr,1.1896411666918537e-05
2477,15,train/loss,1.3297524452209473
2477,15,train/lr,1.1869950286819447e-05
2478,15,train/loss,1.3162100315093994
2478,15,train/lr,1.1843512358029233e-05
2479,15,train/loss,1.2567144632339478
2479,15,train/lr,1.1817097907353036e-05
2480,15,train/loss,1.3197338581085205
2480,15,train/lr,1.1790706961572175e-05
2481,15,train/loss,1.4029176235198975
2481,15,train/lr,1.1764339547444148e-05
2482,15,train/loss,1.2521966695785522
2482,15,train/lr,1.1737995691702595e-05
2483,15,train/loss,1.436604380607605
2483,15,train/lr,1.1711675421057271e-05
2484,15,train/loss,1.2963931560516357
2484,15,train/lr,1.168537876219401e-05
2485,15,train/loss,1.6463675498962402
2485,15,train/lr,1.1659105741774718e-05
2486,15,train/loss,1.4481942653656006
2486,15,train/lr,1.1632856386437332e-05
2487,15,train/loss,1.1677063703536987
2487,15,train/lr,1.1606630722795774e-05
2488,15,train/loss,1.2952024936676025
2488,15,train/lr,1.1580428777439972e-05
2489,15,train/loss,1.440026879310608
2489,15,train/lr,1.1554250576935796e-05
2490,15,train/loss,1.3722412586212158
2490,15,train/lr,1.1528096147825047e-05
2490,15,train/batches,662.0
2490,15,train/compute_pct,99.90074516122641
2490,15,train/compute_sec,68.53057498991257
2490,15,train/data_wait_pct,0.099254838773589
2490,15,train/data_wait_sec,0.06808749184710905
2490,15,train/examples,5296.0
2490,15,train/examples_per_sec,77.20267142829792
2490,15,train/input_tokens,910581.0
2490,15,train/peak_vram_gb,6.741140365600586
2490,15,train/target_tokens,424438.0
2490,15,train/tokens_per_sec,19461.29781109042
2490,15,train/total_sec,68.59866248175967
2490,15,train/epoch_loss,1.3770768617215112
2490,15,epoch15/batches,662.0
2490,15,epoch15/compute_pct,99.90074516122641
2490,15,epoch15/compute_sec,68.53057498991257
2490,15,epoch15/data_wait_pct,0.099254838773589
2490,15,epoch15/data_wait_sec,0.06808749184710905
2490,15,epoch15/examples,5296.0
2490,15,epoch15/examples_per_sec,77.20267142829792
2490,15,epoch15/input_tokens,910581.0
2490,15,epoch15/peak_vram_gb,6.741140365600586
2490,15,epoch15/target_tokens,424438.0
2490,15,epoch15/tokens_per_sec,19461.29781109042
2490,15,epoch15/total_sec,68.59866248175967
2490,15,val/bleu,23.960777711538885
2490,15,val/chrf,44.80146314483381
2490,15,val/combined,32.76397258522026
2490,15,val/eval_peak_vram_gb,6.741140365600586
2490,15,val/eval_samples_per_sec,7.694203902041007
2490,15,val/eval_seconds,77.59087328601163
2490,15,val/eval_tokens_per_sec,1386.7997026320243
2491,16,train/loss,1.2377750873565674
2491,16,train/lr,1.1501965516625414e-05
2492,16,train/loss,1.3721420764923096
2492,16,train/lr,1.147585870983045e-05
2493,16,train/loss,1.3125146627426147
2493,16,train/lr,1.14497757539096e-05
2494,16,train/loss,1.2019670009613037
2494,16,train/lr,1.142371667530808e-05
2495,16,train/loss,1.3204530477523804
2495,16,train/lr,1.1397681500446895e-05
2496,16,train/loss,1.3047341108322144
2496,16,train/lr,1.1371670255722838e-05
2497,16,train/loss,1.266072392463684
2497,16,train/lr,1.134568296750843e-05
2498,16,train/loss,1.3991820812225342
2498,16,train/lr,1.13197196621519e-05
2499,16,train/loss,1.3407905101776123
2499,16,train/lr,1.1293780365977174e-05
2500,16,train/loss,1.4133756160736084
2500,16,train/lr,1.1267865105283817e-05
2501,16,train/loss,1.3696503639221191
2501,16,train/lr,1.1241973906347037e-05
2502,16,train/loss,1.5094093084335327
2502,16,train/lr,1.1216106795417637e-05
2503,16,train/loss,1.33115553855896
2503,16,train/lr,1.119026379872201e-05
2504,16,train/loss,1.346383810043335
2504,16,train/lr,1.1164444942462095e-05
2505,16,train/loss,1.3994308710098267
2505,16,train/lr,1.1138650252815352e-05
2506,16,train/loss,1.4961750507354736
2506,16,train/lr,1.1112879755934729e-05
2507,16,train/loss,1.2789878845214844
2507,16,train/lr,1.108713347794866e-05
2508,16,train/loss,1.4765843152999878
2508,16,train/lr,1.1061411444961023e-05
2509,16,train/loss,1.5808237791061401
2509,16,train/lr,1.1035713683051111e-05
2510,16,train/loss,1.3398059606552124
2510,16,train/lr,1.1010040218273605e-05
2511,16,train/loss,1.223772406578064
2511,16,train/lr,1.0984391076658558e-05
2512,16,train/loss,1.3321222066879272
2512,16,train/lr,1.0958766284211363e-05
2513,16,train/loss,1.4324023723602295
2513,16,train/lr,1.0933165866912714e-05
2514,16,train/loss,1.5186926126480103
2514,16,train/lr,1.0907589850718605e-05
2515,16,train/loss,1.4399821758270264
2515,16,train/lr,1.088203826156029e-05
2516,16,train/loss,1.432176947593689
2516,16,train/lr,1.0856511125344232e-05
2517,16,train/loss,1.3504053354263306
2517,16,train/lr,1.0831008467952132e-05
2518,16,train/loss,1.4178954362869263
2518,16,train/lr,1.0805530315240859e-05
2519,16,train/loss,1.2893576622009277
2519,16,train/lr,1.0780076693042435e-05
2520,16,train/loss,1.4000197649002075
2520,16,train/lr,1.0754647627164022e-05
2521,16,train/loss,1.3696813583374023
2521,16,train/lr,1.0729243143387867e-05
2522,16,train/loss,1.4420490264892578
2522,16,train/lr,1.0703863267471309e-05
2523,16,train/loss,1.2850751876831055
2523,16,train/lr,1.0678508025146732e-05
2524,16,train/loss,1.4069275856018066
2524,16,train/lr,1.0653177442121539e-05
2525,16,train/loss,1.449446201324463
2525,16,train/lr,1.0627871544078154e-05
2526,16,train/loss,1.4547357559204102
2526,16,train/lr,1.060259035667393e-05
2527,16,train/loss,1.4623651504516602
2527,16,train/lr,1.05773339055412e-05
2528,16,train/loss,1.3400028944015503
2528,16,train/lr,1.0552102216287209e-05
2529,16,train/loss,1.3602321147918701
2529,16,train/lr,1.0526895314494094e-05
2530,16,train/loss,1.2563776969909668
2530,16,train/lr,1.0501713225718872e-05
2531,16,train/loss,1.260101556777954
2531,16,train/lr,1.0476555975493375e-05
2532,16,train/loss,1.237902045249939
2532,16,train/lr,1.0451423589324285e-05
2533,16,train/loss,1.371812343597412
2533,16,train/lr,1.042631609269305e-05
2534,16,train/loss,1.3255692720413208
2534,16,train/lr,1.0401233511055895e-05
2535,16,train/loss,1.445292592048645
2535,16,train/lr,1.0376175869843786e-05
2536,16,train/loss,1.2987443208694458
2536,16,train/lr,1.0351143194462377e-05
2537,16,train/loss,1.393289566040039
2537,16,train/lr,1.0326135510292043e-05
2538,16,train/loss,1.4306237697601318
2538,16,train/lr,1.03011528426878e-05
2539,16,train/loss,1.4873747825622559
2539,16,train/lr,1.0276195216979307e-05
2540,16,train/loss,1.4898918867111206
2540,16,train/lr,1.0251262658470837e-05
2541,16,train/loss,1.375213861465454
2541,16,train/lr,1.022635519244124e-05
2542,16,train/loss,1.3937016725540161
2542,16,train/lr,1.0201472844143932e-05
2543,16,train/loss,1.2685906887054443
2543,16,train/lr,1.0176615638806854e-05
2544,16,train/loss,1.272274136543274
2544,16,train/lr,1.0151783601632461e-05
2545,16,train/loss,1.5122485160827637
2545,16,train/lr,1.0126976757797687e-05
2546,16,train/loss,1.4545458555221558
2546,16,train/lr,1.0102195132453941e-05
2547,16,train/loss,1.395693063735962
2547,16,train/lr,1.0077438750727016e-05
2548,16,train/loss,1.3296847343444824
2548,16,train/lr,1.0052707637717159e-05
2549,16,train/loss,1.2965065240859985
2549,16,train/lr,1.002800181849898e-05
2550,16,train/loss,1.5088386535644531
2550,16,train/lr,1.0003321318121438e-05
2551,16,train/loss,1.410465955734253
2551,16,train/lr,9.978666161607834e-06
2552,16,train/loss,1.4129999876022339
2552,16,train/lr,9.954036373955764e-06
2553,16,train/loss,1.4060453176498413
2553,16,train/lr,9.9294319801371e-06
2554,16,train/loss,1.2589455842971802
2554,16,train/lr,9.90485300509798e-06
2555,16,train/loss,1.4815714359283447
2555,16,train/lr,9.880299473758756e-06
2556,16,train/loss,1.384628176689148
2556,16,train/lr,9.85577141101401e-06
2557,16,train/loss,1.5790340900421143
2557,16,train/lr,9.831268841732446e-06
2558,16,train/loss,1.2969653606414795
2558,16,train/lr,9.806791790756979e-06
2559,16,train/loss,1.2903759479522705
2559,16,train/lr,9.78234028290462e-06
2560,16,train/loss,1.4405202865600586
2560,16,train/lr,9.757914342966493e-06
2561,16,train/loss,1.287138819694519
2561,16,train/lr,9.733513995707799e-06
2562,16,train/loss,1.3298423290252686
2562,16,train/lr,9.709139265867784e-06
2563,16,train/loss,1.4575626850128174
2563,16,train/lr,9.684790178159725e-06
2564,16,train/loss,1.3307104110717773
2564,16,train/lr,9.660466757270903e-06
2565,16,train/loss,1.6420825719833374
2565,16,train/lr,9.636169027862566e-06
2566,16,train/loss,1.339766025543213
2566,16,train/lr,9.61189701456994e-06
2567,16,train/loss,1.321238398551941
2567,16,train/lr,9.587650742002134e-06
2568,16,train/loss,1.3848124742507935
2568,16,train/lr,9.563430234742194e-06
2569,16,train/loss,1.2286279201507568
2569,16,train/lr,9.539235517347032e-06
2570,16,train/loss,1.3027452230453491
2570,16,train/lr,9.51506661434741e-06
2571,16,train/loss,1.3350121974945068
2571,16,train/lr,9.49092355024792e-06
2572,16,train/loss,1.4087942838668823
2572,16,train/lr,9.46680634952696e-06
2573,16,train/loss,1.3916873931884766
2573,16,train/lr,9.442715036636692e-06
2574,16,train/loss,1.471758484840393
2574,16,train/lr,9.41864963600305e-06
2575,16,train/loss,1.3385117053985596
2575,16,train/lr,9.394610172025675e-06
2576,16,train/loss,1.327961802482605
2576,16,train/lr,9.370596669077936e-06
2577,16,train/loss,1.4957517385482788
2577,16,train/lr,9.346609151506844e-06
2578,16,train/loss,1.3811545372009277
2578,16,train/lr,9.322647643633099e-06
2579,16,train/loss,1.3999707698822021
2579,16,train/lr,9.298712169751012e-06
2580,16,train/loss,1.301203966140747
2580,16,train/lr,9.274802754128507e-06
2581,16,train/loss,1.2080302238464355
2581,16,train/lr,9.250919421007078e-06
2582,16,train/loss,1.4622879028320312
2582,16,train/lr,9.227062194601786e-06
2583,16,train/loss,1.4130785465240479
2583,16,train/lr,9.20323109910121e-06
2584,16,train/loss,1.5054296255111694
2584,16,train/lr,9.179426158667445e-06
2585,16,train/loss,1.3229663372039795
2585,16,train/lr,9.15564739743607e-06
2586,16,train/loss,1.3430685997009277
2586,16,train/lr,9.131894839516102e-06
2587,16,train/loss,1.3744983673095703
2587,16,train/lr,9.108168508990027e-06
2588,16,train/loss,1.4394341707229614
2588,16,train/lr,9.084468429913693e-06
2589,16,train/loss,1.3281015157699585
2589,16,train/lr,9.060794626316354e-06
2590,16,train/loss,1.5527170896530151
2590,16,train/lr,9.03714712220064e-06
2591,16,train/loss,1.1657724380493164
2591,16,train/lr,9.013525941542504e-06
2592,16,train/loss,1.2518606185913086
2592,16,train/lr,8.989931108291197e-06
2593,16,train/loss,1.3855102062225342
2593,16,train/lr,8.966362646369269e-06
2594,16,train/loss,1.1860110759735107
2594,16,train/lr,8.942820579672534e-06
2595,16,train/loss,1.1283968687057495
2595,16,train/lr,8.919304932070045e-06
2596,16,train/loss,1.367953896522522
2596,16,train/lr,8.895815727404048e-06
2597,16,train/loss,1.3588972091674805
2597,16,train/lr,8.872352989490006e-06
2598,16,train/loss,1.3202979564666748
2598,16,train/lr,8.848916742116534e-06
2599,16,train/loss,1.3795785903930664
2599,16,train/lr,8.825507009045393e-06
2600,16,train/loss,1.3351523876190186
2600,16,train/lr,8.802123814011457e-06
2601,16,train/loss,1.4177170991897583
2601,16,train/lr,8.778767180722705e-06
2602,16,train/loss,1.4636883735656738
2602,16,train/lr,8.755437132860162e-06
2603,16,train/loss,1.4252476692199707
2603,16,train/lr,8.732133694077926e-06
2604,16,train/loss,1.3470014333724976
2604,16,train/lr,8.7088568880031e-06
2605,16,train/loss,1.3002188205718994
2605,16,train/lr,8.685606738235795e-06
2606,16,train/loss,1.2356042861938477
2606,16,train/lr,8.662383268349066e-06
2607,16,train/loss,1.346594214439392
2607,16,train/lr,8.639186501888956e-06
2608,16,train/loss,1.3253352642059326
2608,16,train/lr,8.616016462374414e-06
2609,16,train/loss,1.3507583141326904
2609,16,train/lr,8.592873173297288e-06
2610,16,train/loss,1.30539071559906
2610,16,train/lr,8.569756658122322e-06
2611,16,train/loss,1.3123868703842163
2611,16,train/lr,8.546666940287097e-06
2612,16,train/loss,1.2605334520339966
2612,16,train/lr,8.523604043202021e-06
2613,16,train/loss,1.3192695379257202
2613,16,train/lr,8.500567990250336e-06
2614,16,train/loss,1.4690356254577637
2614,16,train/lr,8.477558804788031e-06
2615,16,train/loss,1.4278309345245361
2615,16,train/lr,8.454576510143891e-06
2616,16,train/loss,1.4154284000396729
2616,16,train/lr,8.431621129619399e-06
2617,16,train/loss,1.6002557277679443
2617,16,train/lr,8.408692686488773e-06
2618,16,train/loss,1.4301269054412842
2618,16,train/lr,8.385791203998916e-06
2619,16,train/loss,1.3680920600891113
2619,16,train/lr,8.362916705369402e-06
2620,16,train/loss,1.2906877994537354
2620,16,train/lr,8.340069213792429e-06
2621,16,train/loss,1.409571647644043
2621,16,train/lr,8.31724875243283e-06
2622,16,train/loss,1.2173004150390625
2622,16,train/lr,8.294455344428023e-06
2623,16,train/loss,1.2981055974960327
2623,16,train/lr,8.271689012888005e-06
2624,16,train/loss,1.5175668001174927
2624,16,train/lr,8.248949780895306e-06
2625,16,train/loss,1.4217956066131592
2625,16,train/lr,8.226237671505004e-06
2626,16,train/loss,1.329053282737732
2626,16,train/lr,8.20355270774464e-06
2627,16,train/loss,1.4815142154693604
2627,16,train/lr,8.18089491261427e-06
2628,16,train/loss,1.442275047302246
2628,16,train/lr,8.158264309086382e-06
2629,16,train/loss,1.1561695337295532
2629,16,train/lr,8.135660920105912e-06
2630,16,train/loss,1.1900670528411865
2630,16,train/lr,8.113084768590185e-06
2631,16,train/loss,1.3212525844573975
2631,16,train/lr,8.090535877428918e-06
2632,16,train/loss,1.4338014125823975
2632,16,train/lr,8.068014269484189e-06
2633,16,train/loss,1.3085870742797852
2633,16,train/lr,8.045519967590423e-06
2634,16,train/loss,1.4052648544311523
2634,16,train/lr,8.023052994554341e-06
2635,16,train/loss,1.4787496328353882
2635,16,train/lr,8.000613373154986e-06
2636,16,train/loss,1.467869520187378
2636,16,train/lr,7.978201126143618e-06
2637,16,train/loss,1.4082763195037842
2637,16,train/lr,7.955816276243788e-06
2638,16,train/loss,1.4079737663269043
2638,16,train/lr,7.933458846151257e-06
2639,16,train/loss,1.3991994857788086
2639,16,train/lr,7.911128858533979e-06
2640,16,train/loss,1.5279532670974731
2640,16,train/lr,7.888826336032093e-06
2641,16,train/loss,1.378890872001648
2641,16,train/lr,7.866551301257882e-06
2642,16,train/loss,1.3727421760559082
2642,16,train/lr,7.844303776795768e-06
2643,16,train/loss,1.3063359260559082
2643,16,train/lr,7.822083785202277e-06
2644,16,train/loss,1.2670681476593018
2644,16,train/lr,7.799891349006018e-06
2645,16,train/loss,1.3066500425338745
2645,16,train/lr,7.777726490707665e-06
2646,16,train/loss,1.3875610828399658
2646,16,train/lr,7.755589232779938e-06
2647,16,train/loss,1.3744971752166748
2647,16,train/lr,7.733479597667546e-06
2648,16,train/loss,1.3528497219085693
2648,16,train/lr,7.71139760778722e-06
2649,16,train/loss,1.312087893486023
2649,16,train/lr,7.689343285527656e-06
2650,16,train/loss,1.364689826965332
2650,16,train/lr,7.667316653249489e-06
2651,16,train/loss,1.296132206916809
2651,16,train/lr,7.645317733285285e-06
2652,16,train/loss,1.5411968231201172
2652,16,train/lr,7.623346547939515e-06
2653,16,train/loss,1.3302839994430542
2653,16,train/lr,7.601403119488531e-06
2654,16,train/loss,1.4242936372756958
2654,16,train/lr,7.579487470180531e-06
2655,16,train/loss,1.2898794412612915
2655,16,train/lr,7.557599622235566e-06
2656,16,train/loss,1.3880784511566162
2656,16,train/lr,7.535739597845489e-06
2656,16,train/batches,662.0
2656,16,train/compute_pct,99.91944889529698
2656,16,train/compute_sec,67.38468274188926
2656,16,train/data_wait_pct,0.08055110470301505
2656,16,train/data_wait_sec,0.054322864016285166
2656,16,train/examples,5296.0
2656,16,train/examples_per_sec,78.53022078866827
2656,16,train/input_tokens,910581.0
2656,16,train/peak_vram_gb,6.741140365600586
2656,16,train/target_tokens,424438.0
2656,16,train/tokens_per_sec,19795.94728607763
2656,16,train/total_sec,67.43900560590555
2656,16,train/epoch_loss,1.371562428524847
2656,16,epoch16/batches,662.0
2656,16,epoch16/compute_pct,99.91944889529698
2656,16,epoch16/compute_sec,67.38468274188926
2656,16,epoch16/data_wait_pct,0.08055110470301505
2656,16,epoch16/data_wait_sec,0.054322864016285166
2656,16,epoch16/examples,5296.0
2656,16,epoch16/examples_per_sec,78.53022078866827
2656,16,epoch16/input_tokens,910581.0
2656,16,epoch16/peak_vram_gb,6.741140365600586
2656,16,epoch16/target_tokens,424438.0
2656,16,epoch16/tokens_per_sec,19795.94728607763
2656,16,epoch16/total_sec,67.43900560590555
2656,16,val/bleu,24.280746940329433
2656,16,val/chrf,45.12070061125492
2656,16,val/combined,33.09930986157035
2656,16,val/eval_peak_vram_gb,6.741140365600586
2656,16,val/eval_samples_per_sec,7.52875553431933
2656,16,val/eval_seconds,79.29597358801402
2656,16,val/eval_tokens_per_sec,1381.5077240764053
2657,17,train/loss,1.3604509830474854
2657,17,train/lr,7.513907419173934e-06
2658,17,train/loss,1.3284938335418701
2658,17,train/lr,7.492103108356315e-06
2659,17,train/loss,1.5093965530395508
2659,17,train/lr,7.470326687499795e-06
2660,17,train/loss,1.3464815616607666
2660,17,train/lr,7.448578178683247e-06
2661,17,train/loss,1.316927194595337
2661,17,train/lr,7.426857603957254e-06
2662,17,train/loss,1.4245359897613525
2662,17,train/lr,7.405164985344072e-06
2663,17,train/loss,1.4176119565963745
2663,17,train/lr,7.383500344837613e-06
2664,17,train/loss,1.3669853210449219
2664,17,train/lr,7.361863704403427e-06
2665,17,train/loss,1.5130749940872192
2665,17,train/lr,7.340255085978668e-06
2666,17,train/loss,1.3172694444656372
2666,17,train/lr,7.318674511472094e-06
2667,17,train/loss,1.3356406688690186
2667,17,train/lr,7.2971220027639915e-06
2668,17,train/loss,1.498155951499939
2668,17,train/lr,7.275597581706238e-06
2669,17,train/loss,1.5901954174041748
2669,17,train/lr,7.254101270122204e-06
2670,17,train/loss,1.287471055984497
2670,17,train/lr,7.232633089806773e-06
2671,17,train/loss,1.3334561586380005
2671,17,train/lr,7.211193062526301e-06
2672,17,train/loss,1.3927021026611328
2672,17,train/lr,7.189781210018604e-06
2673,17,train/loss,1.3333392143249512
2673,17,train/lr,7.168397553992925e-06
2674,17,train/loss,1.4169895648956299
2674,17,train/lr,7.147042116129924e-06
2675,17,train/loss,1.3115407228469849
2675,17,train/lr,7.125714918081654e-06
2676,17,train/loss,1.2680655717849731
2676,17,train/lr,7.104415981471536e-06
2677,17,train/loss,1.3261613845825195
2677,17,train/lr,7.083145327894316e-06
2678,17,train/loss,1.3967781066894531
2678,17,train/lr,7.0619029789160895e-06
2679,17,train/loss,1.3478811979293823
2679,17,train/lr,7.04068895607425e-06
2680,17,train/loss,1.4298923015594482
2680,17,train/lr,7.019503280877466e-06
2681,17,train/loss,1.5999701023101807
2681,17,train/lr,6.998345974805661e-06
2682,17,train/loss,1.4138392210006714
2682,17,train/lr,6.977217059310008e-06
2683,17,train/loss,1.3759684562683105
2683,17,train/lr,6.95611655581288e-06
2684,17,train/loss,1.3722152709960938
2684,17,train/lr,6.935044485707854e-06
2685,17,train/loss,1.286998987197876
2685,17,train/lr,6.91400087035968e-06
2686,17,train/loss,1.4369868040084839
2686,17,train/lr,6.892985731104244e-06
2687,17,train/loss,1.3560245037078857
2687,17,train/lr,6.871999089248578e-06
2688,17,train/loss,1.2590397596359253
2688,17,train/lr,6.851040966070809e-06
2689,17,train/loss,1.4359509944915771
2689,17,train/lr,6.830111382820152e-06
2690,17,train/loss,1.583058476448059
2690,17,train/lr,6.809210360716888e-06
2691,17,train/loss,1.3761041164398193
2691,17,train/lr,6.7883379209523405e-06
2692,17,train/loss,1.434722661972046
2692,17,train/lr,6.7674940846888505e-06
2693,17,train/loss,1.3366503715515137
2693,17,train/lr,6.746678873059761e-06
2694,17,train/loss,1.4567385911941528
2694,17,train/lr,6.725892307169387e-06
2695,17,train/loss,1.2994531393051147
2695,17,train/lr,6.705134408093017e-06
2696,17,train/loss,1.3546428680419922
2696,17,train/lr,6.684405196876842e-06
2697,17,train/loss,1.340114712715149
2697,17,train/lr,6.663704694537995e-06
2698,17,train/loss,1.4248056411743164
2698,17,train/lr,6.6430329220645e-06
2699,17,train/loss,1.2553552389144897
2699,17,train/lr,6.6223899004152356e-06
2700,17,train/loss,1.415381669998169
2700,17,train/lr,6.6017756505199415e-06
2701,17,train/loss,1.447643756866455
2701,17,train/lr,6.58119019327919e-06
2702,17,train/loss,1.2542684078216553
2702,17,train/lr,6.56063354956435e-06
2703,17,train/loss,1.392600417137146
2703,17,train/lr,6.540105740217582e-06
2704,17,train/loss,1.3400051593780518
2704,17,train/lr,6.519606786051812e-06
2705,17,train/loss,1.3556751012802124
2705,17,train/lr,6.499136707850721e-06
2706,17,train/loss,1.489838719367981
2706,17,train/lr,6.478695526368677e-06
2707,17,train/loss,1.4383330345153809
2707,17,train/lr,6.458283262330791e-06
2708,17,train/loss,1.4176461696624756
2708,17,train/lr,6.437899936432833e-06
2709,17,train/loss,1.330805778503418
2709,17,train/lr,6.417545569341238e-06
2710,17,train/loss,1.5201210975646973
2710,17,train/lr,6.397220181693082e-06
2711,17,train/loss,1.1907145977020264
2711,17,train/lr,6.376923794096059e-06
2712,17,train/loss,1.2021862268447876
2712,17,train/lr,6.356656427128452e-06
2713,17,train/loss,1.4810322523117065
2713,17,train/lr,6.336418101339134e-06
2714,17,train/loss,1.3412562608718872
2714,17,train/lr,6.316208837247522e-06
2715,17,train/loss,1.3036444187164307
2715,17,train/lr,6.296028655343581e-06
2716,17,train/loss,1.3580329418182373
2716,17,train/lr,6.2758775760877605e-06
2717,17,train/loss,1.4559729099273682
2717,17,train/lr,6.255755619911037e-06
2718,17,train/loss,1.430384635925293
2718,17,train/lr,6.235662807214846e-06
2719,17,train/loss,1.3129044771194458
2719,17,train/lr,6.215599158371069e-06
2720,17,train/loss,1.3638707399368286
2720,17,train/lr,6.195564693722027e-06
2721,17,train/loss,1.515452265739441
2721,17,train/lr,6.175559433580448e-06
2722,17,train/loss,1.3528558015823364
2722,17,train/lr,6.15558339822945e-06
2723,17,train/loss,1.3937749862670898
2723,17,train/lr,6.135636607922522e-06
2724,17,train/loss,1.2865259647369385
2724,17,train/lr,6.1157190828834995e-06
2725,17,train/loss,1.4966425895690918
2725,17,train/lr,6.095830843306556e-06
2726,17,train/loss,1.2416019439697266
2726,17,train/lr,6.075971909356146e-06
2727,17,train/loss,1.2854323387145996
2727,17,train/lr,6.056142301167038e-06
2728,17,train/loss,1.3879077434539795
2728,17,train/lr,6.0363420388442584e-06
2729,17,train/loss,1.344003677368164
2729,17,train/lr,6.016571142463082e-06
2730,17,train/loss,1.3390167951583862
2730,17,train/lr,5.9968296320690084e-06
2731,17,train/loss,1.4231153726577759
2731,17,train/lr,5.977117527677743e-06
2732,17,train/loss,1.3151218891143799
2732,17,train/lr,5.957434849275173e-06
2733,17,train/loss,1.2331736087799072
2733,17,train/lr,5.937781616817357e-06
2734,17,train/loss,1.4263041019439697
2734,17,train/lr,5.918157850230493e-06
2735,17,train/loss,1.212741732597351
2735,17,train/lr,5.898563569410913e-06
2736,17,train/loss,1.2015798091888428
2736,17,train/lr,5.878998794225053e-06
2737,17,train/loss,1.4310109615325928
2737,17,train/lr,5.8594635445094135e-06
2738,17,train/loss,1.2511705160140991
2738,17,train/lr,5.839957840070582e-06
2739,17,train/loss,1.1878836154937744
2739,17,train/lr,5.820481700685177e-06
2740,17,train/loss,1.4523779153823853
2740,17,train/lr,5.8010351460998536e-06
2741,17,train/loss,1.337296485900879
2741,17,train/lr,5.781618196031265e-06
2742,17,train/loss,1.348451852798462
2742,17,train/lr,5.762230870166045e-06
2743,17,train/loss,1.3069897890090942
2743,17,train/lr,5.742873188160796e-06
2744,17,train/loss,1.2997897863388062
2744,17,train/lr,5.723545169642064e-06
2745,17,train/loss,1.273181676864624
2745,17,train/lr,5.7042468342063175e-06
2746,17,train/loss,1.2789802551269531
2746,17,train/lr,5.684978201419943e-06
2747,17,train/loss,1.583937644958496
2747,17,train/lr,5.66573929081918e-06
2748,17,train/loss,1.2356667518615723
2748,17,train/lr,5.646530121910162e-06
2749,17,train/loss,1.2988471984863281
2749,17,train/lr,5.627350714168863e-06
2750,17,train/loss,1.4904794692993164
2750,17,train/lr,5.6082010870410745e-06
2751,17,train/loss,1.2425975799560547
2751,17,train/lr,5.5890812599424015e-06
2752,17,train/loss,1.4030897617340088
2752,17,train/lr,5.569991252258227e-06
2753,17,train/loss,1.5086532831192017
2753,17,train/lr,5.550931083343706e-06
2754,17,train/loss,1.3372927904129028
2754,17,train/lr,5.531900772523741e-06
2755,17,train/loss,1.44062340259552
2755,17,train/lr,5.512900339092956e-06
2756,17,train/loss,1.6046807765960693
2756,17,train/lr,5.4939298023157005e-06
2757,17,train/loss,1.270775318145752
2757,17,train/lr,5.474989181425972e-06
2758,17,train/loss,1.383185863494873
2758,17,train/lr,5.45607849562748e-06
2759,17,train/loss,1.221911072731018
2759,17,train/lr,5.43719776409356e-06
2760,17,train/loss,1.194103717803955
2760,17,train/lr,5.418347005967188e-06
2761,17,train/loss,1.2684063911437988
2761,17,train/lr,5.399526240360938e-06
2762,17,train/loss,1.5063472986221313
2762,17,train/lr,5.38073548635699e-06
2763,17,train/loss,1.4151458740234375
2763,17,train/lr,5.361974763007078e-06
2764,17,train/loss,1.2699395418167114
2764,17,train/lr,5.343244089332509e-06
2765,17,train/loss,1.2772396802902222
2765,17,train/lr,5.324543484324103e-06
2766,17,train/loss,1.5312645435333252
2766,17,train/lr,5.305872966942214e-06
2767,17,train/loss,1.3010039329528809
2767,17,train/lr,5.287232556116663e-06
2768,17,train/loss,1.5152398347854614
2768,17,train/lr,5.268622270746769e-06
2769,17,train/loss,1.3032196760177612
2769,17,train/lr,5.250042129701304e-06
2770,17,train/loss,1.438838005065918
2770,17,train/lr,5.231492151818466e-06
2771,17,train/loss,1.2339928150177002
2771,17,train/lr,5.212972355905886e-06
2772,17,train/loss,1.2708405256271362
2772,17,train/lr,5.194482760740584e-06
2773,17,train/loss,1.2792435884475708
2773,17,train/lr,5.176023385068957e-06
2774,17,train/loss,1.4783263206481934
2774,17,train/lr,5.157594247606773e-06
2775,17,train/loss,1.2679800987243652
2775,17,train/lr,5.139195367039136e-06
2776,17,train/loss,1.4779484272003174
2776,17,train/lr,5.120826762020479e-06
2777,17,train/loss,1.4839282035827637
2777,17,train/lr,5.10248845117452e-06
2778,17,train/loss,1.3143815994262695
2778,17,train/lr,5.084180453094282e-06
2779,17,train/loss,1.5030264854431152
2779,17,train/lr,5.065902786342046e-06
2780,17,train/loss,1.4325039386749268
2780,17,train/lr,5.04765546944934e-06
2781,17,train/loss,1.5664849281311035
2781,17,train/lr,5.029438520916931e-06
2782,17,train/loss,1.4052629470825195
2782,17,train/lr,5.011251959214782e-06
2783,17,train/loss,1.639662504196167
2783,17,train/lr,4.99309580278205e-06
2784,17,train/loss,1.0896458625793457
2784,17,train/lr,4.974970070027069e-06
2785,17,train/loss,1.3000997304916382
2785,17,train/lr,4.956874779327328e-06
2786,17,train/loss,1.5110141038894653
2786,17,train/lr,4.938809949029447e-06
2787,17,train/loss,1.3773126602172852
2787,17,train/lr,4.920775597449155e-06
2788,17,train/loss,1.341966152191162
2788,17,train/lr,4.902771742871299e-06
2789,17,train/loss,1.4148285388946533
2789,17,train/lr,4.884798403549786e-06
2790,17,train/loss,1.3457551002502441
2790,17,train/lr,4.866855597707594e-06
2791,17,train/loss,1.445845365524292
2791,17,train/lr,4.848943343536744e-06
2792,17,train/loss,1.4804935455322266
2792,17,train/lr,4.8310616591982745e-06
2793,17,train/loss,1.4526166915893555
2793,17,train/lr,4.813210562822232e-06
2794,17,train/loss,1.2920100688934326
2794,17,train/lr,4.7953900725076525e-06
2795,17,train/loss,1.3148102760314941
2795,17,train/lr,4.777600206322549e-06
2796,17,train/loss,1.3863980770111084
2796,17,train/lr,4.759840982303862e-06
2797,17,train/loss,1.3363651037216187
2797,17,train/lr,4.742112418457481e-06
2798,17,train/loss,1.479563593864441
2798,17,train/lr,4.7244145327582036e-06
2799,17,train/loss,1.37107253074646
2799,17,train/lr,4.706747343149737e-06
2800,17,train/loss,1.4447468519210815
2800,17,train/lr,4.689110867544645e-06
2801,17,train/loss,1.3238357305526733
2801,17,train/lr,4.6715051238243665e-06
2802,17,train/loss,1.3960177898406982
2802,17,train/lr,4.653930129839173e-06
2803,17,train/loss,1.4039051532745361
2803,17,train/lr,4.636385903408161e-06
2804,17,train/loss,1.5441457033157349
2804,17,train/lr,4.6188724623192385e-06
2805,17,train/loss,1.4175843000411987
2805,17,train/lr,4.601389824329097e-06
2806,17,train/loss,1.6037554740905762
2806,17,train/lr,4.583938007163179e-06
2807,17,train/loss,1.2889595031738281
2807,17,train/lr,4.56651702851571e-06
2808,17,train/loss,1.2613718509674072
2808,17,train/lr,4.549126906049629e-06
2809,17,train/loss,1.3410913944244385
2809,17,train/lr,4.531767657396591e-06
2810,17,train/loss,1.194703221321106
2810,17,train/lr,4.514439300156954e-06
2811,17,train/loss,1.375654935836792
2811,17,train/lr,4.497141851899756e-06
2812,17,train/loss,1.3334190845489502
2812,17,train/lr,4.4798753301626915e-06
2813,17,train/loss,1.391169786453247
2813,17,train/lr,4.462639752452098e-06
2814,17,train/loss,1.2452287673950195
2814,17,train/lr,4.445435136242947e-06
2815,17,train/loss,1.2859550714492798
2815,17,train/lr,4.428261498978826e-06
2816,17,train/loss,1.346802830696106
2816,17,train/lr,4.411118858071873e-06
2817,17,train/loss,1.422438144683838
2817,17,train/lr,4.394007230902848e-06
2818,17,train/loss,1.532572627067566
2818,17,train/lr,4.3769266348210394e-06
2819,17,train/loss,1.260991096496582
2819,17,train/lr,4.359877087144281e-06
2820,17,train/loss,1.2443091869354248
2820,17,train/lr,4.342858605158925e-06
2821,17,train/loss,1.4684174060821533
2821,17,train/lr,4.325871206119832e-06
2822,17,train/loss,1.4100676774978638
2822,17,train/lr,4.308914907250337e-06
2822,17,train/batches,662.0
2822,17,train/compute_pct,99.90694945789376
2822,17,train/compute_sec,68.77701201970922
2822,17,train/data_wait_pct,0.09305054210623924
2822,17,train/data_wait_sec,0.06405698790331371
2822,17,train/examples,5296.0
2822,17,train/examples_per_sec,76.93082162065731
2822,17,train/input_tokens,910581.0
2822,17,train/peak_vram_gb,6.741140365600586
2822,17,train/target_tokens,424438.0
2822,17,train/tokens_per_sec,19392.769741160933
2822,17,train/total_sec,68.84106900761253
2822,17,train/epoch_loss,1.3690054009688224
2822,17,epoch17/batches,662.0
2822,17,epoch17/compute_pct,99.90694945789376
2822,17,epoch17/compute_sec,68.77701201970922
2822,17,epoch17/data_wait_pct,0.09305054210623924
2822,17,epoch17/data_wait_sec,0.06405698790331371
2822,17,epoch17/examples,5296.0
2822,17,epoch17/examples_per_sec,76.93082162065731
2822,17,epoch17/input_tokens,910581.0
2822,17,epoch17/peak_vram_gb,6.741140365600586
2822,17,epoch17/target_tokens,424438.0
2822,17,epoch17/tokens_per_sec,19392.769741160933
2822,17,epoch17/total_sec,68.84106900761253
2822,17,val/bleu,24.313626469697375
2822,17,val/chrf,45.08452648189653
2822,17,val/combined,33.10843301100208
2822,17,val/eval_peak_vram_gb,6.741140365600586
2822,17,val/eval_samples_per_sec,7.409211877360885
2822,17,val/eval_seconds,80.57537156200851
2822,17,val/eval_tokens_per_sec,1382.5192219470193
2823,18,train/loss,1.4393949508666992
2823,18,train/lr,4.291989725742252e-06
2824,18,train/loss,1.2019697427749634
2824,18,train/lr,4.275095678755838e-06
2825,18,train/loss,1.2564058303833008
2825,18,train/lr,4.258232783419797e-06
2826,18,train/loss,1.2483723163604736
2826,18,train/lr,4.241401056831215e-06
2827,18,train/loss,1.3527470827102661
2827,18,train/lr,4.224600516055613e-06
2828,18,train/loss,1.4376120567321777
2828,18,train/lr,4.20783117812688e-06
2829,18,train/loss,1.3445552587509155
2829,18,train/lr,4.191093060047256e-06
2830,18,train/loss,1.3849254846572876
2830,18,train/lr,4.174386178787354e-06
2831,18,train/loss,1.3766988515853882
2831,18,train/lr,4.157710551286091e-06
2832,18,train/loss,1.431119441986084
2832,18,train/lr,4.141066194450712e-06
2833,18,train/loss,1.3878607749938965
2833,18,train/lr,4.12445312515675e-06
2834,18,train/loss,1.44535231590271
2834,18,train/lr,4.107871360248019e-06
2835,18,train/loss,1.2142479419708252
2835,18,train/lr,4.091320916536589e-06
2836,18,train/loss,1.5577051639556885
2836,18,train/lr,4.074801810802784e-06
2837,18,train/loss,1.3539146184921265
2837,18,train/lr,4.0583140597951344e-06
2838,18,train/loss,1.3069895505905151
2838,18,train/lr,4.041857680230405e-06
2839,18,train/loss,1.1949822902679443
2839,18,train/lr,4.025432688793538e-06
2840,18,train/loss,1.3774540424346924
2840,18,train/lr,4.009039102137657e-06
2841,18,train/loss,1.3052154779434204
2841,18,train/lr,3.99267693688404e-06
2842,18,train/loss,1.4165582656860352
2842,18,train/lr,3.976346209622115e-06
2843,18,train/loss,1.2696809768676758
2843,18,train/lr,3.960046936909433e-06
2844,18,train/loss,1.4345855712890625
2844,18,train/lr,3.943779135271646e-06
2845,18,train/loss,1.4685945510864258
2845,18,train/lr,3.927542821202501e-06
2846,18,train/loss,1.4965887069702148
2846,18,train/lr,3.91133801116384e-06
2847,18,train/loss,1.449636697769165
2847,18,train/lr,3.895164721585522e-06
2848,18,train/loss,1.400883436203003
2848,18,train/lr,3.879022968865484e-06
2849,18,train/loss,1.3565657138824463
2849,18,train/lr,3.862912769369672e-06
2850,18,train/loss,1.2097216844558716
2850,18,train/lr,3.846834139432045e-06
2851,18,train/loss,1.319527506828308
2851,18,train/lr,3.8307870953545546e-06
2852,18,train/loss,1.2811410427093506
2852,18,train/lr,3.814771653407127e-06
2853,18,train/loss,1.5110056400299072
2853,18,train/lr,3.7987878298276437e-06
2854,18,train/loss,1.5580804347991943
2854,18,train/lr,3.7828356408219346e-06
2855,18,train/loss,1.345597505569458
2855,18,train/lr,3.7669151025637494e-06
2856,18,train/loss,1.3652775287628174
2856,18,train/lr,3.751026231194761e-06
2857,18,train/loss,1.2808927297592163
2857,18,train/lr,3.7351690428245133e-06
2858,18,train/loss,1.3421447277069092
2858,18,train/lr,3.71934355353044e-06
2859,18,train/loss,1.3914051055908203
2859,18,train/lr,3.703549779357838e-06
2860,18,train/loss,1.3538427352905273
2860,18,train/lr,3.6877877363198456e-06
2861,18,train/loss,1.3393043279647827
2861,18,train/lr,3.672057440397427e-06
2862,18,train/loss,1.4216423034667969
2862,18,train/lr,3.6563589075393617e-06
2863,18,train/loss,1.5371932983398438
2863,18,train/lr,3.640692153662226e-06
2864,18,train/loss,1.3858553171157837
2864,18,train/lr,3.6250571946503677e-06
2865,18,train/loss,1.2379757165908813
2865,18,train/lr,3.609454046355911e-06
2866,18,train/loss,1.4027173519134521
2866,18,train/lr,3.593882724598719e-06
2867,18,train/loss,1.4164263010025024
2867,18,train/lr,3.578343245166377e-06
2868,18,train/loss,1.260048508644104
2868,18,train/lr,3.562835623814205e-06
2869,18,train/loss,1.312071681022644
2869,18,train/lr,3.547359876265215e-06
2870,18,train/loss,1.4417035579681396
2870,18,train/lr,3.5319160182100946e-06
2871,18,train/loss,1.3860596418380737
2871,18,train/lr,3.516504065307211e-06
2872,18,train/loss,1.434098243713379
2872,18,train/lr,3.5011240331825784e-06
2873,18,train/loss,1.4328628778457642
2873,18,train/lr,3.4857759374298417e-06
2874,18,train/loss,1.3445967435836792
2874,18,train/lr,3.4704597936102735e-06
2875,18,train/loss,1.7041220664978027
2875,18,train/lr,3.4551756172527435e-06
2876,18,train/loss,1.3972597122192383
2876,18,train/lr,3.4399234238537248e-06
2877,18,train/loss,1.1326236724853516
2877,18,train/lr,3.4247032288772414e-06
2878,18,train/loss,1.4152567386627197
2878,18,train/lr,3.4095150477548857e-06
2879,18,train/loss,1.4674533605575562
2879,18,train/lr,3.394358895885792e-06
2880,18,train/loss,1.3608989715576172
2880,18,train/lr,3.379234788636626e-06
2881,18,train/loss,1.2454023361206055
2881,18,train/lr,3.364142741341552e-06
2882,18,train/loss,1.2761656045913696
2882,18,train/lr,3.3490827693022263e-06
2883,18,train/loss,1.1795881986618042
2883,18,train/lr,3.334054887787812e-06
2884,18,train/loss,1.462738275527954
2884,18,train/lr,3.319059112034913e-06
2885,18,train/loss,1.3665478229522705
2885,18,train/lr,3.304095457247575e-06
2886,18,train/loss,1.4961585998535156
2886,18,train/lr,3.2891639385972913e-06
2887,18,train/loss,1.404564619064331
2887,18,train/lr,3.2742645712229667e-06
2888,18,train/loss,1.3385794162750244
2888,18,train/lr,3.2593973702309106e-06
2889,18,train/loss,1.3417633771896362
2889,18,train/lr,3.2445623506948167e-06
2890,18,train/loss,1.2160128355026245
2890,18,train/lr,3.2297595276557596e-06
2891,18,train/loss,1.473818302154541
2891,18,train/lr,3.214988916122152e-06
2892,18,train/loss,1.248598337173462
2892,18,train/lr,3.2002505310697645e-06
2893,18,train/loss,1.3380649089813232
2893,18,train/lr,3.185544387441689e-06
2894,18,train/loss,1.2457865476608276
2894,18,train/lr,3.1708705001483224e-06
2895,18,train/loss,1.365285873413086
2895,18,train/lr,3.1562288840673668e-06
2896,18,train/loss,1.4392545223236084
2896,18,train/lr,3.1416195540437896e-06
2897,18,train/loss,1.6064698696136475
2897,18,train/lr,3.1270425248898407e-06
2898,18,train/loss,1.24790620803833
2898,18,train/lr,3.112497811385009e-06
2899,18,train/loss,1.270400047302246
2899,18,train/lr,3.09798542827603e-06
2900,18,train/loss,1.2306022644042969
2900,18,train/lr,3.0835053902768477e-06
2901,18,train/loss,1.1695302724838257
2901,18,train/lr,3.069057712068616e-06
2902,18,train/loss,1.4473655223846436
2902,18,train/lr,3.0546424082996833e-06
2903,18,train/loss,1.3747634887695312
2903,18,train/lr,3.040259493585574e-06
2904,18,train/loss,1.279779076576233
2904,18,train/lr,3.0259089825089655e-06
2905,18,train/loss,1.3763458728790283
2905,18,train/lr,3.0115908896196973e-06
2906,18,train/loss,1.436439037322998
2906,18,train/lr,2.997305229434711e-06
2907,18,train/loss,1.4448652267456055
2907,18,train/lr,2.983052016438099e-06
2908,18,train/loss,1.3991706371307373
2908,18,train/lr,2.968831265081032e-06
2909,18,train/loss,1.479741096496582
2909,18,train/lr,2.9546429897817848e-06
2910,18,train/loss,1.250321865081787
2910,18,train/lr,2.9404872049256916e-06
2911,18,train/loss,1.2181023359298706
2911,18,train/lr,2.9263639248651553e-06
2912,18,train/loss,1.3765872716903687
2912,18,train/lr,2.9122731639196154e-06
2913,18,train/loss,1.2711373567581177
2913,18,train/lr,2.898214936375541e-06
2914,18,train/loss,1.2206037044525146
2914,18,train/lr,2.884189256486421e-06
2915,18,train/loss,1.5480304956436157
2915,18,train/lr,2.8701961384727446e-06
2916,18,train/loss,1.4139680862426758
2916,18,train/lr,2.856235596521978e-06
2917,18,train/loss,1.3110949993133545
2917,18,train/lr,2.8423076447885628e-06
2918,18,train/loss,1.2782566547393799
2918,18,train/lr,2.8284122973939037e-06
2919,18,train/loss,1.3612852096557617
2919,18,train/lr,2.8145495684263415e-06
2920,18,train/loss,1.4743304252624512
2920,18,train/lr,2.800719471941152e-06
2921,18,train/loss,1.443725824356079
2921,18,train/lr,2.7869220219605202e-06
2922,18,train/loss,1.5138672590255737
2922,18,train/lr,2.7731572324735328e-06
2923,18,train/loss,1.2307623624801636
2923,18,train/lr,2.7594251174361607e-06
2924,18,train/loss,1.272180438041687
2924,18,train/lr,2.7457256907712456e-06
2925,18,train/loss,1.1894245147705078
2925,18,train/lr,2.732058966368498e-06
2926,18,train/loss,1.179847240447998
2926,18,train/lr,2.718424958084452e-06
2927,18,train/loss,1.279779314994812
2927,18,train/lr,2.704823679742485e-06
2928,18,train/loss,1.7777873277664185
2928,18,train/lr,2.691255145132793e-06
2929,18,train/loss,1.3703417778015137
2929,18,train/lr,2.6777193680123567e-06
2930,18,train/loss,1.3244011402130127
2930,18,train/lr,2.664216362104964e-06
2931,18,train/loss,1.3802225589752197
2931,18,train/lr,2.6507461411011644e-06
2932,18,train/loss,1.3626108169555664
2932,18,train/lr,2.637308718658272e-06
2933,18,train/loss,1.4363632202148438
2933,18,train/lr,2.6239041084003426e-06
2934,18,train/loss,1.4859299659729004
2934,18,train/lr,2.6105323239181696e-06
2935,18,train/loss,1.2812503576278687
2935,18,train/lr,2.5971933787692573e-06
2936,18,train/loss,1.1438020467758179
2936,18,train/lr,2.5838872864778276e-06
2937,18,train/loss,1.2242648601531982
2937,18,train/lr,2.5706140605347706e-06
2938,18,train/loss,1.2205679416656494
2938,18,train/lr,2.5573737143976756e-06
2939,18,train/loss,1.3157150745391846
2939,18,train/lr,2.5441662614907874e-06
2940,18,train/loss,1.4175422191619873
2940,18,train/lr,2.5309917152049995e-06
2941,18,train/loss,1.2259365320205688
2941,18,train/lr,2.517850088897846e-06
2942,18,train/loss,1.5342180728912354
2942,18,train/lr,2.5047413958934735e-06
2943,18,train/loss,1.2363537549972534
2943,18,train/lr,2.4916656494826517e-06
2944,18,train/loss,1.295888066291809
2944,18,train/lr,2.478622862922738e-06
2945,18,train/loss,1.4219120740890503
2945,18,train/lr,2.4656130494376695e-06
2946,18,train/loss,1.4807370901107788
2946,18,train/lr,2.4526362222179665e-06
2947,18,train/loss,1.5157359838485718
2947,18,train/lr,2.4396923944206826e-06
2948,18,train/loss,1.2997466325759888
2948,18,train/lr,2.4267815791694286e-06
2949,18,train/loss,1.360237956047058
2949,18,train/lr,2.4139037895543458e-06
2950,18,train/loss,1.4362282752990723
2950,18,train/lr,2.4010590386320806e-06
2951,18,train/loss,1.2543692588806152
2951,18,train/lr,2.3882473394257956e-06
2952,18,train/loss,1.384321689605713
2952,18,train/lr,2.375468704925131e-06
2953,18,train/loss,1.3371496200561523
2953,18,train/lr,2.3627231480862033e-06
2954,18,train/loss,1.3097162246704102
2954,18,train/lr,2.3500106818316005e-06
2955,18,train/loss,1.3554317951202393
2955,18,train/lr,2.337331319050355e-06
2956,18,train/loss,1.4261631965637207
2956,18,train/lr,2.3246850725979426e-06
2957,18,train/loss,1.455105185508728
2957,18,train/lr,2.3120719552962463e-06
2958,18,train/loss,1.5110023021697998
2958,18,train/lr,2.2994919799335684e-06
2959,18,train/loss,1.4072890281677246
2959,18,train/lr,2.2869451592646217e-06
2960,18,train/loss,1.5152544975280762
2960,18,train/lr,2.2744315060104845e-06
2961,18,train/loss,1.4079084396362305
2961,18,train/lr,2.2619510328586194e-06
2962,18,train/loss,1.3388755321502686
2962,18,train/lr,2.249503752462841e-06
2963,18,train/loss,1.4439759254455566
2963,18,train/lr,2.2370896774433183e-06
2964,18,train/loss,1.2362232208251953
2964,18,train/lr,2.224708820386541e-06
2965,18,train/loss,1.3833658695220947
2965,18,train/lr,2.212361193845333e-06
2966,18,train/loss,1.3212857246398926
2966,18,train/lr,2.200046810338828e-06
2967,18,train/loss,1.4059005975723267
2967,18,train/lr,2.1877656823524282e-06
2968,18,train/loss,1.3626326322555542
2968,18,train/lr,2.175517822337849e-06
2969,18,train/loss,1.5255722999572754
2969,18,train/lr,2.163303242713058e-06
2970,18,train/loss,1.270497441291809
2970,18,train/lr,2.151121955862295e-06
2971,18,train/loss,1.4647703170776367
2971,18,train/lr,2.138973974136027e-06
2972,18,train/loss,1.5237376689910889
2972,18,train/lr,2.1268593098509674e-06
2973,18,train/loss,1.418581247329712
2973,18,train/lr,2.114777975290044e-06
2974,18,train/loss,1.2511955499649048
2974,18,train/lr,2.102729982702392e-06
2975,18,train/loss,1.2026665210723877
2975,18,train/lr,2.0907153443033394e-06
2976,18,train/loss,1.276795744895935
2976,18,train/lr,2.0787340722744e-06
2977,18,train/loss,1.5088074207305908
2977,18,train/lr,2.0667861787632587e-06
2978,18,train/loss,1.2855383157730103
2978,18,train/lr,2.054871675883755e-06
2979,18,train/loss,1.5294897556304932
2979,18,train/lr,2.0429905757158678e-06
2980,18,train/loss,1.3853803873062134
2980,18,train/lr,2.0311428903057296e-06
2981,18,train/loss,1.3309698104858398
2981,18,train/lr,2.0193286316655753e-06
2982,18,train/loss,1.4526869058609009
2982,18,train/lr,2.0075478117737546e-06
2983,18,train/loss,1.4977116584777832
2983,18,train/lr,1.995800442574714e-06
2984,18,train/loss,1.3945963382720947
2984,18,train/lr,1.9840865359789894e-06
2985,18,train/loss,1.6209590435028076
2985,18,train/lr,1.9724061038631843e-06
2986,18,train/loss,1.2293667793273926
2986,18,train/lr,1.9607591580699546e-06
2987,18,train/loss,1.3349769115447998
2987,18,train/lr,1.9491457104080193e-06
2988,18,train/loss,1.4526681900024414
2988,18,train/lr,1.93756577265213e-06
2988,18,train/batches,662.0
2988,18,train/compute_pct,99.91759044100168
2988,18,train/compute_sec,67.98511668495485
2988,18,train/data_wait_pct,0.08240955899832124
2988,18,train/data_wait_sec,0.05607244389830157
2988,18,train/examples,5296.0
2988,18,train/examples_per_sec,77.83520640667653
2988,18,train/input_tokens,910581.0
2988,18,train/peak_vram_gb,6.741140365600586
2988,18,train/target_tokens,424438.0
2988,18,train/tokens_per_sec,19620.747624968826
2988,18,train/total_sec,68.04118912885315
2988,18,train/epoch_loss,1.365699651738308
2988,18,epoch18/batches,662.0
2988,18,epoch18/compute_pct,99.91759044100168
2988,18,epoch18/compute_sec,67.98511668495485
2988,18,epoch18/data_wait_pct,0.08240955899832124
2988,18,epoch18/data_wait_sec,0.05607244389830157
2988,18,epoch18/examples,5296.0
2988,18,epoch18/examples_per_sec,77.83520640667653
2988,18,epoch18/input_tokens,910581.0
2988,18,epoch18/peak_vram_gb,6.741140365600586
2988,18,epoch18/target_tokens,424438.0
2988,18,epoch18/tokens_per_sec,19620.747624968826
2988,18,epoch18/total_sec,68.04118912885315
2988,18,val/bleu,24.31064591538506
2988,18,val/chrf,45.12578579261666
2988,18,val/combined,33.121548877699205
2988,18,val/eval_peak_vram_gb,6.741140365600586
2988,18,val/eval_samples_per_sec,7.457353362481344
2988,18,val/eval_seconds,80.05521141100326
2988,18,val/eval_tokens_per_sec,1363.321613625756
2989,19,train/loss,1.227627158164978
2989,19,train/lr,1.9260193565430555e-06
2990,19,train/loss,1.3907204866409302
2990,19,train/lr,1.9145064737875883e-06
2991,19,train/loss,1.1914052963256836
2991,19,train/lr,1.9030271360585158e-06
2992,19,train/loss,1.2905404567718506
2992,19,train/lr,1.891581354994618e-06
2993,19,train/loss,1.2528653144836426
2993,19,train/lr,1.880169142200642e-06
2994,19,train/loss,1.3807696104049683
2994,19,train/lr,1.8687905092473082e-06
2995,19,train/loss,1.3179324865341187
2995,19,train/lr,1.8574454676713046e-06
2996,19,train/loss,1.3199901580810547
2996,19,train/lr,1.8461340289752259e-06
2997,19,train/loss,1.4003663063049316
2997,19,train/lr,1.8348562046276304e-06
2998,19,train/loss,1.445103406906128
2998,19,train/lr,1.8236120060629838e-06
2999,19,train/loss,1.2783278226852417
2999,19,train/lr,1.812401444681653e-06
3000,19,train/loss,1.3557294607162476
3000,19,train/lr,1.801224531849908e-06
3001,19,train/loss,1.3107542991638184
3001,19,train/lr,1.790081278899897e-06
3002,19,train/loss,1.3461558818817139
3002,19,train/lr,1.7789716971296513e-06
3003,19,train/loss,1.3820343017578125
3003,19,train/lr,1.7678957978030545e-06
3004,19,train/loss,1.3193354606628418
3004,19,train/lr,1.756853592149841e-06
3005,19,train/loss,1.4654501676559448
3005,19,train/lr,1.7458450913655865e-06
3006,19,train/loss,1.3278998136520386
3006,19,train/lr,1.7348703066116859e-06
3007,19,train/loss,1.4728807210922241
3007,19,train/lr,1.72392924901536e-06
3008,19,train/loss,1.3084732294082642
3008,19,train/lr,1.7130219296696263e-06
3009,19,train/loss,1.3399523496627808
3009,19,train/lr,1.7021483596332996e-06
3010,19,train/loss,1.4006471633911133
3010,19,train/lr,1.691308549930981e-06
3011,19,train/loss,1.306548833847046
3011,19,train/lr,1.680502511553033e-06
3012,19,train/loss,1.3291265964508057
3012,19,train/lr,1.6697302554555776e-06
3013,19,train/loss,1.576615571975708
3013,19,train/lr,1.6589917925604984e-06
3014,19,train/loss,1.354865312576294
3014,19,train/lr,1.6482871337553994e-06
3015,19,train/loss,1.2329363822937012
3015,19,train/lr,1.6376162898936307e-06
3016,19,train/loss,1.2648614645004272
3016,19,train/lr,1.6269792717942316e-06
3017,19,train/loss,1.3692766427993774
3017,19,train/lr,1.616376090241968e-06
3018,19,train/loss,1.2823208570480347
3018,19,train/lr,1.6058067559872916e-06
3019,19,train/loss,1.298888921737671
3019,19,train/lr,1.595271279746334e-06
3020,19,train/loss,1.3192155361175537
3020,19,train/lr,1.584769672200904e-06
3021,19,train/loss,1.4012322425842285
3021,19,train/lr,1.5743019439984677e-06
3022,19,train/loss,1.4433202743530273
3022,19,train/lr,1.5638681057521451e-06
3023,19,train/loss,1.3244528770446777
3023,19,train/lr,1.5534681680406864e-06
3024,19,train/loss,1.3198716640472412
3024,19,train/lr,1.5431021414084833e-06
3025,19,train/loss,1.3891479969024658
3025,19,train/lr,1.5327700363655427e-06
3026,19,train/loss,1.1894291639328003
3026,19,train/lr,1.5224718633874588e-06
3027,19,train/loss,1.318105936050415
3027,19,train/lr,1.5122076329154525e-06
3028,19,train/loss,1.3037101030349731
3028,19,train/lr,1.5019773553563085e-06
3029,19,train/loss,1.383415699005127
3029,19,train/lr,1.4917810410823994e-06
3030,19,train/loss,1.3942902088165283
3030,19,train/lr,1.4816187004316615e-06
3031,19,train/loss,1.2566239833831787
3031,19,train/lr,1.4714903437075764e-06
3032,19,train/loss,1.6078264713287354
3032,19,train/lr,1.461395981179182e-06
3033,19,train/loss,1.4050376415252686
3033,19,train/lr,1.4513356230810413e-06
3034,19,train/loss,1.4083199501037598
3034,19,train/lr,1.4413092796132431e-06
3035,19,train/loss,1.3644344806671143
3035,19,train/lr,1.4313169609413893e-06
3036,19,train/loss,1.575298547744751
3036,19,train/lr,1.4213586771965885e-06
3037,19,train/loss,1.3366801738739014
3037,19,train/lr,1.411434438475431e-06
3038,19,train/loss,1.5902796983718872
3038,19,train/lr,1.4015442548399986e-06
3039,19,train/loss,1.2934412956237793
3039,19,train/lr,1.3916881363178388e-06
3040,19,train/loss,1.396425724029541
3040,19,train/lr,1.3818660929019714e-06
3041,19,train/loss,1.2747910022735596
3041,19,train/lr,1.3720781345508552e-06
3042,19,train/loss,1.2823987007141113
3042,19,train/lr,1.3623242711884008e-06
3043,19,train/loss,1.2993865013122559
3043,19,train/lr,1.3526045127039393e-06
3044,19,train/loss,1.3734499216079712
3044,19,train/lr,1.3429188689522335e-06
3045,19,train/loss,1.4187058210372925
3045,19,train/lr,1.333267349753452e-06
3046,19,train/loss,1.2869478464126587
3046,19,train/lr,1.323649964893171e-06
3047,19,train/loss,1.4118797779083252
3047,19,train/lr,1.314066724122349e-06
3048,19,train/loss,1.4347635507583618
3048,19,train/lr,1.3045176371573263e-06
3049,19,train/loss,1.3010168075561523
3049,19,train/lr,1.295002713679828e-06
3050,19,train/loss,1.3990569114685059
3050,19,train/lr,1.2855219633369302e-06
3051,19,train/loss,1.3988282680511475
3051,19,train/lr,1.276075395741063e-06
3052,19,train/loss,1.2255321741104126
3052,19,train/lr,1.2666630204699995e-06
3053,19,train/loss,1.413280725479126
3053,19,train/lr,1.2572848470668478e-06
3054,19,train/loss,1.3212542533874512
3054,19,train/lr,1.2479408850400313e-06
3055,19,train/loss,1.2946498394012451
3055,19,train/lr,1.2386311438633007e-06
3056,19,train/loss,1.2118371725082397
3056,19,train/lr,1.2293556329757026e-06
3057,19,train/loss,1.662972092628479
3057,19,train/lr,1.2201143617815684e-06
3058,19,train/loss,1.259811520576477
3058,19,train/lr,1.2109073396505331e-06
3059,19,train/loss,1.2179127931594849
3059,19,train/lr,1.201734575917493e-06
3060,19,train/loss,1.200194239616394
3060,19,train/lr,1.1925960798826129e-06
3061,19,train/loss,1.3152847290039062
3061,19,train/lr,1.1834918608113192e-06
3062,19,train/loss,1.3650039434432983
3062,19,train/lr,1.1744219279342798e-06
3063,19,train/loss,1.4748085737228394
3063,19,train/lr,1.1653862904474082e-06
3064,19,train/loss,1.4076650142669678
3064,19,train/lr,1.1563849575118322e-06
3065,19,train/loss,1.2231546640396118
3065,19,train/lr,1.14741793825391e-06
3066,19,train/loss,1.5094561576843262
3066,19,train/lr,1.1384852417652063e-06
3067,19,train/loss,1.3091093301773071
3067,19,train/lr,1.1295868771024847e-06
3068,19,train/loss,1.3847408294677734
3068,19,train/lr,1.1207228532877038e-06
3069,19,train/loss,1.3899033069610596
3069,19,train/lr,1.1118931793079984e-06
3070,19,train/loss,1.3287924528121948
3070,19,train/lr,1.1030978641156856e-06
3071,19,train/loss,1.3118315935134888
3071,19,train/lr,1.0943369166282362e-06
3072,19,train/loss,1.4802191257476807
3072,19,train/lr,1.08561034572828e-06
3073,19,train/loss,1.3791669607162476
3073,19,train/lr,1.0769181602635997e-06
3074,19,train/loss,1.381756067276001
3074,19,train/lr,1.0682603690470988e-06
3075,19,train/loss,1.4353246688842773
3075,19,train/lr,1.0596369808568294e-06
3076,19,train/loss,1.3505035638809204
3076,19,train/lr,1.0510480044359459e-06
3077,19,train/loss,1.459226131439209
3077,19,train/lr,1.0424934484927232e-06
3078,19,train/loss,1.2914981842041016
3078,19,train/lr,1.0339733217005308e-06
3079,19,train/loss,1.322547197341919
3079,19,train/lr,1.0254876326978317e-06
3080,19,train/loss,1.309602975845337
3080,19,train/lr,1.0170363900881796e-06
3081,19,train/loss,1.4393560886383057
3081,19,train/lr,1.0086196024401943e-06
3082,19,train/loss,1.3698513507843018
3082,19,train/lr,1.0002372782875674e-06
3083,19,train/loss,1.2898597717285156
3083,19,train/lr,9.918894261290522e-07
3084,19,train/loss,1.3524892330169678
3084,19,train/lr,9.835760544284387e-07
3085,19,train/loss,1.2740761041641235
3085,19,train/lr,9.752971716145758e-07
3086,19,train/loss,1.415917158126831
3086,19,train/lr,9.670527860813203e-07
3087,19,train/loss,1.4665896892547607
3087,19,train/lr,9.588429061875736e-07
3088,19,train/loss,1.5314574241638184
3088,19,train/lr,9.506675402572445e-07
3089,19,train/loss,1.3125641345977783
3089,19,train/lr,9.425266965792472e-07
3090,19,train/loss,1.2034106254577637
3090,19,train/lr,9.344203834074926e-07
3091,19,train/loss,1.3249412775039673
3091,19,train/lr,9.263486089608923e-07
3092,19,train/loss,1.3889403343200684
3092,19,train/lr,9.183113814233279e-07
3093,19,train/loss,1.2861520051956177
3093,19,train/lr,9.103087089436578e-07
3094,19,train/loss,1.2565430402755737
3094,19,train/lr,9.02340599635703e-07
3095,19,train/loss,1.4384607076644897
3095,19,train/lr,8.944070615782539e-07
3096,19,train/loss,1.281957745552063
3096,19,train/lr,8.865081028150279e-07
3097,19,train/loss,1.4571313858032227
3097,19,train/lr,8.786437313546963e-07
3098,19,train/loss,1.4553813934326172
3098,19,train/lr,8.708139551708654e-07
3099,19,train/loss,1.442601203918457
3099,19,train/lr,8.630187822020567e-07
3100,19,train/loss,1.334837794303894
3100,19,train/lr,8.55258220351715e-07
3101,19,train/loss,1.4737319946289062
3101,19,train/lr,8.475322774881921e-07
3102,19,train/loss,1.2941203117370605
3102,19,train/lr,8.398409614447321e-07
3103,19,train/loss,1.3823904991149902
3103,19,train/lr,8.321842800194866e-07
3104,19,train/loss,1.41916823387146
3104,19,train/lr,8.24562240975476e-07
3105,19,train/loss,1.2581613063812256
3105,19,train/lr,8.169748520406083e-07
3106,19,train/loss,1.3063709735870361
3106,19,train/lr,8.094221209076529e-07
3107,19,train/loss,1.336321473121643
3107,19,train/lr,8.019040552342399e-07
3108,19,train/loss,1.5741705894470215
3108,19,train/lr,7.944206626428601e-07
3109,19,train/loss,1.326430320739746
3109,19,train/lr,7.86971950720846e-07
3110,19,train/loss,1.5980215072631836
3110,19,train/lr,7.7955792702036e-07
3111,19,train/loss,1.5092777013778687
3111,19,train/lr,7.721785990584056e-07
3112,19,train/loss,1.3306968212127686
3112,19,train/lr,7.648339743168009e-07
3113,19,train/loss,1.4142528772354126
3113,19,train/lr,7.575240602421895e-07
3114,19,train/loss,1.2825243473052979
3114,19,train/lr,7.502488642460064e-07
3115,19,train/loss,1.2409757375717163
3115,19,train/lr,7.430083937045006e-07
3116,19,train/loss,1.3358187675476074
3116,19,train/lr,7.358026559587044e-07
3117,19,train/loss,1.430564045906067
3117,19,train/lr,7.286316583144369e-07
3118,19,train/loss,1.2428569793701172
3118,19,train/lr,7.214954080422969e-07
3119,19,train/loss,1.3442049026489258
3119,19,train/lr,7.143939123776504e-07
3120,19,train/loss,1.3539215326309204
3120,19,train/lr,7.073271785206313e-07
3121,19,train/loss,1.2927587032318115
3121,19,train/lr,7.002952136361217e-07
3122,19,train/loss,1.254124402999878
3122,19,train/lr,6.932980248537557e-07
3123,19,train/loss,1.202436923980713
3123,19,train/lr,6.863356192679115e-07
3124,19,train/loss,1.3955988883972168
3124,19,train/lr,6.794080039376926e-07
3125,19,train/loss,1.5197398662567139
3125,19,train/lr,6.725151858869349e-07
3126,19,train/loss,1.4001424312591553
3126,19,train/lr,6.656571721041953e-07
3127,19,train/loss,1.3129568099975586
3127,19,train/lr,6.588339695427364e-07
3128,19,train/loss,1.430432677268982
3128,19,train/lr,6.520455851205298e-07
3129,19,train/loss,1.4162713289260864
3129,19,train/lr,6.452920257202487e-07
3130,19,train/loss,1.3663475513458252
3130,19,train/lr,6.385732981892566e-07
3131,19,train/loss,1.4145376682281494
3131,19,train/lr,6.31889409339591e-07
3132,19,train/loss,1.3398550748825073
3132,19,train/lr,6.252403659479793e-07
3133,19,train/loss,1.2305359840393066
3133,19,train/lr,6.186261747558196e-07
3134,19,train/loss,1.3078433275222778
3134,19,train/lr,6.120468424691611e-07
3135,19,train/loss,1.361145257949829
3135,19,train/lr,6.055023757587268e-07
3136,19,train/loss,1.3140145540237427
3136,19,train/lr,5.98992781259876e-07
3137,19,train/loss,1.356736183166504
3137,19,train/lr,5.925180655726147e-07
3138,19,train/loss,1.3768041133880615
3138,19,train/lr,5.860782352615923e-07
3139,19,train/loss,1.5023105144500732
3139,19,train/lr,5.79673296856078e-07
3140,19,train/loss,1.2774429321289062
3140,19,train/lr,5.733032568499768e-07
3141,19,train/loss,1.3199598789215088
3141,19,train/lr,5.669681217017979e-07
3142,19,train/loss,1.135223627090454
3142,19,train/lr,5.606678978346707e-07
3143,19,train/loss,1.3705813884735107
3143,19,train/lr,5.544025916363209e-07
3144,19,train/loss,1.3944411277770996
3144,19,train/lr,5.48172209459079e-07
3145,19,train/loss,1.409531593322754
3145,19,train/lr,5.419767576198602e-07
3146,19,train/loss,1.4365781545639038
3146,19,train/lr,5.358162424001688e-07
3147,19,train/loss,1.2987364530563354
3147,19,train/lr,5.296906700460823e-07
3148,19,train/loss,1.3399945497512817
3148,19,train/lr,5.236000467682555e-07
3149,19,train/loss,1.4501978158950806
3149,19,train/lr,5.175443787419009e-07
3150,19,train/loss,1.468193769454956
3150,19,train/lr,5.115236721068006e-07
3151,19,train/loss,1.299684762954712
3151,19,train/lr,5.055379329672787e-07
3152,19,train/loss,1.4814748764038086
3152,19,train/lr,4.995871673922213e-07
3153,19,train/loss,1.2795504331588745
3153,19,train/lr,4.936713814150334e-07
3154,19,train/loss,1.428621530532837
3154,19,train/lr,4.877905810336774e-07
3154,19,train/batches,662.0
3154,19,train/compute_pct,99.89555113490121
3154,19,train/compute_sec,72.44219192658784
3154,19,train/data_wait_pct,0.10444886509878956
3154,19,train/data_wait_sec,0.07574416123679839
3154,19,train/examples,5296.0
3154,19,train/examples_per_sec,73.03020860365011
3154,19,train/input_tokens,910581.0
3154,19,train/peak_vram_gb,6.741140365600586
3154,19,train/target_tokens,424765.0
3154,19,train/tokens_per_sec,18414.00999585532
3154,19,train/total_sec,72.51793608782464
3154,19,train/epoch_loss,1.3647664589103976
3154,19,epoch19/batches,662.0
3154,19,epoch19/compute_pct,99.89555113490121
3154,19,epoch19/compute_sec,72.44219192658784
3154,19,epoch19/data_wait_pct,0.10444886509878956
3154,19,epoch19/data_wait_sec,0.07574416123679839
3154,19,epoch19/examples,5296.0
3154,19,epoch19/examples_per_sec,73.03020860365011
3154,19,epoch19/input_tokens,910581.0
3154,19,epoch19/peak_vram_gb,6.741140365600586
3154,19,epoch19/target_tokens,424765.0
3154,19,epoch19/tokens_per_sec,18414.00999585532
3154,19,epoch19/total_sec,72.51793608782464
3154,19,val/bleu,24.272500118891422
3154,19,val/chrf,45.093742652694004
3154,19,val/combined,33.083800777703495
3154,19,val/eval_peak_vram_gb,6.741140365600586
3154,19,val/eval_samples_per_sec,7.476424083523254
3154,19,val/eval_seconds,79.85100809298456
3154,19,val/eval_tokens_per_sec,1386.7451725976223
3155,20,train/loss,1.2006291151046753
3155,20,train/lr,4.819447722106273e-07
3156,20,train/loss,1.26801335811615
3156,20,train/lr,4.7613396087289147e-07
3157,20,train/loss,1.388333797454834
3157,20,train/lr,4.703581529119854e-07
3158,20,train/loss,1.3993215560913086
3158,20,train/lr,4.64617354183936e-07
3159,20,train/loss,1.364238977432251
3159,20,train/lr,4.5891157050928105e-07
3160,20,train/loss,1.3346383571624756
3160,20,train/lr,4.532408076730504e-07
3161,20,train/loss,1.3893388509750366
3161,20,train/lr,4.476050714247731e-07
3162,20,train/loss,1.3078811168670654
3162,20,train/lr,4.4200436747846236e-07
3163,20,train/loss,1.4239284992218018
3163,20,train/lr,4.364387015126075e-07
3164,20,train/loss,1.5579960346221924
3164,20,train/lr,4.309080791701819e-07
3165,20,train/loss,1.494057536125183
3165,20,train/lr,4.254125060586194e-07
3166,20,train/loss,1.4887386560440063
3166,20,train/lr,4.199519877498264e-07
3167,20,train/loss,1.1954381465911865
3167,20,train/lr,4.14526529780162e-07
3168,20,train/loss,1.4584250450134277
3168,20,train/lr,4.091361376504382e-07
3169,20,train/loss,1.3882484436035156
3169,20,train/lr,4.037808168259199e-07
3170,20,train/loss,1.4488413333892822
3170,20,train/lr,3.984605727363055e-07
3171,20,train/loss,1.5017611980438232
3171,20,train/lr,3.9317541077573453e-07
3172,20,train/loss,1.4477152824401855
3172,20,train/lr,3.879253363027723e-07
3173,20,train/loss,1.4130687713623047
3173,20,train/lr,3.827103546404214e-07
3174,20,train/loss,1.1458004713058472
3174,20,train/lr,3.775304710760907e-07
3175,20,train/loss,1.2600915431976318
3175,20,train/lr,3.7238569086160683e-07
3176,20,train/loss,1.3971233367919922
3176,20,train/lr,3.672760192132107e-07
3177,20,train/loss,1.4138424396514893
3177,20,train/lr,3.622014613115415e-07
3178,20,train/loss,1.4252755641937256
3178,20,train/lr,3.571620223016408e-07
3179,20,train/loss,1.54060697555542
3179,20,train/lr,3.521577072929371e-07
3180,20,train/loss,1.207448124885559
3180,20,train/lr,3.4718852135925733e-07
3181,20,train/loss,1.1764174699783325
3181,20,train/lr,3.4225446953880353e-07
3182,20,train/loss,1.294816017150879
3182,20,train/lr,3.373555568341568e-07
3183,20,train/loss,1.324735164642334
3183,20,train/lr,3.3249178821226964e-07
3184,20,train/loss,1.161464810371399
3184,20,train/lr,3.276631686044734e-07
3185,20,train/loss,1.3160853385925293
3185,20,train/lr,3.2286970290644755e-07
3186,20,train/loss,1.4032261371612549
3186,20,train/lr,3.181113959782311e-07
3187,20,train/loss,1.4238226413726807
3187,20,train/lr,3.133882526442266e-07
3188,20,train/loss,1.4788953065872192
3188,20,train/lr,3.0870027769318075e-07
3189,20,train/loss,1.315531849861145
3189,20,train/lr,3.0404747587817244e-07
3190,20,train/loss,1.2533880472183228
3190,20,train/lr,2.9942985191663657e-07
3191,20,train/loss,1.4793754816055298
3191,20,train/lr,2.9484741049032477e-07
3192,20,train/loss,1.322740077972412
3192,20,train/lr,2.903001562453289e-07
3193,20,train/loss,1.3047637939453125
3193,20,train/lr,2.8578809379206145e-07
3194,20,train/loss,1.1845550537109375
3194,20,train/lr,2.8131122770525205e-07
3195,20,train/loss,1.2540216445922852
3195,20,train/lr,2.7686956252395475e-07
3196,20,train/loss,1.4275031089782715
3196,20,train/lr,2.724631027515134e-07
3197,20,train/loss,1.5589468479156494
3197,20,train/lr,2.680918528555964e-07
3198,20,train/loss,1.2927114963531494
3198,20,train/lr,2.637558172681697e-07
3199,20,train/loss,1.3207216262817383
3199,20,train/lr,2.594550003854889e-07
3200,20,train/loss,1.289819359779358
3200,20,train/lr,2.5518940656811094e-07
3201,20,train/loss,1.448563814163208
3201,20,train/lr,2.5095904014087066e-07
3202,20,train/loss,1.4348249435424805
3202,20,train/lr,2.467639053928927e-07
3203,20,train/loss,1.443739652633667
3203,20,train/lr,2.4260400657757974e-07
3204,20,train/loss,1.5073001384735107
3204,20,train/lr,2.3847934791260845e-07
3205,20,train/loss,1.3921046257019043
3205,20,train/lr,2.3438993357992597e-07
3206,20,train/loss,1.4193382263183594
3206,20,train/lr,2.303357677257456e-07
3207,20,train/loss,1.397884726524353
3207,20,train/lr,2.2631685446053925e-07
3208,20,train/loss,1.3398765325546265
3208,20,train/lr,2.2233319785904537e-07
3209,20,train/loss,1.5813894271850586
3209,20,train/lr,2.183848019602491e-07
3210,20,train/loss,1.3220434188842773
3210,20,train/lr,2.144716707673827e-07
3211,20,train/loss,1.5100687742233276
3211,20,train/lr,2.1059380824793303e-07
3212,20,train/loss,1.5111632347106934
3212,20,train/lr,2.067512183336184e-07
3213,20,train/loss,1.2237887382507324
3213,20,train/lr,2.0294390492040402e-07
3214,20,train/loss,1.3418278694152832
3214,20,train/lr,1.9917187186847872e-07
3215,20,train/loss,1.4686272144317627
3215,20,train/lr,1.9543512300227436e-07
3216,20,train/loss,1.2747745513916016
3216,20,train/lr,1.9173366211043484e-07
3217,20,train/loss,1.3398271799087524
3217,20,train/lr,1.8806749294583145e-07
3218,20,train/loss,1.382461428642273
3218,20,train/lr,1.8443661922555142e-07
3219,20,train/loss,1.4034843444824219
3219,20,train/lr,1.8084104463090553e-07
3220,20,train/loss,1.3719122409820557
3220,20,train/lr,1.7728077280740494e-07
3221,20,train/loss,1.305414080619812
3221,20,train/lr,1.737558073647688e-07
3222,20,train/loss,1.2976315021514893
3222,20,train/lr,1.7026615187692439e-07
3223,20,train/loss,1.342073917388916
3223,20,train/lr,1.668118098819915e-07
3224,20,train/loss,1.4758937358856201
3224,20,train/lr,1.6339278488229802e-07
3225,20,train/loss,1.3002843856811523
3225,20,train/lr,1.6000908034435268e-07
3226,20,train/loss,1.3357582092285156
3226,20,train/lr,1.5666069969885676e-07
3227,20,train/loss,1.2901461124420166
3227,20,train/lr,1.5334764634069628e-07
3228,20,train/loss,1.431671142578125
3228,20,train/lr,1.500699236289421e-07
3229,20,train/loss,1.4862682819366455
3229,20,train/lr,1.4682753488684196e-07
3230,20,train/loss,1.3905304670333862
3230,20,train/lr,1.4362048340181675e-07
3231,20,train/loss,1.156095027923584
3231,20,train/lr,1.4044877242546437e-07
3232,20,train/loss,1.3565819263458252
3232,20,train/lr,1.3731240517354802e-07
3233,20,train/loss,1.2407546043395996
3233,20,train/lr,1.3421138482599625e-07
3234,20,train/loss,1.384389877319336
3234,20,train/lr,1.3114571452690293e-07
3235,20,train/loss,1.3185464143753052
3235,20,train/lr,1.281153973845117e-07
3236,20,train/loss,1.4646776914596558
3236,20,train/lr,1.2512043647123936e-07
3237,20,train/loss,1.3505445718765259
3237,20,train/lr,1.2216083482363304e-07
3238,20,train/loss,1.3257806301116943
3238,20,train/lr,1.1923659544240516e-07
3239,20,train/loss,1.402651309967041
3239,20,train/lr,1.1634772129241021e-07
3240,20,train/loss,1.352925181388855
3240,20,train/lr,1.1349421530265245e-07
3241,20,train/loss,1.5065383911132812
3241,20,train/lr,1.1067608036626264e-07
3242,20,train/loss,1.2919880151748657
3242,20,train/lr,1.0789331934052125e-07
3243,20,train/loss,1.374635934829712
3243,20,train/lr,1.0514593504683921e-07
3244,20,train/loss,1.5958900451660156
3244,20,train/lr,1.0243393027076164e-07
3245,20,train/loss,1.1980153322219849
3245,20,train/lr,9.975730776196012e-08
3246,20,train/loss,1.4793007373809814
3246,20,train/lr,9.711607023423273e-08
3247,20,train/loss,1.4757726192474365
3247,20,train/lr,9.451022036550404e-08
3248,20,train/loss,1.31873619556427
3248,20,train/lr,9.19397607978134e-08
3249,20,train/loss,1.3347837924957275
3249,20,train/lr,8.940469413732277e-08
3250,20,train/loss,1.3535833358764648
3250,20,train/lr,8.69050229543089e-08
3251,20,train/loss,1.385501503944397
3251,20,train/lr,8.444074978316728e-08
3252,20,train/loss,1.409125566482544
3252,20,train/lr,8.201187712239266e-08
3253,20,train/loss,1.555717945098877
3253,20,train/lr,7.961840743459458e-08
3254,20,train/loss,1.4496588706970215
3254,20,train/lr,7.726034314648189e-08
3255,20,train/loss,1.3434438705444336
3255,20,train/lr,7.493768664887822e-08
3256,20,train/loss,1.3567066192626953
3256,20,train/lr,7.265044029669486e-08
3257,20,train/loss,1.2071566581726074
3257,20,train/lr,7.039860640894623e-08
3258,20,train/loss,1.2894539833068848
3258,20,train/lr,6.818218726874603e-08
3259,20,train/loss,1.3993548154830933
3259,20,train/lr,6.600118512329555e-08
3260,20,train/loss,1.19724440574646
3260,20,train/lr,6.385560218388764e-08
3261,20,train/loss,1.4856603145599365
3261,20,train/lr,6.174544062591047e-08
3262,20,train/loss,1.2316644191741943
3262,20,train/lr,5.967070258883212e-08
3263,20,train/loss,1.3766577243804932
3263,20,train/lr,5.763139017620433e-08
3264,20,train/loss,1.4569013118743896
3264,20,train/lr,5.562750545566652e-08
3265,20,train/loss,1.4773813486099243
3265,20,train/lr,5.365905045893404e-08
3266,20,train/loss,1.4302217960357666
3266,20,train/lr,5.172602718180596e-08
3267,20,train/loss,1.3184120655059814
3267,20,train/lr,4.982843758414956e-08
3268,20,train/loss,1.4279543161392212
3268,20,train/lr,4.796628358991583e-08
3269,20,train/loss,1.334174633026123
3269,20,train/lr,4.613956708711619e-08
3270,20,train/loss,1.4080438613891602
3270,20,train/lr,4.4348289927845784e-08
3271,20,train/loss,1.2751597166061401
3271,20,train/lr,4.259245392825628e-08
3272,20,train/loss,1.4982861280441284
3272,20,train/lr,4.087206086856754e-08
3273,20,train/loss,1.439950704574585
3273,20,train/lr,3.918711249307927e-08
3274,20,train/loss,1.5248258113861084
3274,20,train/lr,3.7537610510132153e-08
3275,20,train/loss,1.3127660751342773
3275,20,train/lr,3.5923556592142855e-08
3276,20,train/loss,1.2065857648849487
3276,20,train/lr,3.4344952375584545e-08
3277,20,train/loss,1.4232231378555298
3277,20,train/lr,3.280179946098305e-08
3278,20,train/loss,1.5829366445541382
3278,20,train/lr,3.12940994129246e-08
3279,20,train/loss,1.5740156173706055
3279,20,train/lr,2.982185376005197e-08
3280,20,train/loss,1.313042402267456
3280,20,train/lr,2.838506399506446e-08
3281,20,train/loss,1.2843868732452393
3281,20,train/lr,2.6983731574698463e-08
3282,20,train/loss,1.5068154335021973
3282,20,train/lr,2.5617857919754682e-08
3283,20,train/loss,1.3999627828598022
3283,20,train/lr,2.4287444415074798e-08
3284,20,train/loss,1.3244516849517822
3284,20,train/lr,2.299249240955703e-08
3285,20,train/loss,1.39249849319458
3285,20,train/lr,2.1733003216132806e-08
3286,20,train/loss,1.3691785335540771
3286,20,train/lr,2.0508978111786202e-08
3287,20,train/loss,1.323504090309143
3287,20,train/lr,1.932041833754616e-08
3288,20,train/loss,1.4637913703918457
3288,20,train/lr,1.8167325098478735e-08
3289,20,train/loss,1.1287622451782227
3289,20,train/lr,1.7049699563690954e-08
3290,20,train/loss,1.444655179977417
3290,20,train/lr,1.596754286633084e-08
3291,20,train/loss,1.497274398803711
3291,20,train/lr,1.4920856103591285e-08
3292,20,train/loss,1.3213491439819336
3292,20,train/lr,1.390964033669062e-08
3293,20,train/loss,1.2685675621032715
3293,20,train/lr,1.2933896590895943e-08
3294,20,train/loss,1.500025987625122
3294,20,train/lr,1.1993625855495903e-08
3295,20,train/loss,1.2624180316925049
3295,20,train/lr,1.1088829083824024e-08
3296,20,train/loss,1.1659157276153564
3296,20,train/lr,1.0219507193247045e-08
3297,20,train/loss,1.300917387008667
3297,20,train/lr,9.385661065157146e-09
3298,20,train/loss,1.3672939538955688
3298,20,train/lr,8.58729154498361e-09
3299,20,train/loss,1.3169668912887573
3299,20,train/lr,7.824399442181162e-09
3300,20,train/loss,1.2901936769485474
3300,20,train/lr,7.0969855302455135e-09
3301,20,train/loss,1.4544425010681152
3301,20,train/lr,6.405050546690049e-09
3302,20,train/loss,1.2750637531280518
3302,20,train/lr,5.748595193057481e-09
3303,20,train/loss,1.3922102451324463
3303,20,train/lr,5.127620134919852e-09
3304,20,train/loss,1.6685453653335571
3304,20,train/lr,4.542126001886303e-09
3305,20,train/loss,1.3996002674102783
3305,20,train/lr,3.9921133875719935e-09
3306,20,train/loss,1.2124552726745605
3306,20,train/lr,3.477582849636951e-09
3307,20,train/loss,1.3944129943847656
3307,20,train/lr,2.9985349097549905e-09
3308,20,train/loss,1.354830265045166
3308,20,train/lr,2.5549700536253713e-09
3309,20,train/loss,1.3893954753875732
3309,20,train/lr,2.1468887309766813e-09
3310,20,train/loss,1.282353401184082
3310,20,train/lr,1.7742913555590653e-09
3311,20,train/loss,1.3862340450286865
3311,20,train/lr,1.4371783051442266e-09
3312,20,train/loss,1.3315391540527344
3312,20,train/lr,1.1355499215215391e-09
3313,20,train/loss,1.3206722736358643
3313,20,train/lr,8.694065105174786e-10
3314,20,train/loss,1.2793641090393066
3314,20,train/lr,6.387483419684202e-10
3315,20,train/loss,1.4961538314819336
3315,20,train/lr,4.435756497361831e-10
3316,20,train/loss,1.5298688411712646
3316,20,train/lr,2.838886317041433e-10
3317,20,train/loss,1.387784481048584
3317,20,train/lr,1.596874497811207e-10
3318,20,train/loss,1.5346546173095703
3318,20,train/lr,7.097222988583506e-11
3319,20,train/loss,1.435218095779419
3319,20,train/lr,1.774306197022124e-11
3320,20,train/loss,1.394948959350586
3320,20,train/lr,0.0
3320,20,train/batches,662.0
3320,20,train/compute_pct,99.8784167042003
3320,20,train/compute_sec,69.19833484324045
3320,20,train/data_wait_pct,0.12158329579969752
3320,20,train/data_wait_sec,0.08423603308619931
3320,20,train/examples,5296.0
3320,20,train/examples_per_sec,76.44058141915177
3320,20,train/input_tokens,910581.0
3320,20,train/peak_vram_gb,6.741140365600586
3320,20,train/target_tokens,424715.0
3320,20,train/tokens_per_sec,19273.187803373807
3320,20,train/total_sec,69.28257087632664
3320,20,train/epoch_loss,1.3636429027128076
3320,20,epoch20/batches,662.0
3320,20,epoch20/compute_pct,99.8784167042003
3320,20,epoch20/compute_sec,69.19833484324045
3320,20,epoch20/data_wait_pct,0.12158329579969752
3320,20,epoch20/data_wait_sec,0.08423603308619931
3320,20,epoch20/examples,5296.0
3320,20,epoch20/examples_per_sec,76.44058141915177
3320,20,epoch20/input_tokens,910581.0
3320,20,epoch20/peak_vram_gb,6.741140365600586
3320,20,epoch20/target_tokens,424715.0
3320,20,epoch20/tokens_per_sec,19273.187803373807
3320,20,epoch20/total_sec,69.28257087632664
3320,20,val/bleu,24.25157293345672
3320,20,val/chrf,45.05822673815148
3320,20,val/combined,33.056510281524126
3320,20,val/eval_peak_vram_gb,6.741140365600586
3320,20,val/eval_samples_per_sec,7.522854235818512
3320,20,val/eval_seconds,79.35817726701498
3320,20,val/eval_tokens_per_sec,1391.4256073254874
