step,epoch,metric,value
1,1,train/loss,5.278000831604004
1,1,train/lr,3.5e-07
2,1,train/loss,4.727468490600586
2,1,train/lr,7e-07
3,1,train/loss,5.591558933258057
3,1,train/lr,1.05e-06
4,1,train/loss,4.595516204833984
4,1,train/lr,1.4e-06
5,1,train/loss,4.679811477661133
5,1,train/lr,1.75e-06
6,1,train/loss,4.430746078491211
6,1,train/lr,2.1e-06
7,1,train/loss,4.50872802734375
7,1,train/lr,2.45e-06
8,1,train/loss,4.602643966674805
8,1,train/lr,2.8e-06
9,1,train/loss,4.527420520782471
9,1,train/lr,3.1499999999999995e-06
10,1,train/loss,4.180937767028809
10,1,train/lr,3.5e-06
11,1,train/loss,4.540023326873779
11,1,train/lr,3.8499999999999996e-06
12,1,train/loss,4.833385944366455
12,1,train/lr,4.2e-06
13,1,train/loss,5.290267467498779
13,1,train/lr,4.55e-06
14,1,train/loss,5.216343879699707
14,1,train/lr,4.9e-06
15,1,train/loss,4.660168647766113
15,1,train/lr,5.25e-06
16,1,train/loss,4.3690385818481445
16,1,train/lr,5.6e-06
17,1,train/loss,4.860188007354736
17,1,train/lr,5.95e-06
18,1,train/loss,4.441457748413086
18,1,train/lr,6.299999999999999e-06
19,1,train/loss,4.489955425262451
19,1,train/lr,6.65e-06
20,1,train/loss,4.165597915649414
20,1,train/lr,7e-06
21,1,train/loss,4.384313106536865
21,1,train/lr,7.349999999999999e-06
22,1,train/loss,5.134452819824219
22,1,train/lr,7.699999999999999e-06
23,1,train/loss,4.212015151977539
23,1,train/lr,8.05e-06
24,1,train/loss,5.1013336181640625
24,1,train/lr,8.4e-06
25,1,train/loss,5.767371654510498
25,1,train/lr,8.75e-06
26,1,train/loss,4.503758430480957
26,1,train/lr,9.1e-06
27,1,train/loss,4.889190196990967
27,1,train/lr,9.45e-06
28,1,train/loss,4.400049686431885
28,1,train/lr,9.8e-06
29,1,train/loss,4.458321571350098
29,1,train/lr,1.0149999999999998e-05
30,1,train/loss,4.337833404541016
30,1,train/lr,1.05e-05
31,1,train/loss,4.664743900299072
31,1,train/lr,1.085e-05
32,1,train/loss,4.316946983337402
32,1,train/lr,1.12e-05
33,1,train/loss,4.291952610015869
33,1,train/lr,1.155e-05
34,1,train/loss,4.107977867126465
34,1,train/lr,1.19e-05
35,1,train/loss,4.390533924102783
35,1,train/lr,1.2249999999999998e-05
36,1,train/loss,4.198513507843018
36,1,train/lr,1.2599999999999998e-05
37,1,train/loss,5.17337703704834
37,1,train/lr,1.2949999999999998e-05
38,1,train/loss,5.104448318481445
38,1,train/lr,1.33e-05
39,1,train/loss,4.628448486328125
39,1,train/lr,1.365e-05
40,1,train/loss,4.550051689147949
40,1,train/lr,1.4e-05
41,1,train/loss,4.311244010925293
41,1,train/lr,1.4349999999999998e-05
42,1,train/loss,4.2713093757629395
42,1,train/lr,1.4699999999999998e-05
43,1,train/loss,4.249153137207031
43,1,train/lr,1.5049999999999998e-05
44,1,train/loss,3.952691078186035
44,1,train/lr,1.5399999999999998e-05
45,1,train/loss,4.160939693450928
45,1,train/lr,1.575e-05
46,1,train/loss,4.066802978515625
46,1,train/lr,1.61e-05
47,1,train/loss,4.153928279876709
47,1,train/lr,1.6449999999999997e-05
48,1,train/loss,3.7659058570861816
48,1,train/lr,1.68e-05
49,1,train/loss,4.091165542602539
49,1,train/lr,1.7149999999999997e-05
50,1,train/loss,4.389019012451172
50,1,train/lr,1.75e-05
51,1,train/loss,4.419215679168701
51,1,train/lr,1.785e-05
52,1,train/loss,4.382927894592285
52,1,train/lr,1.82e-05
53,1,train/loss,4.335548400878906
53,1,train/lr,1.855e-05
54,1,train/loss,4.15656852722168
54,1,train/lr,1.89e-05
55,1,train/loss,4.170786380767822
55,1,train/lr,1.925e-05
56,1,train/loss,3.8914172649383545
56,1,train/lr,1.96e-05
57,1,train/loss,3.7945947647094727
57,1,train/lr,1.9949999999999997e-05
58,1,train/loss,3.8303170204162598
58,1,train/lr,2.0299999999999995e-05
59,1,train/loss,3.7481601238250732
59,1,train/lr,2.0649999999999997e-05
60,1,train/loss,3.786961555480957
60,1,train/lr,2.1e-05
61,1,train/loss,3.543977975845337
61,1,train/lr,2.1349999999999997e-05
62,1,train/loss,3.882512331008911
62,1,train/lr,2.17e-05
63,1,train/loss,4.531715393066406
63,1,train/lr,2.2049999999999997e-05
64,1,train/loss,4.061960220336914
64,1,train/lr,2.24e-05
65,1,train/loss,4.009538650512695
65,1,train/lr,2.2749999999999997e-05
66,1,train/loss,3.914065361022949
66,1,train/lr,2.31e-05
67,1,train/loss,3.972066879272461
67,1,train/lr,2.345e-05
68,1,train/loss,3.671971321105957
68,1,train/lr,2.38e-05
69,1,train/loss,3.6363697052001953
69,1,train/lr,2.4149999999999997e-05
70,1,train/loss,3.6113696098327637
70,1,train/lr,2.4499999999999996e-05
71,1,train/loss,3.639390468597412
71,1,train/lr,2.4849999999999998e-05
72,1,train/loss,3.4229736328125
72,1,train/lr,2.5199999999999996e-05
73,1,train/loss,3.5036120414733887
73,1,train/lr,2.5549999999999998e-05
74,1,train/loss,3.3554952144622803
74,1,train/lr,2.5899999999999996e-05
75,1,train/loss,3.4027504920959473
75,1,train/lr,2.6249999999999998e-05
76,1,train/loss,4.0612969398498535
76,1,train/lr,2.66e-05
77,1,train/loss,3.3380699157714844
77,1,train/lr,2.6949999999999998e-05
78,1,train/loss,3.7867352962493896
78,1,train/lr,2.73e-05
79,1,train/loss,3.3074557781219482
79,1,train/lr,2.7649999999999998e-05
80,1,train/loss,3.3807010650634766
80,1,train/lr,2.8e-05
81,1,train/loss,3.311870813369751
81,1,train/lr,2.8349999999999998e-05
82,1,train/loss,3.316743850708008
82,1,train/lr,2.8699999999999996e-05
83,1,train/loss,3.3225319385528564
83,1,train/lr,2.9049999999999995e-05
84,1,train/loss,3.2204887866973877
84,1,train/lr,2.9399999999999996e-05
85,1,train/loss,3.2671241760253906
85,1,train/lr,2.9749999999999998e-05
86,1,train/loss,3.287417411804199
86,1,train/lr,3.0099999999999996e-05
87,1,train/loss,3.466606616973877
87,1,train/lr,3.0449999999999998e-05
88,1,train/loss,3.7415831089019775
88,1,train/lr,3.0799999999999996e-05
89,1,train/loss,3.806243419647217
89,1,train/lr,3.115e-05
90,1,train/loss,3.3579330444335938
90,1,train/lr,3.15e-05
91,1,train/loss,3.415173053741455
91,1,train/lr,3.185e-05
92,1,train/loss,3.275047779083252
92,1,train/lr,3.22e-05
93,1,train/loss,3.330120086669922
93,1,train/lr,3.255e-05
94,1,train/loss,3.1279144287109375
94,1,train/lr,3.289999999999999e-05
95,1,train/loss,3.062107801437378
95,1,train/lr,3.3249999999999995e-05
96,1,train/loss,3.117420196533203
96,1,train/lr,3.36e-05
97,1,train/loss,2.9300355911254883
97,1,train/lr,3.395e-05
98,1,train/loss,2.9860658645629883
98,1,train/lr,3.4299999999999993e-05
99,1,train/loss,2.9570963382720947
99,1,train/lr,3.4649999999999995e-05
100,1,train/loss,2.827040672302246
100,1,train/lr,3.5e-05
101,1,train/loss,3.9529194831848145
101,1,train/lr,3.535e-05
102,1,train/loss,3.3720014095306396
102,1,train/lr,3.57e-05
103,1,train/loss,3.233360767364502
103,1,train/lr,3.6049999999999995e-05
104,1,train/loss,3.0636119842529297
104,1,train/lr,3.64e-05
105,1,train/loss,3.2278287410736084
105,1,train/lr,3.675e-05
106,1,train/loss,2.904597759246826
106,1,train/lr,3.71e-05
107,1,train/loss,2.886390209197998
107,1,train/lr,3.745e-05
108,1,train/loss,2.688709259033203
108,1,train/lr,3.78e-05
109,1,train/loss,2.7726545333862305
109,1,train/lr,3.815e-05
110,1,train/loss,2.7886407375335693
110,1,train/lr,3.85e-05
111,1,train/loss,2.7410261631011963
111,1,train/lr,3.885e-05
112,1,train/loss,2.6436243057250977
112,1,train/lr,3.92e-05
113,1,train/loss,3.1963047981262207
113,1,train/lr,3.954999999999999e-05
114,1,train/loss,3.0727691650390625
114,1,train/lr,3.9899999999999994e-05
115,1,train/loss,2.975296974182129
115,1,train/lr,4.0249999999999996e-05
116,1,train/loss,2.9250283241271973
116,1,train/lr,4.059999999999999e-05
117,1,train/loss,2.918178081512451
117,1,train/lr,4.094999999999999e-05
118,1,train/loss,2.9600119590759277
118,1,train/lr,4.1299999999999994e-05
119,1,train/loss,2.8677778244018555
119,1,train/lr,4.1649999999999996e-05
120,1,train/loss,2.6590425968170166
120,1,train/lr,4.2e-05
121,1,train/loss,2.867128610610962
121,1,train/lr,4.234999999999999e-05
122,1,train/loss,2.58950138092041
122,1,train/lr,4.2699999999999994e-05
123,1,train/loss,2.6546125411987305
123,1,train/lr,4.3049999999999996e-05
124,1,train/loss,2.58638334274292
124,1,train/lr,4.34e-05
125,1,train/loss,2.5656933784484863
125,1,train/lr,4.374999999999999e-05
126,1,train/loss,3.0919227600097656
126,1,train/lr,4.4099999999999995e-05
127,1,train/loss,3.2109642028808594
127,1,train/lr,4.4449999999999996e-05
128,1,train/loss,2.798872470855713
128,1,train/lr,4.48e-05
129,1,train/loss,2.6661934852600098
129,1,train/lr,4.515e-05
130,1,train/loss,2.8265089988708496
130,1,train/lr,4.5499999999999995e-05
131,1,train/loss,2.8300259113311768
131,1,train/lr,4.5849999999999996e-05
132,1,train/loss,2.593604564666748
132,1,train/lr,4.62e-05
133,1,train/loss,2.619845390319824
133,1,train/lr,4.655e-05
134,1,train/loss,2.587676763534546
134,1,train/lr,4.69e-05
135,1,train/loss,2.473646640777588
135,1,train/lr,4.7249999999999997e-05
136,1,train/loss,2.5653076171875
136,1,train/lr,4.76e-05
137,1,train/loss,2.4387283325195312
137,1,train/lr,4.795e-05
138,1,train/loss,3.067497491836548
138,1,train/lr,4.8299999999999995e-05
139,1,train/loss,3.108173370361328
139,1,train/lr,4.864999999999999e-05
140,1,train/loss,2.8355512619018555
140,1,train/lr,4.899999999999999e-05
141,1,train/loss,2.5930936336517334
141,1,train/lr,4.934999999999999e-05
142,1,train/loss,2.689208507537842
142,1,train/lr,4.9699999999999995e-05
143,1,train/loss,2.589292049407959
143,1,train/lr,5.004999999999999e-05
144,1,train/loss,2.5708587169647217
144,1,train/lr,5.039999999999999e-05
145,1,train/loss,2.567504405975342
145,1,train/lr,5.0749999999999994e-05
146,1,train/loss,2.4829063415527344
146,1,train/lr,5.1099999999999995e-05
147,1,train/loss,2.534759521484375
147,1,train/lr,5.145e-05
148,1,train/loss,2.5025908946990967
148,1,train/lr,5.179999999999999e-05
149,1,train/loss,2.4168503284454346
149,1,train/lr,5.2149999999999994e-05
150,1,train/loss,2.5868120193481445
150,1,train/lr,5.2499999999999995e-05
151,1,train/loss,3.1468615531921387
151,1,train/lr,5.285e-05
152,1,train/loss,2.6652636528015137
152,1,train/lr,5.32e-05
153,1,train/loss,2.5877370834350586
153,1,train/lr,5.3549999999999994e-05
154,1,train/loss,2.778397560119629
154,1,train/lr,5.3899999999999996e-05
155,1,train/loss,2.5387415885925293
155,1,train/lr,5.425e-05
156,1,train/loss,2.4861621856689453
156,1,train/lr,5.46e-05
157,1,train/loss,2.4206976890563965
157,1,train/lr,5.495e-05
158,1,train/loss,2.4232780933380127
158,1,train/lr,5.5299999999999996e-05
159,1,train/loss,2.3718295097351074
159,1,train/lr,5.565e-05
160,1,train/loss,2.2731516361236572
160,1,train/lr,5.6e-05
161,1,train/loss,2.3291656970977783
161,1,train/lr,5.635e-05
162,1,train/loss,2.339237928390503
162,1,train/lr,5.6699999999999996e-05
163,1,train/loss,2.8245930671691895
163,1,train/lr,5.704999999999999e-05
164,1,train/loss,2.4945340156555176
164,1,train/lr,5.739999999999999e-05
165,1,train/loss,2.4305639266967773
165,1,train/lr,5.7749999999999994e-05
166,1,train/loss,2.224191188812256
166,1,train/lr,5.809999999999999e-05
166,1,train/batches,662.0
166,1,train/compute_pct,99.88668714407677
166,1,train/compute_sec,66.45197831830592
166,1,train/data_wait_pct,0.11331285592322464
166,1,train/data_wait_sec,0.07538405427476391
166,1,train/examples,5296.0
166,1,train/examples_per_sec,79.60634258036887
166,1,train/input_tokens,625993.0
166,1,train/peak_vram_gb,6.705164432525635
166,1,train/target_tokens,424718.0
166,1,train/tokens_per_sec,15793.666884245084
166,1,train/total_sec,66.52736237258068
166,1,train/epoch_loss,3.548146957717273
166,1,epoch1/batches,662.0
166,1,epoch1/compute_pct,99.88668714407677
166,1,epoch1/compute_sec,66.45197831830592
166,1,epoch1/data_wait_pct,0.11331285592322464
166,1,epoch1/data_wait_sec,0.07538405427476391
166,1,epoch1/examples,5296.0
166,1,epoch1/examples_per_sec,79.60634258036887
166,1,epoch1/input_tokens,625993.0
166,1,epoch1/peak_vram_gb,6.705164432525635
166,1,epoch1/target_tokens,424718.0
166,1,epoch1/tokens_per_sec,15793.666884245084
166,1,epoch1/total_sec,66.52736237258068
166,1,val/bleu,0.2960846261550247
166,1,val/chrf,11.652517225913614
166,1,val/combined,1.8574528813942004
166,1,val/eval_peak_vram_gb,6.705164432525635
166,1,val/eval_samples_per_sec,6.987279180170109
166,1,val/eval_seconds,85.44098276397563
166,1,val/eval_tokens_per_sec,1329.5142017946791
167,2,train/loss,2.5915322303771973
167,2,train/lr,5.844999999999999e-05
168,2,train/loss,2.8754923343658447
168,2,train/lr,5.879999999999999e-05
169,2,train/loss,2.5744576454162598
169,2,train/lr,5.9149999999999994e-05
170,2,train/loss,2.5198686122894287
170,2,train/lr,5.9499999999999996e-05
171,2,train/loss,2.337292194366455
171,2,train/lr,5.984999999999999e-05
172,2,train/loss,2.2661819458007812
172,2,train/lr,6.019999999999999e-05
173,2,train/loss,2.4441747665405273
173,2,train/lr,6.0549999999999995e-05
174,2,train/loss,2.236370086669922
174,2,train/lr,6.0899999999999996e-05
175,2,train/loss,2.3064332008361816
175,2,train/lr,6.125e-05
176,2,train/loss,2.2640738487243652
176,2,train/lr,6.159999999999999e-05
177,2,train/loss,2.400317668914795
177,2,train/lr,6.195e-05
178,2,train/loss,2.2495317459106445
178,2,train/lr,6.23e-05
179,2,train/loss,2.8511223793029785
179,2,train/lr,6.264999999999999e-05
180,2,train/loss,2.4827301502227783
180,2,train/lr,6.3e-05
181,2,train/loss,2.5011825561523438
181,2,train/lr,6.335e-05
182,2,train/loss,2.60042405128479
182,2,train/lr,6.37e-05
183,2,train/loss,2.4146604537963867
183,2,train/lr,6.405e-05
184,2,train/loss,2.340013027191162
184,2,train/lr,6.44e-05
185,2,train/loss,2.333627939224243
185,2,train/lr,6.475e-05
186,2,train/loss,2.310725450515747
186,2,train/lr,6.51e-05
187,2,train/loss,2.310925245285034
187,2,train/lr,6.544999999999999e-05
188,2,train/loss,2.2283177375793457
188,2,train/lr,6.579999999999999e-05
189,2,train/loss,2.2250449657440186
189,2,train/lr,6.615e-05
190,2,train/loss,2.1941041946411133
190,2,train/lr,6.649999999999999e-05
191,2,train/loss,2.317148208618164
191,2,train/lr,6.684999999999999e-05
192,2,train/loss,2.685513496398926
192,2,train/lr,6.72e-05
193,2,train/loss,2.4207279682159424
193,2,train/lr,6.754999999999999e-05
194,2,train/loss,2.2637510299682617
194,2,train/lr,6.79e-05
195,2,train/loss,2.4755797386169434
195,2,train/lr,6.824999999999999e-05
196,2,train/loss,2.264042377471924
196,2,train/lr,6.859999999999999e-05
197,2,train/loss,2.3536617755889893
197,2,train/lr,6.895e-05
198,2,train/loss,2.284397840499878
198,2,train/lr,6.929999999999999e-05
199,2,train/loss,2.303189754486084
199,2,train/lr,6.965e-05
200,2,train/loss,2.235246419906616
200,2,train/lr,7e-05
201,2,train/loss,2.2471871376037598
201,2,train/lr,6.999998225693802e-05
202,2,train/loss,2.268592357635498
202,2,train/lr,6.999992902777011e-05
203,2,train/loss,2.3014297485351562
203,2,train/lr,6.999984031255021e-05
204,2,train/loss,2.5749306678771973
204,2,train/lr,6.999971611136829e-05
205,2,train/loss,2.7553744316101074
205,2,train/lr,6.999955642435026e-05
206,2,train/loss,2.454671859741211
206,2,train/lr,6.999936125165803e-05
207,2,train/loss,2.346841812133789
207,2,train/lr,6.999913059348948e-05
208,2,train/loss,2.2682390213012695
208,2,train/lr,6.999886445007847e-05
209,2,train/loss,2.267723560333252
209,2,train/lr,6.999856282169485e-05
210,2,train/loss,2.2466750144958496
210,2,train/lr,6.999822570864443e-05
211,2,train/loss,2.225705862045288
211,2,train/lr,6.9997853111269e-05
212,2,train/loss,2.2239012718200684
212,2,train/lr,6.999744502994637e-05
213,2,train/loss,2.1421048641204834
213,2,train/lr,6.999700146509024e-05
214,2,train/loss,2.276668071746826
214,2,train/lr,6.999652241715036e-05
215,2,train/loss,2.0853710174560547
215,2,train/lr,6.999600788661242e-05
216,2,train/loss,2.1228437423706055
216,2,train/lr,6.999545787399811e-05
217,2,train/loss,2.539435625076294
217,2,train/lr,6.999487237986506e-05
218,2,train/loss,2.3801965713500977
218,2,train/lr,6.999425140480695e-05
219,2,train/loss,2.278968334197998
219,2,train/lr,6.99935949494533e-05
220,2,train/loss,2.547165870666504
220,2,train/lr,6.999290301446975e-05
221,2,train/loss,2.138125419616699
221,2,train/lr,6.999217560055781e-05
222,2,train/loss,2.230492115020752
222,2,train/lr,6.9991412708455e-05
223,2,train/loss,2.091496467590332
223,2,train/lr,6.999061433893484e-05
224,2,train/loss,2.205012083053589
224,2,train/lr,6.998978049280675e-05
225,2,train/loss,2.03597092628479
225,2,train/lr,6.998891117091616e-05
226,2,train/loss,2.0682077407836914
226,2,train/lr,6.998800637414449e-05
227,2,train/loss,2.0741167068481445
227,2,train/lr,6.99870661034091e-05
228,2,train/loss,2.07688045501709
228,2,train/lr,6.99860903596633e-05
229,2,train/loss,2.510715961456299
229,2,train/lr,6.99850791438964e-05
230,2,train/loss,2.4360737800598145
230,2,train/lr,6.998403245713366e-05
231,2,train/loss,2.3718676567077637
231,2,train/lr,6.99829503004363e-05
232,2,train/loss,2.419839382171631
232,2,train/lr,6.998183267490152e-05
233,2,train/loss,2.5337793827056885
233,2,train/lr,6.998067958166245e-05
234,2,train/loss,2.0773606300354004
234,2,train/lr,6.99794910218882e-05
235,2,train/loss,2.093888998031616
235,2,train/lr,6.997826699678387e-05
236,2,train/loss,1.9190620183944702
236,2,train/lr,6.997700750759044e-05
237,2,train/loss,2.1989247798919678
237,2,train/lr,6.997571255558491e-05
238,2,train/loss,2.1315484046936035
238,2,train/lr,6.997438214208025e-05
239,2,train/loss,2.1112983226776123
239,2,train/lr,6.99730162684253e-05
240,2,train/loss,2.0992631912231445
240,2,train/lr,6.997161493600493e-05
241,2,train/loss,2.1182241439819336
241,2,train/lr,6.997017814623994e-05
242,2,train/loss,2.325904607772827
242,2,train/lr,6.996870590058707e-05
243,2,train/loss,2.1894664764404297
243,2,train/lr,6.996719820053902e-05
244,2,train/loss,2.2384209632873535
244,2,train/lr,6.99656550476244e-05
245,2,train/loss,1.9648418426513672
245,2,train/lr,6.996407644340786e-05
246,2,train/loss,1.9605395793914795
246,2,train/lr,6.996246238948986e-05
247,2,train/loss,2.0418248176574707
247,2,train/lr,6.996081288750691e-05
248,2,train/loss,2.0726325511932373
248,2,train/lr,6.995912793913143e-05
249,2,train/loss,1.984255075454712
249,2,train/lr,6.995740754607174e-05
250,2,train/loss,2.1332578659057617
250,2,train/lr,6.995565171007214e-05
251,2,train/loss,2.2736387252807617
251,2,train/lr,6.995386043291288e-05
252,2,train/loss,2.02362060546875
252,2,train/lr,6.995203371641007e-05
253,2,train/loss,2.184170722961426
253,2,train/lr,6.995017156241585e-05
254,2,train/loss,2.5381646156311035
254,2,train/lr,6.994827397281819e-05
255,2,train/loss,2.348583698272705
255,2,train/lr,6.994634094954106e-05
256,2,train/loss,2.2745585441589355
256,2,train/lr,6.994437249454433e-05
257,2,train/loss,2.1430373191833496
257,2,train/lr,6.994236860982379e-05
258,2,train/loss,2.3154773712158203
258,2,train/lr,6.994032929741117e-05
259,2,train/loss,2.16485857963562
259,2,train/lr,6.993825455937409e-05
260,2,train/loss,2.0360939502716064
260,2,train/lr,6.993614439781611e-05
261,2,train/loss,2.000237226486206
261,2,train/lr,6.99339988148767e-05
262,2,train/loss,2.012052059173584
262,2,train/lr,6.993181781273125e-05
263,2,train/loss,2.0800070762634277
263,2,train/lr,6.992960139359104e-05
264,2,train/loss,2.2805051803588867
264,2,train/lr,6.992734955970331e-05
265,2,train/loss,2.1042144298553467
265,2,train/lr,6.992506231335111e-05
266,2,train/loss,2.0582380294799805
266,2,train/lr,6.99227396568535e-05
267,2,train/loss,2.3229904174804688
267,2,train/lr,6.99203815925654e-05
268,2,train/loss,2.1988537311553955
268,2,train/lr,6.99179881228776e-05
269,2,train/loss,2.2706103324890137
269,2,train/lr,6.991555925021683e-05
270,2,train/loss,2.269320011138916
270,2,train/lr,6.991309497704568e-05
271,2,train/loss,2.240036964416504
271,2,train/lr,6.991059530586267e-05
272,2,train/loss,2.078444004058838
272,2,train/lr,6.990806023920219e-05
273,2,train/loss,1.8954474925994873
273,2,train/lr,6.99054897796345e-05
274,2,train/loss,2.4994778633117676
274,2,train/lr,6.990288392976576e-05
275,2,train/loss,1.9628329277038574
275,2,train/lr,6.990024269223804e-05
276,2,train/loss,2.100353717803955
276,2,train/lr,6.989756606972923e-05
277,2,train/loss,2.015298366546631
277,2,train/lr,6.989485406495316e-05
278,2,train/loss,2.069976329803467
278,2,train/lr,6.989210668065948e-05
279,2,train/loss,2.4623680114746094
279,2,train/lr,6.988932391963373e-05
280,2,train/loss,2.759150505065918
280,2,train/lr,6.988650578469734e-05
281,2,train/loss,2.162213087081909
281,2,train/lr,6.988365227870758e-05
282,2,train/loss,2.1638684272766113
282,2,train/lr,6.988076340455759e-05
283,2,train/loss,1.9154176712036133
283,2,train/lr,6.987783916517636e-05
284,2,train/loss,2.3136181831359863
284,2,train/lr,6.987487956352876e-05
285,2,train/loss,2.0967183113098145
285,2,train/lr,6.987188460261548e-05
286,2,train/loss,2.1518073081970215
286,2,train/lr,6.98688542854731e-05
287,2,train/loss,1.9997870922088623
287,2,train/lr,6.9865788615174e-05
288,2,train/loss,1.9958975315093994
288,2,train/lr,6.986268759482644e-05
289,2,train/loss,1.9287141561508179
289,2,train/lr,6.985955122757453e-05
290,2,train/loss,2.0333762168884277
290,2,train/lr,6.985637951659818e-05
291,2,train/loss,1.9749665260314941
291,2,train/lr,6.985317246511315e-05
292,2,train/loss,2.3847198486328125
292,2,train/lr,6.984993007637105e-05
293,2,train/loss,2.3050119876861572
293,2,train/lr,6.98466523536593e-05
294,2,train/loss,1.9407098293304443
294,2,train/lr,6.984333930030114e-05
295,2,train/loss,2.0434048175811768
295,2,train/lr,6.983999091965564e-05
296,2,train/loss,2.091987133026123
296,2,train/lr,6.983660721511769e-05
297,2,train/loss,2.3065123558044434
297,2,train/lr,6.9833188190118e-05
298,2,train/loss,2.000282049179077
298,2,train/lr,6.982973384812307e-05
299,2,train/loss,1.9249062538146973
299,2,train/lr,6.982624419263522e-05
300,2,train/loss,1.9230077266693115
300,2,train/lr,6.982271922719258e-05
301,2,train/loss,1.9625353813171387
301,2,train/lr,6.98191589553691e-05
302,2,train/loss,1.8482110500335693
302,2,train/lr,6.981556338077444e-05
303,2,train/loss,2.010958194732666
303,2,train/lr,6.981193250705416e-05
304,2,train/loss,2.2760448455810547
304,2,train/lr,6.980826633788956e-05
305,2,train/loss,2.0648651123046875
305,2,train/lr,6.980456487699771e-05
306,2,train/loss,1.903996229171753
306,2,train/lr,6.98008281281315e-05
307,2,train/loss,1.9291987419128418
307,2,train/lr,6.979705609507959e-05
308,2,train/loss,1.9478869438171387
308,2,train/lr,6.979324878166637e-05
309,2,train/loss,2.091510772705078
309,2,train/lr,6.978940619175206e-05
310,2,train/loss,1.8557887077331543
310,2,train/lr,6.978552832923261e-05
311,2,train/loss,2.0296759605407715
311,2,train/lr,6.978161519803974e-05
312,2,train/loss,2.0954184532165527
312,2,train/lr,6.977766680214095e-05
313,2,train/loss,1.8980140686035156
313,2,train/lr,6.977368314553946e-05
314,2,train/loss,1.9181188344955444
314,2,train/lr,6.976966423227425e-05
315,2,train/loss,1.9100319147109985
315,2,train/lr,6.976561006642006e-05
316,2,train/loss,1.9572540521621704
316,2,train/lr,6.976152065208739e-05
317,2,train/loss,2.152545213699341
317,2,train/lr,6.975739599342242e-05
318,2,train/loss,2.1900391578674316
318,2,train/lr,6.97532360946071e-05
319,2,train/loss,1.9696714878082275
319,2,train/lr,6.974904095985912e-05
320,2,train/loss,2.1017825603485107
320,2,train/lr,6.974481059343188e-05
321,2,train/loss,2.0634522438049316
321,2,train/lr,6.974054499961451e-05
322,2,train/loss,1.8661956787109375
322,2,train/lr,6.973624418273183e-05
323,2,train/loss,1.8350574970245361
323,2,train/lr,6.97319081471444e-05
324,2,train/loss,2.00056791305542
324,2,train/lr,6.972753689724848e-05
325,2,train/loss,1.9201478958129883
325,2,train/lr,6.972313043747604e-05
326,2,train/loss,1.8495564460754395
326,2,train/lr,6.971868877229475e-05
327,2,train/loss,1.8823461532592773
327,2,train/lr,6.971421190620793e-05
328,2,train/loss,1.9784512519836426
328,2,train/lr,6.970969984375466e-05
329,2,train/loss,2.050957679748535
329,2,train/lr,6.970515258950967e-05
330,2,train/loss,1.733231782913208
330,2,train/lr,6.970057014808337e-05
331,2,train/loss,1.9197545051574707
331,2,train/lr,6.969595252412182e-05
332,2,train/loss,1.8070955276489258
332,2,train/lr,6.969129972230682e-05
332,2,train/batches,662.0
332,2,train/compute_pct,99.85494542249393
332,2,train/compute_sec,67.32765696904971
332,2,train/data_wait_pct,0.14505457750607695
332,2,train/data_wait_sec,0.0978037171298638
332,2,train/examples,5296.0
332,2,train/examples_per_sec,78.54599651382937
332,2,train/input_tokens,626135.0
332,2,train/peak_vram_gb,6.705164432525635
332,2,train/target_tokens,424702.0
332,2,train/tokens_per_sec,15585.166038255837
332,2,train/total_sec,67.42546068617958
332,2,train/epoch_loss,2.1932674248413018
332,2,epoch2/batches,662.0
332,2,epoch2/compute_pct,99.85494542249393
332,2,epoch2/compute_sec,67.32765696904971
332,2,epoch2/data_wait_pct,0.14505457750607695
332,2,epoch2/data_wait_sec,0.0978037171298638
332,2,epoch2/examples,5296.0
332,2,epoch2/examples_per_sec,78.54599651382937
332,2,epoch2/input_tokens,626135.0
332,2,epoch2/peak_vram_gb,6.705164432525635
332,2,epoch2/target_tokens,424702.0
332,2,epoch2/tokens_per_sec,15585.166038255837
332,2,epoch2/total_sec,67.42546068617958
332,2,val/bleu,3.294527932045665
332,2,val/chrf,20.08968201300353
332,2,val/combined,8.135478998667228
332,2,val/eval_peak_vram_gb,6.705164432525635
332,2,val/eval_samples_per_sec,5.049854219452869
332,2,val/eval_seconds,118.22123452599044
332,2,val/eval_tokens_per_sec,1478.8544604612796
333,3,train/loss,1.862481951713562
333,3,train/lr,6.968661174735577e-05
334,3,train/loss,2.049806833267212
334,3,train/lr,6.968188860402176e-05
335,3,train/loss,2.2936742305755615
335,3,train/lr,6.967713029709355e-05
336,3,train/loss,2.059056282043457
336,3,train/lr,6.967233683139552e-05
337,3,train/loss,1.8467285633087158
337,3,train/lr,6.966750821178773e-05
338,3,train/loss,1.6950032711029053
338,3,train/lr,6.966264444316584e-05
339,3,train/loss,1.7819254398345947
339,3,train/lr,6.965774553046119e-05
340,3,train/loss,1.9396586418151855
340,3,train/lr,6.965281147864074e-05
341,3,train/loss,1.8828774690628052
341,3,train/lr,6.964784229270705e-05
342,3,train/loss,1.9272167682647705
342,3,train/lr,6.964283797769835e-05
343,3,train/loss,1.8713582754135132
343,3,train/lr,6.963779853868846e-05
344,3,train/loss,1.9072527885437012
344,3,train/lr,6.963272398078678e-05
345,3,train/loss,2.257601261138916
345,3,train/lr,6.962761430913839e-05
346,3,train/loss,1.9324321746826172
346,3,train/lr,6.96224695289239e-05
347,3,train/loss,1.9406728744506836
347,3,train/lr,6.961728964535957e-05
348,3,train/loss,1.947405457496643
348,3,train/lr,6.961207466369722e-05
349,3,train/loss,2.150442123413086
349,3,train/lr,6.960682458922426e-05
350,3,train/loss,2.1898531913757324
350,3,train/lr,6.96015394272637e-05
351,3,train/loss,2.007002353668213
351,3,train/lr,6.959621918317408e-05
352,3,train/loss,1.7774105072021484
352,3,train/lr,6.959086386234956e-05
353,3,train/loss,1.8889931440353394
353,3,train/lr,6.958547347021984e-05
354,3,train/loss,1.9514343738555908
354,3,train/lr,6.958004801225018e-05
355,3,train/loss,1.9328088760375977
355,3,train/lr,6.957458749394138e-05
356,3,train/loss,1.872393012046814
356,3,train/lr,6.956909192082982e-05
357,3,train/loss,1.9276176691055298
357,3,train/lr,6.956356129848738e-05
358,3,train/loss,2.4195752143859863
358,3,train/lr,6.955799563252153e-05
359,3,train/loss,2.063823699951172
359,3,train/lr,6.955239492857522e-05
360,3,train/loss,1.8532946109771729
360,3,train/lr,6.954675919232694e-05
361,3,train/loss,1.9218807220458984
361,3,train/lr,6.954108842949072e-05
362,3,train/loss,1.8336632251739502
362,3,train/lr,6.953538264581605e-05
363,3,train/loss,2.100869655609131
363,3,train/lr,6.952964184708802e-05
364,3,train/loss,1.7351574897766113
364,3,train/lr,6.95238660391271e-05
365,3,train/loss,1.809533715248108
365,3,train/lr,6.951805522778936e-05
366,3,train/loss,1.813932180404663
366,3,train/lr,6.951220941896632e-05
367,3,train/loss,2.1765952110290527
367,3,train/lr,6.950632861858496e-05
368,3,train/loss,1.898362636566162
368,3,train/lr,6.950041283260778e-05
369,3,train/loss,1.9380600452423096
369,3,train/lr,6.949446206703272e-05
370,3,train/loss,2.095975875854492
370,3,train/lr,6.94884763278932e-05
371,3,train/loss,1.9626659154891968
371,3,train/lr,6.94824556212581e-05
372,3,train/loss,1.9433765411376953
372,3,train/lr,6.947639995323174e-05
373,3,train/loss,1.9693584442138672
373,3,train/lr,6.947030932995391e-05
374,3,train/loss,1.8597583770751953
374,3,train/lr,6.946418375759982e-05
375,3,train/loss,1.8549761772155762
375,3,train/lr,6.945802324238013e-05
376,3,train/loss,1.7761878967285156
376,3,train/lr,6.945182779054092e-05
377,3,train/loss,1.7288352251052856
377,3,train/lr,6.944559740836367e-05
378,3,train/loss,1.9056215286254883
378,3,train/lr,6.943933210216533e-05
379,3,train/loss,1.8548719882965088
379,3,train/lr,6.94330318782982e-05
380,3,train/loss,1.955031156539917
380,3,train/lr,6.942669674315003e-05
381,3,train/loss,1.823369026184082
381,3,train/lr,6.942032670314392e-05
382,3,train/loss,1.885606288909912
382,3,train/lr,6.941392176473841e-05
383,3,train/loss,1.97502601146698
383,3,train/lr,6.940748193442738e-05
384,3,train/loss,2.012521743774414
384,3,train/lr,6.940100721874013e-05
385,3,train/loss,2.0630242824554443
385,3,train/lr,6.939449762424126e-05
386,3,train/loss,1.767174243927002
386,3,train/lr,6.938795315753083e-05
387,3,train/loss,2.168158531188965
387,3,train/lr,6.938137382524418e-05
388,3,train/loss,1.790171504020691
388,3,train/lr,6.937475963405201e-05
389,3,train/loss,1.8777295351028442
389,3,train/lr,6.93681105906604e-05
390,3,train/loss,2.0168235301971436
390,3,train/lr,6.936142670181074e-05
391,3,train/loss,1.731048822402954
391,3,train/lr,6.935470797427975e-05
392,3,train/loss,1.9629645347595215
392,3,train/lr,6.934795441487947e-05
393,3,train/loss,1.8897464275360107
393,3,train/lr,6.934116603045726e-05
394,3,train/loss,1.894559621810913
394,3,train/lr,6.93343428278958e-05
395,3,train/loss,2.1644949913024902
395,3,train/lr,6.932748481411306e-05
396,3,train/loss,2.00836181640625
396,3,train/lr,6.93205919960623e-05
397,3,train/loss,2.321780204772949
397,3,train/lr,6.931366438073209e-05
398,3,train/loss,1.7123777866363525
398,3,train/lr,6.930670197514624e-05
399,3,train/loss,1.8123376369476318
399,3,train/lr,6.929970478636387e-05
400,3,train/loss,1.9620087146759033
400,3,train/lr,6.929267282147936e-05
401,3,train/loss,1.7835426330566406
401,3,train/lr,6.928560608762235e-05
402,3,train/loss,1.5314830541610718
402,3,train/lr,6.927850459195769e-05
403,3,train/loss,1.6427676677703857
403,3,train/lr,6.927136834168557e-05
404,3,train/loss,1.6797562837600708
404,3,train/lr,6.926419734404129e-05
405,3,train/loss,2.0872411727905273
405,3,train/lr,6.925699160629549e-05
406,3,train/loss,1.8308250904083252
406,3,train/lr,6.924975113575398e-05
407,3,train/loss,1.8358309268951416
407,3,train/lr,6.92424759397578e-05
408,3,train/loss,2.1997973918914795
408,3,train/lr,6.923516602568319e-05
409,3,train/loss,1.9130866527557373
409,3,train/lr,6.922782140094159e-05
410,3,train/loss,1.8740918636322021
410,3,train/lr,6.922044207297963e-05
411,3,train/loss,2.031829595565796
411,3,train/lr,6.921302804927916e-05
412,3,train/loss,1.962384819984436
412,3,train/lr,6.920557933735714e-05
413,3,train/loss,1.8478018045425415
413,3,train/lr,6.919809594476575e-05
414,3,train/loss,1.831974983215332
414,3,train/lr,6.919057787909234e-05
415,3,train/loss,1.7503795623779297
415,3,train/lr,6.918302514795939e-05
416,3,train/loss,1.6270604133605957
416,3,train/lr,6.917543775902452e-05
417,3,train/loss,1.709019422531128
417,3,train/lr,6.91678157199805e-05
418,3,train/loss,1.8848644495010376
418,3,train/lr,6.916015903855526e-05
419,3,train/loss,1.8572187423706055
419,3,train/lr,6.915246772251181e-05
420,3,train/loss,2.1964235305786133
420,3,train/lr,6.914474177964829e-05
421,3,train/loss,1.8673169612884521
421,3,train/lr,6.913698121779793e-05
422,3,train/loss,1.9844571352005005
422,3,train/lr,6.912918604482913e-05
423,3,train/loss,1.8179370164871216
423,3,train/lr,6.91213562686453e-05
424,3,train/loss,1.8846209049224854
424,3,train/lr,6.911349189718497e-05
425,3,train/loss,1.7488608360290527
425,3,train/lr,6.910559293842175e-05
426,3,train/loss,1.8911099433898926
426,3,train/lr,6.909765940036429e-05
427,3,train/loss,1.9828861951828003
427,3,train/lr,6.908969129105634e-05
428,3,train/loss,1.6623808145523071
428,3,train/lr,6.908168861857667e-05
429,3,train/loss,1.7863991260528564
429,3,train/lr,6.90736513910391e-05
430,3,train/loss,1.7308237552642822
430,3,train/lr,6.90655796165925e-05
431,3,train/loss,1.9306379556655884
431,3,train/lr,6.905747330342075e-05
432,3,train/loss,1.8323147296905518
432,3,train/lr,6.904933245974274e-05
433,3,train/loss,1.9784387350082397
433,3,train/lr,6.904115709381242e-05
434,3,train/loss,1.9289979934692383
434,3,train/lr,6.903294721391867e-05
435,3,train/loss,1.7267448902130127
435,3,train/lr,6.902470282838542e-05
436,3,train/loss,1.921668529510498
436,3,train/lr,6.901642394557155e-05
437,3,train/loss,1.7148678302764893
437,3,train/lr,6.900811057387094e-05
438,3,train/loss,1.7131462097167969
438,3,train/lr,6.899976272171243e-05
439,3,train/loss,1.8148934841156006
439,3,train/lr,6.899138039755981e-05
440,3,train/loss,1.7037086486816406
440,3,train/lr,6.898296360991182e-05
441,3,train/loss,1.7565269470214844
441,3,train/lr,6.897451236730217e-05
442,3,train/loss,1.7358237504959106
442,3,train/lr,6.896602667829947e-05
443,3,train/loss,1.927276372909546
443,3,train/lr,6.895750655150727e-05
444,3,train/loss,1.8270537853240967
444,3,train/lr,6.894895199556405e-05
445,3,train/loss,2.037106513977051
445,3,train/lr,6.894036301914316e-05
446,3,train/loss,2.0016672611236572
446,3,train/lr,6.893173963095289e-05
447,3,train/loss,1.9664027690887451
447,3,train/lr,6.89230818397364e-05
448,3,train/loss,1.6578114032745361
448,3,train/lr,6.891438965427172e-05
449,3,train/loss,1.6319307088851929
449,3,train/lr,6.890566308337176e-05
450,3,train/loss,1.9053032398223877
450,3,train/lr,6.889690213588432e-05
451,3,train/loss,1.8767924308776855
451,3,train/lr,6.8888106820692e-05
452,3,train/loss,1.8003606796264648
452,3,train/lr,6.88792771467123e-05
453,3,train/loss,1.6661173105239868
453,3,train/lr,6.88704131228975e-05
454,3,train/loss,1.6551542282104492
454,3,train/lr,6.88615147582348e-05
455,3,train/loss,1.8861806392669678
455,3,train/lr,6.885258206174609e-05
456,3,train/loss,1.8381502628326416
456,3,train/lr,6.884361504248818e-05
457,3,train/loss,1.8957281112670898
457,3,train/lr,6.883461370955259e-05
458,3,train/loss,2.0575599670410156
458,3,train/lr,6.882557807206571e-05
459,3,train/loss,2.18965482711792
459,3,train/lr,6.881650813918869e-05
460,3,train/loss,1.771083116531372
460,3,train/lr,6.880740392011739e-05
461,3,train/loss,1.6723984479904175
461,3,train/lr,6.879826542408251e-05
462,3,train/loss,1.93711519241333
462,3,train/lr,6.878909266034947e-05
463,3,train/loss,1.797752857208252
463,3,train/lr,6.877988563821842e-05
464,3,train/loss,1.840247392654419
464,3,train/lr,6.87706443670243e-05
465,3,train/loss,1.5958044528961182
465,3,train/lr,6.876136885613669e-05
466,3,train/loss,1.908405065536499
466,3,train/lr,6.875205911495997e-05
467,3,train/loss,1.7457916736602783
467,3,train/lr,6.874271515293316e-05
468,3,train/loss,1.9045836925506592
468,3,train/lr,6.873333697953e-05
469,3,train/loss,1.808668851852417
469,3,train/lr,6.872392460425893e-05
470,3,train/loss,2.071682929992676
470,3,train/lr,6.871447803666306e-05
471,3,train/loss,2.009270429611206
471,3,train/lr,6.870499728632016e-05
472,3,train/loss,1.8772403001785278
472,3,train/lr,6.869548236284267e-05
473,3,train/loss,2.2318906784057617
473,3,train/lr,6.868593327587765e-05
474,3,train/loss,1.8657257556915283
474,3,train/lr,6.867635003510683e-05
475,3,train/loss,1.7602124214172363
475,3,train/lr,6.866673265024654e-05
476,3,train/loss,1.7014048099517822
476,3,train/lr,6.865708113104777e-05
477,3,train/loss,1.8676002025604248
477,3,train/lr,6.864739548729605e-05
478,3,train/loss,1.6759448051452637
478,3,train/lr,6.86376757288116e-05
479,3,train/loss,1.6289143562316895
479,3,train/lr,6.862792186544915e-05
480,3,train/loss,1.8167378902435303
480,3,train/lr,6.861813390709803e-05
481,3,train/loss,1.8139005899429321
481,3,train/lr,6.860831186368215e-05
482,3,train/loss,1.7766268253326416
482,3,train/lr,6.859845574516e-05
483,3,train/loss,1.9916398525238037
483,3,train/lr,6.858856556152456e-05
484,3,train/loss,1.8235104084014893
484,3,train/lr,6.857864132280341e-05
485,3,train/loss,1.7744626998901367
485,3,train/lr,6.85686830390586e-05
486,3,train/loss,1.7519023418426514
486,3,train/lr,6.855869072038675e-05
487,3,train/loss,1.750768780708313
487,3,train/lr,6.854866437691895e-05
488,3,train/loss,1.8142189979553223
488,3,train/lr,6.853860401882081e-05
489,3,train/loss,1.520883321762085
489,3,train/lr,6.852850965629242e-05
490,3,train/loss,2.0960159301757812
490,3,train/lr,6.851838129956833e-05
491,3,train/loss,1.7866523265838623
491,3,train/lr,6.85082189589176e-05
492,3,train/loss,1.7016093730926514
492,3,train/lr,6.84980226446437e-05
493,3,train/loss,1.8354953527450562
493,3,train/lr,6.848779236708454e-05
494,3,train/loss,1.7535384893417358
494,3,train/lr,6.847752813661254e-05
495,3,train/loss,1.785097360610962
495,3,train/lr,6.846722996363445e-05
496,3,train/loss,1.7865698337554932
496,3,train/lr,6.845689785859151e-05
497,3,train/loss,1.7185120582580566
497,3,train/lr,6.84465318319593e-05
498,3,train/loss,1.8150930404663086
498,3,train/lr,6.843613189424785e-05
498,3,train/batches,662.0
498,3,train/compute_pct,99.84120955884148
498,3,train/compute_sec,67.36725886567729
498,3,train/data_wait_pct,0.15879044115851346
498,3,train/data_wait_sec,0.10714290023315698
498,3,train/examples,5296.0
498,3,train/examples_per_sec,78.48902489529972
498,3,train/input_tokens,625993.0
498,3,train/peak_vram_gb,6.719967365264893
498,3,train/target_tokens,424712.0
498,3,train/tokens_per_sec,15571.905381913877
498,3,train/total_sec,67.47440176591044
498,3,train/epoch_loss,1.877804327767421
498,3,epoch3/batches,662.0
498,3,epoch3/compute_pct,99.84120955884148
498,3,epoch3/compute_sec,67.36725886567729
498,3,epoch3/data_wait_pct,0.15879044115851346
498,3,epoch3/data_wait_sec,0.10714290023315698
498,3,epoch3/examples,5296.0
498,3,epoch3/examples_per_sec,78.48902489529972
498,3,epoch3/input_tokens,625993.0
498,3,epoch3/peak_vram_gb,6.719967365264893
498,3,epoch3/target_tokens,424712.0
498,3,epoch3/tokens_per_sec,15571.905381913877
498,3,epoch3/total_sec,67.47440176591044
498,3,val/bleu,8.404205347962538
498,3,val/chrf,26.035417196358203
498,3,val/combined,14.79212602833242
498,3,val/eval_peak_vram_gb,6.719967365264893
498,3,val/eval_samples_per_sec,6.80822916646521
498,3,val/eval_seconds,87.6880001249956
498,3,val/eval_tokens_per_sec,1418.7231984155853
499,4,train/loss,2.0700273513793945
499,4,train/lr,6.842569805600153e-05
500,4,train/loss,1.8622004985809326
500,4,train/lr,6.841523032779908e-05
501,4,train/loss,1.805114507675171
501,4,train/lr,6.840472872025367e-05
502,4,train/loss,1.7754571437835693
502,4,train/lr,6.83941932440127e-05
503,4,train/loss,1.6861467361450195
503,4,train/lr,6.838362390975803e-05
504,4,train/loss,1.6006836891174316
504,4,train/lr,6.837302072820576e-05
505,4,train/loss,1.6239858865737915
505,4,train/lr,6.836238371010637e-05
506,4,train/loss,1.7428081035614014
506,4,train/lr,6.83517128662446e-05
507,4,train/loss,1.7269179821014404
507,4,train/lr,6.834100820743949e-05
508,4,train/loss,1.7713780403137207
508,4,train/lr,6.833026974454441e-05
509,4,train/loss,1.7794831991195679
509,4,train/lr,6.831949748844696e-05
510,4,train/loss,1.8564567565917969
510,4,train/lr,6.830869145006902e-05
511,4,train/loss,2.0088791847229004
511,4,train/lr,6.82978516403667e-05
512,4,train/loss,1.759056806564331
512,4,train/lr,6.828697807033038e-05
513,4,train/loss,1.698866844177246
513,4,train/lr,6.827607075098464e-05
514,4,train/loss,1.8946421146392822
514,4,train/lr,6.826512969338831e-05
515,4,train/loss,2.076470136642456
515,4,train/lr,6.825415490863441e-05
516,4,train/loss,1.6772634983062744
516,4,train/lr,6.824314640785015e-05
517,4,train/loss,1.5919382572174072
517,4,train/lr,6.823210420219694e-05
518,4,train/loss,1.7156524658203125
518,4,train/lr,6.822102830287034e-05
519,4,train/loss,1.6692359447479248
519,4,train/lr,6.820991872110009e-05
520,4,train/loss,1.5808699131011963
520,4,train/lr,6.819877546815009e-05
521,4,train/loss,1.7334272861480713
521,4,train/lr,6.818759855531835e-05
522,4,train/loss,1.7757850885391235
522,4,train/lr,6.817638799393702e-05
523,4,train/loss,1.8740763664245605
523,4,train/lr,6.816514379537236e-05
524,4,train/loss,1.8940181732177734
524,4,train/lr,6.815386597102477e-05
525,4,train/loss,1.7825913429260254
525,4,train/lr,6.814255453232869e-05
526,4,train/loss,1.8263757228851318
526,4,train/lr,6.813120949075268e-05
527,4,train/loss,1.6335421800613403
527,4,train/lr,6.811983085779935e-05
528,4,train/loss,1.7838176488876343
528,4,train/lr,6.810841864500537e-05
529,4,train/loss,1.8363189697265625
529,4,train/lr,6.809697286394147e-05
530,4,train/loss,1.5851683616638184
530,4,train/lr,6.808549352621239e-05
531,4,train/loss,1.6015233993530273
531,4,train/lr,6.807398064345694e-05
532,4,train/loss,1.6628201007843018
532,4,train/lr,6.806243422734786e-05
533,4,train/loss,1.7865808010101318
533,4,train/lr,6.805085428959198e-05
534,4,train/loss,1.6673130989074707
534,4,train/lr,6.803924084193003e-05
535,4,train/loss,1.8341588973999023
535,4,train/lr,6.802759389613681e-05
536,4,train/loss,1.844545602798462
536,4,train/lr,6.8015913464021e-05
537,4,train/loss,2.285874605178833
537,4,train/lr,6.800419955742527e-05
538,4,train/loss,1.923262596130371
538,4,train/lr,6.799245218822624e-05
539,4,train/loss,1.6643143892288208
539,4,train/lr,6.798067136833442e-05
540,4,train/loss,1.65706467628479
540,4,train/lr,6.796885710969426e-05
541,4,train/loss,1.5376437902450562
541,4,train/lr,6.795700942428413e-05
542,4,train/loss,1.676048994064331
542,4,train/lr,6.794512832411624e-05
543,4,train/loss,1.40860915184021
543,4,train/lr,6.793321382123675e-05
544,4,train/loss,1.5591697692871094
544,4,train/lr,6.79212659277256e-05
545,4,train/loss,1.5983651876449585
545,4,train/lr,6.790928465569665e-05
546,4,train/loss,1.7180792093276978
546,4,train/lr,6.78972700172976e-05
547,4,train/loss,1.7393333911895752
547,4,train/lr,6.788522202470996e-05
548,4,train/loss,1.6386027336120605
548,4,train/lr,6.787314069014903e-05
549,4,train/loss,1.7515347003936768
549,4,train/lr,6.786102602586397e-05
550,4,train/loss,1.6961700916290283
550,4,train/lr,6.78488780441377e-05
551,4,train/loss,1.5038645267486572
551,4,train/lr,6.783669675728695e-05
552,4,train/loss,1.7849793434143066
552,4,train/lr,6.782448217766216e-05
553,4,train/loss,1.6366324424743652
553,4,train/lr,6.781223431764757e-05
554,4,train/loss,1.7178422212600708
554,4,train/lr,6.779995318966117e-05
555,4,train/loss,1.653201699256897
555,4,train/lr,6.778763880615467e-05
556,4,train/loss,2.046776056289673
556,4,train/lr,6.777529117961346e-05
557,4,train/loss,1.7480539083480835
557,4,train/lr,6.776291032255668e-05
558,4,train/loss,1.7237117290496826
558,4,train/lr,6.775049624753716e-05
559,4,train/loss,1.6684913635253906
559,4,train/lr,6.773804896714138e-05
560,4,train/loss,1.6760265827178955
560,4,train/lr,6.772556849398952e-05
561,4,train/loss,1.7088360786437988
561,4,train/lr,6.771305484073537e-05
562,4,train/loss,1.8037068843841553
562,4,train/lr,6.770050802006644e-05
563,4,train/loss,1.9317784309387207
563,4,train/lr,6.768792804470375e-05
564,4,train/loss,1.8881645202636719
564,4,train/lr,6.767531492740205e-05
565,4,train/loss,1.7826917171478271
565,4,train/lr,6.766266868094965e-05
566,4,train/loss,1.941141963005066
566,4,train/lr,6.764998931816839e-05
567,4,train/loss,1.4485902786254883
567,4,train/lr,6.763727685191379e-05
568,4,train/loss,1.5836267471313477
568,4,train/lr,6.762453129507487e-05
569,4,train/loss,1.6978875398635864
569,4,train/lr,6.76117526605742e-05
570,4,train/loss,1.592026948928833
570,4,train/lr,6.759894096136792e-05
571,4,train/loss,1.800441026687622
571,4,train/lr,6.758609621044564e-05
572,4,train/loss,1.7461466789245605
572,4,train/lr,6.757321842083057e-05
573,4,train/loss,1.7785677909851074
573,4,train/lr,6.756030760557931e-05
574,4,train/loss,1.855440616607666
574,4,train/lr,6.754736377778204e-05
575,4,train/loss,1.8198893070220947
575,4,train/lr,6.753438695056233e-05
576,4,train/loss,1.8584926128387451
576,4,train/lr,6.752137713707726e-05
577,4,train/loss,1.8569228649139404
577,4,train/lr,6.750833435051734e-05
578,4,train/loss,1.586897850036621
578,4,train/lr,6.749525860410652e-05
579,4,train/loss,1.5639514923095703
579,4,train/lr,6.748214991110214e-05
580,4,train/loss,1.5558042526245117
580,4,train/lr,6.7469008284795e-05
581,4,train/loss,1.6673915386199951
581,4,train/lr,6.74558337385092e-05
582,4,train/loss,1.7281560897827148
582,4,train/lr,6.744262628560233e-05
583,4,train/loss,1.5157015323638916
583,4,train/lr,6.742938593946522e-05
584,4,train/loss,1.6693634986877441
584,4,train/lr,6.741611271352217e-05
585,4,train/loss,1.7786558866500854
585,4,train/lr,6.740280662123074e-05
586,4,train/loss,1.9698975086212158
586,4,train/lr,6.738946767608182e-05
587,4,train/loss,1.5362505912780762
587,4,train/lr,6.737609589159966e-05
588,4,train/loss,1.860505223274231
588,4,train/lr,6.736269128134172e-05
589,4,train/loss,1.53703773021698
589,4,train/lr,6.734925385889884e-05
590,4,train/loss,1.639512062072754
590,4,train/lr,6.733578363789503e-05
591,4,train/loss,1.8706663846969604
591,4,train/lr,6.732228063198764e-05
592,4,train/loss,1.5181454420089722
592,4,train/lr,6.730874485486721e-05
593,4,train/loss,1.6040130853652954
593,4,train/lr,6.72951763202575e-05
594,4,train/loss,1.7169592380523682
594,4,train/lr,6.728157504191556e-05
595,4,train/loss,1.6180129051208496
595,4,train/lr,6.726794103363149e-05
596,4,train/loss,1.7630715370178223
596,4,train/lr,6.725427430922875e-05
597,4,train/loss,1.6658573150634766
597,4,train/lr,6.724057488256383e-05
598,4,train/loss,1.7707583904266357
598,4,train/lr,6.722684276752646e-05
599,4,train/loss,1.575016975402832
599,4,train/lr,6.721307797803948e-05
600,4,train/loss,1.5581282377243042
600,4,train/lr,6.719928052805884e-05
601,4,train/loss,1.9211828708648682
601,4,train/lr,6.718545043157365e-05
602,4,train/loss,1.8254859447479248
602,4,train/lr,6.71715877026061e-05
603,4,train/loss,1.7160401344299316
603,4,train/lr,6.715769235521143e-05
604,4,train/loss,1.5469374656677246
604,4,train/lr,6.714376440347802e-05
605,4,train/loss,1.4998507499694824
605,4,train/lr,6.712980386152724e-05
606,4,train/loss,1.5854394435882568
606,4,train/lr,6.711581074351357e-05
607,4,train/loss,1.6583285331726074
607,4,train/lr,6.710178506362445e-05
608,4,train/loss,1.9557373523712158
608,4,train/lr,6.708772683608038e-05
609,4,train/loss,1.6934772729873657
609,4,train/lr,6.707363607513484e-05
610,4,train/loss,1.7016782760620117
610,4,train/lr,6.70595127950743e-05
611,4,train/loss,1.7454297542572021
611,4,train/lr,6.704535701021822e-05
612,4,train/loss,1.814201831817627
612,4,train/lr,6.703116873491896e-05
613,4,train/loss,1.6434640884399414
613,4,train/lr,6.70169479835619e-05
614,4,train/loss,1.5107529163360596
614,4,train/lr,6.700269477056528e-05
615,4,train/loss,1.6670666933059692
615,4,train/lr,6.69884091103803e-05
616,4,train/loss,1.613631010055542
616,4,train/lr,6.697409101749102e-05
617,4,train/loss,1.663759469985962
617,4,train/lr,6.695974050641441e-05
618,4,train/loss,1.637908697128296
618,4,train/lr,6.694535759170031e-05
619,4,train/loss,1.693968653678894
619,4,train/lr,6.693094228793138e-05
620,4,train/loss,1.5885918140411377
620,4,train/lr,6.691649460972315e-05
621,4,train/loss,1.6318130493164062
621,4,train/lr,6.690201457172397e-05
622,4,train/loss,1.7516670227050781
622,4,train/lr,6.688750218861498e-05
623,4,train/loss,1.7437374591827393
623,4,train/lr,6.687295747511015e-05
624,4,train/loss,1.7784311771392822
624,4,train/lr,6.685838044595621e-05
625,4,train/loss,1.6942191123962402
625,4,train/lr,6.684377111593263e-05
626,4,train/loss,1.571622371673584
626,4,train/lr,6.682912949985167e-05
627,4,train/loss,1.9240901470184326
627,4,train/lr,6.68144556125583e-05
628,4,train/loss,1.7400670051574707
628,4,train/lr,6.679974946893022e-05
629,4,train/loss,1.767258882522583
629,4,train/lr,6.678501108387784e-05
630,4,train/loss,1.6011496782302856
630,4,train/lr,6.677024047234424e-05
631,4,train/loss,1.4909555912017822
631,4,train/lr,6.675543764930518e-05
632,4,train/loss,1.5998244285583496
632,4,train/lr,6.674060262976909e-05
633,4,train/loss,1.4222736358642578
633,4,train/lr,6.672573542877702e-05
634,4,train/loss,1.7697319984436035
634,4,train/lr,6.671083606140272e-05
635,4,train/loss,1.624198317527771
635,4,train/lr,6.669590454275242e-05
636,4,train/loss,1.794958472251892
636,4,train/lr,6.668094088796508e-05
637,4,train/loss,1.8126044273376465
637,4,train/lr,6.666594511221218e-05
638,4,train/loss,1.742096185684204
638,4,train/lr,6.665091723069776e-05
639,4,train/loss,1.695204734802246
639,4,train/lr,6.663585725865844e-05
640,4,train/loss,1.6918540000915527
640,4,train/lr,6.662076521136337e-05
641,4,train/loss,1.7039754390716553
641,4,train/lr,6.66056411041142e-05
642,4,train/loss,1.5930969715118408
642,4,train/lr,6.659048495224512e-05
643,4,train/loss,1.662585973739624
643,4,train/lr,6.657529677112276e-05
644,4,train/loss,1.8653950691223145
644,4,train/lr,6.656007657614628e-05
645,4,train/loss,1.565979242324829
645,4,train/lr,6.654482438274725e-05
646,4,train/loss,1.5951896905899048
646,4,train/lr,6.652954020638973e-05
647,4,train/loss,1.6115548610687256
647,4,train/lr,6.651422406257015e-05
648,4,train/loss,1.7507977485656738
648,4,train/lr,6.649887596681742e-05
649,4,train/loss,1.9743915796279907
649,4,train/lr,6.648349593469279e-05
650,4,train/loss,2.0102920532226562
650,4,train/lr,6.64680839817899e-05
651,4,train/loss,1.721537470817566
651,4,train/lr,6.645264012373479e-05
652,4,train/loss,1.5682322978973389
652,4,train/lr,6.64371643761858e-05
653,4,train/loss,1.7180202007293701
653,4,train/lr,6.642165675483362e-05
654,4,train/loss,1.614818811416626
654,4,train/lr,6.640611727540128e-05
655,4,train/loss,1.4604785442352295
655,4,train/lr,6.639054595364409e-05
656,4,train/loss,1.5777356624603271
656,4,train/lr,6.637494280534962e-05
657,4,train/loss,1.482036828994751
657,4,train/lr,6.635930784633777e-05
658,4,train/loss,1.798964023590088
658,4,train/lr,6.634364109246064e-05
659,4,train/loss,1.8377190828323364
659,4,train/lr,6.632794255960257e-05
660,4,train/loss,1.7682933807373047
660,4,train/lr,6.631221226368016e-05
661,4,train/loss,1.6873772144317627
661,4,train/lr,6.629645022064216e-05
662,4,train/loss,1.513405203819275
662,4,train/lr,6.628065644646955e-05
663,4,train/loss,1.45719313621521
663,4,train/lr,6.626483095717549e-05
664,4,train/loss,1.7663787603378296
664,4,train/lr,6.624897376880523e-05
664,4,train/batches,662.0
664,4,train/compute_pct,99.89427606644408
664,4,train/compute_sec,65.83962268917821
664,4,train/data_wait_pct,0.10572393355591843
664,4,train/data_wait_sec,0.06968190940096974
664,4,train/examples,5296.0
664,4,train/examples_per_sec,80.35284292946655
664,4,train/input_tokens,626143.0
664,4,train/peak_vram_gb,6.724730014801025
664,4,train/target_tokens,424780.0
664,4,train/tokens_per_sec,15944.986924086814
664,4,train/total_sec,65.90930459857918
664,4,train/epoch_loss,1.7292932941834371
664,4,epoch4/batches,662.0
664,4,epoch4/compute_pct,99.89427606644408
664,4,epoch4/compute_sec,65.83962268917821
664,4,epoch4/data_wait_pct,0.10572393355591843
664,4,epoch4/data_wait_sec,0.06968190940096974
664,4,epoch4/examples,5296.0
664,4,epoch4/examples_per_sec,80.35284292946655
664,4,epoch4/input_tokens,626143.0
664,4,epoch4/peak_vram_gb,6.724730014801025
664,4,epoch4/target_tokens,424780.0
664,4,epoch4/tokens_per_sec,15944.986924086814
664,4,epoch4/total_sec,65.90930459857918
664,4,val/bleu,13.355407419482669
664,4,val/chrf,32.58213401157985
664,4,val/combined,20.860193535076135
664,4,val/eval_peak_vram_gb,6.724730014801025
664,4,val/eval_samples_per_sec,6.80591248517757
664,4,val/eval_seconds,87.71784845899674
664,4,val/eval_tokens_per_sec,1399.8633363356942
665,5,train/loss,1.5367929935455322
665,5,train/lr,6.623308489743625e-05
666,5,train/loss,1.717782735824585
666,5,train/lr,6.621716435917806e-05
667,5,train/loss,1.6427055597305298
667,5,train/lr,6.620121217017235e-05
668,5,train/loss,1.694798469543457
668,5,train/lr,6.618522834659287e-05
669,5,train/loss,1.6505213975906372
669,5,train/lr,6.616921290464545e-05
670,5,train/loss,1.5124155282974243
670,5,train/lr,6.615316586056796e-05
671,5,train/loss,1.4437668323516846
671,5,train/lr,6.613708723063033e-05
672,5,train/loss,1.6359233856201172
672,5,train/lr,6.612097703113452e-05
673,5,train/loss,1.5493884086608887
673,5,train/lr,6.610483527841449e-05
674,5,train/loss,1.614342451095581
674,5,train/lr,6.608866198883617e-05
675,5,train/loss,1.6717146635055542
675,5,train/lr,6.607245717879749e-05
676,5,train/loss,1.6161344051361084
676,5,train/lr,6.605622086472835e-05
677,5,train/loss,1.7755404710769653
677,5,train/lr,6.603995306309056e-05
678,5,train/loss,1.8277413845062256
678,5,train/lr,6.602365379037788e-05
679,5,train/loss,1.8022091388702393
679,5,train/lr,6.600732306311595e-05
680,5,train/loss,1.7005581855773926
680,5,train/lr,6.599096089786233e-05
681,5,train/loss,1.6352379322052002
681,5,train/lr,6.597456731120646e-05
682,5,train/loss,1.7636038064956665
682,5,train/lr,6.595814231976958e-05
683,5,train/loss,1.611446499824524
683,5,train/lr,6.594168594020486e-05
684,5,train/loss,1.7245478630065918
684,5,train/lr,6.592519818919721e-05
685,5,train/loss,1.506476879119873
685,5,train/lr,6.59086790834634e-05
686,5,train/loss,1.5930709838867188
686,5,train/lr,6.589212863975197e-05
687,5,train/loss,1.5697462558746338
687,5,train/lr,6.587554687484325e-05
688,5,train/loss,1.613342523574829
688,5,train/lr,6.585893380554929e-05
689,5,train/loss,1.764750361442566
689,5,train/lr,6.58422894487139e-05
690,5,train/loss,1.8823816776275635
690,5,train/lr,6.582561382121264e-05
691,5,train/loss,1.7259268760681152
691,5,train/lr,6.580890693995274e-05
692,5,train/loss,1.6730051040649414
692,5,train/lr,6.579216882187312e-05
693,5,train/loss,1.6473749876022339
693,5,train/lr,6.577539948394439e-05
694,5,train/loss,1.5741140842437744
694,5,train/lr,6.575859894316877e-05
695,5,train/loss,1.6130669116973877
695,5,train/lr,6.57417672165802e-05
696,5,train/loss,1.7117528915405273
696,5,train/lr,6.572490432124416e-05
697,5,train/loss,1.429909586906433
697,5,train/lr,6.570801027425774e-05
698,5,train/loss,1.611929178237915
698,5,train/lr,6.569108509274965e-05
699,5,train/loss,1.6153104305267334
699,5,train/lr,6.567412879388016e-05
700,5,train/loss,1.7743985652923584
700,5,train/lr,6.565714139484107e-05
701,5,train/loss,1.7568316459655762
701,5,train/lr,6.564012291285572e-05
702,5,train/loss,1.6798464059829712
702,5,train/lr,6.562307336517895e-05
703,5,train/loss,1.621110200881958
703,5,train/lr,6.560599276909715e-05
704,5,train/loss,1.4880473613739014
704,5,train/lr,6.558888114192812e-05
705,5,train/loss,1.6242321729660034
705,5,train/lr,6.557173850102117e-05
706,5,train/loss,1.6087043285369873
706,5,train/lr,6.555456486375705e-05
707,5,train/loss,1.721658706665039
707,5,train/lr,6.553736024754789e-05
708,5,train/loss,1.598015546798706
708,5,train/lr,6.55201246698373e-05
709,5,train/loss,1.5033836364746094
709,5,train/lr,6.550285814810024e-05
710,5,train/loss,1.7362916469573975
710,5,train/lr,6.548556069984304e-05
711,5,train/loss,1.416433334350586
711,5,train/lr,6.546823234260341e-05
712,5,train/loss,1.5787317752838135
712,5,train/lr,6.545087309395037e-05
713,5,train/loss,1.6588351726531982
713,5,train/lr,6.54334829714843e-05
714,5,train/loss,1.6123278141021729
714,5,train/lr,6.541606199283682e-05
715,5,train/loss,1.7645635604858398
715,5,train/lr,6.539861017567091e-05
716,5,train/loss,1.909684181213379
716,5,train/lr,6.538112753768075e-05
717,5,train/loss,1.5718735456466675
717,5,train/lr,6.536361409659183e-05
718,5,train/loss,1.5942548513412476
718,5,train/lr,6.534606987016083e-05
719,5,train/loss,1.709681510925293
719,5,train/lr,6.532849487617562e-05
720,5,train/loss,1.7822463512420654
720,5,train/lr,6.531088913245535e-05
721,5,train/loss,1.586153507232666
721,5,train/lr,6.529325265685025e-05
722,5,train/loss,1.5357770919799805
722,5,train/lr,6.527558546724179e-05
723,5,train/loss,1.6007099151611328
723,5,train/lr,6.525788758154253e-05
724,5,train/loss,1.5326745510101318
724,5,train/lr,6.524015901769614e-05
725,5,train/loss,1.672755241394043
725,5,train/lr,6.522239979367745e-05
726,5,train/loss,1.6124694347381592
726,5,train/lr,6.520460992749234e-05
727,5,train/loss,1.746128797531128
727,5,train/lr,6.518678943717776e-05
728,5,train/loss,1.8694508075714111
728,5,train/lr,6.516893834080172e-05
729,5,train/loss,1.7786364555358887
729,5,train/lr,6.515105665646325e-05
730,5,train/loss,1.7398864030838013
730,5,train/lr,6.51331444022924e-05
731,5,train/loss,1.625438928604126
731,5,train/lr,6.51152015964502e-05
732,5,train/loss,1.60197114944458
732,5,train/lr,6.50972282571287e-05
733,5,train/loss,1.4095611572265625
733,5,train/lr,6.507922440255084e-05
734,5,train/loss,1.4748964309692383
734,5,train/lr,6.506119005097056e-05
735,5,train/loss,1.5824363231658936
735,5,train/lr,6.504312522067266e-05
736,5,train/loss,1.556342601776123
736,5,train/lr,6.502502992997292e-05
737,5,train/loss,1.5075178146362305
737,5,train/lr,6.500690419721795e-05
738,5,train/loss,1.5029737949371338
738,5,train/lr,6.498874804078521e-05
739,5,train/loss,1.7211685180664062
739,5,train/lr,6.497056147908307e-05
740,5,train/loss,1.7136857509613037
740,5,train/lr,6.495234453055065e-05
741,5,train/loss,1.786759853363037
741,5,train/lr,6.493409721365795e-05
742,5,train/loss,1.7921407222747803
742,5,train/lr,6.491581954690573e-05
743,5,train/loss,1.7350075244903564
743,5,train/lr,6.489751154882549e-05
744,5,train/loss,1.5282955169677734
744,5,train/lr,6.487917323797953e-05
745,5,train/loss,1.7576477527618408
745,5,train/lr,6.486080463296086e-05
746,5,train/loss,1.5270953178405762
746,5,train/lr,6.484240575239322e-05
747,5,train/loss,1.5448992252349854
747,5,train/lr,6.482397661493104e-05
748,5,train/loss,1.513601303100586
748,5,train/lr,6.480551723925943e-05
749,5,train/loss,1.559924602508545
749,5,train/lr,6.478702764409411e-05
750,5,train/loss,1.6181411743164062
750,5,train/lr,6.476850784818153e-05
751,5,train/loss,1.5504021644592285
751,5,train/lr,6.474995787029869e-05
752,5,train/loss,1.7546818256378174
752,5,train/lr,6.473137772925323e-05
753,5,train/loss,1.6814582347869873
753,5,train/lr,6.471276744388333e-05
754,5,train/loss,1.5861477851867676
754,5,train/lr,6.46941270330578e-05
755,5,train/loss,1.5854997634887695
755,5,train/lr,6.467545651567589e-05
756,5,train/loss,1.6165084838867188
756,5,train/lr,6.465675591066749e-05
757,5,train/loss,1.5180193185806274
757,5,train/lr,6.463802523699292e-05
758,5,train/loss,1.7221825122833252
758,5,train/lr,6.461926451364302e-05
759,5,train/loss,1.67002534866333
759,5,train/lr,6.460047375963906e-05
760,5,train/loss,1.7492249011993408
760,5,train/lr,6.458165299403281e-05
761,5,train/loss,1.616081714630127
761,5,train/lr,6.456280223590644e-05
762,5,train/loss,1.8311662673950195
762,5,train/lr,6.454392150437252e-05
763,5,train/loss,1.6533674001693726
763,5,train/lr,6.452501081857403e-05
764,5,train/loss,1.7574231624603271
764,5,train/lr,6.45060701976843e-05
765,5,train/loss,1.7061657905578613
765,5,train/lr,6.448709966090704e-05
766,5,train/loss,1.7466000318527222
766,5,train/lr,6.446809922747625e-05
767,5,train/loss,1.576172113418579
767,5,train/lr,6.444906891665628e-05
768,5,train/loss,1.5805363655090332
768,5,train/lr,6.443000874774177e-05
769,5,train/loss,1.736860752105713
769,5,train/lr,6.44109187400576e-05
770,5,train/loss,1.5624512434005737
770,5,train/lr,6.439179891295893e-05
771,5,train/loss,1.5816426277160645
771,5,train/lr,6.437264928583114e-05
772,5,train/loss,1.585167646408081
772,5,train/lr,6.435346987808983e-05
773,5,train/loss,1.4511103630065918
773,5,train/lr,6.433426070918082e-05
774,5,train/loss,1.6588900089263916
774,5,train/lr,6.431502179858005e-05
775,5,train/loss,1.6040103435516357
775,5,train/lr,6.429575316579368e-05
776,5,train/loss,1.7663298845291138
776,5,train/lr,6.427645483035793e-05
777,5,train/loss,1.5428967475891113
777,5,train/lr,6.425712681183919e-05
778,5,train/loss,1.5845956802368164
778,5,train/lr,6.423776912983395e-05
779,5,train/loss,1.5757570266723633
779,5,train/lr,6.421838180396873e-05
780,5,train/loss,1.5745010375976562
780,5,train/lr,6.419896485390014e-05
781,5,train/loss,1.7624149322509766
781,5,train/lr,6.417951829931483e-05
782,5,train/loss,1.4141807556152344
782,5,train/lr,6.416004215992942e-05
783,5,train/loss,1.6061667203903198
783,5,train/lr,6.414053645549059e-05
784,5,train/loss,1.6223852634429932
784,5,train/lr,6.412100120577495e-05
785,5,train/loss,1.440873622894287
785,5,train/lr,6.410143643058908e-05
786,5,train/loss,1.6655484437942505
786,5,train/lr,6.408184214976949e-05
787,5,train/loss,1.5925838947296143
787,5,train/lr,6.406221838318264e-05
788,5,train/loss,1.6116364002227783
788,5,train/lr,6.404256515072482e-05
789,5,train/loss,1.6593341827392578
789,5,train/lr,6.402288247232226e-05
790,5,train/loss,1.8955929279327393
790,5,train/lr,6.400317036793099e-05
791,5,train/loss,1.6110670566558838
791,5,train/lr,6.398342885753691e-05
792,5,train/loss,1.5798858404159546
792,5,train/lr,6.396365796115574e-05
793,5,train/loss,1.8353800773620605
793,5,train/lr,6.394385769883296e-05
794,5,train/loss,1.7491800785064697
794,5,train/lr,6.392402809064386e-05
795,5,train/loss,1.6100234985351562
795,5,train/lr,6.390416915669344e-05
796,5,train/loss,1.5467157363891602
796,5,train/lr,6.388428091711649e-05
797,5,train/loss,1.5861976146697998
797,5,train/lr,6.386436339207747e-05
798,5,train/loss,1.7214136123657227
798,5,train/lr,6.384441660177053e-05
799,5,train/loss,1.5774956941604614
799,5,train/lr,6.382444056641955e-05
800,5,train/loss,1.572676181793213
800,5,train/lr,6.380443530627796e-05
801,5,train/loss,1.7791839838027954
801,5,train/lr,6.378440084162893e-05
802,5,train/loss,1.454447627067566
802,5,train/lr,6.376433719278515e-05
803,5,train/loss,1.7726762294769287
803,5,train/lr,6.374424438008895e-05
804,5,train/loss,1.6823394298553467
804,5,train/lr,6.372412242391224e-05
805,5,train/loss,1.9369722604751587
805,5,train/lr,6.370397134465641e-05
806,5,train/loss,1.553067684173584
806,5,train/lr,6.368379116275247e-05
807,5,train/loss,1.7427335977554321
807,5,train/lr,6.366358189866085e-05
808,5,train/loss,1.5242060422897339
808,5,train/lr,6.364334357287154e-05
809,5,train/loss,1.5000784397125244
809,5,train/lr,6.362307620590393e-05
810,5,train/loss,1.6192314624786377
810,5,train/lr,6.360277981830691e-05
811,5,train/loss,1.5436538457870483
811,5,train/lr,6.358245443065875e-05
812,5,train/loss,1.5057597160339355
812,5,train/lr,6.356210006356716e-05
813,5,train/loss,1.5245580673217773
813,5,train/lr,6.354171673766921e-05
814,5,train/loss,1.8036508560180664
814,5,train/lr,6.352130447363133e-05
815,5,train/loss,1.5431745052337646
815,5,train/lr,6.350086329214929e-05
816,5,train/loss,1.4359610080718994
816,5,train/lr,6.348039321394819e-05
817,5,train/loss,1.7299139499664307
817,5,train/lr,6.34598942597824e-05
818,5,train/loss,1.6632235050201416
818,5,train/lr,6.343936645043564e-05
819,5,train/loss,1.654435396194458
819,5,train/lr,6.34188098067208e-05
820,5,train/loss,1.4967055320739746
820,5,train/lr,6.339822434948005e-05
821,5,train/loss,1.6032304763793945
821,5,train/lr,6.337761009958476e-05
822,5,train/loss,1.5339938402175903
822,5,train/lr,6.33569670779355e-05
823,5,train/loss,1.5532591342926025
823,5,train/lr,6.3336295305462e-05
824,5,train/loss,1.610048532485962
824,5,train/lr,6.331559480312315e-05
825,5,train/loss,1.6849541664123535
825,5,train/lr,6.329486559190698e-05
826,5,train/loss,1.7023851871490479
826,5,train/lr,6.32741076928306e-05
827,5,train/loss,1.6035668849945068
827,5,train/lr,6.325332112694024e-05
828,5,train/loss,1.8503910303115845
828,5,train/lr,6.323250591531114e-05
829,5,train/loss,1.5419013500213623
829,5,train/lr,6.321166207904765e-05
830,5,train/loss,1.746436595916748
830,5,train/lr,6.31907896392831e-05
830,5,train/batches,662.0
830,5,train/compute_pct,99.87638729966329
830,5,train/compute_sec,66.09826274015359
830,5,train/data_wait_pct,0.12361270033671318
830,5,train/data_wait_sec,0.08180697125499137
830,5,train/examples,5296.0
830,5,train/examples_per_sec,80.02409219413437
830,5,train/input_tokens,626198.0
830,5,train/peak_vram_gb,6.724730014801025
830,5,train/target_tokens,424517.0
830,5,train/tokens_per_sec,15876.607634018108
830,5,train/total_sec,66.18006971140858
830,5,train/epoch_loss,1.6414868026701706
830,5,epoch5/batches,662.0
830,5,epoch5/compute_pct,99.87638729966329
830,5,epoch5/compute_sec,66.09826274015359
830,5,epoch5/data_wait_pct,0.12361270033671318
830,5,epoch5/data_wait_sec,0.08180697125499137
830,5,epoch5/examples,5296.0
830,5,epoch5/examples_per_sec,80.02409219413437
830,5,epoch5/input_tokens,626198.0
830,5,epoch5/peak_vram_gb,6.724730014801025
830,5,epoch5/target_tokens,424517.0
830,5,epoch5/tokens_per_sec,15876.607634018108
830,5,epoch5/total_sec,66.18006971140858
830,5,val/bleu,13.636498036181257
830,5,val/chrf,35.56226803963881
830,5,val/combined,22.02146221949592
830,5,val/eval_peak_vram_gb,6.724730014801025
830,5,val/eval_samples_per_sec,5.7771745290849505
830,5,val/eval_seconds,103.33771240498754
830,5,val/eval_tokens_per_sec,1447.4483372904701
831,6,train/loss,1.7228788137435913
831,6,train/lr,6.316988861717984e-05
832,6,train/loss,1.6530137062072754
832,6,train/lr,6.314895903392917e-05
833,6,train/loss,1.666912317276001
833,6,train/lr,6.312800091075141e-05
834,6,train/loss,1.4769010543823242
834,6,train/lr,6.310701426889576e-05
835,6,train/loss,1.5999336242675781
835,6,train/lr,6.308599912964032e-05
836,6,train/loss,1.5420525074005127
836,6,train/lr,6.306495551429214e-05
837,6,train/loss,1.620342493057251
837,6,train/lr,6.304388344418712e-05
838,6,train/loss,1.395228624343872
838,6,train/lr,6.302278294069e-05
839,6,train/loss,1.4961376190185547
839,6,train/lr,6.300165402519434e-05
840,6,train/loss,1.4890366792678833
840,6,train/lr,6.298049671912254e-05
841,6,train/loss,1.5645725727081299
841,6,train/lr,6.295931104392576e-05
842,6,train/loss,1.685643196105957
842,6,train/lr,6.293809702108392e-05
843,6,train/loss,1.6058349609375
843,6,train/lr,6.291685467210569e-05
844,6,train/loss,1.8864357471466064
844,6,train/lr,6.289558401852847e-05
845,6,train/loss,1.6769485473632812
845,6,train/lr,6.287428508191835e-05
846,6,train/loss,1.6429741382598877
846,6,train/lr,6.285295788387007e-05
847,6,train/loss,1.5441527366638184
847,6,train/lr,6.283160244600707e-05
848,6,train/loss,1.6889238357543945
848,6,train/lr,6.281021878998139e-05
849,6,train/loss,1.516805648803711
849,6,train/lr,6.278880693747369e-05
850,6,train/loss,1.6076055765151978
850,6,train/lr,6.276736691019323e-05
851,6,train/loss,1.4489002227783203
851,6,train/lr,6.27458987298778e-05
852,6,train/loss,1.662820816040039
852,6,train/lr,6.272440241829376e-05
853,6,train/loss,1.4644901752471924
853,6,train/lr,6.2702877997236e-05
854,6,train/loss,1.5922049283981323
854,6,train/lr,6.268132548852791e-05
855,6,train/loss,1.707475185394287
855,6,train/lr,6.265974491402132e-05
856,6,train/loss,1.8394968509674072
856,6,train/lr,6.263813629559657e-05
857,6,train/loss,1.6400861740112305
857,6,train/lr,6.261649965516238e-05
858,6,train/loss,1.4240026473999023
858,6,train/lr,6.259483501465592e-05
859,6,train/loss,1.584980845451355
859,6,train/lr,6.257314239604274e-05
860,6,train/loss,1.6612467765808105
860,6,train/lr,6.255142182131675e-05
861,6,train/loss,1.5918238162994385
861,6,train/lr,6.252967331250021e-05
862,6,train/loss,1.6044094562530518
862,6,train/lr,6.250789689164368e-05
863,6,train/loss,1.4564512968063354
863,6,train/lr,6.248609258082606e-05
864,6,train/loss,1.4784456491470337
864,6,train/lr,6.246426040215451e-05
865,6,train/loss,1.5139520168304443
865,6,train/lr,6.244240037776443e-05
866,6,train/loss,1.5286849737167358
866,6,train/lr,6.242051252981946e-05
867,6,train/loss,1.5513365268707275
867,6,train/lr,6.239859688051147e-05
868,6,train/loss,1.5518786907196045
868,6,train/lr,6.237665345206047e-05
869,6,train/loss,1.6286566257476807
869,6,train/lr,6.235468226671472e-05
870,6,train/loss,1.6217763423919678
870,6,train/lr,6.233268334675051e-05
871,6,train/loss,1.7849218845367432
871,6,train/lr,6.231065671447234e-05
872,6,train/loss,1.6867341995239258
872,6,train/lr,6.228860239221277e-05
873,6,train/loss,1.587451696395874
873,6,train/lr,6.226652040233245e-05
874,6,train/loss,1.5922551155090332
874,6,train/lr,6.224441076722007e-05
875,6,train/loss,1.5006921291351318
875,6,train/lr,6.222227350929234e-05
876,6,train/loss,1.475742220878601
876,6,train/lr,6.220010865099397e-05
877,6,train/loss,1.6311790943145752
877,6,train/lr,6.217791621479773e-05
878,6,train/loss,1.6448862552642822
878,6,train/lr,6.215569622320423e-05
879,6,train/loss,1.554715871810913
879,6,train/lr,6.213344869874211e-05
880,6,train/loss,1.4967713356018066
880,6,train/lr,6.21111736639679e-05
881,6,train/loss,1.5745575428009033
881,6,train/lr,6.208887114146602e-05
882,6,train/loss,1.5021116733551025
882,6,train/lr,6.206654115384874e-05
883,6,train/loss,1.3487733602523804
883,6,train/lr,6.204418372375621e-05
884,6,train/loss,1.5885999202728271
884,6,train/lr,6.202179887385638e-05
885,6,train/loss,1.4766860008239746
885,6,train/lr,6.199938662684501e-05
886,6,train/loss,1.584134578704834
886,6,train/lr,6.197694700544565e-05
887,6,train/loss,1.5999294519424438
887,6,train/lr,6.195448003240957e-05
888,6,train/loss,1.5544811487197876
888,6,train/lr,6.193198573051581e-05
889,6,train/loss,1.4511184692382812
889,6,train/lr,6.190946412257108e-05
890,6,train/loss,1.5629332065582275
890,6,train/lr,6.188691523140981e-05
891,6,train/loss,1.6722760200500488
891,6,train/lr,6.186433907989409e-05
892,6,train/loss,1.721989393234253
892,6,train/lr,6.184173569091362e-05
893,6,train/loss,1.8211729526519775
893,6,train/lr,6.181910508738573e-05
894,6,train/loss,1.6948835849761963
894,6,train/lr,6.179644729225536e-05
895,6,train/loss,1.701819658279419
895,6,train/lr,6.1773762328495e-05
896,6,train/loss,1.7194879055023193
896,6,train/lr,6.175105021910468e-05
897,6,train/loss,1.622103214263916
897,6,train/lr,6.172831098711199e-05
898,6,train/loss,1.4252861738204956
898,6,train/lr,6.170554465557197e-05
899,6,train/loss,1.5468958616256714
899,6,train/lr,6.168275124756716e-05
900,6,train/loss,1.5377485752105713
900,6,train/lr,6.165993078620756e-05
901,6,train/loss,1.7579336166381836
901,6,train/lr,6.163708329463059e-05
902,6,train/loss,1.5870449542999268
902,6,train/lr,6.161420879600107e-05
903,6,train/loss,1.6495602130889893
903,6,train/lr,6.159130731351123e-05
904,6,train/loss,1.6594233512878418
904,6,train/lr,6.156837887038059e-05
905,6,train/loss,1.5931304693222046
905,6,train/lr,6.15454234898561e-05
906,6,train/loss,1.4506196975708008
906,6,train/lr,6.152244119521195e-05
907,6,train/loss,1.7519152164459229
907,6,train/lr,6.149943200974966e-05
908,6,train/loss,1.7957701683044434
908,6,train/lr,6.147639595679797e-05
909,6,train/loss,1.7189183235168457
909,6,train/lr,6.14533330597129e-05
910,6,train/loss,1.6038610935211182
910,6,train/lr,6.143024334187767e-05
911,6,train/loss,1.4968750476837158
911,6,train/lr,6.140712682670271e-05
912,6,train/loss,1.437824010848999
912,6,train/lr,6.138398353762557e-05
913,6,train/loss,1.5544766187667847
913,6,train/lr,6.136081349811105e-05
914,6,train/loss,1.5406771898269653
914,6,train/lr,6.133761673165094e-05
915,6,train/loss,1.5930266380310059
915,6,train/lr,6.131439326176421e-05
916,6,train/loss,1.6062588691711426
916,6,train/lr,6.129114311199688e-05
917,6,train/loss,1.628798246383667
917,6,train/lr,6.126786630592207e-05
918,6,train/loss,1.633133053779602
918,6,train/lr,6.124456286713983e-05
919,6,train/loss,1.8247969150543213
919,6,train/lr,6.122123281927729e-05
920,6,train/loss,1.7828223705291748
920,6,train/lr,6.119787618598853e-05
921,6,train/loss,1.4335827827453613
921,6,train/lr,6.11744929909546e-05
922,6,train/loss,1.4498376846313477
922,6,train/lr,6.115108325788347e-05
923,6,train/loss,1.3788964748382568
923,6,train/lr,6.112764701050999e-05
924,6,train/loss,1.5529329776763916
924,6,train/lr,6.110418427259595e-05
925,6,train/loss,1.413563847541809
925,6,train/lr,6.108069506792995e-05
926,6,train/loss,1.4390541315078735
926,6,train/lr,6.105717942032745e-05
927,6,train/loss,1.4223873615264893
927,6,train/lr,6.103363735363072e-05
928,6,train/loss,1.4363446235656738
928,6,train/lr,6.101006889170879e-05
929,6,train/loss,1.4800595045089722
929,6,train/lr,6.0986474058457496e-05
930,6,train/loss,1.6089539527893066
930,6,train/lr,6.096285287779935e-05
931,6,train/loss,1.5681562423706055
931,6,train/lr,6.093920537368364e-05
932,6,train/loss,1.5652399063110352
932,6,train/lr,6.091553157008632e-05
933,6,train/loss,1.7653950452804565
933,6,train/lr,6.089183149100997e-05
934,6,train/loss,1.406430959701538
934,6,train/lr,6.086810516048389e-05
935,6,train/loss,1.2674685716629028
935,6,train/lr,6.084435260256393e-05
936,6,train/loss,1.7831408977508545
936,6,train/lr,6.0820573841332556e-05
937,6,train/loss,1.441311001777649
937,6,train/lr,6.079676890089879e-05
938,6,train/loss,1.327053427696228
938,6,train/lr,6.077293780539821e-05
939,6,train/loss,1.6815928220748901
939,6,train/lr,6.0749080578992925e-05
940,6,train/loss,1.6591427326202393
940,6,train/lr,6.07251972458715e-05
941,6,train/loss,1.638585090637207
941,6,train/lr,6.070128783024899e-05
942,6,train/loss,1.6673777103424072
942,6,train/lr,6.067735235636691e-05
943,6,train/loss,1.59793221950531
943,6,train/lr,6.065339084849316e-05
944,6,train/loss,1.5116262435913086
944,6,train/lr,6.062940333092207e-05
945,6,train/loss,1.4564480781555176
945,6,train/lr,6.060538982797432e-05
946,6,train/loss,1.4617304801940918
946,6,train/lr,6.0581350363996945e-05
947,6,train/loss,1.4653446674346924
947,6,train/lr,6.05572849633633e-05
948,6,train/loss,1.4112861156463623
948,6,train/lr,6.0533193650473035e-05
949,6,train/loss,1.5553796291351318
949,6,train/lr,6.050907644975208e-05
950,6,train/loss,1.563330888748169
950,6,train/lr,6.048493338565259e-05
951,6,train/loss,1.5324532985687256
951,6,train/lr,6.046076448265297e-05
952,6,train/loss,1.5130047798156738
952,6,train/lr,6.043656976525781e-05
953,6,train/loss,1.546120285987854
953,6,train/lr,6.041234925799787e-05
954,6,train/loss,1.4414238929748535
954,6,train/lr,6.038810298543006e-05
955,6,train/loss,1.7677316665649414
955,6,train/lr,6.0363830972137425e-05
956,6,train/loss,1.4717433452606201
956,6,train/lr,6.03395332427291e-05
957,6,train/loss,1.6772863864898682
957,6,train/lr,6.031520982184027e-05
958,6,train/loss,1.7842779159545898
958,6,train/lr,6.029086073413222e-05
959,6,train/loss,1.626347541809082
959,6,train/lr,6.02664860042922e-05
960,6,train/loss,1.8026641607284546
960,6,train/lr,6.0242085657033506e-05
961,6,train/loss,1.7017412185668945
961,6,train/lr,6.021765971709538e-05
962,6,train/loss,1.507577657699585
962,6,train/lr,6.0193208209243023e-05
963,6,train/loss,1.38393235206604
963,6,train/lr,6.0168731158267554e-05
964,6,train/loss,1.5869214534759521
964,6,train/lr,6.014422858898599e-05
965,6,train/loss,1.6244497299194336
965,6,train/lr,6.011970052624124e-05
966,6,train/loss,1.6962743997573853
966,6,train/lr,6.0095146994902016e-05
967,6,train/loss,1.4524598121643066
967,6,train/lr,6.00705680198629e-05
968,6,train/loss,1.5991634130477905
968,6,train/lr,6.004596362604423e-05
969,6,train/loss,1.6018749475479126
969,6,train/lr,6.0021333838392165e-05
970,6,train/loss,1.8325092792510986
970,6,train/lr,5.999667868187856e-05
971,6,train/loss,1.5496068000793457
971,6,train/lr,5.997199818150102e-05
972,6,train/loss,1.5411057472229004
972,6,train/lr,5.994729236228284e-05
973,6,train/loss,1.565187931060791
973,6,train/lr,5.9922561249272975e-05
974,6,train/loss,1.6180170774459839
974,6,train/lr,5.989780486754607e-05
975,6,train/loss,1.7910312414169312
975,6,train/lr,5.9873023242202306e-05
976,6,train/loss,1.4759974479675293
976,6,train/lr,5.9848216398367535e-05
977,6,train/loss,1.5416276454925537
977,6,train/lr,5.982338436119314e-05
978,6,train/loss,1.5655012130737305
978,6,train/lr,5.979852715585607e-05
979,6,train/loss,1.485487937927246
979,6,train/lr,5.977364480755875e-05
980,6,train/loss,1.7394311428070068
980,6,train/lr,5.974873734152915e-05
981,6,train/loss,1.6270854473114014
981,6,train/lr,5.972380478302069e-05
982,6,train/loss,1.6792974472045898
982,6,train/lr,5.96988471573122e-05
983,6,train/loss,1.5092113018035889
983,6,train/lr,5.967386448970796e-05
984,6,train/loss,1.5188202857971191
984,6,train/lr,5.964885680553763e-05
985,6,train/loss,1.4702210426330566
985,6,train/lr,5.9623824130156217e-05
986,6,train/loss,1.5242769718170166
986,6,train/lr,5.959876648894409e-05
987,6,train/loss,1.6208668947219849
987,6,train/lr,5.957368390730694e-05
988,6,train/loss,1.5381920337677002
988,6,train/lr,5.954857641067571e-05
989,6,train/loss,1.4628784656524658
989,6,train/lr,5.9523444024506615e-05
990,6,train/loss,1.6462428569793701
990,6,train/lr,5.9498286774281126e-05
991,6,train/loss,1.5855014324188232
991,6,train/lr,5.94731046855059e-05
992,6,train/loss,1.501033902168274
992,6,train/lr,5.94478977837128e-05
993,6,train/loss,1.6352242231369019
993,6,train/lr,5.94226660944588e-05
994,6,train/loss,1.4836552143096924
994,6,train/lr,5.939740964332607e-05
995,6,train/loss,1.5257112979888916
995,6,train/lr,5.9372128455921844e-05
996,6,train/loss,1.5111019611358643
996,6,train/lr,5.934682255787844e-05
996,6,train/batches,662.0
996,6,train/compute_pct,99.8659522935282
996,6,train/compute_sec,66.36479787295684
996,6,train/data_wait_pct,0.1340477064718055
996,6,train/data_wait_sec,0.0890798990149051
996,6,train/examples,5296.0
996,6,train/examples_per_sec,79.69437115727946
996,6,train/input_tokens,626029.0
996,6,train/peak_vram_gb,6.724730014801025
996,6,train/target_tokens,424714.0
996,6,train/tokens_per_sec,15811.613034915652
996,6,train/total_sec,66.45387777197175
996,6,train/epoch_loss,1.5816879630809104
996,6,epoch6/batches,662.0
996,6,epoch6/compute_pct,99.8659522935282
996,6,epoch6/compute_sec,66.36479787295684
996,6,epoch6/data_wait_pct,0.1340477064718055
996,6,epoch6/data_wait_sec,0.0890798990149051
996,6,epoch6/examples,5296.0
996,6,epoch6/examples_per_sec,79.69437115727946
996,6,epoch6/input_tokens,626029.0
996,6,epoch6/peak_vram_gb,6.724730014801025
996,6,epoch6/target_tokens,424714.0
996,6,epoch6/tokens_per_sec,15811.613034915652
996,6,epoch6/total_sec,66.45387777197175
996,6,val/bleu,17.288252673051883
996,6,val/chrf,38.55639928815496
996,6,val/combined,25.818070668752547
996,6,val/eval_peak_vram_gb,6.724730014801025
996,6,val/eval_samples_per_sec,6.47316929807935
996,6,val/eval_seconds,92.2268478559854
996,6,val/eval_tokens_per_sec,1405.0897652097299
997,7,train/loss,1.419428825378418
997,7,train/lr,5.932149197485327e-05
998,7,train/loss,2.1128807067871094
998,7,train/lr,5.9296136732528684e-05
999,7,train/loss,1.5832825899124146
999,7,train/lr,5.9270756856612126e-05
1000,7,train/loss,1.2303674221038818
1000,7,train/lr,5.9245352372835974e-05
1001,7,train/loss,1.5966088771820068
1001,7,train/lr,5.9219923306957566e-05
1002,7,train/loss,1.5640912055969238
1002,7,train/lr,5.919446968475914e-05
1003,7,train/loss,1.467524528503418
1003,7,train/lr,5.9168991532047867e-05
1004,7,train/loss,1.6924993991851807
1004,7,train/lr,5.914348887465576e-05
1005,7,train/loss,1.4045953750610352
1005,7,train/lr,5.911796173843971e-05
1006,7,train/loss,1.533589482307434
1006,7,train/lr,5.909241014928138e-05
1007,7,train/loss,1.647585153579712
1007,7,train/lr,5.906683413308727e-05
1008,7,train/loss,1.6057939529418945
1008,7,train/lr,5.9041233715788624e-05
1009,7,train/loss,1.7146657705307007
1009,7,train/lr,5.9015608923341434e-05
1010,7,train/loss,1.635985255241394
1010,7,train/lr,5.898995978172638e-05
1011,7,train/loss,1.955798864364624
1011,7,train/lr,5.8964286316948876e-05
1012,7,train/loss,1.5667369365692139
1012,7,train/lr,5.893858855503897e-05
1013,7,train/loss,1.5209214687347412
1013,7,train/lr,5.891286652205133e-05
1014,7,train/loss,1.4574079513549805
1014,7,train/lr,5.888712024406527e-05
1015,7,train/loss,1.3443351984024048
1015,7,train/lr,5.886134974718464e-05
1016,7,train/loss,1.506522297859192
1016,7,train/lr,5.88355550575379e-05
1017,7,train/loss,1.5131242275238037
1017,7,train/lr,5.880973620127798e-05
1018,7,train/loss,1.3496291637420654
1018,7,train/lr,5.8783893204582356e-05
1019,7,train/loss,1.6218175888061523
1019,7,train/lr,5.8758026093652964e-05
1020,7,train/loss,1.6266767978668213
1020,7,train/lr,5.873213489471618e-05
1021,7,train/loss,1.578810453414917
1021,7,train/lr,5.870621963402282e-05
1022,7,train/loss,1.7509623765945435
1022,7,train/lr,5.8680280337848097e-05
1023,7,train/loss,1.8037782907485962
1023,7,train/lr,5.865431703249156e-05
1024,7,train/loss,1.39219331741333
1024,7,train/lr,5.862832974427716e-05
1025,7,train/loss,1.4556865692138672
1025,7,train/lr,5.86023184995531e-05
1026,7,train/loss,1.3794810771942139
1026,7,train/lr,5.857628332469192e-05
1027,7,train/loss,1.4567222595214844
1027,7,train/lr,5.855022424609039e-05
1028,7,train/loss,1.4287790060043335
1028,7,train/lr,5.852414129016954e-05
1029,7,train/loss,1.546736240386963
1029,7,train/lr,5.84980344833746e-05
1030,7,train/loss,1.4373016357421875
1030,7,train/lr,5.847190385217495e-05
1031,7,train/loss,1.5735712051391602
1031,7,train/lr,5.844574942306421e-05
1032,7,train/loss,1.566091537475586
1032,7,train/lr,5.8419571222560034e-05
1033,7,train/loss,1.6639314889907837
1033,7,train/lr,5.8393369277204235e-05
1034,7,train/loss,1.5636546611785889
1034,7,train/lr,5.836714361356268e-05
1035,7,train/loss,1.9071109294891357
1035,7,train/lr,5.834089425822528e-05
1036,7,train/loss,1.6259690523147583
1036,7,train/lr,5.831462123780599e-05
1037,7,train/loss,1.5654475688934326
1037,7,train/lr,5.828832457894273e-05
1038,7,train/loss,1.4662415981292725
1038,7,train/lr,5.8262004308297404e-05
1039,7,train/loss,1.4115538597106934
1039,7,train/lr,5.823566045255585e-05
1040,7,train/loss,1.5265264511108398
1040,7,train/lr,5.8209293038427824e-05
1041,7,train/loss,1.3138235807418823
1041,7,train/lr,5.8182902092646967e-05
1042,7,train/loss,1.287560224533081
1042,7,train/lr,5.8156487641970766e-05
1043,7,train/loss,1.4439584016799927
1043,7,train/lr,5.813004971318056e-05
1044,7,train/loss,1.5061144828796387
1044,7,train/lr,5.8103588333081474e-05
1045,7,train/loss,1.4454944133758545
1045,7,train/lr,5.807710352850241e-05
1046,7,train/loss,1.6322345733642578
1046,7,train/lr,5.805059532629603e-05
1047,7,train/loss,1.4574750661849976
1047,7,train/lr,5.802406375333873e-05
1048,7,train/loss,1.6014537811279297
1048,7,train/lr,5.7997508836530576e-05
1049,7,train/loss,1.3959850072860718
1049,7,train/lr,5.797093060279531e-05
1050,7,train/loss,1.449981689453125
1050,7,train/lr,5.794432907908032e-05
1051,7,train/loss,1.4519894123077393
1051,7,train/lr,5.79177042923566e-05
1052,7,train/loss,1.6826059818267822
1052,7,train/lr,5.789105626961875e-05
1053,7,train/loss,1.3316929340362549
1053,7,train/lr,5.7864385037884904e-05
1054,7,train/loss,1.4059998989105225
1054,7,train/lr,5.783769062419673e-05
1055,7,train/loss,1.480024814605713
1055,7,train/lr,5.781097305561942e-05
1056,7,train/loss,1.4198479652404785
1056,7,train/lr,5.778423235924163e-05
1057,7,train/loss,1.4720045328140259
1057,7,train/lr,5.775746856217546e-05
1058,7,train/loss,1.5333504676818848
1058,7,train/lr,5.773068169155642e-05
1059,7,train/loss,1.595167636871338
1059,7,train/lr,5.7703871774543457e-05
1060,7,train/loss,1.7430938482284546
1060,7,train/lr,5.767703883831885e-05
1061,7,train/loss,1.6304887533187866
1061,7,train/lr,5.7650182910088224e-05
1062,7,train/loss,1.672475814819336
1062,7,train/lr,5.7623304017080506e-05
1063,7,train/loss,1.4052097797393799
1063,7,train/lr,5.759640218654793e-05
1064,7,train/loss,1.4050068855285645
1064,7,train/lr,5.7569477445765964e-05
1065,7,train/loss,1.3550852537155151
1065,7,train/lr,5.754252982203332e-05
1066,7,train/loss,1.454944133758545
1066,7,train/lr,5.75155593426719e-05
1067,7,train/loss,1.8404438495635986
1067,7,train/lr,5.748856603502679e-05
1068,7,train/loss,1.4058356285095215
1068,7,train/lr,5.74615499264662e-05
1069,7,train/loss,1.686516523361206
1069,7,train/lr,5.743451104438149e-05
1070,7,train/loss,1.5915778875350952
1070,7,train/lr,5.740744941618708e-05
1071,7,train/loss,1.6482489109039307
1071,7,train/lr,5.738036506932046e-05
1072,7,train/loss,1.5979831218719482
1072,7,train/lr,5.735325803124217e-05
1073,7,train/loss,1.6404013633728027
1073,7,train/lr,5.732612832943574e-05
1074,7,train/loss,1.7955677509307861
1074,7,train/lr,5.7298975991407693e-05
1075,7,train/loss,1.5025930404663086
1075,7,train/lr,5.727180104468747e-05
1076,7,train/loss,1.3185172080993652
1076,7,train/lr,5.7244603516827486e-05
1077,7,train/loss,1.8315280675888062
1077,7,train/lr,5.7217383435402994e-05
1078,7,train/loss,1.6049244403839111
1078,7,train/lr,5.7190140828012154e-05
1079,7,train/loss,1.465826153755188
1079,7,train/lr,5.716287572227596e-05
1080,7,train/loss,1.4180011749267578
1080,7,train/lr,5.71355881458382e-05
1081,7,train/loss,1.619297981262207
1081,7,train/lr,5.710827812636546e-05
1082,7,train/loss,1.492709994316101
1082,7,train/lr,5.7080945691547074e-05
1083,7,train/loss,1.6254184246063232
1083,7,train/lr,5.70535908690951e-05
1084,7,train/loss,1.6155354976654053
1084,7,train/lr,5.702621368674431e-05
1085,7,train/loss,1.483863115310669
1085,7,train/lr,5.699881417225212e-05
1086,7,train/loss,1.6613372564315796
1086,7,train/lr,5.697139235339862e-05
1087,7,train/loss,1.5064496994018555
1087,7,train/lr,5.6943948257986476e-05
1088,7,train/loss,1.7420024871826172
1088,7,train/lr,5.6916481913840975e-05
1089,7,train/loss,1.385285496711731
1089,7,train/lr,5.688899334880994e-05
1090,7,train/loss,1.4952585697174072
1090,7,train/lr,5.686148259076376e-05
1091,7,train/loss,1.458617925643921
1091,7,train/lr,5.6833949667595264e-05
1092,7,train/loss,1.4014482498168945
1092,7,train/lr,5.68063946072198e-05
1093,7,train/loss,1.5468544960021973
1093,7,train/lr,5.6778817437575146e-05
1094,7,train/loss,1.5573588609695435
1094,7,train/lr,5.675121818662149e-05
1095,7,train/loss,1.4427306652069092
1095,7,train/lr,5.672359688234143e-05
1096,7,train/loss,1.636595606803894
1096,7,train/lr,5.669595355273991e-05
1097,7,train/loss,1.590487003326416
1097,7,train/lr,5.666828822584419e-05
1098,7,train/loss,1.5369118452072144
1098,7,train/lr,5.664060092970386e-05
1099,7,train/loss,1.5581622123718262
1099,7,train/lr,5.6612891692390755e-05
1100,7,train/loss,1.4611115455627441
1100,7,train/lr,5.658516054199901e-05
1101,7,train/loss,1.6014344692230225
1101,7,train/lr,5.655740750664489e-05
1102,7,train/loss,1.4860472679138184
1102,7,train/lr,5.652963261446694e-05
1103,7,train/loss,1.4304141998291016
1103,7,train/lr,5.6501835893625815e-05
1104,7,train/loss,1.547039270401001
1104,7,train/lr,5.64740173723043e-05
1105,7,train/loss,1.601164698600769
1105,7,train/lr,5.644617707870731e-05
1106,7,train/loss,1.3117928504943848
1106,7,train/lr,5.6418315041061815e-05
1107,7,train/loss,1.6901893615722656
1107,7,train/lr,5.639043128761682e-05
1108,7,train/loss,1.523484230041504
1108,7,train/lr,5.636252584664338e-05
1109,7,train/loss,1.532449722290039
1109,7,train/lr,5.633459874643451e-05
1110,7,train/loss,1.5417306423187256
1110,7,train/lr,5.630665001530522e-05
1111,7,train/loss,1.5724756717681885
1111,7,train/lr,5.62786796815924e-05
1112,7,train/loss,1.7915892601013184
1112,7,train/lr,5.625068777365489e-05
1113,7,train/loss,1.5800386667251587
1113,7,train/lr,5.6222674319873375e-05
1114,7,train/loss,1.725963830947876
1114,7,train/lr,5.619463934865039e-05
1115,7,train/loss,1.6318126916885376
1115,7,train/lr,5.6166582888410306e-05
1116,7,train/loss,1.4237220287322998
1116,7,train/lr,5.613850496759926e-05
1117,7,train/loss,1.3567838668823242
1117,7,train/lr,5.611040561468515e-05
1118,7,train/loss,1.54292631149292
1118,7,train/lr,5.608228485815761e-05
1119,7,train/loss,1.440585970878601
1119,7,train/lr,5.605414272652798e-05
1120,7,train/loss,1.503834843635559
1120,7,train/lr,5.6025979248329255e-05
1121,7,train/loss,1.5372005701065063
1121,7,train/lr,5.599779445211609e-05
1122,7,train/loss,1.4499841928482056
1122,7,train/lr,5.5969588366464746e-05
1123,7,train/loss,1.6308153867721558
1123,7,train/lr,5.5941361019973063e-05
1124,7,train/loss,1.4121679067611694
1124,7,train/lr,5.591311244126045e-05
1125,7,train/loss,1.6710708141326904
1125,7,train/lr,5.588484265896784e-05
1126,7,train/loss,1.5403203964233398
1126,7,train/lr,5.585655170175765e-05
1127,7,train/loss,1.6095048189163208
1127,7,train/lr,5.582823959831379e-05
1128,7,train/loss,1.5159178972244263
1128,7,train/lr,5.579990637734161e-05
1129,7,train/loss,1.4538780450820923
1129,7,train/lr,5.577155206756783e-05
1130,7,train/loss,1.6179141998291016
1130,7,train/lr,5.5743176697740584e-05
1131,7,train/loss,1.4000296592712402
1131,7,train/lr,5.571478029662937e-05
1132,7,train/loss,1.4473543167114258
1132,7,train/lr,5.5686362893024985e-05
1133,7,train/loss,1.579458236694336
1133,7,train/lr,5.565792451573953e-05
1134,7,train/loss,1.5334678888320923
1134,7,train/lr,5.562946519360638e-05
1135,7,train/loss,1.631284236907959
1135,7,train/lr,5.560098495548011e-05
1136,7,train/loss,1.4709477424621582
1136,7,train/lr,5.557248383023655e-05
1137,7,train/loss,1.5142236948013306
1137,7,train/lr,5.554396184677269e-05
1138,7,train/loss,1.8025846481323242
1138,7,train/lr,5.551541903400664e-05
1139,7,train/loss,1.4590654373168945
1139,7,train/lr,5.548685542087767e-05
1140,7,train/loss,1.4794583320617676
1140,7,train/lr,5.545827103634611e-05
1141,7,train/loss,1.4341838359832764
1141,7,train/lr,5.5429665909393356e-05
1142,7,train/loss,1.423912763595581
1142,7,train/lr,5.540104006902186e-05
1143,7,train/loss,1.4400596618652344
1143,7,train/lr,5.537239354425503e-05
1144,7,train/loss,1.8465771675109863
1144,7,train/lr,5.5343726364137276e-05
1145,7,train/loss,1.4716553688049316
1145,7,train/lr,5.531503855773396e-05
1146,7,train/loss,1.58247709274292
1146,7,train/lr,5.5286330154131314e-05
1147,7,train/loss,1.601513385772705
1147,7,train/lr,5.525760118243652e-05
1148,7,train/loss,1.6110190153121948
1148,7,train/lr,5.522885167177752e-05
1149,7,train/loss,1.5965518951416016
1149,7,train/lr,5.520008165130318e-05
1150,7,train/loss,1.5314390659332275
1150,7,train/lr,5.517129115018309e-05
1151,7,train/loss,1.6168471574783325
1151,7,train/lr,5.514248019760763e-05
1152,7,train/loss,1.4908089637756348
1152,7,train/lr,5.511364882278793e-05
1153,7,train/loss,1.4573923349380493
1153,7,train/lr,5.508479705495579e-05
1154,7,train/loss,1.533099889755249
1154,7,train/lr,5.5055924923363736e-05
1155,7,train/loss,1.60610830783844
1155,7,train/lr,5.502703245728489e-05
1156,7,train/loss,1.537400484085083
1156,7,train/lr,5.4998119686013024e-05
1157,7,train/loss,1.6661419868469238
1157,7,train/lr,5.496918663886249e-05
1158,7,train/loss,1.519595742225647
1158,7,train/lr,5.4940233345168165e-05
1159,7,train/loss,1.5658643245697021
1159,7,train/lr,5.491125983428551e-05
1160,7,train/loss,1.5300426483154297
1160,7,train/lr,5.488226613559045e-05
1161,7,train/loss,1.6232181787490845
1161,7,train/lr,5.485325227847939e-05
1162,7,train/loss,1.5528714656829834
1162,7,train/lr,5.482421829236914e-05
1162,7,train/batches,662.0
1162,7,train/compute_pct,99.84871226604767
1162,7,train/compute_sec,66.24541668145685
1162,7,train/data_wait_pct,0.15128773395232725
1162,7,train/data_wait_sec,0.1003730418451596
1162,7,train/examples,5296.0
1162,7,train/examples_per_sec,79.82420620942486
1162,7,train/input_tokens,625993.0
1162,7,train/peak_vram_gb,6.724730014801025
1162,7,train/target_tokens,424685.0
1162,7,train/tokens_per_sec,15836.39300069979
1162,7,train/total_sec,66.345789723302
1162,7,train/epoch_loss,1.538527981212132
1162,7,epoch7/batches,662.0
1162,7,epoch7/compute_pct,99.84871226604767
1162,7,epoch7/compute_sec,66.24541668145685
1162,7,epoch7/data_wait_pct,0.15128773395232725
1162,7,epoch7/data_wait_sec,0.1003730418451596
1162,7,epoch7/examples,5296.0
1162,7,epoch7/examples_per_sec,79.82420620942486
1162,7,epoch7/input_tokens,625993.0
1162,7,epoch7/peak_vram_gb,6.724730014801025
1162,7,epoch7/target_tokens,424685.0
1162,7,epoch7/tokens_per_sec,15836.39300069979
1162,7,epoch7/total_sec,66.345789723302
1162,7,val/bleu,17.768005515064072
1162,7,val/chrf,39.66341651960691
1162,7,val/combined,26.546935858337005
1162,7,val/eval_peak_vram_gb,6.724730014801025
1162,7,val/eval_samples_per_sec,6.532107095328678
1162,7,val/eval_seconds,91.39470484599588
1162,7,val/eval_tokens_per_sec,1497.7672965918796
1163,8,train/loss,1.5990304946899414
1163,8,train/lr,5.4795164206696986e-05
1164,8,train/loss,1.5564520359039307
1164,8,train/lr,5.4766090050920534e-05
1165,8,train/loss,1.551403284072876
1165,8,train/lr,5.473699585451775e-05
1166,8,train/loss,1.3846955299377441
1166,8,train/lr,5.4707881646986947e-05
1167,8,train/loss,1.4318113327026367
1167,8,train/lr,5.467874745784669e-05
1168,8,train/loss,1.4000844955444336
1168,8,train/lr,5.464959331663583e-05
1169,8,train/loss,1.4450466632843018
1169,8,train/lr,5.4620419252913435e-05
1170,8,train/loss,1.4007235765457153
1170,8,train/lr,5.4591225296258774e-05
1171,8,train/loss,1.5655485391616821
1171,8,train/lr,5.456201147627128e-05
1172,8,train/loss,1.5748424530029297
1172,8,train/lr,5.453277782257054e-05
1173,8,train/loss,1.5194461345672607
1173,8,train/lr,5.450352436479624e-05
1174,8,train/loss,1.5129278898239136
1174,8,train/lr,5.447425113260815e-05
1175,8,train/loss,1.7748078107833862
1175,8,train/lr,5.444495815568607e-05
1176,8,train/loss,1.4757928848266602
1176,8,train/lr,5.4415645463729855e-05
1177,8,train/loss,1.7451037168502808
1177,8,train/lr,5.438631308645931e-05
1178,8,train/loss,1.5103352069854736
1178,8,train/lr,5.435696105361424e-05
1179,8,train/loss,1.6275160312652588
1179,8,train/lr,5.4327589394954334e-05
1180,8,train/loss,1.4689273834228516
1180,8,train/lr,5.429819814025921e-05
1181,8,train/loss,1.3586437702178955
1181,8,train/lr,5.4268787319328333e-05
1182,8,train/loss,1.4118939638137817
1182,8,train/lr,5.4239356961981045e-05
1183,8,train/loss,1.3947663307189941
1183,8,train/lr,5.420990709805645e-05
1184,8,train/loss,1.3819093704223633
1184,8,train/lr,5.4180437757413455e-05
1185,8,train/loss,1.5259127616882324
1185,8,train/lr,5.4150948969930694e-05
1186,8,train/loss,1.4727448225021362
1186,8,train/lr,5.4121440765506544e-05
1187,8,train/loss,1.4720017910003662
1187,8,train/lr,5.409191317405906e-05
1188,8,train/loss,1.816816806793213
1188,8,train/lr,5.4062366225525944e-05
1189,8,train/loss,1.5645387172698975
1189,8,train/lr,5.4032799949864535e-05
1190,8,train/loss,1.484756588935852
1190,8,train/lr,5.400321437705175e-05
1191,8,train/loss,1.4867972135543823
1191,8,train/lr,5.39736095370841e-05
1192,8,train/loss,1.4461395740509033
1192,8,train/lr,5.394398545997759e-05
1193,8,train/loss,1.3262958526611328
1193,8,train/lr,5.391434217576778e-05
1194,8,train/loss,1.4160940647125244
1194,8,train/lr,5.3884679714509674e-05
1195,8,train/loss,1.353208065032959
1195,8,train/lr,5.3854998106277705e-05
1196,8,train/loss,1.5377262830734253
1196,8,train/lr,5.382529738116575e-05
1197,8,train/loss,1.503167986869812
1197,8,train/lr,5.3795577569287036e-05
1198,8,train/loss,1.550552487373352
1198,8,train/lr,5.37658387007742e-05
1199,8,train/loss,1.542776346206665
1199,8,train/lr,5.373608080577913e-05
1200,8,train/loss,1.5316864252090454
1200,8,train/lr,5.370630391447303e-05
1201,8,train/loss,1.896911382675171
1201,8,train/lr,5.3676508057046404e-05
1202,8,train/loss,1.3179553747177124
1202,8,train/lr,5.3646693263708905e-05
1203,8,train/loss,1.533499002456665
1203,8,train/lr,5.3616859564689496e-05
1204,8,train/loss,1.5528907775878906
1204,8,train/lr,5.3587006990236176e-05
1205,8,train/loss,1.6352083683013916
1205,8,train/lr,5.3557135570616184e-05
1206,8,train/loss,1.4683692455291748
1206,8,train/lr,5.352724533611585e-05
1207,8,train/loss,1.326880931854248
1207,8,train/lr,5.349733631704051e-05
1208,8,train/loss,1.39772629737854
1208,8,train/lr,5.346740854371464e-05
1209,8,train/loss,1.5191651582717896
1209,8,train/lr,5.343746204648167e-05
1210,8,train/loss,1.5968244075775146
1210,8,train/lr,5.340749685570403e-05
1211,8,train/loss,1.47841477394104
1211,8,train/lr,5.337751300176312e-05
1212,8,train/loss,1.5895097255706787
1212,8,train/lr,5.334751051505924e-05
1213,8,train/loss,1.382888674736023
1213,8,train/lr,5.331748942601158e-05
1214,8,train/loss,1.412276268005371
1214,8,train/lr,5.3287449765058205e-05
1215,8,train/loss,1.3025531768798828
1215,8,train/lr,5.3257391562656006e-05
1216,8,train/loss,1.4112601280212402
1216,8,train/lr,5.322731484928068e-05
1217,8,train/loss,1.5975273847579956
1217,8,train/lr,5.3197219655426666e-05
1218,8,train/loss,1.5334231853485107
1218,8,train/lr,5.316710601160716e-05
1219,8,train/loss,1.457768201828003
1219,8,train/lr,5.3136973948354075e-05
1220,8,train/loss,1.5736799240112305
1220,8,train/lr,5.310682349621798e-05
1221,8,train/loss,1.4467817544937134
1221,8,train/lr,5.307665468576809e-05
1222,8,train/loss,1.5449752807617188
1222,8,train/lr,5.304646754759224e-05
1223,8,train/loss,1.5324971675872803
1223,8,train/lr,5.301626211229687e-05
1224,8,train/loss,1.5054172277450562
1224,8,train/lr,5.29860384105069e-05
1225,8,train/loss,1.5759894847869873
1225,8,train/lr,5.295579647286584e-05
1226,8,train/loss,1.4962921142578125
1226,8,train/lr,5.2925536330035666e-05
1227,8,train/loss,1.4853160381317139
1227,8,train/lr,5.2895258012696814e-05
1228,8,train/loss,1.5585954189300537
1228,8,train/lr,5.286496155154815e-05
1229,8,train/loss,1.4074516296386719
1229,8,train/lr,5.283464697730691e-05
1230,8,train/loss,1.4864275455474854
1230,8,train/lr,5.280431432070873e-05
1231,8,train/loss,1.360717535018921
1231,8,train/lr,5.277396361250756e-05
1232,8,train/loss,1.4056280851364136
1232,8,train/lr,5.2743594883475664e-05
1233,8,train/loss,1.677780270576477
1233,8,train/lr,5.271320816440356e-05
1234,8,train/loss,1.4642410278320312
1234,8,train/lr,5.2682803486100016e-05
1235,8,train/loss,1.3713657855987549
1235,8,train/lr,5.265238087939202e-05
1236,8,train/loss,1.5003342628479004
1236,8,train/lr,5.262194037512472e-05
1237,8,train/loss,1.5984423160552979
1237,8,train/lr,5.259148200416141e-05
1238,8,train/loss,1.6160337924957275
1238,8,train/lr,5.256100579738352e-05
1239,8,train/loss,1.6298359632492065
1239,8,train/lr,5.253051178569053e-05
1240,8,train/loss,1.308154821395874
1240,8,train/lr,5.2499999999999995e-05
1241,8,train/loss,1.5102295875549316
1241,8,train/lr,5.2469470471247506e-05
1242,8,train/loss,1.3766626119613647
1242,8,train/lr,5.243892323038659e-05
1243,8,train/loss,1.4494144916534424
1243,8,train/lr,5.240835830838881e-05
1244,8,train/loss,1.3464124202728271
1244,8,train/lr,5.2377775736243576e-05
1245,8,train/loss,1.5161691904067993
1245,8,train/lr,5.2347175544958234e-05
1246,8,train/loss,1.4409188032150269
1246,8,train/lr,5.231655776555801e-05
1247,8,train/loss,1.5490083694458008
1247,8,train/lr,5.228592242908592e-05
1248,8,train/loss,1.3723034858703613
1248,8,train/lr,5.225526956660281e-05
1249,8,train/loss,1.5317925214767456
1249,8,train/lr,5.222459920918729e-05
1250,8,train/loss,1.4739474058151245
1250,8,train/lr,5.21939113879357e-05
1251,8,train/loss,1.6370084285736084
1251,8,train/lr,5.21632061339621e-05
1252,8,train/loss,1.517155647277832
1252,8,train/lr,5.2132483478398215e-05
1253,8,train/loss,1.7149076461791992
1253,8,train/lr,5.210174345239342e-05
1254,8,train/loss,1.7837822437286377
1254,8,train/lr,5.207098608711469e-05
1255,8,train/loss,1.4794131517410278
1255,8,train/lr,5.204021141374658e-05
1256,8,train/loss,1.3860156536102295
1256,8,train/lr,5.200941946349121e-05
1257,8,train/loss,1.4172910451889038
1257,8,train/lr,5.19786102675682e-05
1258,8,train/loss,1.4486722946166992
1258,8,train/lr,5.194778385721469e-05
1259,8,train/loss,1.3920198678970337
1259,8,train/lr,5.191694026368521e-05
1260,8,train/loss,1.5824756622314453
1260,8,train/lr,5.188607951825177e-05
1261,8,train/loss,1.479039192199707
1261,8,train/lr,5.185520165220373e-05
1262,8,train/loss,1.6191341876983643
1262,8,train/lr,5.182430669684785e-05
1263,8,train/loss,1.5004703998565674
1263,8,train/lr,5.1793394683508176e-05
1264,8,train/loss,1.573112964630127
1264,8,train/lr,5.176246564352607e-05
1265,8,train/loss,1.4611742496490479
1265,8,train/lr,5.1731519608260156e-05
1266,8,train/loss,1.526158094406128
1266,8,train/lr,5.1700556609086285e-05
1267,8,train/loss,1.5765430927276611
1267,8,train/lr,5.166957667739752e-05
1268,8,train/loss,1.4975725412368774
1268,8,train/lr,5.163857984460406e-05
1269,8,train/loss,1.4058905839920044
1269,8,train/lr,5.160756614213328e-05
1270,8,train/loss,1.2548840045928955
1270,8,train/lr,5.157653560142962e-05
1271,8,train/loss,1.4421977996826172
1271,8,train/lr,5.154548825395463e-05
1272,8,train/loss,1.462646484375
1272,8,train/lr,5.1514424131186865e-05
1273,8,train/loss,1.4622526168823242
1273,8,train/lr,5.1483343264621936e-05
1274,8,train/loss,1.4946658611297607
1274,8,train/lr,5.145224568577237e-05
1275,8,train/loss,1.6993297338485718
1275,8,train/lr,5.1421131426167666e-05
1276,8,train/loss,1.5896401405334473
1276,8,train/lr,5.1390000517354254e-05
1277,8,train/loss,1.4722344875335693
1277,8,train/lr,5.1358852990895424e-05
1278,8,train/loss,1.547459363937378
1278,8,train/lr,5.1327688878371324e-05
1279,8,train/loss,1.4995461702346802
1279,8,train/lr,5.1296508211378896e-05
1280,8,train/loss,1.4534602165222168
1280,8,train/lr,5.12653110215319e-05
1281,8,train/loss,1.2869207859039307
1281,8,train/lr,5.123409734046081e-05
1282,8,train/loss,1.332157850265503
1282,8,train/lr,5.120286719981287e-05
1283,8,train/loss,1.331389307975769
1283,8,train/lr,5.117162063125198e-05
1284,8,train/loss,1.3687522411346436
1284,8,train/lr,5.114035766645867e-05
1285,8,train/loss,1.4145969152450562
1285,8,train/lr,5.110907833713015e-05
1286,8,train/loss,1.2974963188171387
1286,8,train/lr,5.107778267498019e-05
1287,8,train/loss,1.5392496585845947
1287,8,train/lr,5.104647071173913e-05
1288,8,train/loss,1.4497219324111938
1288,8,train/lr,5.101514247915384e-05
1289,8,train/loss,1.601555585861206
1289,8,train/lr,5.098379800898765e-05
1290,8,train/loss,1.5108630657196045
1290,8,train/lr,5.09524373330204e-05
1291,8,train/loss,1.5181944370269775
1291,8,train/lr,5.092106048304835e-05
1292,8,train/loss,1.3832447528839111
1292,8,train/lr,5.088966749088413e-05
1293,8,train/loss,1.286759853363037
1293,8,train/lr,5.0858258388356786e-05
1294,8,train/loss,1.46161949634552
1294,8,train/lr,5.082683320731165e-05
1295,8,train/loss,1.2516863346099854
1295,8,train/lr,5.0795391979610375e-05
1296,8,train/loss,1.5208308696746826
1296,8,train/lr,5.0763934737130886e-05
1297,8,train/loss,1.4859857559204102
1297,8,train/lr,5.073246151176735e-05
1298,8,train/loss,1.4750871658325195
1298,8,train/lr,5.0700972335430114e-05
1299,8,train/loss,1.4364726543426514
1299,8,train/lr,5.066946724004574e-05
1300,8,train/loss,1.7343580722808838
1300,8,train/lr,5.06379462575569e-05
1301,8,train/loss,1.5330134630203247
1301,8,train/lr,5.060640941992236e-05
1302,8,train/loss,1.8665919303894043
1302,8,train/lr,5.057485675911701e-05
1303,8,train/loss,1.5024876594543457
1303,8,train/lr,5.054328830713173e-05
1304,8,train/loss,1.4874517917633057
1304,8,train/lr,5.0511704095973445e-05
1305,8,train/loss,1.577601671218872
1305,8,train/lr,5.048010415766504e-05
1306,8,train/loss,1.3523774147033691
1306,8,train/lr,5.044848852424536e-05
1307,8,train/loss,1.4200055599212646
1307,8,train/lr,5.041685722776915e-05
1308,8,train/loss,1.380345344543457
1308,8,train/lr,5.0385210300307055e-05
1309,8,train/loss,1.4440809488296509
1309,8,train/lr,5.035354777394555e-05
1310,8,train/loss,1.3567570447921753
1310,8,train/lr,5.032186968078691e-05
1311,8,train/loss,1.5155657529830933
1311,8,train/lr,5.029017605294923e-05
1312,8,train/loss,1.5237672328948975
1312,8,train/lr,5.0258466922566345e-05
1313,8,train/loss,1.7468454837799072
1313,8,train/lr,5.0226742321787796e-05
1314,8,train/loss,1.5517579317092896
1314,8,train/lr,5.019500228277882e-05
1315,8,train/loss,1.4996073246002197
1315,8,train/lr,5.016324683772028e-05
1316,8,train/loss,1.5717318058013916
1316,8,train/lr,5.01314760188087e-05
1317,8,train/loss,1.4957414865493774
1317,8,train/lr,5.009968985825616e-05
1318,8,train/loss,1.8787925243377686
1318,8,train/lr,5.006788838829033e-05
1319,8,train/loss,1.452040672302246
1319,8,train/lr,5.003607164115435e-05
1320,8,train/loss,1.4359724521636963
1320,8,train/lr,5.000423964910689e-05
1321,8,train/loss,1.3177740573883057
1321,8,train/lr,4.997239244442207e-05
1322,8,train/loss,1.4613697528839111
1322,8,train/lr,4.994053005938942e-05
1323,8,train/loss,1.5005061626434326
1323,8,train/lr,4.9908652526313884e-05
1324,8,train/loss,1.575364351272583
1324,8,train/lr,4.987675987751573e-05
1325,8,train/loss,1.674727439880371
1325,8,train/lr,4.984485214533058e-05
1326,8,train/loss,1.3884122371673584
1326,8,train/lr,4.981292936210935e-05
1327,8,train/loss,1.554325819015503
1327,8,train/lr,4.978099156021819e-05
1328,8,train/loss,1.5177099704742432
1328,8,train/lr,4.974903877203852e-05
1328,8,train/batches,662.0
1328,8,train/compute_pct,99.86151680813155
1328,8,train/compute_sec,62.81885547185084
1328,8,train/data_wait_pct,0.13848319186844457
1328,8,train/data_wait_sec,0.0871141946699936
1328,8,train/examples,5296.0
1328,8,train/examples_per_sec,84.18914815359062
1328,8,train/input_tokens,626063.0
1328,8,train/peak_vram_gb,6.724730014801025
1328,8,train/target_tokens,424726.0
1328,8,train/tokens_per_sec,16704.122129751384
1328,8,train/total_sec,62.90596966652083
1328,8,train/epoch_loss,1.503907377446166
1328,8,epoch8/batches,662.0
1328,8,epoch8/compute_pct,99.86151680813155
1328,8,epoch8/compute_sec,62.81885547185084
1328,8,epoch8/data_wait_pct,0.13848319186844457
1328,8,epoch8/data_wait_sec,0.0871141946699936
1328,8,epoch8/examples,5296.0
1328,8,epoch8/examples_per_sec,84.18914815359062
1328,8,epoch8/input_tokens,626063.0
1328,8,epoch8/peak_vram_gb,6.724730014801025
1328,8,epoch8/target_tokens,424726.0
1328,8,epoch8/tokens_per_sec,16704.122129751384
1328,8,epoch8/total_sec,62.90596966652083
1328,8,val/bleu,21.128842041555334
1328,8,val/chrf,41.66225588481182
1328,8,val/combined,29.66943247999611
1328,8,val/eval_peak_vram_gb,6.724730014801025
1328,8,val/eval_samples_per_sec,6.951326252259428
1328,8,val/eval_seconds,85.88289174399688
1328,8,val/eval_tokens_per_sec,1465.9380633722105
1329,9,train/loss,1.6186447143554688
1329,9,train/lr,4.97170710299669e-05
1330,9,train/loss,1.585139274597168
1330,9,train/lr,4.96850883664151e-05
1331,9,train/loss,1.3776304721832275
1331,9,train/lr,4.965309081380998e-05
1332,9,train/loss,1.5359082221984863
1332,9,train/lr,4.962107840459353e-05
1333,9,train/loss,1.4770289659500122
1333,9,train/lr,4.958905117122279e-05
1334,9,train/loss,1.3669973611831665
1334,9,train/lr,4.955700914616982e-05
1335,9,train/loss,1.3523871898651123
1335,9,train/lr,4.952495236192169e-05
1336,9,train/loss,1.5052313804626465
1336,9,train/lr,4.949288085098041e-05
1337,9,train/loss,1.48771333694458
1337,9,train/lr,4.946079464586298e-05
1338,9,train/loss,1.4321107864379883
1338,9,train/lr,4.942869377910123e-05
1339,9,train/loss,1.3529865741729736
1339,9,train/lr,4.939657828324187e-05
1340,9,train/loss,1.5970649719238281
1340,9,train/lr,4.936444819084649e-05
1341,9,train/loss,1.5790324211120605
1341,9,train/lr,4.933230353449143e-05
1342,9,train/loss,1.4792814254760742
1342,9,train/lr,4.93001443467678e-05
1343,9,train/loss,1.4715368747711182
1343,9,train/lr,4.926797066028148e-05
1344,9,train/loss,1.4895176887512207
1344,9,train/lr,4.9235782507653006e-05
1345,9,train/loss,1.4453718662261963
1345,9,train/lr,4.920357992151761e-05
1346,9,train/loss,1.4101959466934204
1346,9,train/lr,4.917136293452513e-05
1347,9,train/loss,1.5223041772842407
1347,9,train/lr,4.913913157934006e-05
1348,9,train/loss,1.3123443126678467
1348,9,train/lr,4.910688588864139e-05
1349,9,train/loss,1.449676275253296
1349,9,train/lr,4.9074625895122695e-05
1350,9,train/loss,1.4215047359466553
1350,9,train/lr,4.904235163149202e-05
1351,9,train/loss,1.4900827407836914
1351,9,train/lr,4.901006313047192e-05
1352,9,train/loss,1.5639262199401855
1352,9,train/lr,4.897776042479934e-05
1353,9,train/loss,1.4621548652648926
1353,9,train/lr,4.8945443547225654e-05
1354,9,train/loss,1.5975403785705566
1354,9,train/lr,4.891311253051659e-05
1355,9,train/loss,1.4508981704711914
1355,9,train/lr,4.888076740745222e-05
1356,9,train/loss,1.558337926864624
1356,9,train/lr,4.884840821082693e-05
1357,9,train/loss,1.350904107093811
1357,9,train/lr,4.881603497344934e-05
1358,9,train/loss,1.4323838949203491
1358,9,train/lr,4.878364772814236e-05
1359,9,train/loss,1.396073818206787
1359,9,train/lr,4.875124650774303e-05
1360,9,train/loss,1.3576854467391968
1360,9,train/lr,4.8718831345102625e-05
1361,9,train/loss,1.5550708770751953
1361,9,train/lr,4.868640227308652e-05
1362,9,train/loss,1.317068338394165
1362,9,train/lr,4.865395932457421e-05
1363,9,train/loss,1.4402072429656982
1363,9,train/lr,4.862150253245924e-05
1364,9,train/loss,1.6608574390411377
1364,9,train/lr,4.858903192964922e-05
1365,9,train/loss,1.5531630516052246
1365,9,train/lr,4.855654754906573e-05
1366,9,train/loss,1.5885766744613647
1366,9,train/lr,4.852404942364434e-05
1367,9,train/loss,1.5449429750442505
1367,9,train/lr,4.849153758633455e-05
1368,9,train/loss,1.6221646070480347
1368,9,train/lr,4.845901207009978e-05
1369,9,train/loss,1.5852084159851074
1369,9,train/lr,4.842647290791727e-05
1370,9,train/loss,1.4794480800628662
1370,9,train/lr,4.839392013277814e-05
1371,9,train/loss,1.6319496631622314
1371,9,train/lr,4.83613537776873e-05
1372,9,train/loss,1.3791594505310059
1372,9,train/lr,4.832877387566343e-05
1373,9,train/loss,1.3856878280639648
1373,9,train/lr,4.829618045973895e-05
1374,9,train/loss,1.4642586708068848
1374,9,train/lr,4.826357356295995e-05
1375,9,train/loss,1.563306212425232
1375,9,train/lr,4.823095321838623e-05
1376,9,train/loss,1.4490337371826172
1376,9,train/lr,4.819831945909121e-05
1377,9,train/loss,1.5693776607513428
1377,9,train/lr,4.81656723181619e-05
1378,9,train/loss,1.556159257888794
1378,9,train/lr,4.81330118286989e-05
1379,9,train/loss,2.1439976692199707
1379,9,train/lr,4.81003380238163e-05
1380,9,train/loss,1.4999034404754639
1380,9,train/lr,4.806765093664173e-05
1381,9,train/loss,1.3268098831176758
1381,9,train/lr,4.80349506003163e-05
1382,9,train/loss,1.6845989227294922
1382,9,train/lr,4.800223704799449e-05
1383,9,train/loss,1.3911457061767578
1383,9,train/lr,4.796951031284427e-05
1384,9,train/loss,1.5434974431991577
1384,9,train/lr,4.793677042804688e-05
1385,9,train/loss,1.5127416849136353
1385,9,train/lr,4.790401742679696e-05
1386,9,train/loss,1.575598955154419
1386,9,train/lr,4.787125134230241e-05
1387,9,train/loss,1.3188098669052124
1387,9,train/lr,4.7838472207784435e-05
1388,9,train/loss,1.5003405809402466
1388,9,train/lr,4.7805680056477434e-05
1389,9,train/loss,1.4876747131347656
1389,9,train/lr,4.7772874921629005e-05
1390,9,train/loss,1.6390421390533447
1390,9,train/lr,4.774005683649994e-05
1391,9,train/loss,1.8185803890228271
1391,9,train/lr,4.770722583436413e-05
1392,9,train/loss,1.5455348491668701
1392,9,train/lr,4.767438194850858e-05
1393,9,train/loss,1.4624803066253662
1393,9,train/lr,4.764152521223336e-05
1394,9,train/loss,1.5920419692993164
1394,9,train/lr,4.760865565885157e-05
1395,9,train/loss,1.4952621459960938
1395,9,train/lr,4.7575773321689255e-05
1396,9,train/loss,1.5108757019042969
1396,9,train/lr,4.75428782340855e-05
1397,9,train/loss,1.4449663162231445
1397,9,train/lr,4.750997042939228e-05
1398,9,train/loss,1.3258739709854126
1398,9,train/lr,4.747704994097446e-05
1399,9,train/loss,1.152780532836914
1399,9,train/lr,4.744411680220976e-05
1400,9,train/loss,1.4665493965148926
1400,9,train/lr,4.741117104648874e-05
1401,9,train/loss,1.4238073825836182
1401,9,train/lr,4.7378212707214756e-05
1402,9,train/loss,1.4769275188446045
1402,9,train/lr,4.73452418178039e-05
1403,9,train/loss,1.6085405349731445
1403,9,train/lr,4.731225841168502e-05
1404,9,train/loss,1.4506947994232178
1404,9,train/lr,4.727926252229963e-05
1405,9,train/loss,1.550397515296936
1405,9,train/lr,4.7246254183101895e-05
1406,9,train/loss,1.4060982465744019
1406,9,train/lr,4.7213233427558624e-05
1407,9,train/loss,1.5241718292236328
1407,9,train/lr,4.718020028914921e-05
1408,9,train/loss,1.3488476276397705
1408,9,train/lr,4.71471548013656e-05
1409,9,train/loss,1.5322437286376953
1409,9,train/lr,4.711409699771225e-05
1410,9,train/loss,1.430222988128662
1410,9,train/lr,4.708102691170612e-05
1411,9,train/loss,1.5445146560668945
1411,9,train/lr,4.70479445768766e-05
1412,9,train/loss,1.5459871292114258
1412,9,train/lr,4.7014850026765536e-05
1413,9,train/loss,1.3339165449142456
1413,9,train/lr,4.698174329492712e-05
1414,9,train/loss,1.5620462894439697
1414,9,train/lr,4.6948624414927924e-05
1415,9,train/loss,1.5605804920196533
1415,9,train/lr,4.6915493420346804e-05
1416,9,train/loss,1.4153251647949219
1416,9,train/lr,4.688235034477495e-05
1417,9,train/loss,1.544264316558838
1417,9,train/lr,4.6849195221815735e-05
1418,9,train/loss,1.6072421073913574
1418,9,train/lr,4.6816028085084816e-05
1419,9,train/loss,1.4569047689437866
1419,9,train/lr,4.6782848968209975e-05
1420,9,train/loss,1.3847179412841797
1420,9,train/lr,4.674965790483117e-05
1421,9,train/loss,1.5125782489776611
1421,9,train/lr,4.671645492860045e-05
1422,9,train/loss,1.209572672843933
1422,9,train/lr,4.6683240073181976e-05
1423,9,train/loss,1.4533133506774902
1423,9,train/lr,4.665001337225193e-05
1424,9,train/loss,1.3115113973617554
1424,9,train/lr,4.6616774859498493e-05
1425,9,train/loss,1.452919602394104
1425,9,train/lr,4.658352456862185e-05
1426,9,train/loss,1.6511681079864502
1426,9,train/lr,4.6550262533334095e-05
1427,9,train/loss,1.5027337074279785
1427,9,train/lr,4.6516988787359275e-05
1428,9,train/loss,1.4313311576843262
1428,9,train/lr,4.6483703364433274e-05
1429,9,train/loss,1.436908483505249
1429,9,train/lr,4.645040629830381e-05
1430,9,train/loss,1.3890256881713867
1430,9,train/lr,4.641709762273043e-05
1431,9,train/loss,1.3083077669143677
1431,9,train/lr,4.638377737148444e-05
1432,9,train/loss,1.467753529548645
1432,9,train/lr,4.635044557834889e-05
1433,9,train/loss,1.5333402156829834
1433,9,train/lr,4.6317102277118534e-05
1434,9,train/loss,1.3557623624801636
1434,9,train/lr,4.6283747501599766e-05
1435,9,train/loss,1.3922171592712402
1435,9,train/lr,4.6250381285610655e-05
1436,9,train/loss,1.3007633686065674
1436,9,train/lr,4.6217003662980836e-05
1437,9,train/loss,1.407494068145752
1437,9,train/lr,4.6183614667551525e-05
1438,9,train/loss,1.370222568511963
1438,9,train/lr,4.615021433317547e-05
1439,9,train/loss,1.4707289934158325
1439,9,train/lr,4.611680269371691e-05
1440,9,train/loss,1.4487314224243164
1440,9,train/lr,4.6083379783051544e-05
1441,9,train/loss,1.4663562774658203
1441,9,train/lr,4.6049945635066494e-05
1442,9,train/loss,1.6631358861923218
1442,9,train/lr,4.60165002836603e-05
1443,9,train/loss,1.382291316986084
1443,9,train/lr,4.598304376274283e-05
1444,9,train/loss,1.4676463603973389
1444,9,train/lr,4.5949576106235305e-05
1445,9,train/loss,1.5257697105407715
1445,9,train/lr,4.591609734807021e-05
1446,9,train/loss,1.379286289215088
1446,9,train/lr,4.588260752219131e-05
1447,9,train/loss,1.6074193716049194
1447,9,train/lr,4.584910666255357e-05
1448,9,train/loss,1.430854082107544
1448,9,train/lr,4.581559480312316e-05
1449,9,train/loss,1.487112045288086
1449,9,train/lr,4.578207197787738e-05
1450,9,train/loss,1.3378831148147583
1450,9,train/lr,4.574853822080468e-05
1451,9,train/loss,1.4364798069000244
1451,9,train/lr,4.5714993565904555e-05
1452,9,train/loss,1.3936049938201904
1452,9,train/lr,4.568143804718759e-05
1453,9,train/loss,1.4799211025238037
1453,9,train/lr,4.564787169867537e-05
1454,9,train/loss,1.3946353197097778
1454,9,train/lr,4.561429455440042e-05
1455,9,train/loss,1.502690076828003
1455,9,train/lr,4.558070664840628e-05
1456,9,train/loss,1.4890984296798706
1456,9,train/lr,4.554710801474736e-05
1457,9,train/loss,1.199757695198059
1457,9,train/lr,4.551349868748894e-05
1458,9,train/loss,1.5329201221466064
1458,9,train/lr,4.547987870070716e-05
1459,9,train/loss,1.3629651069641113
1459,9,train/lr,4.544624808848898e-05
1460,9,train/loss,1.3514153957366943
1460,9,train/lr,4.5412606884932104e-05
1461,9,train/loss,1.4149398803710938
1461,9,train/lr,4.5378955124144975e-05
1462,9,train/loss,1.611994981765747
1462,9,train/lr,4.5345292840246776e-05
1463,9,train/loss,1.4607620239257812
1463,9,train/lr,4.5311620067367325e-05
1464,9,train/loss,1.4948461055755615
1464,9,train/lr,4.527793683964708e-05
1465,9,train/loss,1.4759869575500488
1465,9,train/lr,4.5244243191237096e-05
1466,9,train/loss,1.4604120254516602
1466,9,train/lr,4.5210539156299016e-05
1467,9,train/loss,1.574252724647522
1467,9,train/lr,4.5176824769004994e-05
1468,9,train/loss,1.4596112966537476
1468,9,train/lr,4.5143100063537695e-05
1469,9,train/loss,1.5430705547332764
1469,9,train/lr,4.510936507409022e-05
1470,9,train/loss,1.4187860488891602
1470,9,train/lr,4.507561983486611e-05
1471,9,train/loss,1.452457308769226
1471,9,train/lr,4.504186438007932e-05
1472,9,train/loss,1.6685532331466675
1472,9,train/lr,4.5008098743954114e-05
1473,9,train/loss,1.3965314626693726
1473,9,train/lr,4.4974322960725146e-05
1474,9,train/loss,1.4467694759368896
1474,9,train/lr,4.49405370646373e-05
1475,9,train/loss,1.5237009525299072
1475,9,train/lr,4.490674108994571e-05
1476,9,train/loss,1.8330156803131104
1476,9,train/lr,4.487293507091579e-05
1477,9,train/loss,1.431169033050537
1477,9,train/lr,4.483911904182308e-05
1478,9,train/loss,1.7043869495391846
1478,9,train/lr,4.4805293036953286e-05
1479,9,train/loss,1.626583218574524
1479,9,train/lr,4.477145709060224e-05
1480,9,train/loss,1.3959237337112427
1480,9,train/lr,4.473761123707584e-05
1481,9,train/loss,1.4700939655303955
1481,9,train/lr,4.4703755510690036e-05
1482,9,train/loss,1.3735935688018799
1482,9,train/lr,4.4669889945770786e-05
1483,9,train/loss,1.4589862823486328
1483,9,train/lr,4.4636014576654016e-05
1484,9,train/loss,1.4672603607177734
1484,9,train/lr,4.46021294376856e-05
1485,9,train/loss,1.4395437240600586
1485,9,train/lr,4.456823456322133e-05
1486,9,train/loss,1.4324265718460083
1486,9,train/lr,4.453432998762682e-05
1487,9,train/loss,1.3336670398712158
1487,9,train/lr,4.450041574527759e-05
1488,9,train/loss,1.3376741409301758
1488,9,train/lr,4.4466491870558936e-05
1489,9,train/loss,1.5526399612426758
1489,9,train/lr,4.443255839786587e-05
1490,9,train/loss,1.4614638090133667
1490,9,train/lr,4.439861536160318e-05
1491,9,train/loss,1.5121865272521973
1491,9,train/lr,4.436466279618538e-05
1492,9,train/loss,1.366306185722351
1492,9,train/lr,4.433070073603658e-05
1493,9,train/loss,1.5885241031646729
1493,9,train/lr,4.429672921559057e-05
1494,9,train/loss,1.3696112632751465
1494,9,train/lr,4.426274826929068e-05
1494,9,train/batches,662.0
1494,9,train/compute_pct,99.8806129199429
1494,9,train/compute_sec,63.292073512711795
1494,9,train/data_wait_pct,0.11938708005709728
1494,9,train/data_wait_sec,0.07565287823672406
1494,9,train/examples,5296.0
1494,9,train/examples_per_sec,83.57566700951548
1494,9,train/input_tokens,626052.0
1494,9,train/peak_vram_gb,6.725836277008057
1494,9,train/target_tokens,424438.0
1494,9,train/tokens_per_sec,16577.681729007916
1494,9,train/total_sec,63.36772639094852
1494,9,train/epoch_loss,1.4737050338814266
1494,9,epoch9/batches,662.0
1494,9,epoch9/compute_pct,99.8806129199429
1494,9,epoch9/compute_sec,63.292073512711795
1494,9,epoch9/data_wait_pct,0.11938708005709728
1494,9,epoch9/data_wait_sec,0.07565287823672406
1494,9,epoch9/examples,5296.0
1494,9,epoch9/examples_per_sec,83.57566700951548
1494,9,epoch9/input_tokens,626052.0
1494,9,epoch9/peak_vram_gb,6.725836277008057
1494,9,epoch9/target_tokens,424438.0
1494,9,epoch9/tokens_per_sec,16577.681729007916
1494,9,epoch9/total_sec,63.36772639094852
1494,9,val/bleu,22.436060895527056
1494,9,val/chrf,42.9828668327488
1494,9,val/combined,31.054246371855207
1494,9,val/eval_peak_vram_gb,6.725836277008057
1494,9,val/eval_samples_per_sec,7.199352609409304
1494,9,val/eval_seconds,82.92412281900761
1494,9,val/eval_tokens_per_sec,1382.4324708289018
1495,10,train/loss,1.4035844802856445
1495,10,train/lr,4.422875793158987e-05
1496,10,train/loss,1.4733293056488037
1496,10,train/lr,4.419475823695054e-05
1497,10,train/loss,1.3603918552398682
1497,10,train/lr,4.416074921984462e-05
1498,10,train/loss,1.4286075830459595
1498,10,train/lr,4.412673091475351e-05
1499,10,train/loss,1.538121223449707
1499,10,train/lr,4.409270335616799e-05
1500,10,train/loss,1.4666926860809326
1500,10,train/lr,4.405866657858822e-05
1501,10,train/loss,1.4282318353652954
1501,10,train/lr,4.4024620616523746e-05
1502,10,train/loss,1.3222757577896118
1502,10,train/lr,4.399056550449339e-05
1503,10,train/loss,1.4566493034362793
1503,10,train/lr,4.395650127702529e-05
1504,10,train/loss,1.297194004058838
1504,10,train/lr,4.392242796865676e-05
1505,10,train/loss,1.56084144115448
1505,10,train/lr,4.388834561393439e-05
1506,10,train/loss,1.5123367309570312
1506,10,train/lr,4.38542542474139e-05
1507,10,train/loss,1.5805277824401855
1507,10,train/lr,4.382015390366016e-05
1508,10,train/loss,1.581427812576294
1508,10,train/lr,4.378604461724716e-05
1509,10,train/loss,1.4962201118469238
1509,10,train/lr,4.375192642275791e-05
1510,10,train/loss,1.5214487314224243
1510,10,train/lr,4.371779935478451e-05
1511,10,train/loss,1.4614300727844238
1511,10,train/lr,4.3683663447928006e-05
1512,10,train/loss,1.4425410032272339
1512,10,train/lr,4.364951873679843e-05
1513,10,train/loss,1.4834792613983154
1513,10,train/lr,4.361536525601475e-05
1514,10,train/loss,1.3871922492980957
1514,10,train/lr,4.358120304020481e-05
1515,10,train/loss,1.4052135944366455
1515,10,train/lr,4.35470321240053e-05
1516,10,train/loss,1.2407567501068115
1516,10,train/lr,4.351285254206176e-05
1517,10,train/loss,1.4294893741607666
1517,10,train/lr,4.34786643290285e-05
1518,10,train/loss,1.315065622329712
1518,10,train/lr,4.344446751956858e-05
1519,10,train/loss,1.5202492475509644
1519,10,train/lr,4.341026214835376e-05
1520,10,train/loss,1.3397161960601807
1520,10,train/lr,4.337604825006452e-05
1521,10,train/loss,1.53170645236969
1521,10,train/lr,4.334182585938996e-05
1522,10,train/loss,1.4069581031799316
1522,10,train/lr,4.3307595011027784e-05
1523,10,train/loss,1.3865762948989868
1523,10,train/lr,4.3273355739684296e-05
1524,10,train/loss,1.3548043966293335
1524,10,train/lr,4.323910808007431e-05
1525,10,train/loss,1.2522172927856445
1525,10,train/lr,4.320485206692117e-05
1526,10,train/loss,1.3802165985107422
1526,10,train/lr,4.317058773495669e-05
1527,10,train/loss,1.4519404172897339
1527,10,train/lr,4.3136315118921085e-05
1528,10,train/loss,1.5011972188949585
1528,10,train/lr,4.310203425356301e-05
1529,10,train/loss,1.5007951259613037
1529,10,train/lr,4.3067745173639454e-05
1530,10,train/loss,1.3757071495056152
1530,10,train/lr,4.303344791391574e-05
1531,10,train/loss,1.5398659706115723
1531,10,train/lr,4.299914250916552e-05
1532,10,train/loss,1.580428123474121
1532,10,train/lr,4.296482899417064e-05
1533,10,train/loss,1.514580249786377
1533,10,train/lr,4.293050740372124e-05
1534,10,train/loss,1.6411323547363281
1534,10,train/lr,4.2896177772615595e-05
1535,10,train/loss,1.4606971740722656
1535,10,train/lr,4.286184013566014e-05
1536,10,train/loss,1.4167957305908203
1536,10,train/lr,4.282749452766945e-05
1537,10,train/loss,1.3725802898406982
1537,10,train/lr,4.279314098346614e-05
1538,10,train/loss,1.531550645828247
1538,10,train/lr,4.275877953788095e-05
1539,10,train/loss,1.2683647871017456
1539,10,train/lr,4.2724410225752544e-05
1540,10,train/loss,1.485621452331543
1540,10,train/lr,4.26900330819276e-05
1541,10,train/loss,1.5014841556549072
1541,10,train/lr,4.265564814126073e-05
1542,10,train/loss,1.6725215911865234
1542,10,train/lr,4.262125543861449e-05
1543,10,train/loss,1.547641396522522
1543,10,train/lr,4.258685500885924e-05
1544,10,train/loss,1.5160657167434692
1544,10,train/lr,4.255244688687321e-05
1545,10,train/loss,1.6011239290237427
1545,10,train/lr,4.2518031107542434e-05
1546,10,train/loss,1.4205322265625
1546,10,train/lr,4.248360770576069e-05
1547,10,train/loss,1.4939491748809814
1547,10,train/lr,4.2449176716429514e-05
1548,10,train/loss,1.5491063594818115
1548,10,train/lr,4.24147381744581e-05
1549,10,train/loss,1.4759325981140137
1549,10,train/lr,4.238029211476332e-05
1550,10,train/loss,1.4937758445739746
1550,10,train/lr,4.2345838572269656e-05
1551,10,train/loss,1.3174738883972168
1551,10,train/lr,4.2311377581909195e-05
1552,10,train/loss,1.2493939399719238
1552,10,train/lr,4.227690917862157e-05
1553,10,train/loss,1.4260669946670532
1553,10,train/lr,4.224243339735392e-05
1554,10,train/loss,1.4818589687347412
1554,10,train/lr,4.2207950273060853e-05
1555,10,train/loss,1.5073645114898682
1555,10,train/lr,4.217345984070445e-05
1556,10,train/loss,1.5308146476745605
1556,10,train/lr,4.21389621352542e-05
1557,10,train/loss,1.324485182762146
1557,10,train/lr,4.210445719168694e-05
1558,10,train/loss,1.4016773700714111
1558,10,train/lr,4.206994504498688e-05
1559,10,train/loss,1.483555555343628
1559,10,train/lr,4.203542573014549e-05
1560,10,train/loss,1.649876356124878
1560,10,train/lr,4.200089928216155e-05
1561,10,train/loss,1.2633775472640991
1561,10,train/lr,4.1966365736041046e-05
1562,10,train/loss,1.4470345973968506
1562,10,train/lr,4.1931825126797186e-05
1563,10,train/loss,1.461896300315857
1563,10,train/lr,4.18972774894503e-05
1564,10,train/loss,1.2829177379608154
1564,10,train/lr,4.1862722859027884e-05
1565,10,train/loss,1.696262240409851
1565,10,train/lr,4.182816127056449e-05
1566,10,train/loss,1.4244332313537598
1566,10,train/lr,4.179359275910175e-05
1567,10,train/loss,1.5164380073547363
1567,10,train/lr,4.1759017359688304e-05
1568,10,train/loss,1.377990961074829
1568,10,train/lr,4.1724435107379795e-05
1569,10,train/loss,1.5890204906463623
1569,10,train/lr,4.168984603723877e-05
1570,10,train/loss,1.4154640436172485
1570,10,train/lr,4.165525018433473e-05
1571,10,train/loss,1.5057514905929565
1571,10,train/lr,4.162064758374403e-05
1572,10,train/loss,1.4675605297088623
1572,10,train/lr,4.1586038270549894e-05
1573,10,train/loss,1.3170135021209717
1573,10,train/lr,4.155142227984232e-05
1574,10,train/loss,1.4089332818984985
1574,10,train/lr,4.1516799646718084e-05
1575,10,train/loss,1.5279971361160278
1575,10,train/lr,4.148217040628071e-05
1576,10,train/loss,1.371053695678711
1576,10,train/lr,4.14475345936404e-05
1577,10,train/loss,1.3484199047088623
1577,10,train/lr,4.141289224391405e-05
1578,10,train/loss,1.3637689352035522
1578,10,train/lr,4.1378243392225166e-05
1579,10,train/loss,1.3749438524246216
1579,10,train/lr,4.134358807370382e-05
1580,10,train/loss,1.4089765548706055
1580,10,train/lr,4.13089263234867e-05
1581,10,train/loss,1.5301532745361328
1581,10,train/lr,4.127425817671697e-05
1582,10,train/loss,1.2744102478027344
1582,10,train/lr,4.123958366854428e-05
1583,10,train/loss,1.3848371505737305
1583,10,train/lr,4.1204902834124756e-05
1584,10,train/loss,1.5249943733215332
1584,10,train/lr,4.1170215708620915e-05
1585,10,train/loss,1.524825096130371
1585,10,train/lr,4.1135522327201665e-05
1586,10,train/loss,1.4851664304733276
1586,10,train/lr,4.1100822725042244e-05
1587,10,train/loss,1.2987303733825684
1587,10,train/lr,4.106611693732422e-05
1588,10,train/loss,1.2597014904022217
1588,10,train/lr,4.1031404999235416e-05
1589,10,train/loss,1.278825283050537
1589,10,train/lr,4.099668694596989e-05
1590,10,train/loss,1.52858304977417
1590,10,train/lr,4.0961962812727884e-05
1591,10,train/loss,1.3609259128570557
1591,10,train/lr,4.0927232634715856e-05
1592,10,train/loss,1.4402443170547485
1592,10,train/lr,4.089249644714634e-05
1593,10,train/loss,1.4807145595550537
1593,10,train/lr,4.0857754285238e-05
1594,10,train/loss,1.5871912240982056
1594,10,train/lr,4.082300618421552e-05
1595,10,train/loss,1.5888454914093018
1595,10,train/lr,4.0788252179309644e-05
1596,10,train/loss,1.7102086544036865
1596,10,train/lr,4.075349230575706e-05
1597,10,train/loss,1.3167154788970947
1597,10,train/lr,4.071872659880046e-05
1598,10,train/loss,1.374277114868164
1598,10,train/lr,4.0683955093688406e-05
1599,10,train/loss,1.3913313150405884
1599,10,train/lr,4.064917782567536e-05
1600,10,train/loss,1.286799669265747
1600,10,train/lr,4.0614394830021604e-05
1601,10,train/loss,1.206070899963379
1601,10,train/lr,4.057960614199326e-05
1602,10,train/loss,1.4237418174743652
1602,10,train/lr,4.054481179686219e-05
1603,10,train/loss,1.2544875144958496
1603,10,train/lr,4.0510011829906036e-05
1604,10,train/loss,1.3702735900878906
1604,10,train/lr,4.047520627640808e-05
1605,10,train/loss,1.4061285257339478
1605,10,train/lr,4.0440395171657305e-05
1606,10,train/loss,1.458606243133545
1606,10,train/lr,4.040557855094832e-05
1607,10,train/loss,1.4406282901763916
1607,10,train/lr,4.0370756449581334e-05
1608,10,train/loss,1.5418387651443481
1608,10,train/lr,4.0335928902862086e-05
1609,10,train/loss,1.6872313022613525
1609,10,train/lr,4.030109594610186e-05
1610,10,train/loss,1.5637331008911133
1610,10,train/lr,4.0266257614617407e-05
1611,10,train/loss,1.5379558801651
1611,10,train/lr,4.023141394373094e-05
1612,10,train/loss,1.4248950481414795
1612,10,train/lr,4.019656496877008e-05
1613,10,train/loss,1.487302541732788
1613,10,train/lr,4.016171072506786e-05
1614,10,train/loss,1.4061288833618164
1614,10,train/lr,4.012685124796257e-05
1615,10,train/loss,1.349810004234314
1615,10,train/lr,4.0091986572797896e-05
1616,10,train/loss,1.361762285232544
1616,10,train/lr,4.005711673492274e-05
1617,10,train/loss,1.4198170900344849
1617,10,train/lr,4.002224176969127e-05
1618,10,train/loss,1.3447866439819336
1618,10,train/lr,3.998736171246284e-05
1619,10,train/loss,1.483316421508789
1619,10,train/lr,3.995247659860195e-05
1620,10,train/loss,1.6180856227874756
1620,10,train/lr,3.991758646347824e-05
1621,10,train/loss,1.5549767017364502
1621,10,train/lr,3.988269134246646e-05
1622,10,train/loss,1.3032859563827515
1622,10,train/lr,3.9847791270946396e-05
1623,10,train/loss,1.4014867544174194
1623,10,train/lr,3.981288628430285e-05
1624,10,train/loss,1.5403871536254883
1624,10,train/lr,3.977797641792561e-05
1625,10,train/loss,1.2950137853622437
1625,10,train/lr,3.974306170720941e-05
1626,10,train/loss,1.4147019386291504
1626,10,train/lr,3.970814218755392e-05
1627,10,train/loss,1.3510510921478271
1627,10,train/lr,3.9673217894363635e-05
1628,10,train/loss,1.4750444889068604
1628,10,train/lr,3.9638288863047965e-05
1629,10,train/loss,1.4676976203918457
1629,10,train/lr,3.960335512902104e-05
1630,10,train/loss,1.5617280006408691
1630,10,train/lr,3.956841672770181e-05
1631,10,train/loss,1.4409351348876953
1631,10,train/lr,3.953347369451395e-05
1632,10,train/loss,1.595315933227539
1632,10,train/lr,3.9498526064885806e-05
1633,10,train/loss,1.6803737878799438
1633,10,train/lr,3.946357387425044e-05
1634,10,train/loss,1.4815495014190674
1634,10,train/lr,3.9428617158045476e-05
1635,10,train/loss,1.4089398384094238
1635,10,train/lr,3.939365595171316e-05
1636,10,train/loss,1.7305238246917725
1636,10,train/lr,3.935869029070028e-05
1637,10,train/loss,1.5473113059997559
1637,10,train/lr,3.932372021045815e-05
1638,10,train/loss,1.3200218677520752
1638,10,train/lr,3.9288745746442545e-05
1639,10,train/loss,1.3714425563812256
1639,10,train/lr,3.925376693411372e-05
1640,10,train/loss,1.3625597953796387
1640,10,train/lr,3.92187838089363e-05
1641,10,train/loss,1.4103856086730957
1641,10,train/lr,3.9183796406379315e-05
1642,10,train/loss,1.3795911073684692
1642,10,train/lr,3.9148804761916095e-05
1643,10,train/loss,1.4532058238983154
1643,10,train/lr,3.911380891102432e-05
1644,10,train/loss,1.5792386531829834
1644,10,train/lr,3.907880888918588e-05
1645,10,train/loss,1.4780529737472534
1645,10,train/lr,3.904380473188693e-05
1646,10,train/loss,1.7579481601715088
1646,10,train/lr,3.900879647461781e-05
1647,10,train/loss,1.5279901027679443
1647,10,train/lr,3.897378415287303e-05
1648,10,train/loss,1.3935538530349731
1648,10,train/lr,3.893876780215119e-05
1649,10,train/loss,1.5329222679138184
1649,10,train/lr,3.890374745795499e-05
1650,10,train/loss,1.3584418296813965
1650,10,train/lr,3.886872315579119e-05
1651,10,train/loss,1.1473925113677979
1651,10,train/lr,3.883369493117056e-05
1652,10,train/loss,1.447099208831787
1652,10,train/lr,3.879866281960782e-05
1653,10,train/loss,1.4201170206069946
1653,10,train/lr,3.8763626856621666e-05
1654,10,train/loss,1.4129958152770996
1654,10,train/lr,3.8728587077734685e-05
1655,10,train/loss,1.6569842100143433
1655,10,train/lr,3.869354351847332e-05
1656,10,train/loss,1.426198124885559
1656,10,train/lr,3.865849621436787e-05
1657,10,train/loss,1.5401484966278076
1657,10,train/lr,3.862344520095242e-05
1658,10,train/loss,1.3149229288101196
1658,10,train/lr,3.858839051376481e-05
1659,10,train/loss,1.362396240234375
1659,10,train/lr,3.855333218834662e-05
1660,10,train/loss,1.4342482089996338
1660,10,train/lr,3.851827026024309e-05
1660,10,train/batches,662.0
1660,10,train/compute_pct,99.8738490325977
1660,10,train/compute_sec,66.80408794435789
1660,10,train/data_wait_pct,0.12615096740229187
1660,10,train/data_wait_sec,0.08438044996000826
1660,10,train/examples,5296.0
1660,10,train/examples_per_sec,79.17657747489834
1660,10,train/input_tokens,625993.0
1660,10,train/peak_vram_gb,6.725836277008057
1660,10,train/target_tokens,424438.0
1660,10,train/tokens_per_sec,15704.216664187112
1660,10,train/total_sec,66.8884683943179
1660,10,train/epoch_loss,1.4506609540691549
1660,10,epoch10/batches,662.0
1660,10,epoch10/compute_pct,99.8738490325977
1660,10,epoch10/compute_sec,66.80408794435789
1660,10,epoch10/data_wait_pct,0.12615096740229187
1660,10,epoch10/data_wait_sec,0.08438044996000826
1660,10,epoch10/examples,5296.0
1660,10,epoch10/examples_per_sec,79.17657747489834
1660,10,epoch10/input_tokens,625993.0
1660,10,epoch10/peak_vram_gb,6.725836277008057
1660,10,epoch10/target_tokens,424438.0
1660,10,epoch10/tokens_per_sec,15704.216664187112
1660,10,epoch10/total_sec,66.8884683943179
1660,10,val/bleu,23.17343668872424
1660,10,val/chrf,43.90971330996371
1660,10,val/combined,31.898886523019517
1660,10,val/eval_peak_vram_gb,6.725836277008057
1660,10,val/eval_samples_per_sec,7.30635562193406
1660,10,val/eval_seconds,81.70968276000349
1660,10,val/eval_tokens_per_sec,1345.6177565019261
1661,11,train/loss,1.5661370754241943
1661,11,train/lr,3.8483204765003155e-05
1662,11,train/loss,1.4938182830810547
1662,11,train/lr,3.8448135738179345e-05
1663,11,train/loss,1.3409404754638672
1663,11,train/lr,3.841306321532775e-05
1664,11,train/loss,1.4498839378356934
1664,11,train/lr,3.8377987232008025e-05
1665,11,train/loss,1.3826435804367065
1665,11,train/lr,3.834290782378335e-05
1666,11,train/loss,1.394660472869873
1666,11,train/lr,3.830782502622035e-05
1667,11,train/loss,1.3853628635406494
1667,11,train/lr,3.82727388748891e-05
1668,11,train/loss,1.295581579208374
1668,11,train/lr,3.823764940536307e-05
1669,11,train/loss,1.4366683959960938
1669,11,train/lr,3.820255665321909e-05
1670,11,train/loss,1.357718586921692
1670,11,train/lr,3.8167460654037324e-05
1671,11,train/loss,1.4601775407791138
1671,11,train/lr,3.813236144340124e-05
1672,11,train/loss,1.5491427183151245
1672,11,train/lr,3.809725905689754e-05
1673,11,train/loss,1.5722007751464844
1673,11,train/lr,3.8062153530116174e-05
1674,11,train/loss,1.5341198444366455
1674,11,train/lr,3.8027044898650234e-05
1675,11,train/loss,1.519330382347107
1675,11,train/lr,3.7991933198096003e-05
1676,11,train/loss,1.5878162384033203
1676,11,train/lr,3.7956818464052846e-05
1677,11,train/loss,1.3807175159454346
1677,11,train/lr,3.792170073212322e-05
1678,11,train/loss,1.3090016841888428
1678,11,train/lr,3.7886580037912615e-05
1679,11,train/loss,1.4187339544296265
1679,11,train/lr,3.7851456417029524e-05
1680,11,train/loss,1.2182048559188843
1680,11,train/lr,3.781632990508541e-05
1681,11,train/loss,1.2547876834869385
1681,11,train/lr,3.778120053769466e-05
1682,11,train/loss,1.2072811126708984
1682,11,train/lr,3.774606835047457e-05
1683,11,train/loss,1.4589825868606567
1683,11,train/lr,3.7710933379045294e-05
1684,11,train/loss,1.4256598949432373
1684,11,train/lr,3.7675795659029786e-05
1685,11,train/loss,1.4741055965423584
1685,11,train/lr,3.764065522605381e-05
1686,11,train/loss,1.490130066871643
1686,11,train/lr,3.760551211574587e-05
1687,11,train/loss,1.3680787086486816
1687,11,train/lr,3.7570366363737193e-05
1688,11,train/loss,1.5459139347076416
1688,11,train/lr,3.7535218005661685e-05
1689,11,train/loss,1.4237369298934937
1689,11,train/lr,3.750006707715587e-05
1690,11,train/loss,1.4253230094909668
1690,11,train/lr,3.7464913613858915e-05
1691,11,train/loss,1.3041293621063232
1691,11,train/lr,3.7429757651412526e-05
1692,11,train/loss,1.3313004970550537
1692,11,train/lr,3.739459922546097e-05
1693,11,train/loss,1.4137747287750244
1693,11,train/lr,3.7359438371650983e-05
1694,11,train/loss,1.4684760570526123
1694,11,train/lr,3.732427512563178e-05
1695,11,train/loss,1.4397838115692139
1695,11,train/lr,3.728910952305501e-05
1696,11,train/loss,1.4218719005584717
1696,11,train/lr,3.7253941599574675e-05
1697,11,train/loss,1.379245400428772
1697,11,train/lr,3.721877139084718e-05
1698,11,train/loss,1.3619590997695923
1698,11,train/lr,3.7183598932531215e-05
1699,11,train/loss,1.408447504043579
1699,11,train/lr,3.714842426028775e-05
1700,11,train/loss,1.5735923051834106
1700,11,train/lr,3.711324740978001e-05
1701,11,train/loss,1.4286670684814453
1701,11,train/lr,3.707806841667343e-05
1702,11,train/loss,1.5745158195495605
1702,11,train/lr,3.704288731663561e-05
1703,11,train/loss,1.4100122451782227
1703,11,train/lr,3.700770414533629e-05
1704,11,train/loss,1.4582455158233643
1704,11,train/lr,3.6972518938447306e-05
1705,11,train/loss,1.2617321014404297
1705,11,train/lr,3.693733173164257e-05
1706,11,train/loss,1.423200011253357
1706,11,train/lr,3.6902142560598004e-05
1707,11,train/loss,1.2989922761917114
1707,11,train/lr,3.686695146099153e-05
1708,11,train/loss,1.4208965301513672
1708,11,train/lr,3.683175846850304e-05
1709,11,train/loss,1.4275842905044556
1709,11,train/lr,3.6796563618814304e-05
1710,11,train/loss,1.3306056261062622
1710,11,train/lr,3.676136694760903e-05
1711,11,train/loss,1.5319108963012695
1711,11,train/lr,3.6726168490572725e-05
1712,11,train/loss,1.4109302759170532
1712,11,train/lr,3.6690968283392746e-05
1713,11,train/loss,1.5711891651153564
1713,11,train/lr,3.665576636175819e-05
1714,11,train/loss,1.5424375534057617
1714,11,train/lr,3.662056276135991e-05
1715,11,train/loss,1.3935240507125854
1715,11,train/lr,3.658535751789045e-05
1716,11,train/loss,1.2679177522659302
1716,11,train/lr,3.655015066704405e-05
1717,11,train/loss,1.543908715248108
1717,11,train/lr,3.651494224451654e-05
1718,11,train/loss,1.3113516569137573
1718,11,train/lr,3.647973228600536e-05
1719,11,train/loss,1.302671194076538
1719,11,train/lr,3.644452082720952e-05
1720,11,train/loss,1.3662452697753906
1720,11,train/lr,3.640930790382953e-05
1721,11,train/loss,1.568544626235962
1721,11,train/lr,3.63740935515674e-05
1722,11,train/loss,1.4767286777496338
1722,11,train/lr,3.6338877806126584e-05
1723,11,train/loss,1.422842025756836
1723,11,train/lr,3.630366070321195e-05
1724,11,train/loss,1.5972113609313965
1724,11,train/lr,3.626844227852973e-05
1725,11,train/loss,1.5887255668640137
1725,11,train/lr,3.6233222567787514e-05
1726,11,train/loss,1.3707752227783203
1726,11,train/lr,3.619800160669419e-05
1727,11,train/loss,1.5443931818008423
1727,11,train/lr,3.61627794309599e-05
1728,11,train/loss,1.3875137567520142
1728,11,train/lr,3.6127556076296055e-05
1729,11,train/loss,1.41188383102417
1729,11,train/lr,3.609233157841521e-05
1730,11,train/loss,1.4473376274108887
1730,11,train/lr,3.605710597303111e-05
1731,11,train/loss,1.4586241245269775
1731,11,train/lr,3.6021879295858624e-05
1732,11,train/loss,1.3841403722763062
1732,11,train/lr,3.598665158261371e-05
1733,11,train/loss,1.30581796169281
1733,11,train/lr,3.5951422869013354e-05
1734,11,train/loss,1.3962116241455078
1734,11,train/lr,3.5916193190775565e-05
1735,11,train/loss,1.4619096517562866
1735,11,train/lr,3.588096258361935e-05
1736,11,train/loss,1.5344500541687012
1736,11,train/lr,3.5845731083264626e-05
1737,11,train/loss,1.4813368320465088
1737,11,train/lr,3.581049872543226e-05
1738,11,train/loss,1.4479095935821533
1738,11,train/lr,3.5775265545843936e-05
1739,11,train/loss,1.4407739639282227
1739,11,train/lr,3.57400315802222e-05
1740,11,train/loss,1.4087743759155273
1740,11,train/lr,3.570479686429041e-05
1741,11,train/loss,1.2762913703918457
1741,11,train/lr,3.566956143377264e-05
1742,11,train/loss,1.4049046039581299
1742,11,train/lr,3.563432532439374e-05
1743,11,train/loss,1.427667498588562
1743,11,train/lr,3.55990885718792e-05
1744,11,train/loss,1.3034216165542603
1744,11,train/lr,3.5563851211955195e-05
1745,11,train/loss,1.4490187168121338
1745,11,train/lr,3.5528613280348505e-05
1746,11,train/loss,1.3746538162231445
1746,11,train/lr,3.549337481278649e-05
1747,11,train/loss,1.5658974647521973
1747,11,train/lr,3.545813584499705e-05
1748,11,train/loss,1.621168851852417
1748,11,train/lr,3.54228964127086e-05
1749,11,train/loss,1.228532075881958
1749,11,train/lr,3.5387656551650034e-05
1750,11,train/loss,1.369280457496643
1750,11,train/lr,3.535241629755064e-05
1751,11,train/loss,1.331380009651184
1751,11,train/lr,3.5317175686140157e-05
1752,11,train/loss,1.4433307647705078
1752,11,train/lr,3.528193475314864e-05
1753,11,train/loss,1.3109863996505737
1753,11,train/lr,3.524669353430653e-05
1754,11,train/loss,1.3696417808532715
1754,11,train/lr,3.521145206534448e-05
1755,11,train/loss,1.3851265907287598
1755,11,train/lr,3.517621038199346e-05
1756,11,train/loss,1.1751961708068848
1756,11,train/lr,3.5140968519984616e-05
1757,11,train/loss,1.3997679948806763
1757,11,train/lr,3.51057265150493e-05
1758,11,train/loss,1.3995821475982666
1758,11,train/lr,3.5070484402919037e-05
1759,11,train/loss,1.5683045387268066
1759,11,train/lr,3.5035242219325366e-05
1760,11,train/loss,1.5023753643035889
1760,11,train/lr,3.5e-05
1761,11,train/loss,1.5526988506317139
1761,11,train/lr,3.496475778067463e-05
1762,11,train/loss,1.6812942028045654
1762,11,train/lr,3.4929515597080964e-05
1763,11,train/loss,1.4749360084533691
1763,11,train/lr,3.489427348495069e-05
1764,11,train/loss,1.4017839431762695
1764,11,train/lr,3.485903148001538e-05
1765,11,train/loss,1.3434092998504639
1765,11,train/lr,3.482378961800654e-05
1766,11,train/loss,1.344648003578186
1766,11,train/lr,3.478854793465552e-05
1767,11,train/loss,1.311478853225708
1767,11,train/lr,3.475330646569347e-05
1768,11,train/loss,1.2934448719024658
1768,11,train/lr,3.4718065246851354e-05
1769,11,train/loss,1.3040989637374878
1769,11,train/lr,3.4682824313859844e-05
1770,11,train/loss,1.424465298652649
1770,11,train/lr,3.464758370244936e-05
1771,11,train/loss,1.4329735040664673
1771,11,train/lr,3.461234344834997e-05
1772,11,train/loss,1.641257643699646
1772,11,train/lr,3.457710358729139e-05
1773,11,train/loss,1.426668643951416
1773,11,train/lr,3.454186415500295e-05
1774,11,train/loss,1.648945927619934
1774,11,train/lr,3.4506625187213507e-05
1775,11,train/loss,1.2474029064178467
1775,11,train/lr,3.4471386719651496e-05
1776,11,train/loss,1.260203242301941
1776,11,train/lr,3.4436148788044806e-05
1777,11,train/loss,1.4339184761047363
1777,11,train/lr,3.44009114281208e-05
1778,11,train/loss,1.443378210067749
1778,11,train/lr,3.436567467560626e-05
1779,11,train/loss,1.322243094444275
1779,11,train/lr,3.433043856622735e-05
1780,11,train/loss,1.3864691257476807
1780,11,train/lr,3.429520313570959e-05
1781,11,train/loss,1.255031943321228
1781,11,train/lr,3.425996841977779e-05
1782,11,train/loss,1.3494994640350342
1782,11,train/lr,3.4224734454156065e-05
1783,11,train/loss,1.3876904249191284
1783,11,train/lr,3.418950127456774e-05
1784,11,train/loss,1.3179552555084229
1784,11,train/lr,3.4154268916735375e-05
1785,11,train/loss,1.5407319068908691
1785,11,train/lr,3.411903741638066e-05
1786,11,train/loss,1.7154293060302734
1786,11,train/lr,3.408380680922444e-05
1787,11,train/loss,1.582948923110962
1787,11,train/lr,3.4048577130986654e-05
1788,11,train/loss,1.489093542098999
1788,11,train/lr,3.401334841738629e-05
1789,11,train/loss,1.3288627862930298
1789,11,train/lr,3.3978120704141376e-05
1790,11,train/loss,1.350787878036499
1790,11,train/lr,3.394289402696889e-05
1791,11,train/loss,1.4005526304244995
1791,11,train/lr,3.39076684215848e-05
1792,11,train/loss,1.2538814544677734
1792,11,train/lr,3.387244392370395e-05
1793,11,train/loss,1.4330867528915405
1793,11,train/lr,3.38372205690401e-05
1794,11,train/loss,1.496572732925415
1794,11,train/lr,3.380199839330582e-05
1795,11,train/loss,1.3158504962921143
1795,11,train/lr,3.3766777432212494e-05
1796,11,train/loss,1.4710792303085327
1796,11,train/lr,3.373155772147028e-05
1797,11,train/loss,1.4530975818634033
1797,11,train/lr,3.369633929678806e-05
1798,11,train/loss,1.4341819286346436
1798,11,train/lr,3.3661122193873416e-05
1799,11,train/loss,1.6766157150268555
1799,11,train/lr,3.362590644843261e-05
1800,11,train/loss,1.3369327783584595
1800,11,train/lr,3.3590692096170476e-05
1801,11,train/loss,1.5969948768615723
1801,11,train/lr,3.355547917279049e-05
1802,11,train/loss,1.3767969608306885
1802,11,train/lr,3.352026771399464e-05
1803,11,train/loss,1.3095996379852295
1803,11,train/lr,3.348505775548347e-05
1804,11,train/loss,1.2646225690841675
1804,11,train/lr,3.344984933295596e-05
1805,11,train/loss,1.4624946117401123
1805,11,train/lr,3.341464248210955e-05
1806,11,train/loss,1.3415231704711914
1806,11,train/lr,3.33794372386401e-05
1807,11,train/loss,1.5486321449279785
1807,11,train/lr,3.3344233638241815e-05
1808,11,train/loss,1.3841729164123535
1808,11,train/lr,3.3309031716607255e-05
1809,11,train/loss,1.3792625665664673
1809,11,train/lr,3.327383150942726e-05
1810,11,train/loss,1.515773057937622
1810,11,train/lr,3.323863305239096e-05
1811,11,train/loss,1.264730453491211
1811,11,train/lr,3.320343638118568e-05
1812,11,train/loss,1.2488329410552979
1812,11,train/lr,3.316824153149696e-05
1813,11,train/loss,1.2392475605010986
1813,11,train/lr,3.313304853900846e-05
1814,11,train/loss,1.361374855041504
1814,11,train/lr,3.309785743940199e-05
1815,11,train/loss,1.5059945583343506
1815,11,train/lr,3.306266826835742e-05
1816,11,train/loss,1.6523581743240356
1816,11,train/lr,3.302748106155268e-05
1817,11,train/loss,1.3225818872451782
1817,11,train/lr,3.299229585466371e-05
1818,11,train/loss,1.3600068092346191
1818,11,train/lr,3.2957112683364385e-05
1819,11,train/loss,1.3955614566802979
1819,11,train/lr,3.2921931583326565e-05
1820,11,train/loss,1.365415334701538
1820,11,train/lr,3.288675259021998e-05
1821,11,train/loss,1.3732175827026367
1821,11,train/lr,3.285157573971224e-05
1822,11,train/loss,1.5173463821411133
1822,11,train/lr,3.2816401067468786e-05
1823,11,train/loss,1.2579361200332642
1823,11,train/lr,3.278122860915281e-05
1824,11,train/loss,1.5616939067840576
1824,11,train/lr,3.274605840042531e-05
1825,11,train/loss,1.3621017932891846
1825,11,train/lr,3.2710890476944986e-05
1826,11,train/loss,1.4989629983901978
1826,11,train/lr,3.267572487436821e-05
1826,11,train/batches,662.0
1826,11,train/compute_pct,99.88620144567906
1826,11,train/compute_sec,66.52429621678311
1826,11,train/data_wait_pct,0.11379855432093185
1826,11,train/data_wait_sec,0.0757899352174718
1826,11,train/examples,5296.0
1826,11,train/examples_per_sec,79.51941665530285
1826,11,train/input_tokens,626096.0
1826,11,train/peak_vram_gb,6.725836277008057
1826,11,train/target_tokens,424509.0
1826,11,train/tokens_per_sec,15774.829443947216
1826,11,train/total_sec,66.60008615200059
1826,11,train/epoch_loss,1.431311437010405
1826,11,epoch11/batches,662.0
1826,11,epoch11/compute_pct,99.88620144567906
1826,11,epoch11/compute_sec,66.52429621678311
1826,11,epoch11/data_wait_pct,0.11379855432093185
1826,11,epoch11/data_wait_sec,0.0757899352174718
1826,11,epoch11/examples,5296.0
1826,11,epoch11/examples_per_sec,79.51941665530285
1826,11,epoch11/input_tokens,626096.0
1826,11,epoch11/peak_vram_gb,6.725836277008057
1826,11,epoch11/target_tokens,424509.0
1826,11,epoch11/tokens_per_sec,15774.829443947216
1826,11,epoch11/total_sec,66.60008615200059
1826,11,val/bleu,23.72258085159264
1826,11,val/chrf,44.32196782187636
1826,11,val/combined,32.42578395592232
1826,11,val/eval_peak_vram_gb,6.725836277008057
1826,11,val/eval_samples_per_sec,7.3190605318601145
1826,11,val/eval_seconds,81.56784568200237
1826,11,val/eval_tokens_per_sec,1351.733628344778
1827,12,train/loss,1.399062991142273
1827,12,train/lr,3.264056162834901e-05
1828,12,train/loss,1.488335371017456
1828,12,train/lr,3.260540077453903e-05
1829,12,train/loss,1.6112459897994995
1829,12,train/lr,3.257024234858747e-05
1830,12,train/loss,1.5338646173477173
1830,12,train/lr,3.253508638614108e-05
1831,12,train/loss,1.3682962656021118
1831,12,train/lr,3.249993292284412e-05
1832,12,train/loss,1.2958199977874756
1832,12,train/lr,3.2464781994338315e-05
1833,12,train/loss,1.6565773487091064
1833,12,train/lr,3.24296336362628e-05
1834,12,train/loss,1.326269507408142
1834,12,train/lr,3.2394487884254124e-05
1835,12,train/loss,1.3817157745361328
1835,12,train/lr,3.235934477394619e-05
1836,12,train/loss,1.4822397232055664
1836,12,train/lr,3.232420434097021e-05
1837,12,train/loss,1.4553658962249756
1837,12,train/lr,3.22890666209547e-05
1838,12,train/loss,1.452210545539856
1838,12,train/lr,3.225393164952543e-05
1839,12,train/loss,1.2564671039581299
1839,12,train/lr,3.221879946230534e-05
1840,12,train/loss,1.4760968685150146
1840,12,train/lr,3.2183670094914595e-05
1841,12,train/loss,1.5504930019378662
1841,12,train/lr,3.214854358297048e-05
1842,12,train/loss,1.384867548942566
1842,12,train/lr,3.211341996208738e-05
1843,12,train/loss,1.399910569190979
1843,12,train/lr,3.2078299267876776e-05
1844,12,train/loss,1.271051287651062
1844,12,train/lr,3.2043181535947155e-05
1845,12,train/loss,1.3699359893798828
1845,12,train/lr,3.2008066801904e-05
1846,12,train/loss,1.4424424171447754
1846,12,train/lr,3.197295510134976e-05
1847,12,train/loss,1.363783359527588
1847,12,train/lr,3.193784646988382e-05
1848,12,train/loss,1.446674108505249
1848,12,train/lr,3.190274094310245e-05
1849,12,train/loss,1.3863067626953125
1849,12,train/lr,3.186763855659876e-05
1850,12,train/loss,1.466435432434082
1850,12,train/lr,3.1832539345962676e-05
1851,12,train/loss,1.499523401260376
1851,12,train/lr,3.179744334678091e-05
1852,12,train/loss,1.4400073289871216
1852,12,train/lr,3.176235059463693e-05
1853,12,train/loss,1.524662733078003
1853,12,train/lr,3.1727261125110903e-05
1854,12,train/loss,1.3362325429916382
1854,12,train/lr,3.169217497377965e-05
1855,12,train/loss,1.4634358882904053
1855,12,train/lr,3.165709217621664e-05
1856,12,train/loss,1.4796818494796753
1856,12,train/lr,3.162201276799197e-05
1857,12,train/loss,1.32834792137146
1857,12,train/lr,3.1586936784672246e-05
1858,12,train/loss,1.4279849529266357
1858,12,train/lr,3.155186426182066e-05
1859,12,train/loss,1.329978346824646
1859,12,train/lr,3.151679523499684e-05
1860,12,train/loss,1.2517204284667969
1860,12,train/lr,3.14817297397569e-05
1861,12,train/loss,1.3304557800292969
1861,12,train/lr,3.144666781165338e-05
1862,12,train/loss,1.4339205026626587
1862,12,train/lr,3.1411609486235185e-05
1863,12,train/loss,1.4841015338897705
1863,12,train/lr,3.137655479904758e-05
1864,12,train/loss,1.413914680480957
1864,12,train/lr,3.134150378563213e-05
1865,12,train/loss,1.599602460861206
1865,12,train/lr,3.130645648152668e-05
1866,12,train/loss,1.4522573947906494
1866,12,train/lr,3.1271412922265315e-05
1867,12,train/loss,1.4558038711547852
1867,12,train/lr,3.123637314337833e-05
1868,12,train/loss,1.2450172901153564
1868,12,train/lr,3.1201337180392183e-05
1869,12,train/loss,1.3845417499542236
1869,12,train/lr,3.1166305068829444e-05
1870,12,train/loss,1.365370750427246
1870,12,train/lr,3.11312768442088e-05
1871,12,train/loss,1.3391321897506714
1871,12,train/lr,3.1096252542045004e-05
1872,12,train/loss,1.1933867931365967
1872,12,train/lr,3.1061232197848805e-05
1873,12,train/loss,1.328808307647705
1873,12,train/lr,3.1026215847126974e-05
1874,12,train/loss,1.4457675218582153
1874,12,train/lr,3.0991203525382184e-05
1875,12,train/loss,1.4098381996154785
1875,12,train/lr,3.0956195268113067e-05
1876,12,train/loss,1.4950189590454102
1876,12,train/lr,3.092119111081412e-05
1877,12,train/loss,1.2507535219192505
1877,12,train/lr,3.0886191088975686e-05
1878,12,train/loss,1.655102252960205
1878,12,train/lr,3.0851195238083906e-05
1879,12,train/loss,1.3882086277008057
1879,12,train/lr,3.0816203593620686e-05
1880,12,train/loss,1.313912034034729
1880,12,train/lr,3.07812161910637e-05
1881,12,train/loss,1.4671173095703125
1881,12,train/lr,3.074623306588628e-05
1882,12,train/loss,1.6860547065734863
1882,12,train/lr,3.071125425355745e-05
1883,12,train/loss,1.4201741218566895
1883,12,train/lr,3.067627978954185e-05
1884,12,train/loss,1.1649198532104492
1884,12,train/lr,3.0641309709299724e-05
1885,12,train/loss,1.3278766870498657
1885,12,train/lr,3.060634404828685e-05
1886,12,train/loss,1.3350952863693237
1886,12,train/lr,3.057138284195453e-05
1887,12,train/loss,1.4511384963989258
1887,12,train/lr,3.053642612574956e-05
1888,12,train/loss,1.5221526622772217
1888,12,train/lr,3.050147393511419e-05
1889,12,train/loss,1.5221648216247559
1889,12,train/lr,3.0466526305486063e-05
1890,12,train/loss,1.3043242692947388
1890,12,train/lr,3.04315832722982e-05
1891,12,train/loss,1.374938726425171
1891,12,train/lr,3.039664487097897e-05
1892,12,train/loss,1.5912644863128662
1892,12,train/lr,3.0361711136952042e-05
1893,12,train/loss,1.4458562135696411
1893,12,train/lr,3.0326782105636355e-05
1894,12,train/loss,1.3831300735473633
1894,12,train/lr,3.029185781244609e-05
1895,12,train/loss,1.3486216068267822
1895,12,train/lr,3.0256938292790595e-05
1896,12,train/loss,1.2395496368408203
1896,12,train/lr,3.0222023582074396e-05
1897,12,train/loss,1.43095064163208
1897,12,train/lr,3.0187113715697158e-05
1898,12,train/loss,1.325618028640747
1898,12,train/lr,3.0152208729053605e-05
1899,12,train/loss,1.481721043586731
1899,12,train/lr,3.0117308657533543e-05
1900,12,train/loss,1.4495105743408203
1900,12,train/lr,3.0082413536521762e-05
1901,12,train/loss,1.4779164791107178
1901,12,train/lr,3.0047523401398058e-05
1902,12,train/loss,1.5365147590637207
1902,12,train/lr,3.0012638287537167e-05
1903,12,train/loss,1.4451310634613037
1903,12,train/lr,2.9977758230308727e-05
1904,12,train/loss,1.5170652866363525
1904,12,train/lr,2.994288326507726e-05
1905,12,train/loss,1.6598386764526367
1905,12,train/lr,2.990801342720211e-05
1906,12,train/loss,1.4588650465011597
1906,12,train/lr,2.987314875203743e-05
1907,12,train/loss,1.3643046617507935
1907,12,train/lr,2.9838289274932145e-05
1908,12,train/loss,1.4330899715423584
1908,12,train/lr,2.9803435031229907e-05
1909,12,train/loss,1.2992833852767944
1909,12,train/lr,2.976858605626905e-05
1910,12,train/loss,1.4343969821929932
1910,12,train/lr,2.9733742385382587e-05
1911,12,train/loss,1.253197431564331
1911,12,train/lr,2.969890405389813e-05
1912,12,train/loss,1.330122709274292
1912,12,train/lr,2.9664071097137908e-05
1913,12,train/loss,1.337784767150879
1913,12,train/lr,2.9629243550418657e-05
1914,12,train/loss,1.5923371315002441
1914,12,train/lr,2.9594421449051664e-05
1915,12,train/loss,1.4525600671768188
1915,12,train/lr,2.9559604828342682e-05
1916,12,train/loss,1.5308762788772583
1916,12,train/lr,2.9524793723591912e-05
1917,12,train/loss,1.4238944053649902
1917,12,train/lr,2.948998817009396e-05
1918,12,train/loss,1.5035319328308105
1918,12,train/lr,2.9455188203137792e-05
1919,12,train/loss,1.349714994430542
1919,12,train/lr,2.942039385800673e-05
1920,12,train/loss,1.3543590307235718
1920,12,train/lr,2.9385605169978387e-05
1921,12,train/loss,1.2808942794799805
1921,12,train/lr,2.9350822174324633e-05
1922,12,train/loss,1.5816524028778076
1922,12,train/lr,2.9316044906311585e-05
1923,12,train/loss,1.2628010511398315
1923,12,train/lr,2.928127340119953e-05
1924,12,train/loss,1.322922706604004
1924,12,train/lr,2.9246507694242926e-05
1925,12,train/loss,1.4299678802490234
1925,12,train/lr,2.9211747820690353e-05
1926,12,train/loss,1.5439960956573486
1926,12,train/lr,2.9176993815784468e-05
1927,12,train/loss,1.3793036937713623
1927,12,train/lr,2.9142245714761997e-05
1928,12,train/loss,1.382492184638977
1928,12,train/lr,2.9107503552853648e-05
1929,12,train/loss,1.3331323862075806
1929,12,train/lr,2.9072767365284138e-05
1930,12,train/loss,1.350537896156311
1930,12,train/lr,2.9038037187272103e-05
1931,12,train/loss,1.5063227415084839
1931,12,train/lr,2.9003313054030107e-05
1932,12,train/loss,1.4293618202209473
1932,12,train/lr,2.8968595000764585e-05
1933,12,train/loss,1.2692461013793945
1933,12,train/lr,2.8933883062675774e-05
1934,12,train/loss,1.3416467905044556
1934,12,train/lr,2.889917727495775e-05
1935,12,train/loss,1.312601089477539
1935,12,train/lr,2.8864477672798336e-05
1936,12,train/loss,1.2792376279830933
1936,12,train/lr,2.8829784291379082e-05
1937,12,train/loss,1.4351959228515625
1937,12,train/lr,2.8795097165875245e-05
1938,12,train/loss,1.5075081586837769
1938,12,train/lr,2.8760416331455726e-05
1939,12,train/loss,1.4901072978973389
1939,12,train/lr,2.8725741823283035e-05
1940,12,train/loss,1.568169355392456
1940,12,train/lr,2.8691073676513295e-05
1941,12,train/loss,1.3002042770385742
1941,12,train/lr,2.865641192629617e-05
1942,12,train/loss,1.533928394317627
1942,12,train/lr,2.8621756607774834e-05
1943,12,train/loss,1.3857252597808838
1943,12,train/lr,2.8587107756085948e-05
1944,12,train/loss,1.491773009300232
1944,12,train/lr,2.8552465406359593e-05
1945,12,train/loss,1.3043179512023926
1945,12,train/lr,2.851782959371929e-05
1946,12,train/loss,1.3016679286956787
1946,12,train/lr,2.8483200353281913e-05
1947,12,train/loss,1.4001822471618652
1947,12,train/lr,2.8448577720157676e-05
1948,12,train/loss,1.3351621627807617
1948,12,train/lr,2.84139617294501e-05
1949,12,train/loss,1.3940385580062866
1949,12,train/lr,2.837935241625596e-05
1950,12,train/loss,1.3900498151779175
1950,12,train/lr,2.8344749815665268e-05
1951,12,train/loss,1.5599950551986694
1951,12,train/lr,2.8310153962761226e-05
1952,12,train/loss,1.2808090448379517
1952,12,train/lr,2.8275564892620202e-05
1953,12,train/loss,1.316028118133545
1953,12,train/lr,2.824098264031169e-05
1954,12,train/loss,1.4401898384094238
1954,12,train/lr,2.8206407240898248e-05
1955,12,train/loss,1.3051774501800537
1955,12,train/lr,2.8171838729435512e-05
1956,12,train/loss,1.451230764389038
1956,12,train/lr,2.813727714097212e-05
1957,12,train/loss,1.3150634765625
1957,12,train/lr,2.8102722510549693e-05
1958,12,train/loss,1.4104384183883667
1958,12,train/lr,2.806817487320282e-05
1959,12,train/loss,1.3587931394577026
1959,12,train/lr,2.8033634263958945e-05
1960,12,train/loss,1.4905695915222168
1960,12,train/lr,2.799910071783845e-05
1961,12,train/loss,1.4588218927383423
1961,12,train/lr,2.7964574269854504e-05
1962,12,train/loss,1.5839297771453857
1962,12,train/lr,2.7930054955013117e-05
1963,12,train/loss,1.4109984636306763
1963,12,train/lr,2.7895542808313058e-05
1964,12,train/loss,1.4278758764266968
1964,12,train/lr,2.7861037864745796e-05
1965,12,train/loss,1.467233657836914
1965,12,train/lr,2.7826540159295545e-05
1966,12,train/loss,1.5805736780166626
1966,12,train/lr,2.779204972693914e-05
1967,12,train/loss,1.3396333456039429
1967,12,train/lr,2.775756660264608e-05
1968,12,train/loss,1.2390940189361572
1968,12,train/lr,2.7723090821378425e-05
1969,12,train/loss,1.46224045753479
1969,12,train/lr,2.7688622418090795e-05
1970,12,train/loss,1.3096908330917358
1970,12,train/lr,2.7654161427730337e-05
1971,12,train/loss,1.310494065284729
1971,12,train/lr,2.7619707885236676e-05
1972,12,train/loss,1.486726999282837
1972,12,train/lr,2.7585261825541897e-05
1973,12,train/loss,1.4024336338043213
1973,12,train/lr,2.7550823283570486e-05
1974,12,train/loss,1.53289794921875
1974,12,train/lr,2.75163922942393e-05
1975,12,train/loss,1.418526530265808
1975,12,train/lr,2.7481968892457567e-05
1976,12,train/loss,1.433908462524414
1976,12,train/lr,2.7447553113126786e-05
1977,12,train/loss,1.386577844619751
1977,12,train/lr,2.741314499114076e-05
1978,12,train/loss,1.4954276084899902
1978,12,train/lr,2.7378744561385505e-05
1979,12,train/loss,1.601180076599121
1979,12,train/lr,2.7344351858739266e-05
1980,12,train/loss,1.4290790557861328
1980,12,train/lr,2.7309966918072406e-05
1981,12,train/loss,1.3901371955871582
1981,12,train/lr,2.7275589774247464e-05
1982,12,train/loss,1.4333312511444092
1982,12,train/lr,2.7241220462119056e-05
1983,12,train/loss,1.27656888961792
1983,12,train/lr,2.720685901653385e-05
1984,12,train/loss,1.3605210781097412
1984,12,train/lr,2.7172505472330564e-05
1985,12,train/loss,1.3900413513183594
1985,12,train/lr,2.713815986433987e-05
1986,12,train/loss,1.2856769561767578
1986,12,train/lr,2.7103822227384416e-05
1987,12,train/loss,1.407479166984558
1987,12,train/lr,2.7069492596278757e-05
1988,12,train/loss,1.685032844543457
1988,12,train/lr,2.703517100582935e-05
1989,12,train/loss,1.477461576461792
1989,12,train/lr,2.7000857490834488e-05
1990,12,train/loss,1.318219780921936
1990,12,train/lr,2.696655208608426e-05
1991,12,train/loss,1.2733399868011475
1991,12,train/lr,2.6932254826360556e-05
1992,12,train/loss,1.5749692916870117
1992,12,train/lr,2.6897965746436997e-05
1992,12,train/batches,662.0
1992,12,train/compute_pct,99.86808627339819
1992,12,train/compute_sec,65.77640031129704
1992,12,train/data_wait_pct,0.13191372660180245
1992,12,train/data_wait_sec,0.08688271109713241
1992,12,train/examples,5296.0
1992,12,train/examples_per_sec,80.40898899921687
1992,12,train/input_tokens,625993.0
1992,12,train/peak_vram_gb,6.727003574371338
1992,12,train/target_tokens,424742.0
1992,12,train/tokens_per_sec,15953.273990953952
1992,12,train/total_sec,65.86328302239417
1992,12,train/epoch_loss,1.4171223969978148
1992,12,epoch12/batches,662.0
1992,12,epoch12/compute_pct,99.86808627339819
1992,12,epoch12/compute_sec,65.77640031129704
1992,12,epoch12/data_wait_pct,0.13191372660180245
1992,12,epoch12/data_wait_sec,0.08688271109713241
1992,12,epoch12/examples,5296.0
1992,12,epoch12/examples_per_sec,80.40898899921687
1992,12,epoch12/input_tokens,625993.0
1992,12,epoch12/peak_vram_gb,6.727003574371338
1992,12,epoch12/target_tokens,424742.0
1992,12,epoch12/tokens_per_sec,15953.273990953952
1992,12,epoch12/total_sec,65.86328302239417
1992,12,val/bleu,24.330032737581966
1992,12,val/chrf,44.9914364756671
1992,12,val/combined,33.08539137389521
1992,12,val/eval_peak_vram_gb,6.727003574371338
1992,12,val/eval_samples_per_sec,7.218427380403669
1992,12,val/eval_seconds,82.70499494401156
1992,12,val/eval_tokens_per_sec,1360.2685070733553
1993,13,train/loss,1.5017759799957275
1993,13,train/lr,2.6863684881078916e-05
1994,13,train/loss,1.4149158000946045
1994,13,train/lr,2.6829412265043318e-05
1995,13,train/loss,1.1816344261169434
1995,13,train/lr,2.679514793307883e-05
1996,13,train/loss,1.3993725776672363
1996,13,train/lr,2.676089191992569e-05
1997,13,train/loss,1.3235112428665161
1997,13,train/lr,2.6726644260315708e-05
1998,13,train/loss,1.468625783920288
1998,13,train/lr,2.6692404988972216e-05
1999,13,train/loss,1.403287410736084
1999,13,train/lr,2.6658174140610048e-05
2000,13,train/loss,1.3930541276931763
2000,13,train/lr,2.6623951749935487e-05
2001,13,train/loss,1.3188914060592651
2001,13,train/lr,2.6589737851646243e-05
2002,13,train/loss,1.210205078125
2002,13,train/lr,2.655553248043143e-05
2003,13,train/loss,1.3670082092285156
2003,13,train/lr,2.6521335670971503e-05
2004,13,train/loss,1.4521681070327759
2004,13,train/lr,2.6487147457938223e-05
2005,13,train/loss,1.4857158660888672
2005,13,train/lr,2.6452967875994686e-05
2006,13,train/loss,1.5024725198745728
2006,13,train/lr,2.641879695979518e-05
2007,13,train/loss,1.379606008529663
2007,13,train/lr,2.638463474398524e-05
2008,13,train/loss,1.474260687828064
2008,13,train/lr,2.635048126320156e-05
2009,13,train/loss,1.2818140983581543
2009,13,train/lr,2.6316336552071988e-05
2010,13,train/loss,1.3649108409881592
2010,13,train/lr,2.6282200645215486e-05
2011,13,train/loss,1.34903883934021
2011,13,train/lr,2.624807357724208e-05
2012,13,train/loss,1.3141264915466309
2012,13,train/lr,2.6213955382752837e-05
2013,13,train/loss,1.2803850173950195
2013,13,train/lr,2.6179846096339832e-05
2014,13,train/loss,1.3313182592391968
2014,13,train/lr,2.6145745752586096e-05
2015,13,train/loss,1.40740966796875
2015,13,train/lr,2.6111654386065603e-05
2016,13,train/loss,1.4840468168258667
2016,13,train/lr,2.6077572031343227e-05
2017,13,train/loss,1.5346887111663818
2017,13,train/lr,2.604349872297471e-05
2018,13,train/loss,1.4323043823242188
2018,13,train/lr,2.6009434495506595e-05
2019,13,train/loss,1.4275468587875366
2019,13,train/lr,2.597537938347624e-05
2020,13,train/loss,1.396325945854187
2020,13,train/lr,2.5941333421411768e-05
2021,13,train/loss,1.5244245529174805
2021,13,train/lr,2.5907296643832004e-05
2022,13,train/loss,1.3771083354949951
2022,13,train/lr,2.5873269085246484e-05
2023,13,train/loss,1.3616454601287842
2023,13,train/lr,2.5839250780155368e-05
2024,13,train/loss,1.429612159729004
2024,13,train/lr,2.5805241763049455e-05
2025,13,train/loss,1.1904542446136475
2025,13,train/lr,2.5771242068410124e-05
2026,13,train/loss,1.3259079456329346
2026,13,train/lr,2.57372517307093e-05
2027,13,train/loss,1.356405258178711
2027,13,train/lr,2.570327078440943e-05
2028,13,train/loss,1.3975989818572998
2028,13,train/lr,2.566929926396341e-05
2029,13,train/loss,1.4021425247192383
2029,13,train/lr,2.5635337203814616e-05
2030,13,train/loss,1.382315754890442
2030,13,train/lr,2.5601384638396808e-05
2031,13,train/loss,1.3794093132019043
2031,13,train/lr,2.5567441602134137e-05
2032,13,train/loss,1.5152969360351562
2032,13,train/lr,2.553350812944107e-05
2033,13,train/loss,1.3085131645202637
2033,13,train/lr,2.54995842547224e-05
2034,13,train/loss,1.4219789505004883
2034,13,train/lr,2.5465670012373173e-05
2035,13,train/loss,1.4632716178894043
2035,13,train/lr,2.5431765436778675e-05
2036,13,train/loss,1.404039740562439
2036,13,train/lr,2.5397870562314397e-05
2037,13,train/loss,1.2058658599853516
2037,13,train/lr,2.536398542334598e-05
2038,13,train/loss,1.300743818283081
2038,13,train/lr,2.533011005422922e-05
2039,13,train/loss,1.2787288427352905
2039,13,train/lr,2.529624448930996e-05
2040,13,train/loss,1.4779548645019531
2040,13,train/lr,2.5262388762924156e-05
2041,13,train/loss,1.4299333095550537
2041,13,train/lr,2.5228542909397756e-05
2042,13,train/loss,1.477585792541504
2042,13,train/lr,2.5194706963046707e-05
2043,13,train/loss,1.5150372982025146
2043,13,train/lr,2.5160880958176925e-05
2044,13,train/loss,1.3966827392578125
2044,13,train/lr,2.5127064929084213e-05
2045,13,train/loss,1.460773229598999
2045,13,train/lr,2.5093258910054287e-05
2046,13,train/loss,1.406569242477417
2046,13,train/lr,2.5059462935362704e-05
2047,13,train/loss,1.4437098503112793
2047,13,train/lr,2.5025677039274848e-05
2048,13,train/loss,1.3130271434783936
2048,13,train/lr,2.499190125604588e-05
2049,13,train/loss,1.3179867267608643
2049,13,train/lr,2.4958135619920686e-05
2050,13,train/loss,1.2866015434265137
2050,13,train/lr,2.4924380165133884e-05
2051,13,train/loss,1.3669414520263672
2051,13,train/lr,2.4890634925909782e-05
2052,13,train/loss,1.4669771194458008
2052,13,train/lr,2.4856899936462306e-05
2053,13,train/loss,1.301232933998108
2053,13,train/lr,2.4823175230995e-05
2054,13,train/loss,1.555099368095398
2054,13,train/lr,2.478946084370098e-05
2055,13,train/loss,1.3612987995147705
2055,13,train/lr,2.4755756808762905e-05
2056,13,train/loss,1.4165688753128052
2056,13,train/lr,2.4722063160352926e-05
2057,13,train/loss,1.3985447883605957
2057,13,train/lr,2.4688379932632675e-05
2058,13,train/loss,1.5008203983306885
2058,13,train/lr,2.4654707159753225e-05
2059,13,train/loss,1.5163872241973877
2059,13,train/lr,2.4621044875855016e-05
2060,13,train/loss,1.438395380973816
2060,13,train/lr,2.45873931150679e-05
2061,13,train/loss,1.3447450399398804
2061,13,train/lr,2.4553751911511014e-05
2062,13,train/loss,1.3472237586975098
2062,13,train/lr,2.4520121299292827e-05
2063,13,train/loss,1.3103328943252563
2063,13,train/lr,2.4486501312511064e-05
2064,13,train/loss,1.4004957675933838
2064,13,train/lr,2.4452891985252647e-05
2065,13,train/loss,1.2432851791381836
2065,13,train/lr,2.4419293351593716e-05
2066,13,train/loss,1.497130274772644
2066,13,train/lr,2.4385705445599578e-05
2067,13,train/loss,1.4364527463912964
2067,13,train/lr,2.4352128301324632e-05
2068,13,train/loss,1.1653977632522583
2068,13,train/lr,2.431856195281241e-05
2069,13,train/loss,1.325775146484375
2069,13,train/lr,2.4285006434095443e-05
2070,13,train/loss,1.540947675704956
2070,13,train/lr,2.4251461779195325e-05
2071,13,train/loss,1.437335729598999
2071,13,train/lr,2.4217928022122617e-05
2072,13,train/loss,1.421696424484253
2072,13,train/lr,2.4184405196876842e-05
2073,13,train/loss,1.3114458322525024
2073,13,train/lr,2.415089333744643e-05
2074,13,train/loss,1.321875810623169
2074,13,train/lr,2.4117392477808692e-05
2075,13,train/loss,1.3046132326126099
2075,13,train/lr,2.4083902651929788e-05
2076,13,train/loss,1.4822816848754883
2076,13,train/lr,2.4050423893764696e-05
2077,13,train/loss,1.3830236196517944
2077,13,train/lr,2.401695623725717e-05
2078,13,train/loss,1.4167104959487915
2078,13,train/lr,2.3983499716339703e-05
2079,13,train/loss,1.4743754863739014
2079,13,train/lr,2.395005436493351e-05
2080,13,train/loss,1.3296825885772705
2080,13,train/lr,2.3916620216948467e-05
2081,13,train/loss,1.5572359561920166
2081,13,train/lr,2.38831973062831e-05
2082,13,train/loss,1.3436686992645264
2082,13,train/lr,2.3849785666824532e-05
2083,13,train/loss,1.3325985670089722
2083,13,train/lr,2.3816385332448472e-05
2084,13,train/loss,1.419405221939087
2084,13,train/lr,2.3782996337019168e-05
2085,13,train/loss,1.3280842304229736
2085,13,train/lr,2.374961871438935e-05
2086,13,train/loss,1.3460347652435303
2086,13,train/lr,2.371625249840023e-05
2087,13,train/loss,1.413785696029663
2087,13,train/lr,2.368289772288147e-05
2088,13,train/loss,1.4692792892456055
2088,13,train/lr,2.3649554421651106e-05
2089,13,train/loss,1.4507005214691162
2089,13,train/lr,2.3616222628515563e-05
2090,13,train/loss,1.3639116287231445
2090,13,train/lr,2.358290237726958e-05
2091,13,train/loss,1.3842222690582275
2091,13,train/lr,2.35495937016962e-05
2092,13,train/loss,1.4056963920593262
2092,13,train/lr,2.351629663556674e-05
2093,13,train/loss,1.3840434551239014
2093,13,train/lr,2.3483011212640725e-05
2094,13,train/loss,1.3710873126983643
2094,13,train/lr,2.3449737466665905e-05
2095,13,train/loss,1.4629724025726318
2095,13,train/lr,2.341647543137816e-05
2096,13,train/loss,1.1872801780700684
2096,13,train/lr,2.338322514050151e-05
2097,13,train/loss,1.1997525691986084
2097,13,train/lr,2.3349986627748074e-05
2098,13,train/loss,1.4755618572235107
2098,13,train/lr,2.3316759926818018e-05
2099,13,train/loss,1.2561490535736084
2099,13,train/lr,2.3283545071399553e-05
2100,13,train/loss,1.1993882656097412
2100,13,train/lr,2.325034209516884e-05
2101,13,train/loss,1.4625844955444336
2101,13,train/lr,2.321715103179003e-05
2102,13,train/loss,1.2944917678833008
2102,13,train/lr,2.3183971914915178e-05
2103,13,train/loss,1.4136452674865723
2103,13,train/lr,2.3150804778184252e-05
2104,13,train/loss,1.4349015951156616
2104,13,train/lr,2.3117649655225048e-05
2105,13,train/loss,1.5258443355560303
2105,13,train/lr,2.308450657965318e-05
2106,13,train/loss,1.7016913890838623
2106,13,train/lr,2.3051375585072066e-05
2107,13,train/loss,1.4851057529449463
2107,13,train/lr,2.3018256705072874e-05
2108,13,train/loss,1.5007596015930176
2108,13,train/lr,2.2985149973234455e-05
2109,13,train/loss,1.423967957496643
2109,13,train/lr,2.295205542312339e-05
2110,13,train/loss,1.6061724424362183
2110,13,train/lr,2.2918973088293872e-05
2111,13,train/loss,1.2367686033248901
2111,13,train/lr,2.2885903002287736e-05
2112,13,train/loss,1.3362890481948853
2112,13,train/lr,2.2852845198634395e-05
2113,13,train/loss,1.4445059299468994
2113,13,train/lr,2.281979971085078e-05
2114,13,train/loss,1.3952853679656982
2114,13,train/lr,2.278676657244137e-05
2115,13,train/loss,1.4479230642318726
2115,13,train/lr,2.27537458168981e-05
2116,13,train/loss,1.278164267539978
2116,13,train/lr,2.2720737477700367e-05
2117,13,train/loss,1.5767223834991455
2117,13,train/lr,2.2687741588314975e-05
2118,13,train/loss,1.2841968536376953
2118,13,train/lr,2.265475818219609e-05
2119,13,train/loss,1.3014687299728394
2119,13,train/lr,2.2621787292785238e-05
2120,13,train/loss,1.2823944091796875
2120,13,train/lr,2.258882895351125e-05
2121,13,train/loss,1.373562216758728
2121,13,train/lr,2.2555883197790232e-05
2122,13,train/loss,1.2852201461791992
2122,13,train/lr,2.2522950059025536e-05
2123,13,train/loss,1.361031413078308
2123,13,train/lr,2.249002957060771e-05
2124,13,train/loss,1.3651316165924072
2124,13,train/lr,2.245712176591449e-05
2125,13,train/loss,1.2465722560882568
2125,13,train/lr,2.242422667831074e-05
2126,13,train/loss,1.3712410926818848
2126,13,train/lr,2.2391344341148436e-05
2127,13,train/loss,1.32403564453125
2127,13,train/lr,2.2358474787766636e-05
2128,13,train/loss,1.4382742643356323
2128,13,train/lr,2.2325618051491415e-05
2129,13,train/loss,1.4293643236160278
2129,13,train/lr,2.229277416563587e-05
2130,13,train/loss,1.3117384910583496
2130,13,train/lr,2.2259943163500064e-05
2131,13,train/loss,1.276904582977295
2131,13,train/lr,2.2227125078370993e-05
2132,13,train/loss,1.4426863193511963
2132,13,train/lr,2.219431994352257e-05
2133,13,train/loss,1.2756272554397583
2133,13,train/lr,2.2161527792215565e-05
2134,13,train/loss,1.4100756645202637
2134,13,train/lr,2.2128748657697585e-05
2135,13,train/loss,1.3112627267837524
2135,13,train/lr,2.2095982573203042e-05
2136,13,train/loss,1.3427423238754272
2136,13,train/lr,2.2063229571953114e-05
2137,13,train/loss,1.4004762172698975
2137,13,train/lr,2.2030489687155728e-05
2138,13,train/loss,1.441861867904663
2138,13,train/lr,2.1997762952005497e-05
2139,13,train/loss,1.2665290832519531
2139,13,train/lr,2.1965049399683705e-05
2140,13,train/loss,1.4223586320877075
2140,13,train/lr,2.1932349063358262e-05
2141,13,train/loss,1.393575668334961
2141,13,train/lr,2.1899661976183706e-05
2142,13,train/loss,1.5198261737823486
2142,13,train/lr,2.1866988171301104e-05
2143,13,train/loss,1.2094889879226685
2143,13,train/lr,2.18343276818381e-05
2144,13,train/loss,1.6137820482254028
2144,13,train/lr,2.1801680540908783e-05
2145,13,train/loss,1.3047428131103516
2145,13,train/lr,2.176904678161376e-05
2146,13,train/loss,1.2303277254104614
2146,13,train/lr,2.1736426437040048e-05
2147,13,train/loss,1.5067442655563354
2147,13,train/lr,2.170381954026105e-05
2148,13,train/loss,1.2130934000015259
2148,13,train/lr,2.1671226124336567e-05
2149,13,train/loss,1.250746726989746
2149,13,train/lr,2.1638646222312697e-05
2150,13,train/loss,1.4007604122161865
2150,13,train/lr,2.1606079867221858e-05
2151,13,train/loss,1.268606424331665
2151,13,train/lr,2.157352709208273e-05
2152,13,train/loss,1.4471259117126465
2152,13,train/lr,2.154098792990022e-05
2153,13,train/loss,1.4068357944488525
2153,13,train/lr,2.150846241366544e-05
2154,13,train/loss,1.4648842811584473
2154,13,train/lr,2.1475950576355653e-05
2155,13,train/loss,1.4915926456451416
2155,13,train/lr,2.1443452450934267e-05
2156,13,train/loss,1.3532127141952515
2156,13,train/lr,2.1410968070350773e-05
2157,13,train/loss,1.4450689554214478
2157,13,train/lr,2.137849746754075e-05
2158,13,train/loss,1.3806366920471191
2158,13,train/lr,2.1346040675425795e-05
2158,13,train/batches,662.0
2158,13,train/compute_pct,99.86967473408305
2158,13,train/compute_sec,64.71441262803273
2158,13,train/data_wait_pct,0.13032526591695287
2158,13,train/data_wait_sec,0.08444928910466842
2158,13,train/examples,5296.0
2158,13,train/examples_per_sec,81.72983048332463
2158,13,train/input_tokens,626167.0
2158,13,train/peak_vram_gb,6.727003574371338
2158,13,train/target_tokens,424754.0
2158,13,train/tokens_per_sec,16218.201507055515
2158,13,train/total_sec,64.7988619171374
2158,13,train/epoch_loss,1.4038205569964521
2158,13,epoch13/batches,662.0
2158,13,epoch13/compute_pct,99.86967473408305
2158,13,epoch13/compute_sec,64.71441262803273
2158,13,epoch13/data_wait_pct,0.13032526591695287
2158,13,epoch13/data_wait_sec,0.08444928910466842
2158,13,epoch13/examples,5296.0
2158,13,epoch13/examples_per_sec,81.72983048332463
2158,13,epoch13/input_tokens,626167.0
2158,13,epoch13/peak_vram_gb,6.727003574371338
2158,13,epoch13/target_tokens,424754.0
2158,13,epoch13/tokens_per_sec,16218.201507055515
2158,13,epoch13/total_sec,64.7988619171374
2158,13,val/bleu,24.498393713162688
2158,13,val/chrf,45.66810302005152
2158,13,val/combined,33.448395595581204
2158,13,val/eval_peak_vram_gb,6.727003574371338
2158,13,val/eval_samples_per_sec,7.649157914938651
2158,13,val/eval_seconds,78.04780691402266
2158,13,val/eval_tokens_per_sec,1336.6294855013653
2159,14,train/loss,1.4406180381774902
2159,14,train/lr,2.1313597726913478e-05
2160,14,train/loss,1.2931495904922485
2160,14,train/lr,2.1281168654897375e-05
2161,14,train/loss,1.3932644128799438
2161,14,train/lr,2.124875349225697e-05
2162,14,train/loss,1.5780038833618164
2162,14,train/lr,2.121635227185764e-05
2163,14,train/loss,1.2476158142089844
2163,14,train/lr,2.1183965026550648e-05
2164,14,train/loss,1.4008746147155762
2164,14,train/lr,2.1151591789173066e-05
2165,14,train/loss,1.3225778341293335
2165,14,train/lr,2.111923259254777e-05
2166,14,train/loss,1.3912209272384644
2166,14,train/lr,2.1086887469483407e-05
2167,14,train/loss,1.2730995416641235
2167,14,train/lr,2.1054556452774343e-05
2168,14,train/loss,1.3115179538726807
2168,14,train/lr,2.102223957520066e-05
2169,14,train/loss,1.4145355224609375
2169,14,train/lr,2.0989936869528085e-05
2170,14,train/loss,1.5286061763763428
2170,14,train/lr,2.0957648368507974e-05
2171,14,train/loss,1.465184211730957
2171,14,train/lr,2.0925374104877306e-05
2172,14,train/loss,1.4059621095657349
2172,14,train/lr,2.0893114111358608e-05
2173,14,train/loss,1.369465708732605
2173,14,train/lr,2.0860868420659938e-05
2174,14,train/loss,1.2370715141296387
2174,14,train/lr,2.082863706547486e-05
2175,14,train/loss,1.5317347049713135
2175,14,train/lr,2.0796420078482394e-05
2176,14,train/loss,1.5681487321853638
2176,14,train/lr,2.0764217492346998e-05
2177,14,train/loss,1.3672486543655396
2177,14,train/lr,2.073202933971852e-05
2178,14,train/loss,1.4119114875793457
2178,14,train/lr,2.0699855653232197e-05
2179,14,train/loss,1.181931734085083
2179,14,train/lr,2.0667696465508584e-05
2180,14,train/loss,1.2632191181182861
2180,14,train/lr,2.0635551809153517e-05
2181,14,train/loss,1.3703832626342773
2181,14,train/lr,2.0603421716758132e-05
2182,14,train/loss,1.3915603160858154
2182,14,train/lr,2.0571306220898783e-05
2183,14,train/loss,1.4345853328704834
2183,14,train/lr,2.0539205354137027e-05
2184,14,train/loss,1.3686316013336182
2184,14,train/lr,2.0507119149019585e-05
2185,14,train/loss,1.4171971082687378
2185,14,train/lr,2.0475047638078317e-05
2186,14,train/loss,1.3017821311950684
2186,14,train/lr,2.044299085383018e-05
2187,14,train/loss,1.3601133823394775
2187,14,train/lr,2.0410948828777218e-05
2188,14,train/loss,1.3890655040740967
2188,14,train/lr,2.0378921595406475e-05
2189,14,train/loss,1.3509052991867065
2189,14,train/lr,2.0346909186190027e-05
2190,14,train/loss,1.2374467849731445
2190,14,train/lr,2.031491163358491e-05
2191,14,train/loss,1.4411120414733887
2191,14,train/lr,2.0282928970033104e-05
2192,14,train/loss,1.3116440773010254
2192,14,train/lr,2.0250961227961486e-05
2193,14,train/loss,1.2027531862258911
2193,14,train/lr,2.0219008439781803e-05
2194,14,train/loss,1.4744477272033691
2194,14,train/lr,2.0187070637890646e-05
2195,14,train/loss,1.4785068035125732
2195,14,train/lr,2.0155147854669415e-05
2196,14,train/loss,1.3957421779632568
2196,14,train/lr,2.0123240122484268e-05
2197,14,train/loss,1.3595844507217407
2197,14,train/lr,2.0091347473686127e-05
2198,14,train/loss,1.2354161739349365
2198,14,train/lr,2.0059469940610584e-05
2199,14,train/loss,1.2274059057235718
2199,14,train/lr,2.002760755557792e-05
2200,14,train/loss,1.2782219648361206
2200,14,train/lr,1.9995760350893095e-05
2201,14,train/loss,1.5002353191375732
2201,14,train/lr,1.996392835884564e-05
2202,14,train/loss,1.3680694103240967
2202,14,train/lr,1.993211161170966e-05
2203,14,train/loss,1.176727056503296
2203,14,train/lr,1.9900310141743822e-05
2204,14,train/loss,1.367415189743042
2204,14,train/lr,1.9868523981191285e-05
2205,14,train/loss,1.3085676431655884
2205,14,train/lr,1.983675316227972e-05
2206,14,train/loss,1.3854448795318604
2206,14,train/lr,1.9804997717221183e-05
2207,14,train/loss,1.3291922807693481
2207,14,train/lr,1.9773257678212195e-05
2208,14,train/loss,1.5154869556427002
2208,14,train/lr,1.9741533077433642e-05
2209,14,train/loss,1.5705056190490723
2209,14,train/lr,1.9709823947050752e-05
2210,14,train/loss,1.3070950508117676
2210,14,train/lr,1.9678130319213076e-05
2211,14,train/loss,1.4319491386413574
2211,14,train/lr,1.9646452226054446e-05
2212,14,train/loss,1.2399699687957764
2212,14,train/lr,1.961478969969293e-05
2213,14,train/loss,1.3346333503723145
2213,14,train/lr,1.958314277223083e-05
2214,14,train/loss,1.3787815570831299
2214,14,train/lr,1.9551511475754623e-05
2215,14,train/loss,1.3609962463378906
2215,14,train/lr,1.951989584233496e-05
2216,14,train/loss,1.5230998992919922
2216,14,train/lr,1.9488295904026556e-05
2217,14,train/loss,1.3763108253479004
2217,14,train/lr,1.9456711692868265e-05
2218,14,train/loss,1.5103096961975098
2218,14,train/lr,1.9425143240882986e-05
2219,14,train/loss,1.3639733791351318
2219,14,train/lr,1.9393590580077628e-05
2220,14,train/loss,1.3860628604888916
2220,14,train/lr,1.9362053742443095e-05
2221,14,train/loss,1.4227328300476074
2221,14,train/lr,1.9330532759954245e-05
2222,14,train/loss,1.585606336593628
2222,14,train/lr,1.929902766456987e-05
2223,14,train/loss,1.3138961791992188
2223,14,train/lr,1.9267538488232646e-05
2224,14,train/loss,1.4161322116851807
2224,14,train/lr,1.9236065262869107e-05
2225,14,train/loss,1.39467191696167
2225,14,train/lr,1.9204608020389632e-05
2226,14,train/loss,1.457867980003357
2226,14,train/lr,1.917316679268836e-05
2227,14,train/loss,1.4287117719650269
2227,14,train/lr,1.9141741611643215e-05
2228,14,train/loss,1.254462718963623
2228,14,train/lr,1.911033250911586e-05
2229,14,train/loss,1.239189624786377
2229,14,train/lr,1.907893951695165e-05
2230,14,train/loss,1.3579270839691162
2230,14,train/lr,1.9047562666979594e-05
2231,14,train/loss,1.2452504634857178
2231,14,train/lr,1.9016201991012352e-05
2232,14,train/loss,1.2677562236785889
2232,14,train/lr,1.8984857520846164e-05
2233,14,train/loss,1.4514106512069702
2233,14,train/lr,1.8953529288260864e-05
2234,14,train/loss,1.2603235244750977
2234,14,train/lr,1.89222173250198e-05
2235,14,train/loss,1.578589677810669
2235,14,train/lr,1.8890921662869854e-05
2236,14,train/loss,1.6456892490386963
2236,14,train/lr,1.8859642333541334e-05
2237,14,train/loss,1.688861608505249
2237,14,train/lr,1.882837936874803e-05
2238,14,train/loss,1.3830385208129883
2238,14,train/lr,1.8797132800187124e-05
2239,14,train/loss,1.4560680389404297
2239,14,train/lr,1.8765902659539184e-05
2240,14,train/loss,1.4629623889923096
2240,14,train/lr,1.87346889784681e-05
2241,14,train/loss,1.2093892097473145
2241,14,train/lr,1.8703491788621098e-05
2242,14,train/loss,1.4872688055038452
2242,14,train/lr,1.867231112162867e-05
2243,14,train/loss,1.3420130014419556
2243,14,train/lr,1.864114700910457e-05
2244,14,train/loss,1.3226536512374878
2244,14,train/lr,1.8609999482645737e-05
2245,14,train/loss,1.3169156312942505
2245,14,train/lr,1.8578868573832335e-05
2246,14,train/loss,1.3817956447601318
2246,14,train/lr,1.854775431422764e-05
2247,14,train/loss,1.4233982563018799
2247,14,train/lr,1.8516656735378072e-05
2248,14,train/loss,1.51620614528656
2248,14,train/lr,1.848557586881313e-05
2249,14,train/loss,1.3404083251953125
2249,14,train/lr,1.845451174604537e-05
2250,14,train/loss,1.2756098508834839
2250,14,train/lr,1.8423464398570373e-05
2251,14,train/loss,1.3597257137298584
2251,14,train/lr,1.8392433857866723e-05
2252,14,train/loss,1.3937897682189941
2252,14,train/lr,1.8361420155395934e-05
2253,14,train/loss,1.254991888999939
2253,14,train/lr,1.8330423322602475e-05
2254,14,train/loss,1.420452356338501
2254,14,train/lr,1.8299443390913702e-05
2255,14,train/loss,1.3609737157821655
2255,14,train/lr,1.826848039173983e-05
2256,14,train/loss,1.3712880611419678
2256,14,train/lr,1.823753435647393e-05
2257,14,train/loss,1.4458749294281006
2257,14,train/lr,1.8206605316491828e-05
2258,14,train/loss,1.3933007717132568
2258,14,train/lr,1.8175693303152154e-05
2259,14,train/loss,1.4636774063110352
2259,14,train/lr,1.814479834779627e-05
2260,14,train/loss,1.3226019144058228
2260,14,train/lr,1.8113920481748235e-05
2261,14,train/loss,1.4240868091583252
2261,14,train/lr,1.808305973631479e-05
2262,14,train/loss,1.2543973922729492
2262,14,train/lr,1.8052216142785313e-05
2263,14,train/loss,1.5501418113708496
2263,14,train/lr,1.8021389732431788e-05
2264,14,train/loss,1.6189396381378174
2264,14,train/lr,1.7990580536508787e-05
2265,14,train/loss,1.4080395698547363
2265,14,train/lr,1.7959788586253415e-05
2266,14,train/loss,1.3583307266235352
2266,14,train/lr,1.792901391288532e-05
2267,14,train/loss,1.2299842834472656
2267,14,train/lr,1.7898256547606588e-05
2268,14,train/loss,1.3343697786331177
2268,14,train/lr,1.7867516521601786e-05
2269,14,train/loss,1.4813411235809326
2269,14,train/lr,1.7836793866037896e-05
2270,14,train/loss,1.4544031620025635
2270,14,train/lr,1.78060886120643e-05
2271,14,train/loss,1.4035390615463257
2271,14,train/lr,1.777540079081271e-05
2272,14,train/loss,1.496680736541748
2272,14,train/lr,1.774473043339719e-05
2273,14,train/loss,1.4068562984466553
2273,14,train/lr,1.771407757091408e-05
2274,14,train/loss,1.4201316833496094
2274,14,train/lr,1.7683442234441995e-05
2275,14,train/loss,1.32179594039917
2275,14,train/lr,1.7652824455041756e-05
2276,14,train/loss,1.3477174043655396
2276,14,train/lr,1.7622224263756435e-05
2277,14,train/loss,1.3337798118591309
2277,14,train/lr,1.7591641691611202e-05
2278,14,train/loss,1.4680845737457275
2278,14,train/lr,1.7561076769613405e-05
2279,14,train/loss,1.3408865928649902
2279,14,train/lr,1.7530529528752505e-05
2280,14,train/loss,1.3719004392623901
2280,14,train/lr,1.7500000000000005e-05
2281,14,train/loss,1.2482905387878418
2281,14,train/lr,1.7469488214309476e-05
2282,14,train/loss,1.300487995147705
2282,14,train/lr,1.743899420261649e-05
2283,14,train/loss,1.4565366506576538
2283,14,train/lr,1.740851799583859e-05
2284,14,train/loss,1.3824145793914795
2284,14,train/lr,1.737805962487528e-05
2285,14,train/loss,1.4007694721221924
2285,14,train/lr,1.7347619120607976e-05
2286,14,train/loss,1.4588689804077148
2286,14,train/lr,1.731719651389999e-05
2287,14,train/loss,1.229736328125
2287,14,train/lr,1.728679183559645e-05
2288,14,train/loss,1.352759599685669
2288,14,train/lr,1.7256405116524344e-05
2289,14,train/loss,1.3657028675079346
2289,14,train/lr,1.7226036387492446e-05
2290,14,train/loss,1.4593627452850342
2290,14,train/lr,1.7195685679291273e-05
2291,14,train/loss,1.334383249282837
2291,14,train/lr,1.7165353022693095e-05
2292,14,train/loss,1.3833496570587158
2292,14,train/lr,1.7135038448451855e-05
2293,14,train/loss,1.3255071640014648
2293,14,train/lr,1.710474198730318e-05
2294,14,train/loss,1.5034801959991455
2294,14,train/lr,1.7074463669964328e-05
2295,14,train/loss,1.5112779140472412
2295,14,train/lr,1.7044203527134156e-05
2296,14,train/loss,1.4247140884399414
2296,14,train/lr,1.7013961589493098e-05
2297,14,train/loss,1.5793994665145874
2297,14,train/lr,1.6983737887703132e-05
2298,14,train/loss,1.5169563293457031
2298,14,train/lr,1.695353245240774e-05
2299,14,train/loss,1.4794371128082275
2299,14,train/lr,1.6923345314231894e-05
2300,14,train/loss,1.484950065612793
2300,14,train/lr,1.6893176503782007e-05
2301,14,train/loss,1.333475112915039
2301,14,train/lr,1.686302605164591e-05
2302,14,train/loss,1.3303203582763672
2302,14,train/lr,1.6832893988392826e-05
2303,14,train/loss,1.5281723737716675
2303,14,train/lr,1.6802780344573325e-05
2304,14,train/loss,1.3546077013015747
2304,14,train/lr,1.6772685150719313e-05
2305,14,train/loss,1.256759762763977
2305,14,train/lr,1.6742608437343988e-05
2306,14,train/loss,1.529258131980896
2306,14,train/lr,1.671255023494179e-05
2307,14,train/loss,1.3899050951004028
2307,14,train/lr,1.6682510573988413e-05
2308,14,train/loss,1.4884244203567505
2308,14,train/lr,1.6652489484940755e-05
2309,14,train/loss,1.227562665939331
2309,14,train/lr,1.662248699823687e-05
2310,14,train/loss,1.4982891082763672
2310,14,train/lr,1.6592503144295955e-05
2311,14,train/loss,1.3644498586654663
2311,14,train/lr,1.6562537953518318e-05
2312,14,train/loss,1.3604938983917236
2312,14,train/lr,1.653259145628535e-05
2313,14,train/loss,1.3569520711898804
2313,14,train/lr,1.6502663682959476e-05
2314,14,train/loss,1.3511569499969482
2314,14,train/lr,1.6472754663884146e-05
2315,14,train/loss,1.3424797058105469
2315,14,train/lr,1.6442864429383806e-05
2316,14,train/loss,1.2921411991119385
2316,14,train/lr,1.6412993009763818e-05
2317,14,train/loss,1.2793083190917969
2317,14,train/lr,1.6383140435310508e-05
2318,14,train/loss,1.4171020984649658
2318,14,train/lr,1.6353306736291078e-05
2319,14,train/loss,1.4600071907043457
2319,14,train/lr,1.6323491942953597e-05
2320,14,train/loss,1.3444912433624268
2320,14,train/lr,1.6293696085526958e-05
2321,14,train/loss,1.3377301692962646
2321,14,train/lr,1.626391919422087e-05
2322,14,train/loss,1.2109495401382446
2322,14,train/lr,1.6234161299225794e-05
2323,14,train/loss,1.284501552581787
2323,14,train/lr,1.6204422430712947e-05
2324,14,train/loss,1.4498822689056396
2324,14,train/lr,1.6174702618834246e-05
2324,14,train/batches,662.0
2324,14,train/compute_pct,99.86948549504442
2324,14,train/compute_sec,66.15803624366526
2324,14,train/data_wait_pct,0.1305145049555905
2324,14,train/data_wait_sec,0.08645867460290901
2324,14,train/examples,5296.0
2324,14,train/examples_per_sec,79.94626582230198
2324,14,train/input_tokens,625993.0
2324,14,train/peak_vram_gb,6.727003574371338
2324,14,train/target_tokens,424438.0
2324,14,train/tokens_per_sec,15856.879900677208
2324,14,train/total_sec,66.24449491826817
2324,14,train/epoch_loss,1.3946949164312772
2324,14,epoch14/batches,662.0
2324,14,epoch14/compute_pct,99.86948549504442
2324,14,epoch14/compute_sec,66.15803624366526
2324,14,epoch14/data_wait_pct,0.1305145049555905
2324,14,epoch14/data_wait_sec,0.08645867460290901
2324,14,epoch14/examples,5296.0
2324,14,epoch14/examples_per_sec,79.94626582230198
2324,14,epoch14/input_tokens,625993.0
2324,14,epoch14/peak_vram_gb,6.727003574371338
2324,14,epoch14/target_tokens,424438.0
2324,14,epoch14/tokens_per_sec,15856.879900677208
2324,14,epoch14/total_sec,66.24449491826817
2324,14,val/bleu,25.134408961928674
2324,14,val/chrf,45.82382433244345
2324,14,val/combined,33.93751229791618
2324,14,val/eval_peak_vram_gb,6.727003574371338
2324,14,val/eval_samples_per_sec,7.491325276939476
2324,14,val/eval_seconds,79.69217433899757
2324,14,val/eval_tokens_per_sec,1353.9221497586911
2325,15,train/loss,1.4817514419555664
2325,15,train/lr,1.6145001893722303e-05
2326,15,train/loss,1.5170128345489502
2326,15,train/lr,1.6115320285490333e-05
2327,15,train/loss,1.3010272979736328
2327,15,train/lr,1.6085657824232213e-05
2328,15,train/loss,1.4293268918991089
2328,15,train/lr,1.6056014540022405e-05
2329,15,train/loss,1.313707947731018
2329,15,train/lr,1.6026390462915902e-05
2330,15,train/loss,1.4033273458480835
2330,15,train/lr,1.5996785622948245e-05
2331,15,train/loss,1.227118730545044
2331,15,train/lr,1.5967200050135465e-05
2332,15,train/loss,1.4317855834960938
2332,15,train/lr,1.593763377447405e-05
2333,15,train/loss,1.4443387985229492
2333,15,train/lr,1.5908086825940932e-05
2334,15,train/loss,1.232447862625122
2334,15,train/lr,1.5878559234493443e-05
2335,15,train/loss,1.3824138641357422
2335,15,train/lr,1.5849051030069314e-05
2336,15,train/loss,1.4957127571105957
2336,15,train/lr,1.5819562242586556e-05
2337,15,train/loss,1.4202814102172852
2337,15,train/lr,1.5790092901943553e-05
2338,15,train/loss,1.2167723178863525
2338,15,train/lr,1.5760643038018952e-05
2339,15,train/loss,1.3195514678955078
2339,15,train/lr,1.573121268067166e-05
2340,15,train/loss,1.4284305572509766
2340,15,train/lr,1.570180185974079e-05
2341,15,train/loss,1.308854341506958
2341,15,train/lr,1.5672410605045663e-05
2342,15,train/loss,1.7765164375305176
2342,15,train/lr,1.5643038946385754e-05
2343,15,train/loss,1.444460153579712
2343,15,train/lr,1.5613686913540678e-05
2344,15,train/loss,1.2337958812713623
2344,15,train/lr,1.5584354536270135e-05
2345,15,train/loss,1.4042456150054932
2345,15,train/lr,1.555504184431393e-05
2346,15,train/loss,1.4098397493362427
2346,15,train/lr,1.5525748867391856e-05
2347,15,train/loss,1.3837382793426514
2347,15,train/lr,1.549647563520376e-05
2348,15,train/loss,1.3390190601348877
2348,15,train/lr,1.5467222177429462e-05
2349,15,train/loss,1.4395363330841064
2349,15,train/lr,1.543798852372872e-05
2350,15,train/loss,1.499040126800537
2350,15,train/lr,1.5408774703741227e-05
2351,15,train/loss,1.4255926609039307
2351,15,train/lr,1.5379580747086566e-05
2352,15,train/loss,1.2948213815689087
2352,15,train/lr,1.535040668336417e-05
2353,15,train/loss,1.6732172966003418
2353,15,train/lr,1.5321252542153305e-05
2354,15,train/loss,1.4383814334869385
2354,15,train/lr,1.529211835301305e-05
2355,15,train/loss,1.1996452808380127
2355,15,train/lr,1.526300414548224e-05
2356,15,train/loss,1.3424540758132935
2356,15,train/lr,1.5233909949079473e-05
2357,15,train/loss,1.2398921251296997
2357,15,train/lr,1.5204835793303014e-05
2358,15,train/loss,1.4635059833526611
2358,15,train/lr,1.5175781707630858e-05
2359,15,train/loss,1.4548125267028809
2359,15,train/lr,1.5146747721520619e-05
2360,15,train/loss,1.3163094520568848
2360,15,train/lr,1.511773386440955e-05
2361,15,train/loss,1.3647942543029785
2361,15,train/lr,1.508874016571449e-05
2362,15,train/loss,1.327226161956787
2362,15,train/lr,1.505976665483183e-05
2363,15,train/loss,1.5096101760864258
2363,15,train/lr,1.5030813361137516e-05
2364,15,train/loss,1.198748230934143
2364,15,train/lr,1.5001880313986965e-05
2365,15,train/loss,1.2315025329589844
2365,15,train/lr,1.4972967542715099e-05
2366,15,train/loss,1.6648764610290527
2366,15,train/lr,1.4944075076636264e-05
2367,15,train/loss,1.2321728467941284
2367,15,train/lr,1.4915202945044203e-05
2368,15,train/loss,1.274187684059143
2368,15,train/lr,1.4886351177212074e-05
2369,15,train/loss,1.2342416048049927
2369,15,train/lr,1.485751980239237e-05
2370,15,train/loss,1.3003277778625488
2370,15,train/lr,1.4828708849816917e-05
2371,15,train/loss,1.3249778747558594
2371,15,train/lr,1.4799918348696825e-05
2372,15,train/loss,1.4513952732086182
2372,15,train/lr,1.4771148328222476e-05
2373,15,train/loss,1.2758684158325195
2373,15,train/lr,1.4742398817563486e-05
2374,15,train/loss,1.5203075408935547
2374,15,train/lr,1.4713669845868676e-05
2375,15,train/loss,1.3300904035568237
2375,15,train/lr,1.4684961442266037e-05
2376,15,train/loss,1.3310664892196655
2376,15,train/lr,1.4656273635862728e-05
2377,15,train/loss,1.5358867645263672
2377,15,train/lr,1.4627606455744978e-05
2378,15,train/loss,1.3748838901519775
2378,15,train/lr,1.4598959930978149e-05
2379,15,train/loss,1.5222358703613281
2379,15,train/lr,1.4570334090606647e-05
2380,15,train/loss,1.2302049398422241
2380,15,train/lr,1.4541728963653897e-05
2381,15,train/loss,1.2902617454528809
2381,15,train/lr,1.4513144579122334e-05
2382,15,train/loss,1.3475908041000366
2382,15,train/lr,1.4484580965993358e-05
2383,15,train/loss,1.3912553787231445
2383,15,train/lr,1.445603815322731e-05
2384,15,train/loss,1.3111913204193115
2384,15,train/lr,1.4427516169763444e-05
2385,15,train/loss,1.4327160120010376
2385,15,train/lr,1.4399015044519884e-05
2386,15,train/loss,1.3714319467544556
2386,15,train/lr,1.4370534806393633e-05
2387,15,train/loss,1.4321801662445068
2387,15,train/lr,1.4342075484260477e-05
2388,15,train/loss,1.5864144563674927
2388,15,train/lr,1.431363710697502e-05
2389,15,train/loss,1.510875940322876
2389,15,train/lr,1.4285219703370634e-05
2390,15,train/loss,1.3721569776535034
2390,15,train/lr,1.4256823302259416e-05
2391,15,train/loss,1.3449604511260986
2391,15,train/lr,1.4228447932432179e-05
2392,15,train/loss,1.257218837738037
2392,15,train/lr,1.4200093622658394e-05
2393,15,train/loss,1.3128662109375
2393,15,train/lr,1.4171760401686198e-05
2394,15,train/loss,1.2142250537872314
2394,15,train/lr,1.414344829824234e-05
2395,15,train/loss,1.3772013187408447
2395,15,train/lr,1.4115157341032157e-05
2396,15,train/loss,1.3662903308868408
2396,15,train/lr,1.4086887558739544e-05
2397,15,train/loss,1.3005682229995728
2397,15,train/lr,1.4058638980026932e-05
2398,15,train/loss,1.3974933624267578
2398,15,train/lr,1.4030411633535253e-05
2399,15,train/loss,1.566440224647522
2399,15,train/lr,1.40022055478839e-05
2400,15,train/loss,1.5282140970230103
2400,15,train/lr,1.3974020751670732e-05
2401,15,train/loss,1.265596628189087
2401,15,train/lr,1.394585727347201e-05
2402,15,train/loss,1.4635663032531738
2402,15,train/lr,1.3917715141842377e-05
2403,15,train/loss,1.4951878786087036
2403,15,train/lr,1.3889594385314836e-05
2404,15,train/loss,1.39041268825531
2404,15,train/lr,1.3861495032400729e-05
2405,15,train/loss,1.2905256748199463
2405,15,train/lr,1.383341711158969e-05
2406,15,train/loss,1.1264607906341553
2406,15,train/lr,1.3805360651349604e-05
2407,15,train/loss,1.3741843700408936
2407,15,train/lr,1.3777325680126624e-05
2408,15,train/loss,1.3595293760299683
2408,15,train/lr,1.3749312226345108e-05
2409,15,train/loss,1.5136973857879639
2409,15,train/lr,1.3721320318407591e-05
2410,15,train/loss,1.4292967319488525
2410,15,train/lr,1.3693349984694775e-05
2411,15,train/loss,1.463787317276001
2411,15,train/lr,1.3665401253565476e-05
2412,15,train/loss,1.3804856538772583
2412,15,train/lr,1.3637474153356611e-05
2413,15,train/loss,1.5701433420181274
2413,15,train/lr,1.3609568712383169e-05
2414,15,train/loss,1.4100680351257324
2414,15,train/lr,1.3581684958938177e-05
2415,15,train/loss,1.6687695980072021
2415,15,train/lr,1.3553822921292686e-05
2416,15,train/loss,1.394113540649414
2416,15,train/lr,1.3525982627695691e-05
2417,15,train/loss,1.3497800827026367
2417,15,train/lr,1.3498164106374181e-05
2418,15,train/loss,1.2226992845535278
2418,15,train/lr,1.347036738553305e-05
2419,15,train/loss,1.4580029249191284
2419,15,train/lr,1.34425924933551e-05
2420,15,train/loss,1.353611707687378
2420,15,train/lr,1.3414839458000992e-05
2421,15,train/loss,1.3989074230194092
2421,15,train/lr,1.3387108307609233e-05
2422,15,train/loss,1.2536776065826416
2422,15,train/lr,1.335939907029614e-05
2423,15,train/loss,1.3739793300628662
2423,15,train/lr,1.3331711774155806e-05
2424,15,train/loss,1.4540181159973145
2424,15,train/lr,1.3304046447260085e-05
2425,15,train/loss,1.3604633808135986
2425,15,train/lr,1.3276403117658572e-05
2426,15,train/loss,1.1508288383483887
2426,15,train/lr,1.3248781813378511e-05
2427,15,train/loss,1.3909847736358643
2427,15,train/lr,1.322118256242486e-05
2428,15,train/loss,1.4068992137908936
2428,15,train/lr,1.3193605392780203e-05
2429,15,train/loss,1.4373856782913208
2429,15,train/lr,1.3166050332404733e-05
2430,15,train/loss,1.2517563104629517
2430,15,train/lr,1.313851740923624e-05
2431,15,train/loss,1.249884843826294
2431,15,train/lr,1.3111006651190046e-05
2432,15,train/loss,1.2416985034942627
2432,15,train/lr,1.308351808615902e-05
2433,15,train/loss,1.2512719631195068
2433,15,train/lr,1.305605174201352e-05
2434,15,train/loss,1.3495302200317383
2434,15,train/lr,1.302860764660138e-05
2435,15,train/loss,1.335808277130127
2435,15,train/lr,1.3001185827747881e-05
2436,15,train/loss,1.493363618850708
2436,15,train/lr,1.2973786313255694e-05
2437,15,train/loss,1.3744503259658813
2437,15,train/lr,1.29464091309049e-05
2438,15,train/loss,1.3439443111419678
2438,15,train/lr,1.2919054308452927e-05
2439,15,train/loss,1.6115484237670898
2439,15,train/lr,1.2891721873634538e-05
2440,15,train/loss,1.429053783416748
2440,15,train/lr,1.2864411854161799e-05
2441,15,train/loss,1.2059497833251953
2441,15,train/lr,1.2837124277724038e-05
2442,15,train/loss,1.3547852039337158
2442,15,train/lr,1.2809859171987841e-05
2443,15,train/loss,1.301233172416687
2443,15,train/lr,1.2782616564597003e-05
2444,15,train/loss,1.3757262229919434
2444,15,train/lr,1.2755396483172515e-05
2445,15,train/loss,1.3797897100448608
2445,15,train/lr,1.2728198955312517e-05
2446,15,train/loss,1.3499479293823242
2446,15,train/lr,1.2701024008592312e-05
2447,15,train/loss,1.3548141717910767
2447,15,train/lr,1.2673871670564258e-05
2448,15,train/loss,1.4850006103515625
2448,15,train/lr,1.2646741968757827e-05
2449,15,train/loss,1.4746510982513428
2449,15,train/lr,1.2619634930679534e-05
2450,15,train/loss,1.2762935161590576
2450,15,train/lr,1.259255058381292e-05
2451,15,train/loss,1.4051854610443115
2451,15,train/lr,1.2565488955618508e-05
2452,15,train/loss,1.4036955833435059
2452,15,train/lr,1.2538450073533793e-05
2453,15,train/loss,1.4976437091827393
2453,15,train/lr,1.2511433964973207e-05
2454,15,train/loss,1.3894367218017578
2454,15,train/lr,1.248444065732809e-05
2455,15,train/loss,1.391584873199463
2455,15,train/lr,1.2457470177966669e-05
2456,15,train/loss,1.3876698017120361
2456,15,train/lr,1.2430522554234036e-05
2457,15,train/loss,1.3032257556915283
2457,15,train/lr,1.240359781345207e-05
2458,15,train/loss,1.3207825422286987
2458,15,train/lr,1.2376695982919495e-05
2459,15,train/loss,1.3875313997268677
2459,15,train/lr,1.2349817089911778e-05
2460,15,train/loss,1.2294011116027832
2460,15,train/lr,1.2322961161681146e-05
2461,15,train/loss,1.4338622093200684
2461,15,train/lr,1.2296128225456537e-05
2462,15,train/loss,1.4555914402008057
2462,15,train/lr,1.2269318308443575e-05
2463,15,train/loss,1.7131037712097168
2463,15,train/lr,1.2242531437824542e-05
2464,15,train/loss,1.3143274784088135
2464,15,train/lr,1.2215767640758367e-05
2465,15,train/loss,1.4021878242492676
2465,15,train/lr,1.2189026944380571e-05
2466,15,train/loss,1.2663450241088867
2466,15,train/lr,1.2162309375803275e-05
2467,15,train/loss,1.2853353023529053
2467,15,train/lr,1.2135614962115103e-05
2468,15,train/loss,1.448887586593628
2468,15,train/lr,1.2108943730381253e-05
2469,15,train/loss,1.4396589994430542
2469,15,train/lr,1.20822957076434e-05
2470,15,train/loss,1.4346548318862915
2470,15,train/lr,1.2055670920919686e-05
2471,15,train/loss,1.364933967590332
2471,15,train/lr,1.2029069397204694e-05
2472,15,train/loss,1.445784568786621
2472,15,train/lr,1.2002491163469428e-05
2473,15,train/loss,1.2607659101486206
2473,15,train/lr,1.1975936246661266e-05
2474,15,train/loss,1.3134493827819824
2474,15,train/lr,1.1949404673703964e-05
2475,15,train/loss,1.4885215759277344
2475,15,train/lr,1.192289647149759e-05
2476,15,train/loss,1.5180929899215698
2476,15,train/lr,1.1896411666918537e-05
2477,15,train/loss,1.27074134349823
2477,15,train/lr,1.1869950286819447e-05
2478,15,train/loss,1.4205527305603027
2478,15,train/lr,1.1843512358029233e-05
2479,15,train/loss,1.352431297302246
2479,15,train/lr,1.1817097907353036e-05
2480,15,train/loss,1.2647209167480469
2480,15,train/lr,1.1790706961572175e-05
2481,15,train/loss,1.398144245147705
2481,15,train/lr,1.1764339547444148e-05
2482,15,train/loss,1.3977181911468506
2482,15,train/lr,1.1737995691702595e-05
2483,15,train/loss,1.132173776626587
2483,15,train/lr,1.1711675421057271e-05
2484,15,train/loss,1.4530001878738403
2484,15,train/lr,1.168537876219401e-05
2485,15,train/loss,1.6304938793182373
2485,15,train/lr,1.1659105741774718e-05
2486,15,train/loss,1.487043857574463
2486,15,train/lr,1.1632856386437332e-05
2487,15,train/loss,1.3564618825912476
2487,15,train/lr,1.1606630722795774e-05
2488,15,train/loss,1.3460601568222046
2488,15,train/lr,1.1580428777439972e-05
2489,15,train/loss,1.456144094467163
2489,15,train/lr,1.1554250576935796e-05
2490,15,train/loss,1.347798466682434
2490,15,train/lr,1.1528096147825047e-05
2490,15,train/batches,662.0
2490,15,train/compute_pct,99.82662423818489
2490,15,train/compute_sec,65.96852614090312
2490,15,train/data_wait_pct,0.17337576181510245
2490,15,train/data_wait_sec,0.11457207496277988
2490,15,train/examples,5296.0
2490,15,train/examples_per_sec,80.14152094836986
2490,15,train/input_tokens,625993.0
2490,15,train/peak_vram_gb,6.727003574371338
2490,15,train/target_tokens,424765.0
2490,15,train/tokens_per_sec,15900.555941968885
2490,15,train/total_sec,66.0830982158659
2490,15,train/epoch_loss,1.3849750931889628
2490,15,epoch15/batches,662.0
2490,15,epoch15/compute_pct,99.82662423818489
2490,15,epoch15/compute_sec,65.96852614090312
2490,15,epoch15/data_wait_pct,0.17337576181510245
2490,15,epoch15/data_wait_sec,0.11457207496277988
2490,15,epoch15/examples,5296.0
2490,15,epoch15/examples_per_sec,80.14152094836986
2490,15,epoch15/input_tokens,625993.0
2490,15,epoch15/peak_vram_gb,6.727003574371338
2490,15,epoch15/target_tokens,424765.0
2490,15,epoch15/tokens_per_sec,15900.555941968885
2490,15,epoch15/total_sec,66.0830982158659
2490,15,val/bleu,25.14956594554468
2490,15,val/chrf,45.87055226195243
2490,15,val/combined,33.96504790325676
2490,15,val/eval_peak_vram_gb,6.727003574371338
2490,15,val/eval_samples_per_sec,7.51405959173434
2490,15,val/eval_seconds,79.45106007100549
2490,15,val/eval_tokens_per_sec,1298.9254002120194
2491,16,train/loss,1.3422359228134155
2491,16,train/lr,1.1501965516625414e-05
2492,16,train/loss,1.4239040613174438
2492,16,train/lr,1.147585870983045e-05
2493,16,train/loss,1.3080236911773682
2493,16,train/lr,1.14497757539096e-05
2494,16,train/loss,1.5147908926010132
2494,16,train/lr,1.142371667530808e-05
2495,16,train/loss,1.2447538375854492
2495,16,train/lr,1.1397681500446895e-05
2496,16,train/loss,1.3583741188049316
2496,16,train/lr,1.1371670255722838e-05
2497,16,train/loss,1.3615336418151855
2497,16,train/lr,1.134568296750843e-05
2498,16,train/loss,1.1479012966156006
2498,16,train/lr,1.13197196621519e-05
2499,16,train/loss,1.3022452592849731
2499,16,train/lr,1.1293780365977174e-05
2500,16,train/loss,1.3940433263778687
2500,16,train/lr,1.1267865105283817e-05
2501,16,train/loss,1.482480525970459
2501,16,train/lr,1.1241973906347037e-05
2502,16,train/loss,1.4900176525115967
2502,16,train/lr,1.1216106795417637e-05
2503,16,train/loss,1.4292526245117188
2503,16,train/lr,1.119026379872201e-05
2504,16,train/loss,1.6559410095214844
2504,16,train/lr,1.1164444942462095e-05
2505,16,train/loss,1.3560601472854614
2505,16,train/lr,1.1138650252815352e-05
2506,16,train/loss,1.4715931415557861
2506,16,train/lr,1.1112879755934729e-05
2507,16,train/loss,1.4569692611694336
2507,16,train/lr,1.108713347794866e-05
2508,16,train/loss,1.481032133102417
2508,16,train/lr,1.1061411444961023e-05
2509,16,train/loss,1.2006356716156006
2509,16,train/lr,1.1035713683051111e-05
2510,16,train/loss,1.3100740909576416
2510,16,train/lr,1.1010040218273605e-05
2511,16,train/loss,1.4393749237060547
2511,16,train/lr,1.0984391076658558e-05
2512,16,train/loss,1.3888015747070312
2512,16,train/lr,1.0958766284211363e-05
2513,16,train/loss,1.3763056993484497
2513,16,train/lr,1.0933165866912714e-05
2514,16,train/loss,1.3699877262115479
2514,16,train/lr,1.0907589850718605e-05
2515,16,train/loss,1.407407522201538
2515,16,train/lr,1.088203826156029e-05
2516,16,train/loss,1.325655460357666
2516,16,train/lr,1.0856511125344232e-05
2517,16,train/loss,1.5374670028686523
2517,16,train/lr,1.0831008467952132e-05
2518,16,train/loss,1.363866925239563
2518,16,train/lr,1.0805530315240859e-05
2519,16,train/loss,1.2660855054855347
2519,16,train/lr,1.0780076693042435e-05
2520,16,train/loss,1.345051884651184
2520,16,train/lr,1.0754647627164022e-05
2521,16,train/loss,1.3504161834716797
2521,16,train/lr,1.0729243143387867e-05
2522,16,train/loss,1.3696653842926025
2522,16,train/lr,1.0703863267471309e-05
2523,16,train/loss,1.3270920515060425
2523,16,train/lr,1.0678508025146732e-05
2524,16,train/loss,1.478363275527954
2524,16,train/lr,1.0653177442121539e-05
2525,16,train/loss,1.3154048919677734
2525,16,train/lr,1.0627871544078154e-05
2526,16,train/loss,1.4429516792297363
2526,16,train/lr,1.060259035667393e-05
2527,16,train/loss,1.478065013885498
2527,16,train/lr,1.05773339055412e-05
2528,16,train/loss,1.418621301651001
2528,16,train/lr,1.0552102216287209e-05
2529,16,train/loss,1.4222404956817627
2529,16,train/lr,1.0526895314494094e-05
2530,16,train/loss,1.2158961296081543
2530,16,train/lr,1.0501713225718872e-05
2531,16,train/loss,1.4340083599090576
2531,16,train/lr,1.0476555975493375e-05
2532,16,train/loss,1.4581341743469238
2532,16,train/lr,1.0451423589324285e-05
2533,16,train/loss,1.2645223140716553
2533,16,train/lr,1.042631609269305e-05
2534,16,train/loss,1.1785722970962524
2534,16,train/lr,1.0401233511055895e-05
2535,16,train/loss,1.368668556213379
2535,16,train/lr,1.0376175869843786e-05
2536,16,train/loss,1.249311089515686
2536,16,train/lr,1.0351143194462377e-05
2537,16,train/loss,1.2326185703277588
2537,16,train/lr,1.0326135510292043e-05
2538,16,train/loss,1.6723679304122925
2538,16,train/lr,1.03011528426878e-05
2539,16,train/loss,1.3921482563018799
2539,16,train/lr,1.0276195216979307e-05
2540,16,train/loss,1.4687867164611816
2540,16,train/lr,1.0251262658470837e-05
2541,16,train/loss,1.5038902759552002
2541,16,train/lr,1.022635519244124e-05
2542,16,train/loss,1.4511113166809082
2542,16,train/lr,1.0201472844143932e-05
2543,16,train/loss,1.4688515663146973
2543,16,train/lr,1.0176615638806854e-05
2544,16,train/loss,1.2835605144500732
2544,16,train/lr,1.0151783601632461e-05
2545,16,train/loss,1.5277063846588135
2545,16,train/lr,1.0126976757797687e-05
2546,16,train/loss,1.4098188877105713
2546,16,train/lr,1.0102195132453941e-05
2547,16,train/loss,1.316530466079712
2547,16,train/lr,1.0077438750727016e-05
2548,16,train/loss,1.3060001134872437
2548,16,train/lr,1.0052707637717159e-05
2549,16,train/loss,1.2646074295043945
2549,16,train/lr,1.002800181849898e-05
2550,16,train/loss,1.4396519660949707
2550,16,train/lr,1.0003321318121438e-05
2551,16,train/loss,1.3613766431808472
2551,16,train/lr,9.978666161607834e-06
2552,16,train/loss,1.444040298461914
2552,16,train/lr,9.954036373955764e-06
2553,16,train/loss,1.443868637084961
2553,16,train/lr,9.9294319801371e-06
2554,16,train/loss,1.3847813606262207
2554,16,train/lr,9.90485300509798e-06
2555,16,train/loss,1.5113804340362549
2555,16,train/lr,9.880299473758756e-06
2556,16,train/loss,1.4021811485290527
2556,16,train/lr,9.85577141101401e-06
2557,16,train/loss,1.2823472023010254
2557,16,train/lr,9.831268841732446e-06
2558,16,train/loss,1.4095048904418945
2558,16,train/lr,9.806791790756979e-06
2559,16,train/loss,1.2821128368377686
2559,16,train/lr,9.78234028290462e-06
2560,16,train/loss,1.3417668342590332
2560,16,train/lr,9.757914342966493e-06
2561,16,train/loss,1.432692527770996
2561,16,train/lr,9.733513995707799e-06
2562,16,train/loss,1.2849555015563965
2562,16,train/lr,9.709139265867784e-06
2563,16,train/loss,1.320543646812439
2563,16,train/lr,9.684790178159725e-06
2564,16,train/loss,1.3971192836761475
2564,16,train/lr,9.660466757270903e-06
2565,16,train/loss,1.6050641536712646
2565,16,train/lr,9.636169027862566e-06
2566,16,train/loss,1.3333826065063477
2566,16,train/lr,9.61189701456994e-06
2567,16,train/loss,1.5297728776931763
2567,16,train/lr,9.587650742002134e-06
2568,16,train/loss,1.368561029434204
2568,16,train/lr,9.563430234742194e-06
2569,16,train/loss,1.3800663948059082
2569,16,train/lr,9.539235517347032e-06
2570,16,train/loss,1.3693456649780273
2570,16,train/lr,9.51506661434741e-06
2571,16,train/loss,1.457428216934204
2571,16,train/lr,9.49092355024792e-06
2572,16,train/loss,1.3748283386230469
2572,16,train/lr,9.46680634952696e-06
2573,16,train/loss,1.3212484121322632
2573,16,train/lr,9.442715036636692e-06
2574,16,train/loss,1.3730382919311523
2574,16,train/lr,9.41864963600305e-06
2575,16,train/loss,1.3563611507415771
2575,16,train/lr,9.394610172025675e-06
2576,16,train/loss,1.2419956922531128
2576,16,train/lr,9.370596669077936e-06
2577,16,train/loss,1.4617201089859009
2577,16,train/lr,9.346609151506844e-06
2578,16,train/loss,1.4057941436767578
2578,16,train/lr,9.322647643633099e-06
2579,16,train/loss,1.5708256959915161
2579,16,train/lr,9.298712169751012e-06
2580,16,train/loss,1.248992681503296
2580,16,train/lr,9.274802754128507e-06
2581,16,train/loss,1.5802440643310547
2581,16,train/lr,9.250919421007078e-06
2582,16,train/loss,1.392798900604248
2582,16,train/lr,9.227062194601786e-06
2583,16,train/loss,1.4528586864471436
2583,16,train/lr,9.20323109910121e-06
2584,16,train/loss,1.286211609840393
2584,16,train/lr,9.179426158667445e-06
2585,16,train/loss,1.2620028257369995
2585,16,train/lr,9.15564739743607e-06
2586,16,train/loss,1.3317852020263672
2586,16,train/lr,9.131894839516102e-06
2587,16,train/loss,1.3028020858764648
2587,16,train/lr,9.108168508990027e-06
2588,16,train/loss,1.3822818994522095
2588,16,train/lr,9.084468429913693e-06
2589,16,train/loss,1.4473214149475098
2589,16,train/lr,9.060794626316354e-06
2590,16,train/loss,1.5359230041503906
2590,16,train/lr,9.03714712220064e-06
2591,16,train/loss,1.5206339359283447
2591,16,train/lr,9.013525941542504e-06
2592,16,train/loss,1.5573824644088745
2592,16,train/lr,8.989931108291197e-06
2593,16,train/loss,1.3762117624282837
2593,16,train/lr,8.966362646369269e-06
2594,16,train/loss,1.3551881313323975
2594,16,train/lr,8.942820579672534e-06
2595,16,train/loss,1.3847126960754395
2595,16,train/lr,8.919304932070045e-06
2596,16,train/loss,1.3430192470550537
2596,16,train/lr,8.895815727404048e-06
2597,16,train/loss,1.260709285736084
2597,16,train/lr,8.872352989490006e-06
2598,16,train/loss,1.4934849739074707
2598,16,train/lr,8.848916742116534e-06
2599,16,train/loss,1.416009545326233
2599,16,train/lr,8.825507009045393e-06
2600,16,train/loss,1.376622200012207
2600,16,train/lr,8.802123814011457e-06
2601,16,train/loss,1.473578929901123
2601,16,train/lr,8.778767180722705e-06
2602,16,train/loss,1.432422399520874
2602,16,train/lr,8.755437132860162e-06
2603,16,train/loss,1.4517475366592407
2603,16,train/lr,8.732133694077926e-06
2604,16,train/loss,1.2198779582977295
2604,16,train/lr,8.7088568880031e-06
2605,16,train/loss,1.1551412343978882
2605,16,train/lr,8.685606738235795e-06
2606,16,train/loss,1.4284944534301758
2606,16,train/lr,8.662383268349066e-06
2607,16,train/loss,1.3541091680526733
2607,16,train/lr,8.639186501888956e-06
2608,16,train/loss,1.2975594997406006
2608,16,train/lr,8.616016462374414e-06
2609,16,train/loss,1.3201642036437988
2609,16,train/lr,8.592873173297288e-06
2610,16,train/loss,1.3881926536560059
2610,16,train/lr,8.569756658122322e-06
2611,16,train/loss,1.3929729461669922
2611,16,train/lr,8.546666940287097e-06
2612,16,train/loss,1.3525408506393433
2612,16,train/lr,8.523604043202021e-06
2613,16,train/loss,1.3280285596847534
2613,16,train/lr,8.500567990250336e-06
2614,16,train/loss,1.3670828342437744
2614,16,train/lr,8.477558804788031e-06
2615,16,train/loss,1.412545919418335
2615,16,train/lr,8.454576510143891e-06
2616,16,train/loss,1.5361053943634033
2616,16,train/lr,8.431621129619399e-06
2617,16,train/loss,1.3637611865997314
2617,16,train/lr,8.408692686488773e-06
2618,16,train/loss,1.5232305526733398
2618,16,train/lr,8.385791203998916e-06
2619,16,train/loss,1.4186731576919556
2619,16,train/lr,8.362916705369402e-06
2620,16,train/loss,1.3803315162658691
2620,16,train/lr,8.340069213792429e-06
2621,16,train/loss,1.3777413368225098
2621,16,train/lr,8.31724875243283e-06
2622,16,train/loss,1.2345623970031738
2622,16,train/lr,8.294455344428023e-06
2623,16,train/loss,1.251470923423767
2623,16,train/lr,8.271689012888005e-06
2624,16,train/loss,1.441497564315796
2624,16,train/lr,8.248949780895306e-06
2625,16,train/loss,1.430576205253601
2625,16,train/lr,8.226237671505004e-06
2626,16,train/loss,1.3353681564331055
2626,16,train/lr,8.20355270774464e-06
2627,16,train/loss,1.4116843938827515
2627,16,train/lr,8.18089491261427e-06
2628,16,train/loss,1.571584939956665
2628,16,train/lr,8.158264309086382e-06
2629,16,train/loss,1.5475363731384277
2629,16,train/lr,8.135660920105912e-06
2630,16,train/loss,1.5163731575012207
2630,16,train/lr,8.113084768590185e-06
2631,16,train/loss,1.310438632965088
2631,16,train/lr,8.090535877428918e-06
2632,16,train/loss,1.3469094038009644
2632,16,train/lr,8.068014269484189e-06
2633,16,train/loss,1.4873957633972168
2633,16,train/lr,8.045519967590423e-06
2634,16,train/loss,1.5567970275878906
2634,16,train/lr,8.023052994554341e-06
2635,16,train/loss,1.3157392740249634
2635,16,train/lr,8.000613373154986e-06
2636,16,train/loss,1.3483060598373413
2636,16,train/lr,7.978201126143618e-06
2637,16,train/loss,1.2456395626068115
2637,16,train/lr,7.955816276243788e-06
2638,16,train/loss,1.4377422332763672
2638,16,train/lr,7.933458846151257e-06
2639,16,train/loss,1.4767014980316162
2639,16,train/lr,7.911128858533979e-06
2640,16,train/loss,1.5421583652496338
2640,16,train/lr,7.888826336032093e-06
2641,16,train/loss,1.3145843744277954
2641,16,train/lr,7.866551301257882e-06
2642,16,train/loss,1.4355213642120361
2642,16,train/lr,7.844303776795768e-06
2643,16,train/loss,1.2991876602172852
2643,16,train/lr,7.822083785202277e-06
2644,16,train/loss,1.362657070159912
2644,16,train/lr,7.799891349006018e-06
2645,16,train/loss,1.328233242034912
2645,16,train/lr,7.777726490707665e-06
2646,16,train/loss,1.2032887935638428
2646,16,train/lr,7.755589232779938e-06
2647,16,train/loss,1.4008238315582275
2647,16,train/lr,7.733479597667546e-06
2648,16,train/loss,1.3140350580215454
2648,16,train/lr,7.71139760778722e-06
2649,16,train/loss,1.3252902030944824
2649,16,train/lr,7.689343285527656e-06
2650,16,train/loss,1.2480121850967407
2650,16,train/lr,7.667316653249489e-06
2651,16,train/loss,1.4314215183258057
2651,16,train/lr,7.645317733285285e-06
2652,16,train/loss,1.5070858001708984
2652,16,train/lr,7.623346547939515e-06
2653,16,train/loss,1.3878428936004639
2653,16,train/lr,7.601403119488531e-06
2654,16,train/loss,1.4173083305358887
2654,16,train/lr,7.579487470180531e-06
2655,16,train/loss,1.2285631895065308
2655,16,train/lr,7.557599622235566e-06
2656,16,train/loss,1.368311882019043
2656,16,train/lr,7.535739597845489e-06
2656,16,train/batches,662.0
2656,16,train/compute_pct,99.84817363838694
2656,16,train/compute_sec,67.29133350212942
2656,16,train/data_wait_pct,0.15182636161305949
2656,16,train/data_wait_sec,0.1023213340959046
2656,16,train/examples,5296.0
2656,16,train/examples_per_sec,78.58306561455846
2656,16,train/input_tokens,625993.0
2656,16,train/peak_vram_gb,6.727003574371338
2656,16,train/target_tokens,424724.0
2656,16,train/tokens_per_sec,15590.74073892221
2656,16,train/total_sec,67.39365483622532
2656,16,train/epoch_loss,1.381490978589591
2656,16,epoch16/batches,662.0
2656,16,epoch16/compute_pct,99.84817363838694
2656,16,epoch16/compute_sec,67.29133350212942
2656,16,epoch16/data_wait_pct,0.15182636161305949
2656,16,epoch16/data_wait_sec,0.1023213340959046
2656,16,epoch16/examples,5296.0
2656,16,epoch16/examples_per_sec,78.58306561455846
2656,16,epoch16/input_tokens,625993.0
2656,16,epoch16/peak_vram_gb,6.727003574371338
2656,16,epoch16/target_tokens,424724.0
2656,16,epoch16/tokens_per_sec,15590.74073892221
2656,16,epoch16/total_sec,67.39365483622532
2656,16,val/bleu,25.579060531388137
2656,16,val/chrf,46.278230415060975
2656,16,val/combined,34.40572128400119
2656,16,val/eval_peak_vram_gb,6.727003574371338
2656,16,val/eval_samples_per_sec,7.507729239698615
2656,16,val/eval_seconds,79.51805145599064
2656,16,val/eval_tokens_per_sec,1327.8871660787545
2657,17,train/loss,1.5414190292358398
2657,17,train/lr,7.513907419173934e-06
2658,17,train/loss,1.2074493169784546
2658,17,train/lr,7.492103108356315e-06
2659,17,train/loss,1.363547921180725
2659,17,train/lr,7.470326687499795e-06
2660,17,train/loss,1.2540481090545654
2660,17,train/lr,7.448578178683247e-06
2661,17,train/loss,1.347747564315796
2661,17,train/lr,7.426857603957254e-06
2662,17,train/loss,1.344055414199829
2662,17,train/lr,7.405164985344072e-06
2663,17,train/loss,1.2384427785873413
2663,17,train/lr,7.383500344837613e-06
2664,17,train/loss,1.282021164894104
2664,17,train/lr,7.361863704403427e-06
2665,17,train/loss,1.2781519889831543
2665,17,train/lr,7.340255085978668e-06
2666,17,train/loss,1.403642177581787
2666,17,train/lr,7.318674511472094e-06
2667,17,train/loss,1.2511316537857056
2667,17,train/lr,7.2971220027639915e-06
2668,17,train/loss,1.4755222797393799
2668,17,train/lr,7.275597581706238e-06
2669,17,train/loss,1.3942902088165283
2669,17,train/lr,7.254101270122204e-06
2670,17,train/loss,1.517629623413086
2670,17,train/lr,7.232633089806773e-06
2671,17,train/loss,1.5496618747711182
2671,17,train/lr,7.211193062526301e-06
2672,17,train/loss,1.319264531135559
2672,17,train/lr,7.189781210018604e-06
2673,17,train/loss,1.3135781288146973
2673,17,train/lr,7.168397553992925e-06
2674,17,train/loss,1.3670704364776611
2674,17,train/lr,7.147042116129924e-06
2675,17,train/loss,1.4237719774246216
2675,17,train/lr,7.125714918081654e-06
2676,17,train/loss,1.275189757347107
2676,17,train/lr,7.104415981471536e-06
2677,17,train/loss,1.4154666662216187
2677,17,train/lr,7.083145327894316e-06
2678,17,train/loss,1.2476632595062256
2678,17,train/lr,7.0619029789160895e-06
2679,17,train/loss,1.3433635234832764
2679,17,train/lr,7.04068895607425e-06
2680,17,train/loss,1.3421052694320679
2680,17,train/lr,7.019503280877466e-06
2681,17,train/loss,1.577718734741211
2681,17,train/lr,6.998345974805661e-06
2682,17,train/loss,1.3757545948028564
2682,17,train/lr,6.977217059310008e-06
2683,17,train/loss,1.383376121520996
2683,17,train/lr,6.95611655581288e-06
2684,17,train/loss,1.5264017581939697
2684,17,train/lr,6.935044485707854e-06
2685,17,train/loss,1.4093358516693115
2685,17,train/lr,6.91400087035968e-06
2686,17,train/loss,1.2988710403442383
2686,17,train/lr,6.892985731104244e-06
2687,17,train/loss,1.2607499361038208
2687,17,train/lr,6.871999089248578e-06
2688,17,train/loss,1.3087786436080933
2688,17,train/lr,6.851040966070809e-06
2689,17,train/loss,1.3029944896697998
2689,17,train/lr,6.830111382820152e-06
2690,17,train/loss,1.312403917312622
2690,17,train/lr,6.809210360716888e-06
2691,17,train/loss,1.3181345462799072
2691,17,train/lr,6.7883379209523405e-06
2692,17,train/loss,1.3074183464050293
2692,17,train/lr,6.7674940846888505e-06
2693,17,train/loss,1.4501646757125854
2693,17,train/lr,6.746678873059761e-06
2694,17,train/loss,1.3493430614471436
2694,17,train/lr,6.725892307169387e-06
2695,17,train/loss,1.3427672386169434
2695,17,train/lr,6.705134408093017e-06
2696,17,train/loss,1.5111539363861084
2696,17,train/lr,6.684405196876842e-06
2697,17,train/loss,1.4298686981201172
2697,17,train/lr,6.663704694537995e-06
2698,17,train/loss,1.367197036743164
2698,17,train/lr,6.6430329220645e-06
2699,17,train/loss,1.320859432220459
2699,17,train/lr,6.6223899004152356e-06
2700,17,train/loss,1.3649723529815674
2700,17,train/lr,6.6017756505199415e-06
2701,17,train/loss,1.3613260984420776
2701,17,train/lr,6.58119019327919e-06
2702,17,train/loss,1.4168425798416138
2702,17,train/lr,6.56063354956435e-06
2703,17,train/loss,1.3667393922805786
2703,17,train/lr,6.540105740217582e-06
2704,17,train/loss,1.4098796844482422
2704,17,train/lr,6.519606786051812e-06
2705,17,train/loss,1.382899284362793
2705,17,train/lr,6.499136707850721e-06
2706,17,train/loss,1.4818217754364014
2706,17,train/lr,6.478695526368677e-06
2707,17,train/loss,1.2393907308578491
2707,17,train/lr,6.458283262330791e-06
2708,17,train/loss,1.423384666442871
2708,17,train/lr,6.437899936432833e-06
2709,17,train/loss,1.4675536155700684
2709,17,train/lr,6.417545569341238e-06
2710,17,train/loss,1.3328003883361816
2710,17,train/lr,6.397220181693082e-06
2711,17,train/loss,1.5098471641540527
2711,17,train/lr,6.376923794096059e-06
2712,17,train/loss,1.1771918535232544
2712,17,train/lr,6.356656427128452e-06
2713,17,train/loss,1.269968032836914
2713,17,train/lr,6.336418101339134e-06
2714,17,train/loss,1.3799951076507568
2714,17,train/lr,6.316208837247522e-06
2715,17,train/loss,1.4388833045959473
2715,17,train/lr,6.296028655343581e-06
2716,17,train/loss,1.2813608646392822
2716,17,train/lr,6.2758775760877605e-06
2717,17,train/loss,1.4528040885925293
2717,17,train/lr,6.255755619911037e-06
2718,17,train/loss,1.4955754280090332
2718,17,train/lr,6.235662807214846e-06
2719,17,train/loss,1.3223438262939453
2719,17,train/lr,6.215599158371069e-06
2720,17,train/loss,1.521384596824646
2720,17,train/lr,6.195564693722027e-06
2721,17,train/loss,1.3426629304885864
2721,17,train/lr,6.175559433580448e-06
2722,17,train/loss,1.2830730676651
2722,17,train/lr,6.15558339822945e-06
2723,17,train/loss,1.3976538181304932
2723,17,train/lr,6.135636607922522e-06
2724,17,train/loss,1.4382574558258057
2724,17,train/lr,6.1157190828834995e-06
2725,17,train/loss,1.4472343921661377
2725,17,train/lr,6.095830843306556e-06
2726,17,train/loss,1.297227144241333
2726,17,train/lr,6.075971909356146e-06
2727,17,train/loss,1.309587001800537
2727,17,train/lr,6.056142301167038e-06
2728,17,train/loss,1.2455689907073975
2728,17,train/lr,6.0363420388442584e-06
2729,17,train/loss,1.4113688468933105
2729,17,train/lr,6.016571142463082e-06
2730,17,train/loss,1.3205111026763916
2730,17,train/lr,5.9968296320690084e-06
2731,17,train/loss,1.3921228647232056
2731,17,train/lr,5.977117527677743e-06
2732,17,train/loss,1.4080519676208496
2732,17,train/lr,5.957434849275173e-06
2733,17,train/loss,1.476499080657959
2733,17,train/lr,5.937781616817357e-06
2734,17,train/loss,1.3042349815368652
2734,17,train/lr,5.918157850230493e-06
2735,17,train/loss,1.3783516883850098
2735,17,train/lr,5.898563569410913e-06
2736,17,train/loss,1.3378018140792847
2736,17,train/lr,5.878998794225053e-06
2737,17,train/loss,1.6057125329971313
2737,17,train/lr,5.8594635445094135e-06
2738,17,train/loss,1.4714534282684326
2738,17,train/lr,5.839957840070582e-06
2739,17,train/loss,1.302459716796875
2739,17,train/lr,5.820481700685177e-06
2740,17,train/loss,1.3914072513580322
2740,17,train/lr,5.8010351460998536e-06
2741,17,train/loss,1.251142978668213
2741,17,train/lr,5.781618196031265e-06
2742,17,train/loss,1.4362396001815796
2742,17,train/lr,5.762230870166045e-06
2743,17,train/loss,1.372955322265625
2743,17,train/lr,5.742873188160796e-06
2744,17,train/loss,1.54401433467865
2744,17,train/lr,5.723545169642064e-06
2745,17,train/loss,1.4634119272232056
2745,17,train/lr,5.7042468342063175e-06
2746,17,train/loss,1.4403650760650635
2746,17,train/lr,5.684978201419943e-06
2747,17,train/loss,1.4930639266967773
2747,17,train/lr,5.66573929081918e-06
2748,17,train/loss,1.6126811504364014
2748,17,train/lr,5.646530121910162e-06
2749,17,train/loss,1.283495545387268
2749,17,train/lr,5.627350714168863e-06
2750,17,train/loss,1.4725236892700195
2750,17,train/lr,5.6082010870410745e-06
2751,17,train/loss,1.3902182579040527
2751,17,train/lr,5.5890812599424015e-06
2752,17,train/loss,1.3609471321105957
2752,17,train/lr,5.569991252258227e-06
2753,17,train/loss,1.340947151184082
2753,17,train/lr,5.550931083343706e-06
2754,17,train/loss,1.3353747129440308
2754,17,train/lr,5.531900772523741e-06
2755,17,train/loss,1.4388431310653687
2755,17,train/lr,5.512900339092956e-06
2756,17,train/loss,1.5864763259887695
2756,17,train/lr,5.4939298023157005e-06
2757,17,train/loss,1.5546162128448486
2757,17,train/lr,5.474989181425972e-06
2758,17,train/loss,1.393035650253296
2758,17,train/lr,5.45607849562748e-06
2759,17,train/loss,1.2442281246185303
2759,17,train/lr,5.43719776409356e-06
2760,17,train/loss,1.2982919216156006
2760,17,train/lr,5.418347005967188e-06
2761,17,train/loss,1.3176071643829346
2761,17,train/lr,5.399526240360938e-06
2762,17,train/loss,1.3521329164505005
2762,17,train/lr,5.38073548635699e-06
2763,17,train/loss,1.313991665840149
2763,17,train/lr,5.361974763007078e-06
2764,17,train/loss,1.3262892961502075
2764,17,train/lr,5.343244089332509e-06
2765,17,train/loss,1.2334630489349365
2765,17,train/lr,5.324543484324103e-06
2766,17,train/loss,1.3596643209457397
2766,17,train/lr,5.305872966942214e-06
2767,17,train/loss,1.2714526653289795
2767,17,train/lr,5.287232556116663e-06
2768,17,train/loss,1.405024528503418
2768,17,train/lr,5.268622270746769e-06
2769,17,train/loss,1.3610453605651855
2769,17,train/lr,5.250042129701304e-06
2770,17,train/loss,1.3929916620254517
2770,17,train/lr,5.231492151818466e-06
2771,17,train/loss,1.3860478401184082
2771,17,train/lr,5.212972355905886e-06
2772,17,train/loss,1.3749914169311523
2772,17,train/lr,5.194482760740584e-06
2773,17,train/loss,1.4002950191497803
2773,17,train/lr,5.176023385068957e-06
2774,17,train/loss,1.3375492095947266
2774,17,train/lr,5.157594247606773e-06
2775,17,train/loss,1.1580730676651
2775,17,train/lr,5.139195367039136e-06
2776,17,train/loss,1.2598153352737427
2776,17,train/lr,5.120826762020479e-06
2777,17,train/loss,1.372545838356018
2777,17,train/lr,5.10248845117452e-06
2778,17,train/loss,1.3197081089019775
2778,17,train/lr,5.084180453094282e-06
2779,17,train/loss,1.3360034227371216
2779,17,train/lr,5.065902786342046e-06
2780,17,train/loss,1.3744404315948486
2780,17,train/lr,5.04765546944934e-06
2781,17,train/loss,1.5479087829589844
2781,17,train/lr,5.029438520916931e-06
2782,17,train/loss,1.366288661956787
2782,17,train/lr,5.011251959214782e-06
2783,17,train/loss,1.4025580883026123
2783,17,train/lr,4.99309580278205e-06
2784,17,train/loss,1.2437303066253662
2784,17,train/lr,4.974970070027069e-06
2785,17,train/loss,1.4266283512115479
2785,17,train/lr,4.956874779327328e-06
2786,17,train/loss,1.4865756034851074
2786,17,train/lr,4.938809949029447e-06
2787,17,train/loss,1.3746460676193237
2787,17,train/lr,4.920775597449155e-06
2788,17,train/loss,1.4141496419906616
2788,17,train/lr,4.902771742871299e-06
2789,17,train/loss,1.33444344997406
2789,17,train/lr,4.884798403549786e-06
2790,17,train/loss,1.387304663658142
2790,17,train/lr,4.866855597707594e-06
2791,17,train/loss,1.2894763946533203
2791,17,train/lr,4.848943343536744e-06
2792,17,train/loss,1.333125352859497
2792,17,train/lr,4.8310616591982745e-06
2793,17,train/loss,1.438456416130066
2793,17,train/lr,4.813210562822232e-06
2794,17,train/loss,1.4792741537094116
2794,17,train/lr,4.7953900725076525e-06
2795,17,train/loss,1.4720509052276611
2795,17,train/lr,4.777600206322549e-06
2796,17,train/loss,1.4704164266586304
2796,17,train/lr,4.759840982303862e-06
2797,17,train/loss,1.4766144752502441
2797,17,train/lr,4.742112418457481e-06
2798,17,train/loss,1.3624041080474854
2798,17,train/lr,4.7244145327582036e-06
2799,17,train/loss,1.4081289768218994
2799,17,train/lr,4.706747343149737e-06
2800,17,train/loss,1.34853196144104
2800,17,train/lr,4.689110867544645e-06
2801,17,train/loss,1.4220341444015503
2801,17,train/lr,4.6715051238243665e-06
2802,17,train/loss,1.4005630016326904
2802,17,train/lr,4.653930129839173e-06
2803,17,train/loss,1.2285687923431396
2803,17,train/lr,4.636385903408161e-06
2804,17,train/loss,1.440187692642212
2804,17,train/lr,4.6188724623192385e-06
2805,17,train/loss,1.4204670190811157
2805,17,train/lr,4.601389824329097e-06
2806,17,train/loss,1.5692238807678223
2806,17,train/lr,4.583938007163179e-06
2807,17,train/loss,1.3936939239501953
2807,17,train/lr,4.56651702851571e-06
2808,17,train/loss,1.2843406200408936
2808,17,train/lr,4.549126906049629e-06
2809,17,train/loss,1.348755121231079
2809,17,train/lr,4.531767657396591e-06
2810,17,train/loss,1.4312477111816406
2810,17,train/lr,4.514439300156954e-06
2811,17,train/loss,1.406553030014038
2811,17,train/lr,4.497141851899756e-06
2812,17,train/loss,1.2546406984329224
2812,17,train/lr,4.4798753301626915e-06
2813,17,train/loss,1.2830170392990112
2813,17,train/lr,4.462639752452098e-06
2814,17,train/loss,1.2265496253967285
2814,17,train/lr,4.445435136242947e-06
2815,17,train/loss,1.3544341325759888
2815,17,train/lr,4.428261498978826e-06
2816,17,train/loss,1.3239095211029053
2816,17,train/lr,4.411118858071873e-06
2817,17,train/loss,1.4000438451766968
2817,17,train/lr,4.394007230902848e-06
2818,17,train/loss,1.4505982398986816
2818,17,train/lr,4.3769266348210394e-06
2819,17,train/loss,1.4158477783203125
2819,17,train/lr,4.359877087144281e-06
2820,17,train/loss,1.2476716041564941
2820,17,train/lr,4.342858605158925e-06
2821,17,train/loss,1.5943865776062012
2821,17,train/lr,4.325871206119832e-06
2822,17,train/loss,1.4157052040100098
2822,17,train/lr,4.308914907250337e-06
2822,17,train/batches,662.0
2822,17,train/compute_pct,99.84961013866317
2822,17,train/compute_sec,66.95398011393263
2822,17,train/data_wait_pct,0.15038986133683666
2822,17,train/data_wait_sec,0.10084365648799576
2822,17,train/examples,5296.0
2822,17,train/examples_per_sec,78.98014940926865
2822,17,train/input_tokens,626045.0
2822,17,train/peak_vram_gb,6.727003574371338
2822,17,train/target_tokens,424438.0
2822,17,train/tokens_per_sec,15666.031777170838
2822,17,train/total_sec,67.05482377042063
2822,17,train/epoch_loss,1.376648173771596
2822,17,epoch17/batches,662.0
2822,17,epoch17/compute_pct,99.84961013866317
2822,17,epoch17/compute_sec,66.95398011393263
2822,17,epoch17/data_wait_pct,0.15038986133683666
2822,17,epoch17/data_wait_sec,0.10084365648799576
2822,17,epoch17/examples,5296.0
2822,17,epoch17/examples_per_sec,78.98014940926865
2822,17,epoch17/input_tokens,626045.0
2822,17,epoch17/peak_vram_gb,6.727003574371338
2822,17,epoch17/target_tokens,424438.0
2822,17,epoch17/tokens_per_sec,15666.031777170838
2822,17,epoch17/total_sec,67.05482377042063
2822,17,val/bleu,25.483542795072
2822,17,val/chrf,45.96715812441513
2822,17,val/combined,34.22580957744279
2822,17,val/eval_peak_vram_gb,6.727003574371338
2822,17,val/eval_samples_per_sec,7.498382855705895
2822,17,val/eval_seconds,79.6171669929754
2822,17,val/eval_tokens_per_sec,1327.515207986806
2823,18,train/loss,1.542392373085022
2823,18,train/lr,4.291989725742252e-06
2824,18,train/loss,1.2653324604034424
2824,18,train/lr,4.275095678755838e-06
2825,18,train/loss,1.147881031036377
2825,18,train/lr,4.258232783419797e-06
2826,18,train/loss,1.2806780338287354
2826,18,train/lr,4.241401056831215e-06
2827,18,train/loss,1.5171055793762207
2827,18,train/lr,4.224600516055613e-06
2828,18,train/loss,1.3249993324279785
2828,18,train/lr,4.20783117812688e-06
2829,18,train/loss,1.3791680335998535
2829,18,train/lr,4.191093060047256e-06
2830,18,train/loss,1.308504581451416
2830,18,train/lr,4.174386178787354e-06
2831,18,train/loss,1.366912841796875
2831,18,train/lr,4.157710551286091e-06
2832,18,train/loss,1.2470591068267822
2832,18,train/lr,4.141066194450712e-06
2833,18,train/loss,1.3504457473754883
2833,18,train/lr,4.12445312515675e-06
2834,18,train/loss,1.4199984073638916
2834,18,train/lr,4.107871360248019e-06
2835,18,train/loss,1.5109307765960693
2835,18,train/lr,4.091320916536589e-06
2836,18,train/loss,1.522230625152588
2836,18,train/lr,4.074801810802784e-06
2837,18,train/loss,1.2882249355316162
2837,18,train/lr,4.0583140597951344e-06
2838,18,train/loss,1.3646574020385742
2838,18,train/lr,4.041857680230405e-06
2839,18,train/loss,1.4742867946624756
2839,18,train/lr,4.025432688793538e-06
2840,18,train/loss,1.3848421573638916
2840,18,train/lr,4.009039102137657e-06
2841,18,train/loss,1.3544490337371826
2841,18,train/lr,3.99267693688404e-06
2842,18,train/loss,1.3265291452407837
2842,18,train/lr,3.976346209622115e-06
2843,18,train/loss,1.4686079025268555
2843,18,train/lr,3.960046936909433e-06
2844,18,train/loss,1.2180302143096924
2844,18,train/lr,3.943779135271646e-06
2845,18,train/loss,1.305294156074524
2845,18,train/lr,3.927542821202501e-06
2846,18,train/loss,1.3535977602005005
2846,18,train/lr,3.91133801116384e-06
2847,18,train/loss,1.3364475965499878
2847,18,train/lr,3.895164721585522e-06
2848,18,train/loss,1.3097259998321533
2848,18,train/lr,3.879022968865484e-06
2849,18,train/loss,1.4432913064956665
2849,18,train/lr,3.862912769369672e-06
2850,18,train/loss,1.3943939208984375
2850,18,train/lr,3.846834139432045e-06
2851,18,train/loss,1.435046911239624
2851,18,train/lr,3.8307870953545546e-06
2852,18,train/loss,1.4027100801467896
2852,18,train/lr,3.814771653407127e-06
2853,18,train/loss,1.4204437732696533
2853,18,train/lr,3.7987878298276437e-06
2854,18,train/loss,1.2070856094360352
2854,18,train/lr,3.7828356408219346e-06
2855,18,train/loss,1.23212468624115
2855,18,train/lr,3.7669151025637494e-06
2856,18,train/loss,1.4274208545684814
2856,18,train/lr,3.751026231194761e-06
2857,18,train/loss,1.3690850734710693
2857,18,train/lr,3.7351690428245133e-06
2858,18,train/loss,1.3769810199737549
2858,18,train/lr,3.71934355353044e-06
2859,18,train/loss,1.4096031188964844
2859,18,train/lr,3.703549779357838e-06
2860,18,train/loss,1.2798235416412354
2860,18,train/lr,3.6877877363198456e-06
2861,18,train/loss,1.4507884979248047
2861,18,train/lr,3.672057440397427e-06
2862,18,train/loss,1.5166385173797607
2862,18,train/lr,3.6563589075393617e-06
2863,18,train/loss,1.4712796211242676
2863,18,train/lr,3.640692153662226e-06
2864,18,train/loss,1.3713927268981934
2864,18,train/lr,3.6250571946503677e-06
2865,18,train/loss,1.442795753479004
2865,18,train/lr,3.609454046355911e-06
2866,18,train/loss,1.284501075744629
2866,18,train/lr,3.593882724598719e-06
2867,18,train/loss,1.3483891487121582
2867,18,train/lr,3.578343245166377e-06
2868,18,train/loss,1.4220328330993652
2868,18,train/lr,3.562835623814205e-06
2869,18,train/loss,1.2893654108047485
2869,18,train/lr,3.547359876265215e-06
2870,18,train/loss,1.5085389614105225
2870,18,train/lr,3.5319160182100946e-06
2871,18,train/loss,1.3588793277740479
2871,18,train/lr,3.516504065307211e-06
2872,18,train/loss,1.4078842401504517
2872,18,train/lr,3.5011240331825784e-06
2873,18,train/loss,1.4265499114990234
2873,18,train/lr,3.4857759374298417e-06
2874,18,train/loss,1.4645562171936035
2874,18,train/lr,3.4704597936102735e-06
2875,18,train/loss,1.231953740119934
2875,18,train/lr,3.4551756172527435e-06
2876,18,train/loss,1.3534915447235107
2876,18,train/lr,3.4399234238537248e-06
2877,18,train/loss,1.3861205577850342
2877,18,train/lr,3.4247032288772414e-06
2878,18,train/loss,1.3570401668548584
2878,18,train/lr,3.4095150477548857e-06
2879,18,train/loss,1.2909512519836426
2879,18,train/lr,3.394358895885792e-06
2880,18,train/loss,1.3524107933044434
2880,18,train/lr,3.379234788636626e-06
2881,18,train/loss,1.279900074005127
2881,18,train/lr,3.364142741341552e-06
2882,18,train/loss,1.1871689558029175
2882,18,train/lr,3.3490827693022263e-06
2883,18,train/loss,1.338118076324463
2883,18,train/lr,3.334054887787812e-06
2884,18,train/loss,1.4095137119293213
2884,18,train/lr,3.319059112034913e-06
2885,18,train/loss,1.3656353950500488
2885,18,train/lr,3.304095457247575e-06
2886,18,train/loss,1.4842486381530762
2886,18,train/lr,3.2891639385972913e-06
2887,18,train/loss,1.4441113471984863
2887,18,train/lr,3.2742645712229667e-06
2888,18,train/loss,1.3805351257324219
2888,18,train/lr,3.2593973702309106e-06
2889,18,train/loss,1.3565272092819214
2889,18,train/lr,3.2445623506948167e-06
2890,18,train/loss,1.3882108926773071
2890,18,train/lr,3.2297595276557596e-06
2891,18,train/loss,1.2183191776275635
2891,18,train/lr,3.214988916122152e-06
2892,18,train/loss,1.4477853775024414
2892,18,train/lr,3.2002505310697645e-06
2893,18,train/loss,1.3132339715957642
2893,18,train/lr,3.185544387441689e-06
2894,18,train/loss,1.4628549814224243
2894,18,train/lr,3.1708705001483224e-06
2895,18,train/loss,1.3118138313293457
2895,18,train/lr,3.1562288840673668e-06
2896,18,train/loss,1.5081677436828613
2896,18,train/lr,3.1416195540437896e-06
2897,18,train/loss,1.620624303817749
2897,18,train/lr,3.1270425248898407e-06
2898,18,train/loss,1.4197286367416382
2898,18,train/lr,3.112497811385009e-06
2899,18,train/loss,1.439137578010559
2899,18,train/lr,3.09798542827603e-06
2900,18,train/loss,1.4512383937835693
2900,18,train/lr,3.0835053902768477e-06
2901,18,train/loss,1.4158813953399658
2901,18,train/lr,3.069057712068616e-06
2902,18,train/loss,1.3187378644943237
2902,18,train/lr,3.0546424082996833e-06
2903,18,train/loss,1.4922411441802979
2903,18,train/lr,3.040259493585574e-06
2904,18,train/loss,1.2802889347076416
2904,18,train/lr,3.0259089825089655e-06
2905,18,train/loss,1.241431474685669
2905,18,train/lr,3.0115908896196973e-06
2906,18,train/loss,1.4079822301864624
2906,18,train/lr,2.997305229434711e-06
2907,18,train/loss,1.2311525344848633
2907,18,train/lr,2.983052016438099e-06
2908,18,train/loss,1.3263241052627563
2908,18,train/lr,2.968831265081032e-06
2909,18,train/loss,1.465541124343872
2909,18,train/lr,2.9546429897817848e-06
2910,18,train/loss,1.2424240112304688
2910,18,train/lr,2.9404872049256916e-06
2911,18,train/loss,1.121381163597107
2911,18,train/lr,2.9263639248651553e-06
2912,18,train/loss,1.35989511013031
2912,18,train/lr,2.9122731639196154e-06
2913,18,train/loss,1.3843226432800293
2913,18,train/lr,2.898214936375541e-06
2914,18,train/loss,1.5217313766479492
2914,18,train/lr,2.884189256486421e-06
2915,18,train/loss,1.3168305158615112
2915,18,train/lr,2.8701961384727446e-06
2916,18,train/loss,1.2403013706207275
2916,18,train/lr,2.856235596521978e-06
2917,18,train/loss,1.3376706838607788
2917,18,train/lr,2.8423076447885628e-06
2918,18,train/loss,1.1424576044082642
2918,18,train/lr,2.8284122973939037e-06
2919,18,train/loss,1.3280278444290161
2919,18,train/lr,2.8145495684263415e-06
2920,18,train/loss,1.4307382106781006
2920,18,train/lr,2.800719471941152e-06
2921,18,train/loss,1.3252137899398804
2921,18,train/lr,2.7869220219605202e-06
2922,18,train/loss,1.5047626495361328
2922,18,train/lr,2.7731572324735328e-06
2923,18,train/loss,1.4952280521392822
2923,18,train/lr,2.7594251174361607e-06
2924,18,train/loss,1.25557279586792
2924,18,train/lr,2.7457256907712456e-06
2925,18,train/loss,1.3883082866668701
2925,18,train/lr,2.732058966368498e-06
2926,18,train/loss,1.176896333694458
2926,18,train/lr,2.718424958084452e-06
2927,18,train/loss,1.3656072616577148
2927,18,train/lr,2.704823679742485e-06
2928,18,train/loss,1.483307123184204
2928,18,train/lr,2.691255145132793e-06
2929,18,train/loss,1.1036657094955444
2929,18,train/lr,2.6777193680123567e-06
2930,18,train/loss,1.4566094875335693
2930,18,train/lr,2.664216362104964e-06
2931,18,train/loss,1.3514513969421387
2931,18,train/lr,2.6507461411011644e-06
2932,18,train/loss,1.512378454208374
2932,18,train/lr,2.637308718658272e-06
2933,18,train/loss,1.4209086894989014
2933,18,train/lr,2.6239041084003426e-06
2934,18,train/loss,1.417635440826416
2934,18,train/lr,2.6105323239181696e-06
2935,18,train/loss,1.2967718839645386
2935,18,train/lr,2.5971933787692573e-06
2936,18,train/loss,1.462207317352295
2936,18,train/lr,2.5838872864778276e-06
2937,18,train/loss,1.2657221555709839
2937,18,train/lr,2.5706140605347706e-06
2938,18,train/loss,1.3075900077819824
2938,18,train/lr,2.5573737143976756e-06
2939,18,train/loss,1.4056909084320068
2939,18,train/lr,2.5441662614907874e-06
2940,18,train/loss,1.3423991203308105
2940,18,train/lr,2.5309917152049995e-06
2941,18,train/loss,1.3546158075332642
2941,18,train/lr,2.517850088897846e-06
2942,18,train/loss,1.2330780029296875
2942,18,train/lr,2.5047413958934735e-06
2943,18,train/loss,1.3186129331588745
2943,18,train/lr,2.4916656494826517e-06
2944,18,train/loss,1.4054088592529297
2944,18,train/lr,2.478622862922738e-06
2945,18,train/loss,1.2648932933807373
2945,18,train/lr,2.4656130494376695e-06
2946,18,train/loss,1.3690704107284546
2946,18,train/lr,2.4526362222179665e-06
2947,18,train/loss,1.4769675731658936
2947,18,train/lr,2.4396923944206826e-06
2948,18,train/loss,1.3219505548477173
2948,18,train/lr,2.4267815791694286e-06
2949,18,train/loss,1.4364880323410034
2949,18,train/lr,2.4139037895543458e-06
2950,18,train/loss,1.3227851390838623
2950,18,train/lr,2.4010590386320806e-06
2951,18,train/loss,1.2945761680603027
2951,18,train/lr,2.3882473394257956e-06
2952,18,train/loss,1.3866217136383057
2952,18,train/lr,2.375468704925131e-06
2953,18,train/loss,1.4480891227722168
2953,18,train/lr,2.3627231480862033e-06
2954,18,train/loss,1.4623008966445923
2954,18,train/lr,2.3500106818316005e-06
2955,18,train/loss,1.2303783893585205
2955,18,train/lr,2.337331319050355e-06
2956,18,train/loss,1.3131234645843506
2956,18,train/lr,2.3246850725979426e-06
2957,18,train/loss,1.2684186697006226
2957,18,train/lr,2.3120719552962463e-06
2958,18,train/loss,1.422452688217163
2958,18,train/lr,2.2994919799335684e-06
2959,18,train/loss,1.436410665512085
2959,18,train/lr,2.2869451592646217e-06
2960,18,train/loss,1.478975772857666
2960,18,train/lr,2.2744315060104845e-06
2961,18,train/loss,1.5140159130096436
2961,18,train/lr,2.2619510328586194e-06
2962,18,train/loss,1.6151797771453857
2962,18,train/lr,2.249503752462841e-06
2963,18,train/loss,1.4775192737579346
2963,18,train/lr,2.2370896774433183e-06
2964,18,train/loss,1.2898664474487305
2964,18,train/lr,2.224708820386541e-06
2965,18,train/loss,1.368486762046814
2965,18,train/lr,2.212361193845333e-06
2966,18,train/loss,1.3501849174499512
2966,18,train/lr,2.200046810338828e-06
2967,18,train/loss,1.37391197681427
2967,18,train/lr,2.1877656823524282e-06
2968,18,train/loss,1.2570724487304688
2968,18,train/lr,2.175517822337849e-06
2969,18,train/loss,1.288764238357544
2969,18,train/lr,2.163303242713058e-06
2970,18,train/loss,1.331857442855835
2970,18,train/lr,2.151121955862295e-06
2971,18,train/loss,1.4446098804473877
2971,18,train/lr,2.138973974136027e-06
2972,18,train/loss,1.4756379127502441
2972,18,train/lr,2.1268593098509674e-06
2973,18,train/loss,1.3900725841522217
2973,18,train/lr,2.114777975290044e-06
2974,18,train/loss,1.4269304275512695
2974,18,train/lr,2.102729982702392e-06
2975,18,train/loss,1.4018447399139404
2975,18,train/lr,2.0907153443033394e-06
2976,18,train/loss,1.364801287651062
2976,18,train/lr,2.0787340722744e-06
2977,18,train/loss,1.2781884670257568
2977,18,train/lr,2.0667861787632587e-06
2978,18,train/loss,1.4853873252868652
2978,18,train/lr,2.054871675883755e-06
2979,18,train/loss,1.3911030292510986
2979,18,train/lr,2.0429905757158678e-06
2980,18,train/loss,1.2218010425567627
2980,18,train/lr,2.0311428903057296e-06
2981,18,train/loss,1.4210221767425537
2981,18,train/lr,2.0193286316655753e-06
2982,18,train/loss,1.3679814338684082
2982,18,train/lr,2.0075478117737546e-06
2983,18,train/loss,1.3466284275054932
2983,18,train/lr,1.995800442574714e-06
2984,18,train/loss,1.435175895690918
2984,18,train/lr,1.9840865359789894e-06
2985,18,train/loss,1.474048137664795
2985,18,train/lr,1.9724061038631843e-06
2986,18,train/loss,1.394869327545166
2986,18,train/lr,1.9607591580699546e-06
2987,18,train/loss,1.3382134437561035
2987,18,train/lr,1.9491457104080193e-06
2988,18,train/loss,1.4204455614089966
2988,18,train/lr,1.93756577265213e-06
2988,18,train/batches,662.0
2988,18,train/compute_pct,99.86764079109963
2988,18,train/compute_sec,66.17390550149139
2988,18,train/data_wait_pct,0.1323592089003687
2988,18,train/data_wait_sec,0.08770334126893431
2988,18,train/examples,5296.0
2988,18,train/examples_per_sec,79.92561745018112
2988,18,train/input_tokens,626061.0
2988,18,train/peak_vram_gb,6.727003574371338
2988,18,train/target_tokens,424732.0
2988,18,train/tokens_per_sec,15858.247609012116
2988,18,train/total_sec,66.26160884276032
2988,18,train/epoch_loss,1.375186343567609
2988,18,epoch18/batches,662.0
2988,18,epoch18/compute_pct,99.86764079109963
2988,18,epoch18/compute_sec,66.17390550149139
2988,18,epoch18/data_wait_pct,0.1323592089003687
2988,18,epoch18/data_wait_sec,0.08770334126893431
2988,18,epoch18/examples,5296.0
2988,18,epoch18/examples_per_sec,79.92561745018112
2988,18,epoch18/input_tokens,626061.0
2988,18,epoch18/peak_vram_gb,6.727003574371338
2988,18,epoch18/target_tokens,424732.0
2988,18,epoch18/tokens_per_sec,15858.247609012116
2988,18,epoch18/total_sec,66.26160884276032
2988,18,val/bleu,25.416291925803606
2988,18,val/chrf,46.02305707714506
2988,18,val/combined,34.20139549770799
2988,18,val/eval_peak_vram_gb,6.727003574371338
2988,18,val/eval_samples_per_sec,7.380868605142587
2988,18,val/eval_seconds,80.88478903201758
2988,18,val/eval_tokens_per_sec,1345.6794695590365
2989,19,train/loss,1.4151368141174316
2989,19,train/lr,1.9260193565430555e-06
2990,19,train/loss,1.3738656044006348
2990,19,train/lr,1.9145064737875883e-06
2991,19,train/loss,1.3567701578140259
2991,19,train/lr,1.9030271360585158e-06
2992,19,train/loss,1.33371901512146
2992,19,train/lr,1.891581354994618e-06
2993,19,train/loss,1.4056849479675293
2993,19,train/lr,1.880169142200642e-06
2994,19,train/loss,1.4626026153564453
2994,19,train/lr,1.8687905092473082e-06
2995,19,train/loss,1.2779717445373535
2995,19,train/lr,1.8574454676713046e-06
2996,19,train/loss,1.4579828977584839
2996,19,train/lr,1.8461340289752259e-06
2997,19,train/loss,1.2792729139328003
2997,19,train/lr,1.8348562046276304e-06
2998,19,train/loss,1.3329367637634277
2998,19,train/lr,1.8236120060629838e-06
2999,19,train/loss,1.5156030654907227
2999,19,train/lr,1.812401444681653e-06
3000,19,train/loss,1.4234561920166016
3000,19,train/lr,1.801224531849908e-06
3001,19,train/loss,1.4524941444396973
3001,19,train/lr,1.790081278899897e-06
3002,19,train/loss,1.6318119764328003
3002,19,train/lr,1.7789716971296513e-06
3003,19,train/loss,1.37318754196167
3003,19,train/lr,1.7678957978030545e-06
3004,19,train/loss,1.5205280780792236
3004,19,train/lr,1.756853592149841e-06
3005,19,train/loss,1.730668067932129
3005,19,train/lr,1.7458450913655865e-06
3006,19,train/loss,1.3423964977264404
3006,19,train/lr,1.7348703066116859e-06
3007,19,train/loss,1.2353382110595703
3007,19,train/lr,1.72392924901536e-06
3008,19,train/loss,1.3255436420440674
3008,19,train/lr,1.7130219296696263e-06
3009,19,train/loss,1.2590875625610352
3009,19,train/lr,1.7021483596332996e-06
3010,19,train/loss,1.4395265579223633
3010,19,train/lr,1.691308549930981e-06
3011,19,train/loss,1.7355527877807617
3011,19,train/lr,1.680502511553033e-06
3012,19,train/loss,1.411665678024292
3012,19,train/lr,1.6697302554555776e-06
3013,19,train/loss,1.486534595489502
3013,19,train/lr,1.6589917925604984e-06
3014,19,train/loss,1.2761491537094116
3014,19,train/lr,1.6482871337553994e-06
3015,19,train/loss,1.4395215511322021
3015,19,train/lr,1.6376162898936307e-06
3016,19,train/loss,1.4075384140014648
3016,19,train/lr,1.6269792717942316e-06
3017,19,train/loss,1.4218502044677734
3017,19,train/lr,1.616376090241968e-06
3018,19,train/loss,1.3069788217544556
3018,19,train/lr,1.6058067559872916e-06
3019,19,train/loss,1.3366904258728027
3019,19,train/lr,1.595271279746334e-06
3020,19,train/loss,1.4599212408065796
3020,19,train/lr,1.584769672200904e-06
3021,19,train/loss,1.2667773962020874
3021,19,train/lr,1.5743019439984677e-06
3022,19,train/loss,1.362518072128296
3022,19,train/lr,1.5638681057521451e-06
3023,19,train/loss,1.4431607723236084
3023,19,train/lr,1.5534681680406864e-06
3024,19,train/loss,1.518662452697754
3024,19,train/lr,1.5431021414084833e-06
3025,19,train/loss,1.4291983842849731
3025,19,train/lr,1.5327700363655427e-06
3026,19,train/loss,1.3622796535491943
3026,19,train/lr,1.5224718633874588e-06
3027,19,train/loss,1.5388866662979126
3027,19,train/lr,1.5122076329154525e-06
3028,19,train/loss,1.3759832382202148
3028,19,train/lr,1.5019773553563085e-06
3029,19,train/loss,1.6237847805023193
3029,19,train/lr,1.4917810410823994e-06
3030,19,train/loss,1.4250140190124512
3030,19,train/lr,1.4816187004316615e-06
3031,19,train/loss,1.3048406839370728
3031,19,train/lr,1.4714903437075764e-06
3032,19,train/loss,1.2864238023757935
3032,19,train/lr,1.461395981179182e-06
3033,19,train/loss,1.1738948822021484
3033,19,train/lr,1.4513356230810413e-06
3034,19,train/loss,1.3337163925170898
3034,19,train/lr,1.4413092796132431e-06
3035,19,train/loss,1.4518568515777588
3035,19,train/lr,1.4313169609413893e-06
3036,19,train/loss,1.4016791582107544
3036,19,train/lr,1.4213586771965885e-06
3037,19,train/loss,1.477424144744873
3037,19,train/lr,1.411434438475431e-06
3038,19,train/loss,1.5754477977752686
3038,19,train/lr,1.4015442548399986e-06
3039,19,train/loss,1.5098751783370972
3039,19,train/lr,1.3916881363178388e-06
3040,19,train/loss,1.4268925189971924
3040,19,train/lr,1.3818660929019714e-06
3041,19,train/loss,1.5248842239379883
3041,19,train/lr,1.3720781345508552e-06
3042,19,train/loss,1.1255570650100708
3042,19,train/lr,1.3623242711884008e-06
3043,19,train/loss,1.3390583992004395
3043,19,train/lr,1.3526045127039393e-06
3044,19,train/loss,1.2866743803024292
3044,19,train/lr,1.3429188689522335e-06
3045,19,train/loss,1.3741365671157837
3045,19,train/lr,1.333267349753452e-06
3046,19,train/loss,1.1576136350631714
3046,19,train/lr,1.323649964893171e-06
3047,19,train/loss,1.3642560243606567
3047,19,train/lr,1.314066724122349e-06
3048,19,train/loss,1.3628278970718384
3048,19,train/lr,1.3045176371573263e-06
3049,19,train/loss,1.3887535333633423
3049,19,train/lr,1.295002713679828e-06
3050,19,train/loss,1.3558924198150635
3050,19,train/lr,1.2855219633369302e-06
3051,19,train/loss,1.5054476261138916
3051,19,train/lr,1.276075395741063e-06
3052,19,train/loss,1.238585352897644
3052,19,train/lr,1.2666630204699995e-06
3053,19,train/loss,1.3116734027862549
3053,19,train/lr,1.2572848470668478e-06
3054,19,train/loss,1.4753586053848267
3054,19,train/lr,1.2479408850400313e-06
3055,19,train/loss,1.2415276765823364
3055,19,train/lr,1.2386311438633007e-06
3056,19,train/loss,1.3877058029174805
3056,19,train/lr,1.2293556329757026e-06
3057,19,train/loss,1.2285263538360596
3057,19,train/lr,1.2201143617815684e-06
3058,19,train/loss,1.2460687160491943
3058,19,train/lr,1.2109073396505331e-06
3059,19,train/loss,1.3038214445114136
3059,19,train/lr,1.201734575917493e-06
3060,19,train/loss,1.1962751150131226
3060,19,train/lr,1.1925960798826129e-06
3061,19,train/loss,1.3936213254928589
3061,19,train/lr,1.1834918608113192e-06
3062,19,train/loss,1.3511511087417603
3062,19,train/lr,1.1744219279342798e-06
3063,19,train/loss,1.4446122646331787
3063,19,train/lr,1.1653862904474082e-06
3064,19,train/loss,1.2851862907409668
3064,19,train/lr,1.1563849575118322e-06
3065,19,train/loss,1.5269684791564941
3065,19,train/lr,1.14741793825391e-06
3066,19,train/loss,1.3701605796813965
3066,19,train/lr,1.1384852417652063e-06
3067,19,train/loss,1.3163220882415771
3067,19,train/lr,1.1295868771024847e-06
3068,19,train/loss,1.4862806797027588
3068,19,train/lr,1.1207228532877038e-06
3069,19,train/loss,1.2230435609817505
3069,19,train/lr,1.1118931793079984e-06
3070,19,train/loss,1.2706962823867798
3070,19,train/lr,1.1030978641156856e-06
3071,19,train/loss,1.3582067489624023
3071,19,train/lr,1.0943369166282362e-06
3072,19,train/loss,1.32350754737854
3072,19,train/lr,1.08561034572828e-06
3073,19,train/loss,1.5272475481033325
3073,19,train/lr,1.0769181602635997e-06
3074,19,train/loss,1.3542139530181885
3074,19,train/lr,1.0682603690470988e-06
3075,19,train/loss,1.5173379182815552
3075,19,train/lr,1.0596369808568294e-06
3076,19,train/loss,1.432849645614624
3076,19,train/lr,1.0510480044359459e-06
3077,19,train/loss,1.4267961978912354
3077,19,train/lr,1.0424934484927232e-06
3078,19,train/loss,1.5253751277923584
3078,19,train/lr,1.0339733217005308e-06
3079,19,train/loss,1.4570910930633545
3079,19,train/lr,1.0254876326978317e-06
3080,19,train/loss,1.4505622386932373
3080,19,train/lr,1.0170363900881796e-06
3081,19,train/loss,1.3429845571517944
3081,19,train/lr,1.0086196024401943e-06
3082,19,train/loss,1.4348524808883667
3082,19,train/lr,1.0002372782875674e-06
3083,19,train/loss,1.3827712535858154
3083,19,train/lr,9.918894261290522e-07
3084,19,train/loss,1.4532678127288818
3084,19,train/lr,9.835760544284387e-07
3085,19,train/loss,1.230926752090454
3085,19,train/lr,9.752971716145758e-07
3086,19,train/loss,1.351869821548462
3086,19,train/lr,9.670527860813203e-07
3087,19,train/loss,1.3498166799545288
3087,19,train/lr,9.588429061875736e-07
3088,19,train/loss,1.4939042329788208
3088,19,train/lr,9.506675402572445e-07
3089,19,train/loss,1.4428691864013672
3089,19,train/lr,9.425266965792472e-07
3090,19,train/loss,1.4458975791931152
3090,19,train/lr,9.344203834074926e-07
3091,19,train/loss,1.3009697198867798
3091,19,train/lr,9.263486089608923e-07
3092,19,train/loss,1.3558104038238525
3092,19,train/lr,9.183113814233279e-07
3093,19,train/loss,1.3085955381393433
3093,19,train/lr,9.103087089436578e-07
3094,19,train/loss,1.5219619274139404
3094,19,train/lr,9.02340599635703e-07
3095,19,train/loss,1.2325515747070312
3095,19,train/lr,8.944070615782539e-07
3096,19,train/loss,1.30851149559021
3096,19,train/lr,8.865081028150279e-07
3097,19,train/loss,1.4229626655578613
3097,19,train/lr,8.786437313546963e-07
3098,19,train/loss,1.3205387592315674
3098,19,train/lr,8.708139551708654e-07
3099,19,train/loss,1.4029426574707031
3099,19,train/lr,8.630187822020567e-07
3100,19,train/loss,1.390319585800171
3100,19,train/lr,8.55258220351715e-07
3101,19,train/loss,1.437331199645996
3101,19,train/lr,8.475322774881921e-07
3102,19,train/loss,1.686043620109558
3102,19,train/lr,8.398409614447321e-07
3103,19,train/loss,1.281514048576355
3103,19,train/lr,8.321842800194866e-07
3104,19,train/loss,1.368485450744629
3104,19,train/lr,8.24562240975476e-07
3105,19,train/loss,1.3546631336212158
3105,19,train/lr,8.169748520406083e-07
3106,19,train/loss,1.3637803792953491
3106,19,train/lr,8.094221209076529e-07
3107,19,train/loss,1.1935490369796753
3107,19,train/lr,8.019040552342399e-07
3108,19,train/loss,1.3510291576385498
3108,19,train/lr,7.944206626428601e-07
3109,19,train/loss,1.314481496810913
3109,19,train/lr,7.86971950720846e-07
3110,19,train/loss,1.2277774810791016
3110,19,train/lr,7.7955792702036e-07
3111,19,train/loss,1.40635347366333
3111,19,train/lr,7.721785990584056e-07
3112,19,train/loss,1.2827850580215454
3112,19,train/lr,7.648339743168009e-07
3113,19,train/loss,1.375623106956482
3113,19,train/lr,7.575240602421895e-07
3114,19,train/loss,1.4080570936203003
3114,19,train/lr,7.502488642460064e-07
3115,19,train/loss,1.409796953201294
3115,19,train/lr,7.430083937045006e-07
3116,19,train/loss,1.343015432357788
3116,19,train/lr,7.358026559587044e-07
3117,19,train/loss,1.298038125038147
3117,19,train/lr,7.286316583144369e-07
3118,19,train/loss,1.3772345781326294
3118,19,train/lr,7.214954080422969e-07
3119,19,train/loss,1.3864867687225342
3119,19,train/lr,7.143939123776504e-07
3120,19,train/loss,1.228398084640503
3120,19,train/lr,7.073271785206313e-07
3121,19,train/loss,1.4153969287872314
3121,19,train/lr,7.002952136361217e-07
3122,19,train/loss,1.2469842433929443
3122,19,train/lr,6.932980248537557e-07
3123,19,train/loss,1.2644660472869873
3123,19,train/lr,6.863356192679115e-07
3124,19,train/loss,1.3976043462753296
3124,19,train/lr,6.794080039376926e-07
3125,19,train/loss,1.47690749168396
3125,19,train/lr,6.725151858869349e-07
3126,19,train/loss,1.4757065773010254
3126,19,train/lr,6.656571721041953e-07
3127,19,train/loss,1.5060234069824219
3127,19,train/lr,6.588339695427364e-07
3128,19,train/loss,1.4622774124145508
3128,19,train/lr,6.520455851205298e-07
3129,19,train/loss,1.3873168230056763
3129,19,train/lr,6.452920257202487e-07
3130,19,train/loss,1.270881175994873
3130,19,train/lr,6.385732981892566e-07
3131,19,train/loss,1.3114997148513794
3131,19,train/lr,6.31889409339591e-07
3132,19,train/loss,1.2722752094268799
3132,19,train/lr,6.252403659479793e-07
3133,19,train/loss,1.3417083024978638
3133,19,train/lr,6.186261747558196e-07
3134,19,train/loss,1.3362711668014526
3134,19,train/lr,6.120468424691611e-07
3135,19,train/loss,1.3217194080352783
3135,19,train/lr,6.055023757587268e-07
3136,19,train/loss,1.3991639614105225
3136,19,train/lr,5.98992781259876e-07
3137,19,train/loss,1.301207184791565
3137,19,train/lr,5.925180655726147e-07
3138,19,train/loss,1.3899221420288086
3138,19,train/lr,5.860782352615923e-07
3139,19,train/loss,1.2434288263320923
3139,19,train/lr,5.79673296856078e-07
3140,19,train/loss,1.4544978141784668
3140,19,train/lr,5.733032568499768e-07
3141,19,train/loss,1.3831679821014404
3141,19,train/lr,5.669681217017979e-07
3142,19,train/loss,1.4550939798355103
3142,19,train/lr,5.606678978346707e-07
3143,19,train/loss,1.360531210899353
3143,19,train/lr,5.544025916363209e-07
3144,19,train/loss,1.2655820846557617
3144,19,train/lr,5.48172209459079e-07
3145,19,train/loss,1.3515713214874268
3145,19,train/lr,5.419767576198602e-07
3146,19,train/loss,1.3368836641311646
3146,19,train/lr,5.358162424001688e-07
3147,19,train/loss,1.212287425994873
3147,19,train/lr,5.296906700460823e-07
3148,19,train/loss,1.3141014575958252
3148,19,train/lr,5.236000467682555e-07
3149,19,train/loss,1.4314711093902588
3149,19,train/lr,5.175443787419009e-07
3150,19,train/loss,1.4651851654052734
3150,19,train/lr,5.115236721068006e-07
3151,19,train/loss,1.3605024814605713
3151,19,train/lr,5.055379329672787e-07
3152,19,train/loss,1.3170552253723145
3152,19,train/lr,4.995871673922213e-07
3153,19,train/loss,1.1770732402801514
3153,19,train/lr,4.936713814150334e-07
3154,19,train/loss,1.4048985242843628
3154,19,train/lr,4.877905810336774e-07
3154,19,train/batches,662.0
3154,19,train/compute_pct,99.85579483381498
3154,19,train/compute_sec,65.8262738235353
3154,19,train/data_wait_pct,0.14420516618501183
3154,19,train/data_wait_sec,0.09506197183509357
3154,19,train/examples,5296.0
3154,19,train/examples_per_sec,80.33817786155865
3154,19,train/input_tokens,625993.0
3154,19,train/peak_vram_gb,6.727003574371338
3154,19,train/target_tokens,424765.0
3154,19,train/tokens_per_sec,15939.573846951595
3154,19,train/total_sec,65.9213357953704
3154,19,train/epoch_loss,1.3753935330944118
3154,19,epoch19/batches,662.0
3154,19,epoch19/compute_pct,99.85579483381498
3154,19,epoch19/compute_sec,65.8262738235353
3154,19,epoch19/data_wait_pct,0.14420516618501183
3154,19,epoch19/data_wait_sec,0.09506197183509357
3154,19,epoch19/examples,5296.0
3154,19,epoch19/examples_per_sec,80.33817786155865
3154,19,epoch19/input_tokens,625993.0
3154,19,epoch19/peak_vram_gb,6.727003574371338
3154,19,epoch19/target_tokens,424765.0
3154,19,epoch19/tokens_per_sec,15939.573846951595
3154,19,epoch19/total_sec,65.9213357953704
3154,19,val/bleu,25.46314764564147
3154,19,val/chrf,46.04946977412756
3154,19,val/combined,34.24272839395415
3154,19,val/eval_peak_vram_gb,6.727003574371338
3154,19,val/eval_samples_per_sec,7.279650936293919
3154,19,val/eval_seconds,82.0094267190143
3154,19,val/eval_tokens_per_sec,1324.2989781175897
3155,20,train/loss,1.2374544143676758
3155,20,train/lr,4.819447722106273e-07
3156,20,train/loss,1.4383525848388672
3156,20,train/lr,4.7613396087289147e-07
3157,20,train/loss,1.435654640197754
3157,20,train/lr,4.703581529119854e-07
3158,20,train/loss,1.508009433746338
3158,20,train/lr,4.64617354183936e-07
3159,20,train/loss,1.3977168798446655
3159,20,train/lr,4.5891157050928105e-07
3160,20,train/loss,1.337135910987854
3160,20,train/lr,4.532408076730504e-07
3161,20,train/loss,1.2890580892562866
3161,20,train/lr,4.476050714247731e-07
3162,20,train/loss,1.2598477602005005
3162,20,train/lr,4.4200436747846236e-07
3163,20,train/loss,1.3625438213348389
3163,20,train/lr,4.364387015126075e-07
3164,20,train/loss,1.3551019430160522
3164,20,train/lr,4.309080791701819e-07
3165,20,train/loss,1.4590802192687988
3165,20,train/lr,4.254125060586194e-07
3166,20,train/loss,1.5152667760849
3166,20,train/lr,4.199519877498264e-07
3167,20,train/loss,1.3868921995162964
3167,20,train/lr,4.14526529780162e-07
3168,20,train/loss,1.3653594255447388
3168,20,train/lr,4.091361376504382e-07
3169,20,train/loss,1.492497205734253
3169,20,train/lr,4.037808168259199e-07
3170,20,train/loss,1.3232861757278442
3170,20,train/lr,3.984605727363055e-07
3171,20,train/loss,1.4604988098144531
3171,20,train/lr,3.9317541077573453e-07
3172,20,train/loss,1.3856343030929565
3172,20,train/lr,3.879253363027723e-07
3173,20,train/loss,1.3224217891693115
3173,20,train/lr,3.827103546404214e-07
3174,20,train/loss,1.2862131595611572
3174,20,train/lr,3.775304710760907e-07
3175,20,train/loss,1.3708150386810303
3175,20,train/lr,3.7238569086160683e-07
3176,20,train/loss,1.2753713130950928
3176,20,train/lr,3.672760192132107e-07
3177,20,train/loss,1.4270200729370117
3177,20,train/lr,3.622014613115415e-07
3178,20,train/loss,1.4780504703521729
3178,20,train/lr,3.571620223016408e-07
3179,20,train/loss,1.4543782472610474
3179,20,train/lr,3.521577072929371e-07
3180,20,train/loss,1.1772862672805786
3180,20,train/lr,3.4718852135925733e-07
3181,20,train/loss,1.4437346458435059
3181,20,train/lr,3.4225446953880353e-07
3182,20,train/loss,1.3651853799819946
3182,20,train/lr,3.373555568341568e-07
3183,20,train/loss,1.2744439840316772
3183,20,train/lr,3.3249178821226964e-07
3184,20,train/loss,1.2945361137390137
3184,20,train/lr,3.276631686044734e-07
3185,20,train/loss,1.397133231163025
3185,20,train/lr,3.2286970290644755e-07
3186,20,train/loss,1.2525262832641602
3186,20,train/lr,3.181113959782311e-07
3187,20,train/loss,1.3330576419830322
3187,20,train/lr,3.133882526442266e-07
3188,20,train/loss,1.3927050828933716
3188,20,train/lr,3.0870027769318075e-07
3189,20,train/loss,1.3738377094268799
3189,20,train/lr,3.0404747587817244e-07
3190,20,train/loss,1.3880081176757812
3190,20,train/lr,2.9942985191663657e-07
3191,20,train/loss,1.4791840314865112
3191,20,train/lr,2.9484741049032477e-07
3192,20,train/loss,1.4595866203308105
3192,20,train/lr,2.903001562453289e-07
3193,20,train/loss,1.345024585723877
3193,20,train/lr,2.8578809379206145e-07
3194,20,train/loss,1.2986890077590942
3194,20,train/lr,2.8131122770525205e-07
3195,20,train/loss,1.2693744897842407
3195,20,train/lr,2.7686956252395475e-07
3196,20,train/loss,1.3811676502227783
3196,20,train/lr,2.724631027515134e-07
3197,20,train/loss,1.3909034729003906
3197,20,train/lr,2.680918528555964e-07
3198,20,train/loss,1.3586797714233398
3198,20,train/lr,2.637558172681697e-07
3199,20,train/loss,1.2691185474395752
3199,20,train/lr,2.594550003854889e-07
3200,20,train/loss,1.4170644283294678
3200,20,train/lr,2.5518940656811094e-07
3201,20,train/loss,1.3570550680160522
3201,20,train/lr,2.5095904014087066e-07
3202,20,train/loss,1.4909000396728516
3202,20,train/lr,2.467639053928927e-07
3203,20,train/loss,1.4058030843734741
3203,20,train/lr,2.4260400657757974e-07
3204,20,train/loss,1.4913848638534546
3204,20,train/lr,2.3847934791260845e-07
3205,20,train/loss,1.2850120067596436
3205,20,train/lr,2.3438993357992597e-07
3206,20,train/loss,1.4338481426239014
3206,20,train/lr,2.303357677257456e-07
3207,20,train/loss,1.4003055095672607
3207,20,train/lr,2.2631685446053925e-07
3208,20,train/loss,1.3862907886505127
3208,20,train/lr,2.2233319785904537e-07
3209,20,train/loss,1.4415937662124634
3209,20,train/lr,2.183848019602491e-07
3210,20,train/loss,1.3026690483093262
3210,20,train/lr,2.144716707673827e-07
3211,20,train/loss,1.3249202966690063
3211,20,train/lr,2.1059380824793303e-07
3212,20,train/loss,1.330963373184204
3212,20,train/lr,2.067512183336184e-07
3213,20,train/loss,1.4157304763793945
3213,20,train/lr,2.0294390492040402e-07
3214,20,train/loss,1.2543538808822632
3214,20,train/lr,1.9917187186847872e-07
3215,20,train/loss,1.4022810459136963
3215,20,train/lr,1.9543512300227436e-07
3216,20,train/loss,1.4243206977844238
3216,20,train/lr,1.9173366211043484e-07
3217,20,train/loss,1.2571501731872559
3217,20,train/lr,1.8806749294583145e-07
3218,20,train/loss,1.3480613231658936
3218,20,train/lr,1.8443661922555142e-07
3219,20,train/loss,1.6396708488464355
3219,20,train/lr,1.8084104463090553e-07
3220,20,train/loss,1.4274768829345703
3220,20,train/lr,1.7728077280740494e-07
3221,20,train/loss,1.4920141696929932
3221,20,train/lr,1.737558073647688e-07
3222,20,train/loss,1.2664685249328613
3222,20,train/lr,1.7026615187692439e-07
3223,20,train/loss,1.3937134742736816
3223,20,train/lr,1.668118098819915e-07
3224,20,train/loss,1.3795814514160156
3224,20,train/lr,1.6339278488229802e-07
3225,20,train/loss,1.3191540241241455
3225,20,train/lr,1.6000908034435268e-07
3226,20,train/loss,1.2752318382263184
3226,20,train/lr,1.5666069969885676e-07
3227,20,train/loss,1.3186677694320679
3227,20,train/lr,1.5334764634069628e-07
3228,20,train/loss,1.4494476318359375
3228,20,train/lr,1.500699236289421e-07
3229,20,train/loss,1.4850189685821533
3229,20,train/lr,1.4682753488684196e-07
3230,20,train/loss,1.4535961151123047
3230,20,train/lr,1.4362048340181675e-07
3231,20,train/loss,1.506504774093628
3231,20,train/lr,1.4044877242546437e-07
3232,20,train/loss,1.4314827919006348
3232,20,train/lr,1.3731240517354802e-07
3233,20,train/loss,1.3846213817596436
3233,20,train/lr,1.3421138482599625e-07
3234,20,train/loss,1.391646146774292
3234,20,train/lr,1.3114571452690293e-07
3235,20,train/loss,1.302153468132019
3235,20,train/lr,1.281153973845117e-07
3236,20,train/loss,1.581014633178711
3236,20,train/lr,1.2512043647123936e-07
3237,20,train/loss,1.1605104207992554
3237,20,train/lr,1.2216083482363304e-07
3238,20,train/loss,1.3025964498519897
3238,20,train/lr,1.1923659544240516e-07
3239,20,train/loss,1.3608379364013672
3239,20,train/lr,1.1634772129241021e-07
3240,20,train/loss,1.415757656097412
3240,20,train/lr,1.1349421530265245e-07
3241,20,train/loss,1.4038861989974976
3241,20,train/lr,1.1067608036626264e-07
3242,20,train/loss,1.4020483493804932
3242,20,train/lr,1.0789331934052125e-07
3243,20,train/loss,1.5533006191253662
3243,20,train/lr,1.0514593504683921e-07
3244,20,train/loss,1.4477262496948242
3244,20,train/lr,1.0243393027076164e-07
3245,20,train/loss,1.4675506353378296
3245,20,train/lr,9.975730776196012e-08
3246,20,train/loss,1.303820252418518
3246,20,train/lr,9.711607023423273e-08
3247,20,train/loss,1.3623336553573608
3247,20,train/lr,9.451022036550404e-08
3248,20,train/loss,1.5206975936889648
3248,20,train/lr,9.19397607978134e-08
3249,20,train/loss,1.2711634635925293
3249,20,train/lr,8.940469413732277e-08
3250,20,train/loss,1.4981375932693481
3250,20,train/lr,8.69050229543089e-08
3251,20,train/loss,1.3095486164093018
3251,20,train/lr,8.444074978316728e-08
3252,20,train/loss,1.4125667810440063
3252,20,train/lr,8.201187712239266e-08
3253,20,train/loss,1.324873924255371
3253,20,train/lr,7.961840743459458e-08
3254,20,train/loss,1.4836184978485107
3254,20,train/lr,7.726034314648189e-08
3255,20,train/loss,1.3220276832580566
3255,20,train/lr,7.493768664887822e-08
3256,20,train/loss,1.446925401687622
3256,20,train/lr,7.265044029669486e-08
3257,20,train/loss,1.314920425415039
3257,20,train/lr,7.039860640894623e-08
3258,20,train/loss,1.451279640197754
3258,20,train/lr,6.818218726874603e-08
3259,20,train/loss,1.2645223140716553
3259,20,train/lr,6.600118512329555e-08
3260,20,train/loss,1.299014687538147
3260,20,train/lr,6.385560218388764e-08
3261,20,train/loss,1.232243537902832
3261,20,train/lr,6.174544062591047e-08
3262,20,train/loss,1.340416431427002
3262,20,train/lr,5.967070258883212e-08
3263,20,train/loss,1.3556948900222778
3263,20,train/lr,5.763139017620433e-08
3264,20,train/loss,1.3795015811920166
3264,20,train/lr,5.562750545566652e-08
3265,20,train/loss,1.4360473155975342
3265,20,train/lr,5.365905045893404e-08
3266,20,train/loss,1.4490001201629639
3266,20,train/lr,5.172602718180596e-08
3267,20,train/loss,1.277878761291504
3267,20,train/lr,4.982843758414956e-08
3268,20,train/loss,1.5063209533691406
3268,20,train/lr,4.796628358991583e-08
3269,20,train/loss,1.360203504562378
3269,20,train/lr,4.613956708711619e-08
3270,20,train/loss,1.3137445449829102
3270,20,train/lr,4.4348289927845784e-08
3271,20,train/loss,1.2622013092041016
3271,20,train/lr,4.259245392825628e-08
3272,20,train/loss,1.5155960321426392
3272,20,train/lr,4.087206086856754e-08
3273,20,train/loss,1.370266318321228
3273,20,train/lr,3.918711249307927e-08
3274,20,train/loss,1.252204179763794
3274,20,train/lr,3.7537610510132153e-08
3275,20,train/loss,1.3171650171279907
3275,20,train/lr,3.5923556592142855e-08
3276,20,train/loss,1.276236891746521
3276,20,train/lr,3.4344952375584545e-08
3277,20,train/loss,1.405668020248413
3277,20,train/lr,3.280179946098305e-08
3278,20,train/loss,1.386314868927002
3278,20,train/lr,3.12940994129246e-08
3279,20,train/loss,1.5694425106048584
3279,20,train/lr,2.982185376005197e-08
3280,20,train/loss,1.6221954822540283
3280,20,train/lr,2.838506399506446e-08
3281,20,train/loss,1.3369406461715698
3281,20,train/lr,2.6983731574698463e-08
3282,20,train/loss,1.282408356666565
3282,20,train/lr,2.5617857919754682e-08
3283,20,train/loss,1.4689432382583618
3283,20,train/lr,2.4287444415074798e-08
3284,20,train/loss,1.446797490119934
3284,20,train/lr,2.299249240955703e-08
3285,20,train/loss,1.3621618747711182
3285,20,train/lr,2.1733003216132806e-08
3286,20,train/loss,1.1959424018859863
3286,20,train/lr,2.0508978111786202e-08
3287,20,train/loss,1.3161073923110962
3287,20,train/lr,1.932041833754616e-08
3288,20,train/loss,1.404382586479187
3288,20,train/lr,1.8167325098478735e-08
3289,20,train/loss,1.2489757537841797
3289,20,train/lr,1.7049699563690954e-08
3290,20,train/loss,1.531667709350586
3290,20,train/lr,1.596754286633084e-08
3291,20,train/loss,1.4577791690826416
3291,20,train/lr,1.4920856103591285e-08
3292,20,train/loss,1.3945707082748413
3292,20,train/lr,1.390964033669062e-08
3293,20,train/loss,1.2657651901245117
3293,20,train/lr,1.2933896590895943e-08
3294,20,train/loss,1.3924201726913452
3294,20,train/lr,1.1993625855495903e-08
3295,20,train/loss,1.3434977531433105
3295,20,train/lr,1.1088829083824024e-08
3296,20,train/loss,1.443881869316101
3296,20,train/lr,1.0219507193247045e-08
3297,20,train/loss,1.2126922607421875
3297,20,train/lr,9.385661065157146e-09
3298,20,train/loss,1.2056479454040527
3298,20,train/lr,8.58729154498361e-09
3299,20,train/loss,1.3066061735153198
3299,20,train/lr,7.824399442181162e-09
3300,20,train/loss,1.2925870418548584
3300,20,train/lr,7.0969855302455135e-09
3301,20,train/loss,1.4480112791061401
3301,20,train/lr,6.405050546690049e-09
3302,20,train/loss,1.3900949954986572
3302,20,train/lr,5.748595193057481e-09
3303,20,train/loss,1.3877594470977783
3303,20,train/lr,5.127620134919852e-09
3304,20,train/loss,1.5209813117980957
3304,20,train/lr,4.542126001886303e-09
3305,20,train/loss,1.3722760677337646
3305,20,train/lr,3.9921133875719935e-09
3306,20,train/loss,1.3234820365905762
3306,20,train/lr,3.477582849636951e-09
3307,20,train/loss,1.3272721767425537
3307,20,train/lr,2.9985349097549905e-09
3308,20,train/loss,1.317634105682373
3308,20,train/lr,2.5549700536253713e-09
3309,20,train/loss,1.2948150634765625
3309,20,train/lr,2.1468887309766813e-09
3310,20,train/loss,1.3465194702148438
3310,20,train/lr,1.7742913555590653e-09
3311,20,train/loss,1.2831836938858032
3311,20,train/lr,1.4371783051442266e-09
3312,20,train/loss,1.280106782913208
3312,20,train/lr,1.1355499215215391e-09
3313,20,train/loss,1.2665133476257324
3313,20,train/lr,8.694065105174786e-10
3314,20,train/loss,1.2679814100265503
3314,20,train/lr,6.387483419684202e-10
3315,20,train/loss,1.2634971141815186
3315,20,train/lr,4.435756497361831e-10
3316,20,train/loss,1.4356780052185059
3316,20,train/lr,2.838886317041433e-10
3317,20,train/loss,1.3680272102355957
3317,20,train/lr,1.596874497811207e-10
3318,20,train/loss,1.303349494934082
3318,20,train/lr,7.097222988583506e-11
3319,20,train/loss,1.5319023132324219
3319,20,train/lr,1.774306197022124e-11
3320,20,train/loss,1.4285117387771606
3320,20,train/lr,0.0
3320,20,train/batches,662.0
3320,20,train/compute_pct,99.88491359653433
3320,20,train/compute_sec,63.1272230456816
3320,20,train/data_wait_pct,0.11508640346567305
3320,20,train/data_wait_sec,0.07273455819813535
3320,20,train/examples,5296.0
3320,20,train/examples_per_sec,83.79752456787863
3320,20,train/input_tokens,625993.0
3320,20,train/peak_vram_gb,6.727003574371338
3320,20,train/target_tokens,424715.0
3320,20,train/tokens_per_sec,16625.13773483131
3320,20,train/total_sec,63.19995760387974
3320,20,train/epoch_loss,1.3734773491084395
3320,20,epoch20/batches,662.0
3320,20,epoch20/compute_pct,99.88491359653433
3320,20,epoch20/compute_sec,63.1272230456816
3320,20,epoch20/data_wait_pct,0.11508640346567305
3320,20,epoch20/data_wait_sec,0.07273455819813535
3320,20,epoch20/examples,5296.0
3320,20,epoch20/examples_per_sec,83.79752456787863
3320,20,epoch20/input_tokens,625993.0
3320,20,epoch20/peak_vram_gb,6.727003574371338
3320,20,epoch20/target_tokens,424715.0
3320,20,epoch20/tokens_per_sec,16625.13773483131
3320,20,epoch20/total_sec,63.19995760387974
3320,20,val/bleu,25.499528543885994
3320,20,val/chrf,46.07835539002518
3320,20,val/combined,34.277927862157455
3320,20,val/eval_peak_vram_gb,6.727003574371338
3320,20,val/eval_samples_per_sec,7.329467625861264
3320,20,val/eval_seconds,81.45202768800664
3320,20,val/eval_tokens_per_sec,1335.7187425307002
