step,epoch,metric,value
1,1,train/loss,4.969283103942871
1,1,train/lr,3.5e-07
2,1,train/loss,4.851001739501953
2,1,train/lr,7e-07
3,1,train/loss,4.558513164520264
3,1,train/lr,1.05e-06
4,1,train/loss,4.901818752288818
4,1,train/lr,1.4e-06
5,1,train/loss,4.579485893249512
5,1,train/lr,1.75e-06
6,1,train/loss,4.300031661987305
6,1,train/lr,2.1e-06
7,1,train/loss,4.547458648681641
7,1,train/lr,2.45e-06
8,1,train/loss,4.391529083251953
8,1,train/lr,2.8e-06
9,1,train/loss,4.509692192077637
9,1,train/lr,3.1499999999999995e-06
10,1,train/loss,5.197754859924316
10,1,train/lr,3.5e-06
11,1,train/loss,4.361296653747559
11,1,train/lr,3.8499999999999996e-06
12,1,train/loss,4.799299240112305
12,1,train/lr,4.2e-06
13,1,train/loss,5.538451194763184
13,1,train/lr,4.55e-06
14,1,train/loss,5.05394172668457
14,1,train/lr,4.9e-06
15,1,train/loss,4.680642604827881
15,1,train/lr,5.25e-06
16,1,train/loss,5.024679660797119
16,1,train/lr,5.6e-06
17,1,train/loss,5.3326311111450195
17,1,train/lr,5.95e-06
18,1,train/loss,4.4833855628967285
18,1,train/lr,6.299999999999999e-06
19,1,train/loss,4.406072616577148
19,1,train/lr,6.65e-06
20,1,train/loss,4.251119136810303
20,1,train/lr,7e-06
21,1,train/loss,4.657993793487549
21,1,train/lr,7.349999999999999e-06
22,1,train/loss,4.292479515075684
22,1,train/lr,7.699999999999999e-06
23,1,train/loss,4.533742904663086
23,1,train/lr,8.05e-06
24,1,train/loss,5.0362868309021
24,1,train/lr,8.4e-06
25,1,train/loss,5.660588264465332
25,1,train/lr,8.75e-06
26,1,train/loss,5.059201240539551
26,1,train/lr,9.1e-06
27,1,train/loss,5.140904903411865
27,1,train/lr,9.45e-06
28,1,train/loss,4.621492862701416
28,1,train/lr,9.8e-06
29,1,train/loss,4.5926923751831055
29,1,train/lr,1.0149999999999998e-05
30,1,train/loss,4.314667701721191
30,1,train/lr,1.05e-05
31,1,train/loss,4.1680192947387695
31,1,train/lr,1.085e-05
32,1,train/loss,4.163742542266846
32,1,train/lr,1.12e-05
33,1,train/loss,4.255199909210205
33,1,train/lr,1.155e-05
34,1,train/loss,4.197836875915527
34,1,train/lr,1.19e-05
35,1,train/loss,4.077333450317383
35,1,train/lr,1.2249999999999998e-05
36,1,train/loss,4.647994041442871
36,1,train/lr,1.2599999999999998e-05
37,1,train/loss,4.662106037139893
37,1,train/lr,1.2949999999999998e-05
38,1,train/loss,4.638914108276367
38,1,train/lr,1.33e-05
39,1,train/loss,4.487358093261719
39,1,train/lr,1.365e-05
40,1,train/loss,4.572737693786621
40,1,train/lr,1.4e-05
41,1,train/loss,4.31951379776001
41,1,train/lr,1.4349999999999998e-05
42,1,train/loss,4.157501697540283
42,1,train/lr,1.4699999999999998e-05
43,1,train/loss,4.220362186431885
43,1,train/lr,1.5049999999999998e-05
44,1,train/loss,4.160320281982422
44,1,train/lr,1.5399999999999998e-05
45,1,train/loss,4.017996788024902
45,1,train/lr,1.575e-05
46,1,train/loss,3.890594482421875
46,1,train/lr,1.61e-05
47,1,train/loss,3.802762508392334
47,1,train/lr,1.6449999999999997e-05
48,1,train/loss,4.09422492980957
48,1,train/lr,1.68e-05
49,1,train/loss,3.9436004161834717
49,1,train/lr,1.7149999999999997e-05
50,1,train/loss,4.157884120941162
50,1,train/lr,1.75e-05
51,1,train/loss,4.538431167602539
51,1,train/lr,1.785e-05
52,1,train/loss,4.265890598297119
52,1,train/lr,1.82e-05
53,1,train/loss,4.196202278137207
53,1,train/lr,1.855e-05
54,1,train/loss,4.086198329925537
54,1,train/lr,1.89e-05
55,1,train/loss,3.7262015342712402
55,1,train/lr,1.925e-05
56,1,train/loss,3.895495891571045
56,1,train/lr,1.96e-05
57,1,train/loss,3.919623613357544
57,1,train/lr,1.9949999999999997e-05
58,1,train/loss,3.7075114250183105
58,1,train/lr,2.0299999999999995e-05
59,1,train/loss,3.672585964202881
59,1,train/lr,2.0649999999999997e-05
60,1,train/loss,3.597843647003174
60,1,train/lr,2.1e-05
61,1,train/loss,3.553635597229004
61,1,train/lr,2.1349999999999997e-05
62,1,train/loss,3.6463241577148438
62,1,train/lr,2.17e-05
63,1,train/loss,4.515561103820801
63,1,train/lr,2.2049999999999997e-05
64,1,train/loss,3.999382734298706
64,1,train/lr,2.24e-05
65,1,train/loss,3.8417553901672363
65,1,train/lr,2.2749999999999997e-05
66,1,train/loss,3.785276412963867
66,1,train/lr,2.31e-05
67,1,train/loss,3.7650647163391113
67,1,train/lr,2.345e-05
68,1,train/loss,3.6952266693115234
68,1,train/lr,2.38e-05
69,1,train/loss,3.5931556224823
69,1,train/lr,2.4149999999999997e-05
70,1,train/loss,3.5359046459198
70,1,train/lr,2.4499999999999996e-05
71,1,train/loss,3.6427297592163086
71,1,train/lr,2.4849999999999998e-05
72,1,train/loss,3.5214314460754395
72,1,train/lr,2.5199999999999996e-05
73,1,train/loss,3.2921500205993652
73,1,train/lr,2.5549999999999998e-05
74,1,train/loss,3.269313335418701
74,1,train/lr,2.5899999999999996e-05
75,1,train/loss,3.317859649658203
75,1,train/lr,2.6249999999999998e-05
76,1,train/loss,3.7182350158691406
76,1,train/lr,2.66e-05
77,1,train/loss,3.611330032348633
77,1,train/lr,2.6949999999999998e-05
78,1,train/loss,3.5133752822875977
78,1,train/lr,2.73e-05
79,1,train/loss,3.512476921081543
79,1,train/lr,2.7649999999999998e-05
80,1,train/loss,3.3480114936828613
80,1,train/lr,2.8e-05
81,1,train/loss,3.424837827682495
81,1,train/lr,2.8349999999999998e-05
82,1,train/loss,3.2788026332855225
82,1,train/lr,2.8699999999999996e-05
83,1,train/loss,3.2413957118988037
83,1,train/lr,2.9049999999999995e-05
84,1,train/loss,3.180250883102417
84,1,train/lr,2.9399999999999996e-05
85,1,train/loss,3.151747226715088
85,1,train/lr,2.9749999999999998e-05
86,1,train/loss,2.9642696380615234
86,1,train/lr,3.0099999999999996e-05
87,1,train/loss,3.0830321311950684
87,1,train/lr,3.0449999999999998e-05
88,1,train/loss,3.791248083114624
88,1,train/lr,3.0799999999999996e-05
89,1,train/loss,3.6673974990844727
89,1,train/lr,3.115e-05
90,1,train/loss,3.21474552154541
90,1,train/lr,3.15e-05
91,1,train/loss,3.2712385654449463
91,1,train/lr,3.185e-05
92,1,train/loss,3.419534206390381
92,1,train/lr,3.22e-05
93,1,train/loss,3.253734588623047
93,1,train/lr,3.255e-05
94,1,train/loss,3.264155864715576
94,1,train/lr,3.289999999999999e-05
95,1,train/loss,3.0734243392944336
95,1,train/lr,3.3249999999999995e-05
96,1,train/loss,3.060727834701538
96,1,train/lr,3.36e-05
97,1,train/loss,2.8924026489257812
97,1,train/lr,3.395e-05
98,1,train/loss,3.063060760498047
98,1,train/lr,3.4299999999999993e-05
99,1,train/loss,2.9051413536071777
99,1,train/lr,3.4649999999999995e-05
100,1,train/loss,2.9197466373443604
100,1,train/lr,3.5e-05
101,1,train/loss,3.359189987182617
101,1,train/lr,3.535e-05
102,1,train/loss,3.2621400356292725
102,1,train/lr,3.57e-05
103,1,train/loss,3.3900208473205566
103,1,train/lr,3.6049999999999995e-05
104,1,train/loss,3.116525650024414
104,1,train/lr,3.64e-05
105,1,train/loss,2.941549301147461
105,1,train/lr,3.675e-05
106,1,train/loss,2.965632915496826
106,1,train/lr,3.71e-05
107,1,train/loss,2.852724075317383
107,1,train/lr,3.745e-05
108,1,train/loss,2.9234845638275146
108,1,train/lr,3.78e-05
109,1,train/loss,2.7812998294830322
109,1,train/lr,3.815e-05
110,1,train/loss,2.952439308166504
110,1,train/lr,3.85e-05
111,1,train/loss,2.732842206954956
111,1,train/lr,3.885e-05
112,1,train/loss,2.6485071182250977
112,1,train/lr,3.92e-05
113,1,train/loss,3.289128065109253
113,1,train/lr,3.954999999999999e-05
114,1,train/loss,3.0858371257781982
114,1,train/lr,3.9899999999999994e-05
115,1,train/loss,3.053671360015869
115,1,train/lr,4.0249999999999996e-05
116,1,train/loss,2.815573215484619
116,1,train/lr,4.059999999999999e-05
117,1,train/loss,2.730947732925415
117,1,train/lr,4.094999999999999e-05
118,1,train/loss,2.7471213340759277
118,1,train/lr,4.1299999999999994e-05
119,1,train/loss,2.6075072288513184
119,1,train/lr,4.1649999999999996e-05
120,1,train/loss,2.811647415161133
120,1,train/lr,4.2e-05
121,1,train/loss,2.6852407455444336
121,1,train/lr,4.234999999999999e-05
122,1,train/loss,2.6596264839172363
122,1,train/lr,4.2699999999999994e-05
123,1,train/loss,2.6127047538757324
123,1,train/lr,4.3049999999999996e-05
124,1,train/loss,2.5308151245117188
124,1,train/lr,4.34e-05
125,1,train/loss,2.504591941833496
125,1,train/lr,4.374999999999999e-05
126,1,train/loss,3.395327568054199
126,1,train/lr,4.4099999999999995e-05
127,1,train/loss,3.332977771759033
127,1,train/lr,4.4449999999999996e-05
128,1,train/loss,3.062349319458008
128,1,train/lr,4.48e-05
129,1,train/loss,2.7665486335754395
129,1,train/lr,4.515e-05
130,1,train/loss,2.7872579097747803
130,1,train/lr,4.5499999999999995e-05
131,1,train/loss,2.613109827041626
131,1,train/lr,4.5849999999999996e-05
132,1,train/loss,2.5831875801086426
132,1,train/lr,4.62e-05
133,1,train/loss,2.586928367614746
133,1,train/lr,4.655e-05
134,1,train/loss,2.4555320739746094
134,1,train/lr,4.69e-05
135,1,train/loss,2.5419459342956543
135,1,train/lr,4.7249999999999997e-05
136,1,train/loss,2.4677176475524902
136,1,train/lr,4.76e-05
137,1,train/loss,2.4973554611206055
137,1,train/lr,4.795e-05
138,1,train/loss,3.1843104362487793
138,1,train/lr,4.8299999999999995e-05
139,1,train/loss,2.765660047531128
139,1,train/lr,4.864999999999999e-05
140,1,train/loss,2.6728858947753906
140,1,train/lr,4.899999999999999e-05
141,1,train/loss,2.747758626937866
141,1,train/lr,4.934999999999999e-05
142,1,train/loss,2.5912485122680664
142,1,train/lr,4.9699999999999995e-05
143,1,train/loss,2.6317970752716064
143,1,train/lr,5.004999999999999e-05
144,1,train/loss,2.3874802589416504
144,1,train/lr,5.039999999999999e-05
145,1,train/loss,2.418186664581299
145,1,train/lr,5.0749999999999994e-05
146,1,train/loss,2.421316146850586
146,1,train/lr,5.1099999999999995e-05
147,1,train/loss,2.524791717529297
147,1,train/lr,5.145e-05
148,1,train/loss,2.520547389984131
148,1,train/lr,5.179999999999999e-05
149,1,train/loss,2.3293490409851074
149,1,train/lr,5.2149999999999994e-05
150,1,train/loss,2.428492307662964
150,1,train/lr,5.2499999999999995e-05
151,1,train/loss,2.831787586212158
151,1,train/lr,5.285e-05
152,1,train/loss,2.661405563354492
152,1,train/lr,5.32e-05
153,1,train/loss,2.7251782417297363
153,1,train/lr,5.3549999999999994e-05
154,1,train/loss,2.530341386795044
154,1,train/lr,5.3899999999999996e-05
155,1,train/loss,2.525722026824951
155,1,train/lr,5.425e-05
156,1,train/loss,2.5663251876831055
156,1,train/lr,5.46e-05
157,1,train/loss,2.3768985271453857
157,1,train/lr,5.495e-05
158,1,train/loss,2.3572936058044434
158,1,train/lr,5.5299999999999996e-05
159,1,train/loss,2.433626413345337
159,1,train/lr,5.565e-05
160,1,train/loss,2.2509396076202393
160,1,train/lr,5.6e-05
161,1,train/loss,2.289079427719116
161,1,train/lr,5.635e-05
162,1,train/loss,2.431478977203369
162,1,train/lr,5.6699999999999996e-05
163,1,train/loss,2.6874146461486816
163,1,train/lr,5.704999999999999e-05
164,1,train/loss,2.5556397438049316
164,1,train/lr,5.739999999999999e-05
165,1,train/loss,2.3191580772399902
165,1,train/lr,5.7749999999999994e-05
166,1,train/loss,2.424494981765747
166,1,train/lr,5.809999999999999e-05
166,1,train/batches,662.0
166,1,train/compute_pct,99.90593589024938
166,1,train/compute_sec,65.46388828102499
166,1,train/data_wait_pct,0.09406410975062166
166,1,train/data_wait_sec,0.06163600107538514
166,1,train/examples,5296.0
166,1,train/examples_per_sec,80.82346624499591
166,1,train/input_tokens,625993.0
166,1,train/peak_vram_gb,6.727927207946777
166,1,train/target_tokens,424742.0
166,1,train/tokens_per_sec,16035.506949572466
166,1,train/total_sec,65.52552428210038
166,1,train/epoch_loss,3.521801609287089
166,1,epoch1/batches,662.0
166,1,epoch1/compute_pct,99.90593589024938
166,1,epoch1/compute_sec,65.46388828102499
166,1,epoch1/data_wait_pct,0.09406410975062166
166,1,epoch1/data_wait_sec,0.06163600107538514
166,1,epoch1/examples,5296.0
166,1,epoch1/examples_per_sec,80.82346624499591
166,1,epoch1/input_tokens,625993.0
166,1,epoch1/peak_vram_gb,6.727927207946777
166,1,epoch1/target_tokens,424742.0
166,1,epoch1/tokens_per_sec,16035.506949572466
166,1,epoch1/total_sec,65.52552428210038
166,1,val/bleu,0.2691653922349269
166,1,val/chrf,12.947449762327926
166,1,val/combined,1.86681691488989
166,1,val/eval_peak_vram_gb,6.727927207946777
166,1,val/eval_samples_per_sec,7.567456437498005
166,1,val/eval_seconds,78.89044422400184
166,1,val/eval_tokens_per_sec,1411.8566715601387
167,2,train/loss,2.7876358032226562
167,2,train/lr,5.844999999999999e-05
168,2,train/loss,2.9251232147216797
168,2,train/lr,5.879999999999999e-05
169,2,train/loss,2.6479849815368652
169,2,train/lr,5.9149999999999994e-05
170,2,train/loss,2.4450297355651855
170,2,train/lr,5.9499999999999996e-05
171,2,train/loss,2.402529239654541
171,2,train/lr,5.984999999999999e-05
172,2,train/loss,2.40639066696167
172,2,train/lr,6.019999999999999e-05
173,2,train/loss,2.454265594482422
173,2,train/lr,6.0549999999999995e-05
174,2,train/loss,2.144294500350952
174,2,train/lr,6.0899999999999996e-05
175,2,train/loss,2.2329139709472656
175,2,train/lr,6.125e-05
176,2,train/loss,2.3205366134643555
176,2,train/lr,6.159999999999999e-05
177,2,train/loss,2.355531692504883
177,2,train/lr,6.195e-05
178,2,train/loss,2.345072031021118
178,2,train/lr,6.23e-05
179,2,train/loss,2.717453956604004
179,2,train/lr,6.264999999999999e-05
180,2,train/loss,2.6478545665740967
180,2,train/lr,6.3e-05
181,2,train/loss,2.724898338317871
181,2,train/lr,6.335e-05
182,2,train/loss,2.7909789085388184
182,2,train/lr,6.37e-05
183,2,train/loss,2.463223457336426
183,2,train/lr,6.405e-05
184,2,train/loss,2.58453369140625
184,2,train/lr,6.44e-05
185,2,train/loss,2.5727627277374268
185,2,train/lr,6.475e-05
186,2,train/loss,2.3252034187316895
186,2,train/lr,6.51e-05
187,2,train/loss,2.2146034240722656
187,2,train/lr,6.544999999999999e-05
188,2,train/loss,2.17913818359375
188,2,train/lr,6.579999999999999e-05
189,2,train/loss,2.334804058074951
189,2,train/lr,6.615e-05
190,2,train/loss,2.252690553665161
190,2,train/lr,6.649999999999999e-05
191,2,train/loss,2.3433926105499268
191,2,train/lr,6.684999999999999e-05
192,2,train/loss,2.696817398071289
192,2,train/lr,6.72e-05
193,2,train/loss,2.3982176780700684
193,2,train/lr,6.754999999999999e-05
194,2,train/loss,2.2438385486602783
194,2,train/lr,6.79e-05
195,2,train/loss,2.3571784496307373
195,2,train/lr,6.824999999999999e-05
196,2,train/loss,2.253286838531494
196,2,train/lr,6.859999999999999e-05
197,2,train/loss,2.3610634803771973
197,2,train/lr,6.895e-05
198,2,train/loss,2.164442777633667
198,2,train/lr,6.929999999999999e-05
199,2,train/loss,2.247394561767578
199,2,train/lr,6.965e-05
200,2,train/loss,2.2719156742095947
200,2,train/lr,7e-05
201,2,train/loss,2.222869873046875
201,2,train/lr,6.999998225693802e-05
202,2,train/loss,2.2473604679107666
202,2,train/lr,6.999992902777011e-05
203,2,train/loss,2.1862823963165283
203,2,train/lr,6.999984031255021e-05
204,2,train/loss,2.60235595703125
204,2,train/lr,6.999971611136829e-05
205,2,train/loss,2.858907699584961
205,2,train/lr,6.999955642435026e-05
206,2,train/loss,2.3119351863861084
206,2,train/lr,6.999936125165803e-05
207,2,train/loss,2.5062642097473145
207,2,train/lr,6.999913059348948e-05
208,2,train/loss,2.216271162033081
208,2,train/lr,6.999886445007847e-05
209,2,train/loss,2.228145122528076
209,2,train/lr,6.999856282169485e-05
210,2,train/loss,2.1485304832458496
210,2,train/lr,6.999822570864443e-05
211,2,train/loss,2.1797854900360107
211,2,train/lr,6.9997853111269e-05
212,2,train/loss,2.220745801925659
212,2,train/lr,6.999744502994637e-05
213,2,train/loss,2.140881061553955
213,2,train/lr,6.999700146509024e-05
214,2,train/loss,2.248755693435669
214,2,train/lr,6.999652241715036e-05
215,2,train/loss,2.1773574352264404
215,2,train/lr,6.999600788661242e-05
216,2,train/loss,2.2223806381225586
216,2,train/lr,6.999545787399811e-05
217,2,train/loss,2.43759822845459
217,2,train/lr,6.999487237986506e-05
218,2,train/loss,2.74946928024292
218,2,train/lr,6.999425140480695e-05
219,2,train/loss,2.2954440116882324
219,2,train/lr,6.99935949494533e-05
220,2,train/loss,2.451821804046631
220,2,train/lr,6.999290301446975e-05
221,2,train/loss,2.23222279548645
221,2,train/lr,6.999217560055781e-05
222,2,train/loss,2.213768243789673
222,2,train/lr,6.9991412708455e-05
223,2,train/loss,2.0476937294006348
223,2,train/lr,6.999061433893484e-05
224,2,train/loss,2.1037542819976807
224,2,train/lr,6.998978049280675e-05
225,2,train/loss,2.1964125633239746
225,2,train/lr,6.998891117091616e-05
226,2,train/loss,2.018972158432007
226,2,train/lr,6.998800637414449e-05
227,2,train/loss,2.2420873641967773
227,2,train/lr,6.99870661034091e-05
228,2,train/loss,2.1102283000946045
228,2,train/lr,6.99860903596633e-05
229,2,train/loss,2.524829864501953
229,2,train/lr,6.99850791438964e-05
230,2,train/loss,2.3372366428375244
230,2,train/lr,6.998403245713366e-05
231,2,train/loss,2.30283784866333
231,2,train/lr,6.99829503004363e-05
232,2,train/loss,2.1691622734069824
232,2,train/lr,6.998183267490152e-05
233,2,train/loss,2.234910011291504
233,2,train/lr,6.998067958166245e-05
234,2,train/loss,2.206563949584961
234,2,train/lr,6.99794910218882e-05
235,2,train/loss,2.014341354370117
235,2,train/lr,6.997826699678387e-05
236,2,train/loss,2.101755142211914
236,2,train/lr,6.997700750759044e-05
237,2,train/loss,2.039567232131958
237,2,train/lr,6.997571255558491e-05
238,2,train/loss,1.86892831325531
238,2,train/lr,6.997438214208025e-05
239,2,train/loss,2.0625195503234863
239,2,train/lr,6.99730162684253e-05
240,2,train/loss,2.09959077835083
240,2,train/lr,6.997161493600493e-05
241,2,train/loss,2.176482677459717
241,2,train/lr,6.997017814623994e-05
242,2,train/loss,2.435421943664551
242,2,train/lr,6.996870590058707e-05
243,2,train/loss,2.222496509552002
243,2,train/lr,6.996719820053902e-05
244,2,train/loss,2.2740049362182617
244,2,train/lr,6.99656550476244e-05
245,2,train/loss,2.145967483520508
245,2,train/lr,6.996407644340786e-05
246,2,train/loss,2.2139291763305664
246,2,train/lr,6.996246238948986e-05
247,2,train/loss,2.0836262702941895
247,2,train/lr,6.996081288750691e-05
248,2,train/loss,1.9492480754852295
248,2,train/lr,6.995912793913143e-05
249,2,train/loss,2.1601250171661377
249,2,train/lr,6.995740754607174e-05
250,2,train/loss,2.0823817253112793
250,2,train/lr,6.995565171007214e-05
251,2,train/loss,1.886674165725708
251,2,train/lr,6.995386043291288e-05
252,2,train/loss,2.0413193702697754
252,2,train/lr,6.995203371641007e-05
253,2,train/loss,2.0764870643615723
253,2,train/lr,6.995017156241585e-05
254,2,train/loss,2.440519332885742
254,2,train/lr,6.994827397281819e-05
255,2,train/loss,2.4060635566711426
255,2,train/lr,6.994634094954106e-05
256,2,train/loss,2.1615335941314697
256,2,train/lr,6.994437249454433e-05
257,2,train/loss,2.161480188369751
257,2,train/lr,6.994236860982379e-05
258,2,train/loss,2.12253475189209
258,2,train/lr,6.994032929741117e-05
259,2,train/loss,2.047988176345825
259,2,train/lr,6.993825455937409e-05
260,2,train/loss,1.984344244003296
260,2,train/lr,6.993614439781611e-05
261,2,train/loss,2.0381171703338623
261,2,train/lr,6.99339988148767e-05
262,2,train/loss,1.9170947074890137
262,2,train/lr,6.993181781273125e-05
263,2,train/loss,1.996071696281433
263,2,train/lr,6.992960139359104e-05
264,2,train/loss,2.154918670654297
264,2,train/lr,6.992734955970331e-05
265,2,train/loss,2.0479626655578613
265,2,train/lr,6.992506231335111e-05
266,2,train/loss,2.0390706062316895
266,2,train/lr,6.99227396568535e-05
267,2,train/loss,2.2778759002685547
267,2,train/lr,6.99203815925654e-05
268,2,train/loss,2.249645233154297
268,2,train/lr,6.99179881228776e-05
269,2,train/loss,2.118302822113037
269,2,train/lr,6.991555925021683e-05
270,2,train/loss,2.2670278549194336
270,2,train/lr,6.991309497704568e-05
271,2,train/loss,2.104789972305298
271,2,train/lr,6.991059530586267e-05
272,2,train/loss,2.159170627593994
272,2,train/lr,6.990806023920219e-05
273,2,train/loss,2.1434438228607178
273,2,train/lr,6.99054897796345e-05
274,2,train/loss,1.8917595148086548
274,2,train/lr,6.990288392976576e-05
275,2,train/loss,2.050452709197998
275,2,train/lr,6.990024269223804e-05
276,2,train/loss,2.03131103515625
276,2,train/lr,6.989756606972923e-05
277,2,train/loss,2.057952880859375
277,2,train/lr,6.989485406495316e-05
278,2,train/loss,2.0323641300201416
278,2,train/lr,6.989210668065948e-05
279,2,train/loss,2.342865467071533
279,2,train/lr,6.988932391963373e-05
280,2,train/loss,2.366036891937256
280,2,train/lr,6.988650578469734e-05
281,2,train/loss,2.184638023376465
281,2,train/lr,6.988365227870758e-05
282,2,train/loss,2.303532600402832
282,2,train/lr,6.988076340455759e-05
283,2,train/loss,2.3972625732421875
283,2,train/lr,6.987783916517636e-05
284,2,train/loss,2.005387783050537
284,2,train/lr,6.987487956352876e-05
285,2,train/loss,2.1770408153533936
285,2,train/lr,6.987188460261548e-05
286,2,train/loss,1.945489764213562
286,2,train/lr,6.98688542854731e-05
287,2,train/loss,1.962404489517212
287,2,train/lr,6.9865788615174e-05
288,2,train/loss,1.9820566177368164
288,2,train/lr,6.986268759482644e-05
289,2,train/loss,1.8749051094055176
289,2,train/lr,6.985955122757453e-05
290,2,train/loss,2.0128631591796875
290,2,train/lr,6.985637951659818e-05
291,2,train/loss,1.9690327644348145
291,2,train/lr,6.985317246511315e-05
292,2,train/loss,2.138967990875244
292,2,train/lr,6.984993007637105e-05
293,2,train/loss,2.085569143295288
293,2,train/lr,6.98466523536593e-05
294,2,train/loss,2.018331527709961
294,2,train/lr,6.984333930030114e-05
295,2,train/loss,2.0459952354431152
295,2,train/lr,6.983999091965564e-05
296,2,train/loss,2.0622661113739014
296,2,train/lr,6.983660721511769e-05
297,2,train/loss,2.0171170234680176
297,2,train/lr,6.9833188190118e-05
298,2,train/loss,2.0568690299987793
298,2,train/lr,6.982973384812307e-05
299,2,train/loss,2.132307291030884
299,2,train/lr,6.982624419263522e-05
300,2,train/loss,2.0241713523864746
300,2,train/lr,6.982271922719258e-05
301,2,train/loss,1.906853199005127
301,2,train/lr,6.98191589553691e-05
302,2,train/loss,1.8791639804840088
302,2,train/lr,6.981556338077444e-05
303,2,train/loss,2.0071475505828857
303,2,train/lr,6.981193250705416e-05
304,2,train/loss,2.2434849739074707
304,2,train/lr,6.980826633788956e-05
305,2,train/loss,2.1910905838012695
305,2,train/lr,6.980456487699771e-05
306,2,train/loss,2.1520891189575195
306,2,train/lr,6.98008281281315e-05
307,2,train/loss,2.2309792041778564
307,2,train/lr,6.979705609507959e-05
308,2,train/loss,1.913376808166504
308,2,train/lr,6.979324878166637e-05
309,2,train/loss,1.9339178800582886
309,2,train/lr,6.978940619175206e-05
310,2,train/loss,1.8702638149261475
310,2,train/lr,6.978552832923261e-05
311,2,train/loss,1.7264695167541504
311,2,train/lr,6.978161519803974e-05
312,2,train/loss,1.984725832939148
312,2,train/lr,6.977766680214095e-05
313,2,train/loss,1.91243577003479
313,2,train/lr,6.977368314553946e-05
314,2,train/loss,1.9524474143981934
314,2,train/lr,6.976966423227425e-05
315,2,train/loss,1.9057490825653076
315,2,train/lr,6.976561006642006e-05
316,2,train/loss,1.9421675205230713
316,2,train/lr,6.976152065208739e-05
317,2,train/loss,2.2914063930511475
317,2,train/lr,6.975739599342242e-05
318,2,train/loss,2.0106141567230225
318,2,train/lr,6.97532360946071e-05
319,2,train/loss,2.0829029083251953
319,2,train/lr,6.974904095985912e-05
320,2,train/loss,2.139476776123047
320,2,train/lr,6.974481059343188e-05
321,2,train/loss,2.0632195472717285
321,2,train/lr,6.974054499961451e-05
322,2,train/loss,1.978531002998352
322,2,train/lr,6.973624418273183e-05
323,2,train/loss,1.8798857927322388
323,2,train/lr,6.97319081471444e-05
324,2,train/loss,1.9963270425796509
324,2,train/lr,6.972753689724848e-05
325,2,train/loss,1.9567222595214844
325,2,train/lr,6.972313043747604e-05
326,2,train/loss,1.967442274093628
326,2,train/lr,6.971868877229475e-05
327,2,train/loss,1.8901824951171875
327,2,train/lr,6.971421190620793e-05
328,2,train/loss,1.9046083688735962
328,2,train/lr,6.970969984375466e-05
329,2,train/loss,1.9731590747833252
329,2,train/lr,6.970515258950967e-05
330,2,train/loss,2.1029176712036133
330,2,train/lr,6.970057014808337e-05
331,2,train/loss,1.9876723289489746
331,2,train/lr,6.969595252412182e-05
332,2,train/loss,1.9080110788345337
332,2,train/lr,6.969129972230682e-05
332,2,train/batches,662.0
332,2,train/compute_pct,99.89849050081375
332,2,train/compute_sec,65.85848304082174
332,2,train/data_wait_pct,0.101509499186243
332,2,train/data_wait_sec,0.06692054701852612
332,2,train/examples,5296.0
332,2,train/examples_per_sec,80.33322075826975
332,2,train/input_tokens,626018.0
332,2,train/peak_vram_gb,6.727927207946777
332,2,train/target_tokens,424438.0
332,2,train/tokens_per_sec,15934.009392909555
332,2,train/total_sec,65.92540358784026
332,2,train/epoch_loss,2.1871168085815684
332,2,epoch2/batches,662.0
332,2,epoch2/compute_pct,99.89849050081375
332,2,epoch2/compute_sec,65.85848304082174
332,2,epoch2/data_wait_pct,0.101509499186243
332,2,epoch2/data_wait_sec,0.06692054701852612
332,2,epoch2/examples,5296.0
332,2,epoch2/examples_per_sec,80.33322075826975
332,2,epoch2/input_tokens,626018.0
332,2,epoch2/peak_vram_gb,6.727927207946777
332,2,epoch2/target_tokens,424438.0
332,2,epoch2/tokens_per_sec,15934.009392909555
332,2,epoch2/total_sec,65.92540358784026
332,2,val/bleu,3.9753122911502192
332,2,val/chrf,21.58001313349354
332,2,val/combined,9.26214291904201
332,2,val/eval_peak_vram_gb,6.727927207946777
332,2,val/eval_samples_per_sec,6.573612693880746
332,2,val/eval_seconds,90.81764134898549
332,2,val/eval_tokens_per_sec,1497.4513539435713
333,3,train/loss,1.9643936157226562
333,3,train/lr,6.968661174735577e-05
334,3,train/loss,2.131009101867676
334,3,train/lr,6.968188860402176e-05
335,3,train/loss,2.1359245777130127
335,3,train/lr,6.967713029709355e-05
336,3,train/loss,2.0062596797943115
336,3,train/lr,6.967233683139552e-05
337,3,train/loss,1.9388189315795898
337,3,train/lr,6.966750821178773e-05
338,3,train/loss,1.7134331464767456
338,3,train/lr,6.966264444316584e-05
339,3,train/loss,1.7514371871948242
339,3,train/lr,6.965774553046119e-05
340,3,train/loss,1.7474713325500488
340,3,train/lr,6.965281147864074e-05
341,3,train/loss,1.7909650802612305
341,3,train/lr,6.964784229270705e-05
342,3,train/loss,1.9419748783111572
342,3,train/lr,6.964283797769835e-05
343,3,train/loss,1.7989563941955566
343,3,train/lr,6.963779853868846e-05
344,3,train/loss,1.9004775285720825
344,3,train/lr,6.963272398078678e-05
345,3,train/loss,2.106933355331421
345,3,train/lr,6.962761430913839e-05
346,3,train/loss,1.8984458446502686
346,3,train/lr,6.96224695289239e-05
347,3,train/loss,1.9939110279083252
347,3,train/lr,6.961728964535957e-05
348,3,train/loss,1.9106478691101074
348,3,train/lr,6.961207466369722e-05
349,3,train/loss,1.9275920391082764
349,3,train/lr,6.960682458922426e-05
350,3,train/loss,1.8193585872650146
350,3,train/lr,6.96015394272637e-05
351,3,train/loss,1.8985886573791504
351,3,train/lr,6.959621918317408e-05
352,3,train/loss,1.7937827110290527
352,3,train/lr,6.959086386234956e-05
353,3,train/loss,1.7979636192321777
353,3,train/lr,6.958547347021984e-05
354,3,train/loss,1.7392547130584717
354,3,train/lr,6.958004801225018e-05
355,3,train/loss,1.947226881980896
355,3,train/lr,6.957458749394138e-05
356,3,train/loss,1.9849522113800049
356,3,train/lr,6.956909192082982e-05
357,3,train/loss,1.9116851091384888
357,3,train/lr,6.956356129848738e-05
358,3,train/loss,2.1179113388061523
358,3,train/lr,6.955799563252153e-05
359,3,train/loss,2.0556697845458984
359,3,train/lr,6.955239492857522e-05
360,3,train/loss,1.9609302282333374
360,3,train/lr,6.954675919232694e-05
361,3,train/loss,1.6650062799453735
361,3,train/lr,6.954108842949072e-05
362,3,train/loss,1.9373650550842285
362,3,train/lr,6.953538264581605e-05
363,3,train/loss,1.6229612827301025
363,3,train/lr,6.952964184708802e-05
364,3,train/loss,1.8650671243667603
364,3,train/lr,6.95238660391271e-05
365,3,train/loss,1.8257241249084473
365,3,train/lr,6.951805522778936e-05
366,3,train/loss,1.8268671035766602
366,3,train/lr,6.951220941896632e-05
367,3,train/loss,1.882753610610962
367,3,train/lr,6.950632861858496e-05
368,3,train/loss,2.0132393836975098
368,3,train/lr,6.950041283260778e-05
369,3,train/loss,1.979588508605957
369,3,train/lr,6.949446206703272e-05
370,3,train/loss,2.1394433975219727
370,3,train/lr,6.94884763278932e-05
371,3,train/loss,1.954254388809204
371,3,train/lr,6.94824556212581e-05
372,3,train/loss,2.1148581504821777
372,3,train/lr,6.947639995323174e-05
373,3,train/loss,1.876572847366333
373,3,train/lr,6.947030932995391e-05
374,3,train/loss,1.850677251815796
374,3,train/lr,6.946418375759982e-05
375,3,train/loss,1.9924631118774414
375,3,train/lr,6.945802324238013e-05
376,3,train/loss,1.8608372211456299
376,3,train/lr,6.945182779054092e-05
377,3,train/loss,1.85310697555542
377,3,train/lr,6.944559740836367e-05
378,3,train/loss,1.9475607872009277
378,3,train/lr,6.943933210216533e-05
379,3,train/loss,1.7147244215011597
379,3,train/lr,6.94330318782982e-05
380,3,train/loss,1.9119409322738647
380,3,train/lr,6.942669674315003e-05
381,3,train/loss,1.8471674919128418
381,3,train/lr,6.942032670314392e-05
382,3,train/loss,1.9581347703933716
382,3,train/lr,6.941392176473841e-05
383,3,train/loss,2.187605381011963
383,3,train/lr,6.940748193442738e-05
384,3,train/loss,2.0370798110961914
384,3,train/lr,6.940100721874013e-05
385,3,train/loss,1.7895312309265137
385,3,train/lr,6.939449762424126e-05
386,3,train/loss,2.069551944732666
386,3,train/lr,6.938795315753083e-05
387,3,train/loss,1.806443452835083
387,3,train/lr,6.938137382524418e-05
388,3,train/loss,1.7754812240600586
388,3,train/lr,6.937475963405201e-05
389,3,train/loss,1.9767711162567139
389,3,train/lr,6.93681105906604e-05
390,3,train/loss,1.620133638381958
390,3,train/lr,6.936142670181074e-05
391,3,train/loss,1.8793997764587402
391,3,train/lr,6.935470797427975e-05
392,3,train/loss,1.7259547710418701
392,3,train/lr,6.934795441487947e-05
393,3,train/loss,1.9091548919677734
393,3,train/lr,6.934116603045726e-05
394,3,train/loss,1.853851318359375
394,3,train/lr,6.93343428278958e-05
395,3,train/loss,2.292840003967285
395,3,train/lr,6.932748481411306e-05
396,3,train/loss,1.8200922012329102
396,3,train/lr,6.93205919960623e-05
397,3,train/loss,1.951040267944336
397,3,train/lr,6.931366438073209e-05
398,3,train/loss,1.8091471195220947
398,3,train/lr,6.930670197514624e-05
399,3,train/loss,1.9076015949249268
399,3,train/lr,6.929970478636387e-05
400,3,train/loss,2.092971086502075
400,3,train/lr,6.929267282147936e-05
401,3,train/loss,1.6869018077850342
401,3,train/lr,6.928560608762235e-05
402,3,train/loss,1.808142900466919
402,3,train/lr,6.927850459195769e-05
403,3,train/loss,1.8121728897094727
403,3,train/lr,6.927136834168557e-05
404,3,train/loss,1.7277381420135498
404,3,train/lr,6.926419734404129e-05
405,3,train/loss,1.8611201047897339
405,3,train/lr,6.925699160629549e-05
406,3,train/loss,1.7385947704315186
406,3,train/lr,6.924975113575398e-05
407,3,train/loss,1.852968454360962
407,3,train/lr,6.92424759397578e-05
408,3,train/loss,2.1005325317382812
408,3,train/lr,6.923516602568319e-05
409,3,train/loss,1.8865010738372803
409,3,train/lr,6.922782140094159e-05
410,3,train/loss,1.7169435024261475
410,3,train/lr,6.922044207297963e-05
411,3,train/loss,2.0204482078552246
411,3,train/lr,6.921302804927916e-05
412,3,train/loss,2.0940661430358887
412,3,train/lr,6.920557933735714e-05
413,3,train/loss,1.8602185249328613
413,3,train/lr,6.919809594476575e-05
414,3,train/loss,1.6902399063110352
414,3,train/lr,6.919057787909234e-05
415,3,train/loss,1.8624508380889893
415,3,train/lr,6.918302514795939e-05
416,3,train/loss,1.65848970413208
416,3,train/lr,6.917543775902452e-05
417,3,train/loss,1.8752435445785522
417,3,train/lr,6.91678157199805e-05
418,3,train/loss,1.6578941345214844
418,3,train/lr,6.916015903855526e-05
419,3,train/loss,1.8806445598602295
419,3,train/lr,6.915246772251181e-05
420,3,train/loss,2.113913059234619
420,3,train/lr,6.914474177964829e-05
421,3,train/loss,2.1163532733917236
421,3,train/lr,6.913698121779793e-05
422,3,train/loss,2.318437099456787
422,3,train/lr,6.912918604482913e-05
423,3,train/loss,1.8658822774887085
423,3,train/lr,6.91213562686453e-05
424,3,train/loss,1.9148714542388916
424,3,train/lr,6.911349189718497e-05
425,3,train/loss,1.803051233291626
425,3,train/lr,6.910559293842175e-05
426,3,train/loss,2.045501947402954
426,3,train/lr,6.909765940036429e-05
427,3,train/loss,1.5963951349258423
427,3,train/lr,6.908969129105634e-05
428,3,train/loss,1.6502728462219238
428,3,train/lr,6.908168861857667e-05
429,3,train/loss,1.7696807384490967
429,3,train/lr,6.90736513910391e-05
430,3,train/loss,1.7821624279022217
430,3,train/lr,6.90655796165925e-05
431,3,train/loss,1.8799903392791748
431,3,train/lr,6.905747330342075e-05
432,3,train/loss,1.72860848903656
432,3,train/lr,6.904933245974274e-05
433,3,train/loss,1.9285495281219482
433,3,train/lr,6.904115709381242e-05
434,3,train/loss,1.968576192855835
434,3,train/lr,6.903294721391867e-05
435,3,train/loss,1.8981242179870605
435,3,train/lr,6.902470282838542e-05
436,3,train/loss,1.727550983428955
436,3,train/lr,6.901642394557155e-05
437,3,train/loss,1.9556046724319458
437,3,train/lr,6.900811057387094e-05
438,3,train/loss,1.6886814832687378
438,3,train/lr,6.899976272171243e-05
439,3,train/loss,1.5517253875732422
439,3,train/lr,6.899138039755981e-05
440,3,train/loss,1.5814433097839355
440,3,train/lr,6.898296360991182e-05
441,3,train/loss,1.8717076778411865
441,3,train/lr,6.897451236730217e-05
442,3,train/loss,2.104130983352661
442,3,train/lr,6.896602667829947e-05
443,3,train/loss,1.7530622482299805
443,3,train/lr,6.895750655150727e-05
444,3,train/loss,1.8741391897201538
444,3,train/lr,6.894895199556405e-05
445,3,train/loss,1.9752954244613647
445,3,train/lr,6.894036301914316e-05
446,3,train/loss,2.088973045349121
446,3,train/lr,6.893173963095289e-05
447,3,train/loss,2.1584370136260986
447,3,train/lr,6.89230818397364e-05
448,3,train/loss,1.690577745437622
448,3,train/lr,6.891438965427172e-05
449,3,train/loss,1.9297690391540527
449,3,train/lr,6.890566308337176e-05
450,3,train/loss,1.8608431816101074
450,3,train/lr,6.889690213588432e-05
451,3,train/loss,1.859383225440979
451,3,train/lr,6.8888106820692e-05
452,3,train/loss,1.7799136638641357
452,3,train/lr,6.88792771467123e-05
453,3,train/loss,1.7625093460083008
453,3,train/lr,6.88704131228975e-05
454,3,train/loss,1.6779758930206299
454,3,train/lr,6.88615147582348e-05
455,3,train/loss,1.6566200256347656
455,3,train/lr,6.885258206174609e-05
456,3,train/loss,1.789323091506958
456,3,train/lr,6.884361504248818e-05
457,3,train/loss,1.82996666431427
457,3,train/lr,6.883461370955259e-05
458,3,train/loss,2.0275511741638184
458,3,train/lr,6.882557807206571e-05
459,3,train/loss,1.8001729249954224
459,3,train/lr,6.881650813918869e-05
460,3,train/loss,1.6332037448883057
460,3,train/lr,6.880740392011739e-05
461,3,train/loss,1.7748522758483887
461,3,train/lr,6.879826542408251e-05
462,3,train/loss,1.5936195850372314
462,3,train/lr,6.878909266034947e-05
463,3,train/loss,1.8149487972259521
463,3,train/lr,6.877988563821842e-05
464,3,train/loss,1.8157563209533691
464,3,train/lr,6.87706443670243e-05
465,3,train/loss,1.7364833354949951
465,3,train/lr,6.876136885613669e-05
466,3,train/loss,1.8579789400100708
466,3,train/lr,6.875205911495997e-05
467,3,train/loss,1.7542166709899902
467,3,train/lr,6.874271515293316e-05
468,3,train/loss,1.6810036897659302
468,3,train/lr,6.873333697953e-05
469,3,train/loss,1.7772483825683594
469,3,train/lr,6.872392460425893e-05
470,3,train/loss,2.2821218967437744
470,3,train/lr,6.871447803666306e-05
471,3,train/loss,2.003572463989258
471,3,train/lr,6.870499728632016e-05
472,3,train/loss,2.087646961212158
472,3,train/lr,6.869548236284267e-05
473,3,train/loss,1.8537001609802246
473,3,train/lr,6.868593327587765e-05
474,3,train/loss,1.6403205394744873
474,3,train/lr,6.867635003510683e-05
475,3,train/loss,1.7760000228881836
475,3,train/lr,6.866673265024654e-05
476,3,train/loss,1.959058403968811
476,3,train/lr,6.865708113104777e-05
477,3,train/loss,1.8786582946777344
477,3,train/lr,6.864739548729605e-05
478,3,train/loss,1.7419527769088745
478,3,train/lr,6.86376757288116e-05
479,3,train/loss,1.6565821170806885
479,3,train/lr,6.862792186544915e-05
480,3,train/loss,2.1335389614105225
480,3,train/lr,6.861813390709803e-05
481,3,train/loss,1.763381838798523
481,3,train/lr,6.860831186368215e-05
482,3,train/loss,1.7567625045776367
482,3,train/lr,6.859845574516e-05
483,3,train/loss,2.161059617996216
483,3,train/lr,6.858856556152456e-05
484,3,train/loss,2.0598151683807373
484,3,train/lr,6.857864132280341e-05
485,3,train/loss,1.9734179973602295
485,3,train/lr,6.85686830390586e-05
486,3,train/loss,1.4258966445922852
486,3,train/lr,6.855869072038675e-05
487,3,train/loss,1.7011470794677734
487,3,train/lr,6.854866437691895e-05
488,3,train/loss,1.8106679916381836
488,3,train/lr,6.853860401882081e-05
489,3,train/loss,1.774430274963379
489,3,train/lr,6.852850965629242e-05
490,3,train/loss,1.6213858127593994
490,3,train/lr,6.851838129956833e-05
491,3,train/loss,1.7163498401641846
491,3,train/lr,6.85082189589176e-05
492,3,train/loss,1.648841381072998
492,3,train/lr,6.84980226446437e-05
493,3,train/loss,1.880122423171997
493,3,train/lr,6.848779236708454e-05
494,3,train/loss,1.8347892761230469
494,3,train/lr,6.847752813661254e-05
495,3,train/loss,1.9256539344787598
495,3,train/lr,6.846722996363445e-05
496,3,train/loss,1.7820844650268555
496,3,train/lr,6.845689785859151e-05
497,3,train/loss,1.7908074855804443
497,3,train/lr,6.84465318319593e-05
498,3,train/loss,1.8487253189086914
498,3,train/lr,6.843613189424785e-05
498,3,train/batches,662.0
498,3,train/compute_pct,99.908929499606
498,3,train/compute_sec,64.96862099113059
498,3,train/data_wait_pct,0.09107050039400082
498,3,train/data_wait_sec,0.059221181261818856
498,3,train/examples,5296.0
498,3,train/examples_per_sec,81.44203810361738
498,3,train/input_tokens,626052.0
498,3,train/peak_vram_gb,6.727927207946777
498,3,train/target_tokens,424438.0
498,3,train/tokens_per_sec,16154.464993857444
498,3,train/total_sec,65.02784217239241
498,3,train/epoch_loss,1.8746252998124437
498,3,epoch3/batches,662.0
498,3,epoch3/compute_pct,99.908929499606
498,3,epoch3/compute_sec,64.96862099113059
498,3,epoch3/data_wait_pct,0.09107050039400082
498,3,epoch3/data_wait_sec,0.059221181261818856
498,3,epoch3/examples,5296.0
498,3,epoch3/examples_per_sec,81.44203810361738
498,3,epoch3/input_tokens,626052.0
498,3,epoch3/peak_vram_gb,6.727927207946777
498,3,epoch3/target_tokens,424438.0
498,3,epoch3/tokens_per_sec,16154.464993857444
498,3,epoch3/total_sec,65.02784217239241
498,3,val/bleu,7.389796188212866
498,3,val/chrf,26.90236387202065
498,3,val/combined,14.099751274237915
498,3,val/eval_peak_vram_gb,6.727927207946777
498,3,val/eval_samples_per_sec,5.658453927196377
498,3,val/eval_seconds,105.50585154199507
498,3,val/eval_tokens_per_sec,1531.5927755502798
499,4,train/loss,1.820841670036316
499,4,train/lr,6.842569805600153e-05
500,4,train/loss,1.8940950632095337
500,4,train/lr,6.841523032779908e-05
501,4,train/loss,1.7558903694152832
501,4,train/lr,6.840472872025367e-05
502,4,train/loss,1.5779626369476318
502,4,train/lr,6.83941932440127e-05
503,4,train/loss,1.7288103103637695
503,4,train/lr,6.838362390975803e-05
504,4,train/loss,1.5170462131500244
504,4,train/lr,6.837302072820576e-05
505,4,train/loss,1.7342913150787354
505,4,train/lr,6.836238371010637e-05
506,4,train/loss,1.6324031352996826
506,4,train/lr,6.83517128662446e-05
507,4,train/loss,1.6773645877838135
507,4,train/lr,6.834100820743949e-05
508,4,train/loss,1.9743305444717407
508,4,train/lr,6.833026974454441e-05
509,4,train/loss,1.6500136852264404
509,4,train/lr,6.831949748844696e-05
510,4,train/loss,1.7706494331359863
510,4,train/lr,6.830869145006902e-05
511,4,train/loss,1.844403624534607
511,4,train/lr,6.82978516403667e-05
512,4,train/loss,1.8281933069229126
512,4,train/lr,6.828697807033038e-05
513,4,train/loss,1.9924263954162598
513,4,train/lr,6.827607075098464e-05
514,4,train/loss,1.7560193538665771
514,4,train/lr,6.826512969338831e-05
515,4,train/loss,1.7104310989379883
515,4,train/lr,6.825415490863441e-05
516,4,train/loss,1.7501102685928345
516,4,train/lr,6.824314640785015e-05
517,4,train/loss,1.6737244129180908
517,4,train/lr,6.823210420219694e-05
518,4,train/loss,1.7472500801086426
518,4,train/lr,6.822102830287034e-05
519,4,train/loss,1.6266322135925293
519,4,train/lr,6.820991872110009e-05
520,4,train/loss,1.7230395078659058
520,4,train/lr,6.819877546815009e-05
521,4,train/loss,1.686448335647583
521,4,train/lr,6.818759855531835e-05
522,4,train/loss,1.6967334747314453
522,4,train/lr,6.817638799393702e-05
523,4,train/loss,1.8571617603302002
523,4,train/lr,6.816514379537236e-05
524,4,train/loss,1.7293789386749268
524,4,train/lr,6.815386597102477e-05
525,4,train/loss,1.7903542518615723
525,4,train/lr,6.814255453232869e-05
526,4,train/loss,2.2307028770446777
526,4,train/lr,6.813120949075268e-05
527,4,train/loss,1.6968700885772705
527,4,train/lr,6.811983085779935e-05
528,4,train/loss,1.6943532228469849
528,4,train/lr,6.810841864500537e-05
529,4,train/loss,1.623222827911377
529,4,train/lr,6.809697286394147e-05
530,4,train/loss,1.6540544033050537
530,4,train/lr,6.808549352621239e-05
531,4,train/loss,1.7186028957366943
531,4,train/lr,6.807398064345694e-05
532,4,train/loss,1.655663013458252
532,4,train/lr,6.806243422734786e-05
533,4,train/loss,1.7397671937942505
533,4,train/lr,6.805085428959198e-05
534,4,train/loss,1.7956494092941284
534,4,train/lr,6.803924084193003e-05
535,4,train/loss,1.7350757122039795
535,4,train/lr,6.802759389613681e-05
536,4,train/loss,1.8885033130645752
536,4,train/lr,6.8015913464021e-05
537,4,train/loss,1.7229198217391968
537,4,train/lr,6.800419955742527e-05
538,4,train/loss,1.7195138931274414
538,4,train/lr,6.799245218822624e-05
539,4,train/loss,1.9185200929641724
539,4,train/lr,6.798067136833442e-05
540,4,train/loss,1.8807358741760254
540,4,train/lr,6.796885710969426e-05
541,4,train/loss,1.7759790420532227
541,4,train/lr,6.795700942428413e-05
542,4,train/loss,1.4953076839447021
542,4,train/lr,6.794512832411624e-05
543,4,train/loss,1.5917294025421143
543,4,train/lr,6.793321382123675e-05
544,4,train/loss,1.6996994018554688
544,4,train/lr,6.79212659277256e-05
545,4,train/loss,1.771317720413208
545,4,train/lr,6.790928465569665e-05
546,4,train/loss,1.7337076663970947
546,4,train/lr,6.78972700172976e-05
547,4,train/loss,1.6637396812438965
547,4,train/lr,6.788522202470996e-05
548,4,train/loss,1.8449294567108154
548,4,train/lr,6.787314069014903e-05
549,4,train/loss,1.8483645915985107
549,4,train/lr,6.786102602586397e-05
550,4,train/loss,1.8900363445281982
550,4,train/lr,6.78488780441377e-05
551,4,train/loss,1.844902753829956
551,4,train/lr,6.783669675728695e-05
552,4,train/loss,1.759821891784668
552,4,train/lr,6.782448217766216e-05
553,4,train/loss,1.804624080657959
553,4,train/lr,6.781223431764757e-05
554,4,train/loss,1.707967758178711
554,4,train/lr,6.779995318966117e-05
555,4,train/loss,1.7452805042266846
555,4,train/lr,6.778763880615467e-05
556,4,train/loss,1.6808326244354248
556,4,train/lr,6.777529117961346e-05
557,4,train/loss,1.6063201427459717
557,4,train/lr,6.776291032255668e-05
558,4,train/loss,1.543393611907959
558,4,train/lr,6.775049624753716e-05
559,4,train/loss,1.7650480270385742
559,4,train/lr,6.773804896714138e-05
560,4,train/loss,1.7640438079833984
560,4,train/lr,6.772556849398952e-05
561,4,train/loss,1.984447956085205
561,4,train/lr,6.771305484073537e-05
562,4,train/loss,2.151850461959839
562,4,train/lr,6.770050802006644e-05
563,4,train/loss,1.7491209506988525
563,4,train/lr,6.768792804470375e-05
564,4,train/loss,1.8182945251464844
564,4,train/lr,6.767531492740205e-05
565,4,train/loss,1.7128307819366455
565,4,train/lr,6.766266868094965e-05
566,4,train/loss,2.078728675842285
566,4,train/lr,6.764998931816839e-05
567,4,train/loss,1.6952651739120483
567,4,train/lr,6.763727685191379e-05
568,4,train/loss,1.6139506101608276
568,4,train/lr,6.762453129507487e-05
569,4,train/loss,1.6055419445037842
569,4,train/lr,6.76117526605742e-05
570,4,train/loss,1.6098487377166748
570,4,train/lr,6.759894096136792e-05
571,4,train/loss,1.6795485019683838
571,4,train/lr,6.758609621044564e-05
572,4,train/loss,1.5754852294921875
572,4,train/lr,6.757321842083057e-05
573,4,train/loss,1.770298957824707
573,4,train/lr,6.756030760557931e-05
574,4,train/loss,1.7330636978149414
574,4,train/lr,6.754736377778204e-05
575,4,train/loss,1.8801209926605225
575,4,train/lr,6.753438695056233e-05
576,4,train/loss,1.7135999202728271
576,4,train/lr,6.752137713707726e-05
577,4,train/loss,1.6315404176712036
577,4,train/lr,6.750833435051734e-05
578,4,train/loss,1.633333683013916
578,4,train/lr,6.749525860410652e-05
579,4,train/loss,1.527475357055664
579,4,train/lr,6.748214991110214e-05
580,4,train/loss,1.5734505653381348
580,4,train/lr,6.7469008284795e-05
581,4,train/loss,1.6181504726409912
581,4,train/lr,6.74558337385092e-05
582,4,train/loss,1.7124385833740234
582,4,train/lr,6.744262628560233e-05
583,4,train/loss,1.5966469049453735
583,4,train/lr,6.742938593946522e-05
584,4,train/loss,1.6435632705688477
584,4,train/lr,6.741611271352217e-05
585,4,train/loss,1.874707579612732
585,4,train/lr,6.740280662123074e-05
586,4,train/loss,1.9374918937683105
586,4,train/lr,6.738946767608182e-05
587,4,train/loss,1.9531824588775635
587,4,train/lr,6.737609589159966e-05
588,4,train/loss,1.8573853969573975
588,4,train/lr,6.736269128134172e-05
589,4,train/loss,1.5810246467590332
589,4,train/lr,6.734925385889884e-05
590,4,train/loss,1.808122158050537
590,4,train/lr,6.733578363789503e-05
591,4,train/loss,1.722062587738037
591,4,train/lr,6.732228063198764e-05
592,4,train/loss,1.590614676475525
592,4,train/lr,6.730874485486721e-05
593,4,train/loss,1.6005101203918457
593,4,train/lr,6.72951763202575e-05
594,4,train/loss,1.6612930297851562
594,4,train/lr,6.728157504191556e-05
595,4,train/loss,1.6822357177734375
595,4,train/lr,6.726794103363149e-05
596,4,train/loss,1.718826174736023
596,4,train/lr,6.725427430922875e-05
597,4,train/loss,1.6740965843200684
597,4,train/lr,6.724057488256383e-05
598,4,train/loss,1.7509386539459229
598,4,train/lr,6.722684276752646e-05
599,4,train/loss,1.7464463710784912
599,4,train/lr,6.721307797803948e-05
600,4,train/loss,1.895258903503418
600,4,train/lr,6.719928052805884e-05
601,4,train/loss,1.7550702095031738
601,4,train/lr,6.718545043157365e-05
602,4,train/loss,1.6696984767913818
602,4,train/lr,6.71715877026061e-05
603,4,train/loss,1.5584566593170166
603,4,train/lr,6.715769235521143e-05
604,4,train/loss,1.8493082523345947
604,4,train/lr,6.714376440347802e-05
605,4,train/loss,1.6659890413284302
605,4,train/lr,6.712980386152724e-05
606,4,train/loss,1.7629542350769043
606,4,train/lr,6.711581074351357e-05
607,4,train/loss,1.6863431930541992
607,4,train/lr,6.710178506362445e-05
608,4,train/loss,1.5423054695129395
608,4,train/lr,6.708772683608038e-05
609,4,train/loss,1.6752517223358154
609,4,train/lr,6.707363607513484e-05
610,4,train/loss,1.6957104206085205
610,4,train/lr,6.70595127950743e-05
611,4,train/loss,1.8757176399230957
611,4,train/lr,6.704535701021822e-05
612,4,train/loss,1.8222568035125732
612,4,train/lr,6.703116873491896e-05
613,4,train/loss,1.8457190990447998
613,4,train/lr,6.70169479835619e-05
614,4,train/loss,1.5406410694122314
614,4,train/lr,6.700269477056528e-05
615,4,train/loss,1.7268542051315308
615,4,train/lr,6.69884091103803e-05
616,4,train/loss,1.5550153255462646
616,4,train/lr,6.697409101749102e-05
617,4,train/loss,1.6859893798828125
617,4,train/lr,6.695974050641441e-05
618,4,train/loss,1.6197190284729004
618,4,train/lr,6.694535759170031e-05
619,4,train/loss,1.7279551029205322
619,4,train/lr,6.693094228793138e-05
620,4,train/loss,1.6156102418899536
620,4,train/lr,6.691649460972315e-05
621,4,train/loss,1.8056230545043945
621,4,train/lr,6.690201457172397e-05
622,4,train/loss,1.5787386894226074
622,4,train/lr,6.688750218861498e-05
623,4,train/loss,1.7967932224273682
623,4,train/lr,6.687295747511015e-05
624,4,train/loss,1.8114185333251953
624,4,train/lr,6.685838044595621e-05
625,4,train/loss,1.9404630661010742
625,4,train/lr,6.684377111593263e-05
626,4,train/loss,1.71504545211792
626,4,train/lr,6.682912949985167e-05
627,4,train/loss,1.5955662727355957
627,4,train/lr,6.68144556125583e-05
628,4,train/loss,1.6668920516967773
628,4,train/lr,6.679974946893022e-05
629,4,train/loss,1.5028321743011475
629,4,train/lr,6.678501108387784e-05
630,4,train/loss,1.6488325595855713
630,4,train/lr,6.677024047234424e-05
631,4,train/loss,1.5508052110671997
631,4,train/lr,6.675543764930518e-05
632,4,train/loss,1.8090941905975342
632,4,train/lr,6.674060262976909e-05
633,4,train/loss,1.628909945487976
633,4,train/lr,6.672573542877702e-05
634,4,train/loss,1.5881630182266235
634,4,train/lr,6.671083606140272e-05
635,4,train/loss,1.6816391944885254
635,4,train/lr,6.669590454275242e-05
636,4,train/loss,1.7420518398284912
636,4,train/lr,6.668094088796508e-05
637,4,train/loss,1.9471683502197266
637,4,train/lr,6.666594511221218e-05
638,4,train/loss,1.7439982891082764
638,4,train/lr,6.665091723069776e-05
639,4,train/loss,1.7480406761169434
639,4,train/lr,6.663585725865844e-05
640,4,train/loss,1.8247745037078857
640,4,train/lr,6.662076521136337e-05
641,4,train/loss,1.4435341358184814
641,4,train/lr,6.66056411041142e-05
642,4,train/loss,1.8803341388702393
642,4,train/lr,6.659048495224512e-05
643,4,train/loss,1.734838604927063
643,4,train/lr,6.657529677112276e-05
644,4,train/loss,1.5423815250396729
644,4,train/lr,6.656007657614628e-05
645,4,train/loss,1.6871006488800049
645,4,train/lr,6.654482438274725e-05
646,4,train/loss,1.6528687477111816
646,4,train/lr,6.652954020638973e-05
647,4,train/loss,1.6224509477615356
647,4,train/lr,6.651422406257015e-05
648,4,train/loss,1.7611311674118042
648,4,train/lr,6.649887596681742e-05
649,4,train/loss,1.9735571146011353
649,4,train/lr,6.648349593469279e-05
650,4,train/loss,1.5710816383361816
650,4,train/lr,6.64680839817899e-05
651,4,train/loss,1.6712944507598877
651,4,train/lr,6.645264012373479e-05
652,4,train/loss,1.3982300758361816
652,4,train/lr,6.64371643761858e-05
653,4,train/loss,1.7836575508117676
653,4,train/lr,6.642165675483362e-05
654,4,train/loss,1.707181453704834
654,4,train/lr,6.640611727540128e-05
655,4,train/loss,1.8067342042922974
655,4,train/lr,6.639054595364409e-05
656,4,train/loss,1.6436560153961182
656,4,train/lr,6.637494280534962e-05
657,4,train/loss,1.5426026582717896
657,4,train/lr,6.635930784633777e-05
658,4,train/loss,1.7403979301452637
658,4,train/lr,6.634364109246064e-05
659,4,train/loss,1.7236230373382568
659,4,train/lr,6.632794255960257e-05
660,4,train/loss,1.6573535203933716
660,4,train/lr,6.631221226368016e-05
661,4,train/loss,1.8832883834838867
661,4,train/lr,6.629645022064216e-05
662,4,train/loss,1.5661591291427612
662,4,train/lr,6.628065644646955e-05
663,4,train/loss,1.7438886165618896
663,4,train/lr,6.626483095717549e-05
664,4,train/loss,1.613158941268921
664,4,train/lr,6.624897376880523e-05
664,4,train/batches,662.0
664,4,train/compute_pct,99.88656888494118
664,4,train/compute_sec,63.34756347845541
664,4,train/data_wait_pct,0.11343111505882034
664,4,train/data_wait_sec,0.07193744706455618
664,4,train/examples,5296.0
664,4,train/examples_per_sec,83.507437345173
664,4,train/input_tokens,626165.0
664,4,train/peak_vram_gb,6.727927207946777
664,4,train/target_tokens,424551.0
664,4,train/tokens_per_sec,16567.711581867596
664,4,train/total_sec,63.41950092551997
664,4,train/epoch_loss,1.730464258402856
664,4,epoch4/batches,662.0
664,4,epoch4/compute_pct,99.88656888494118
664,4,epoch4/compute_sec,63.34756347845541
664,4,epoch4/data_wait_pct,0.11343111505882034
664,4,epoch4/data_wait_sec,0.07193744706455618
664,4,epoch4/examples,5296.0
664,4,epoch4/examples_per_sec,83.507437345173
664,4,epoch4/input_tokens,626165.0
664,4,epoch4/peak_vram_gb,6.727927207946777
664,4,epoch4/target_tokens,424551.0
664,4,epoch4/tokens_per_sec,16567.711581867596
664,4,epoch4/total_sec,63.41950092551997
664,4,val/bleu,10.901634793607306
664,4,val/chrf,32.051926436069614
664,4,val/combined,18.692736461995025
664,4,val/eval_peak_vram_gb,6.727927207946777
664,4,val/eval_samples_per_sec,5.921807381318035
664,4,val/eval_seconds,100.81381604599301
664,4,val/eval_tokens_per_sec,1516.8555858478292
665,5,train/loss,1.6977901458740234
665,5,train/lr,6.623308489743625e-05
666,5,train/loss,1.4834935665130615
666,5,train/lr,6.621716435917806e-05
667,5,train/loss,1.6184028387069702
667,5,train/lr,6.620121217017235e-05
668,5,train/loss,1.7829492092132568
668,5,train/lr,6.618522834659287e-05
669,5,train/loss,1.5504710674285889
669,5,train/lr,6.616921290464545e-05
670,5,train/loss,1.5900733470916748
670,5,train/lr,6.615316586056796e-05
671,5,train/loss,1.4345042705535889
671,5,train/lr,6.613708723063033e-05
672,5,train/loss,1.5835144519805908
672,5,train/lr,6.612097703113452e-05
673,5,train/loss,1.5976824760437012
673,5,train/lr,6.610483527841449e-05
674,5,train/loss,1.5745210647583008
674,5,train/lr,6.608866198883617e-05
675,5,train/loss,1.6660832166671753
675,5,train/lr,6.607245717879749e-05
676,5,train/loss,1.7906512022018433
676,5,train/lr,6.605622086472835e-05
677,5,train/loss,1.797873616218567
677,5,train/lr,6.603995306309056e-05
678,5,train/loss,1.726588487625122
678,5,train/lr,6.602365379037788e-05
679,5,train/loss,1.8186390399932861
679,5,train/lr,6.600732306311595e-05
680,5,train/loss,1.561177372932434
680,5,train/lr,6.599096089786233e-05
681,5,train/loss,1.6309984922409058
681,5,train/lr,6.597456731120646e-05
682,5,train/loss,1.5344632863998413
682,5,train/lr,6.595814231976958e-05
683,5,train/loss,1.5708727836608887
683,5,train/lr,6.594168594020486e-05
684,5,train/loss,1.3914804458618164
684,5,train/lr,6.592519818919721e-05
685,5,train/loss,1.671687126159668
685,5,train/lr,6.59086790834634e-05
686,5,train/loss,1.6731971502304077
686,5,train/lr,6.589212863975197e-05
687,5,train/loss,1.746508002281189
687,5,train/lr,6.587554687484325e-05
688,5,train/loss,1.5823845863342285
688,5,train/lr,6.585893380554929e-05
689,5,train/loss,1.7680094242095947
689,5,train/lr,6.58422894487139e-05
690,5,train/loss,1.8873205184936523
690,5,train/lr,6.582561382121264e-05
691,5,train/loss,1.7306276559829712
691,5,train/lr,6.580890693995274e-05
692,5,train/loss,1.64316987991333
692,5,train/lr,6.579216882187312e-05
693,5,train/loss,1.5703716278076172
693,5,train/lr,6.577539948394439e-05
694,5,train/loss,1.3973381519317627
694,5,train/lr,6.575859894316877e-05
695,5,train/loss,1.5120141506195068
695,5,train/lr,6.57417672165802e-05
696,5,train/loss,1.6972898244857788
696,5,train/lr,6.572490432124416e-05
697,5,train/loss,1.541741132736206
697,5,train/lr,6.570801027425774e-05
698,5,train/loss,1.572936773300171
698,5,train/lr,6.569108509274965e-05
699,5,train/loss,1.6236047744750977
699,5,train/lr,6.567412879388016e-05
700,5,train/loss,1.8612380027770996
700,5,train/lr,6.565714139484107e-05
701,5,train/loss,1.8632397651672363
701,5,train/lr,6.564012291285572e-05
702,5,train/loss,1.8175859451293945
702,5,train/lr,6.562307336517895e-05
703,5,train/loss,1.986772060394287
703,5,train/lr,6.560599276909715e-05
704,5,train/loss,1.7089382410049438
704,5,train/lr,6.558888114192812e-05
705,5,train/loss,1.7915204763412476
705,5,train/lr,6.557173850102117e-05
706,5,train/loss,1.5763297080993652
706,5,train/lr,6.555456486375705e-05
707,5,train/loss,1.929966926574707
707,5,train/lr,6.553736024754789e-05
708,5,train/loss,1.7020795345306396
708,5,train/lr,6.55201246698373e-05
709,5,train/loss,1.3852548599243164
709,5,train/lr,6.550285814810024e-05
710,5,train/loss,1.5134639739990234
710,5,train/lr,6.548556069984304e-05
711,5,train/loss,1.3743195533752441
711,5,train/lr,6.546823234260341e-05
712,5,train/loss,1.6562294960021973
712,5,train/lr,6.545087309395037e-05
713,5,train/loss,1.639948844909668
713,5,train/lr,6.54334829714843e-05
714,5,train/loss,1.6428382396697998
714,5,train/lr,6.541606199283682e-05
715,5,train/loss,1.6062240600585938
715,5,train/lr,6.539861017567091e-05
716,5,train/loss,1.784503698348999
716,5,train/lr,6.538112753768075e-05
717,5,train/loss,1.9446473121643066
717,5,train/lr,6.536361409659183e-05
718,5,train/loss,1.7516891956329346
718,5,train/lr,6.534606987016083e-05
719,5,train/loss,1.555321216583252
719,5,train/lr,6.532849487617562e-05
720,5,train/loss,1.5412318706512451
720,5,train/lr,6.531088913245535e-05
721,5,train/loss,1.5038535594940186
721,5,train/lr,6.529325265685025e-05
722,5,train/loss,1.638153076171875
722,5,train/lr,6.527558546724179e-05
723,5,train/loss,1.591090202331543
723,5,train/lr,6.525788758154253e-05
724,5,train/loss,1.8116742372512817
724,5,train/lr,6.524015901769614e-05
725,5,train/loss,1.6915135383605957
725,5,train/lr,6.522239979367745e-05
726,5,train/loss,1.6539244651794434
726,5,train/lr,6.520460992749234e-05
727,5,train/loss,1.815921664237976
727,5,train/lr,6.518678943717776e-05
728,5,train/loss,1.770433783531189
728,5,train/lr,6.516893834080172e-05
729,5,train/loss,1.7791590690612793
729,5,train/lr,6.515105665646325e-05
730,5,train/loss,1.6890771389007568
730,5,train/lr,6.51331444022924e-05
731,5,train/loss,1.5854477882385254
731,5,train/lr,6.51152015964502e-05
732,5,train/loss,1.6485137939453125
732,5,train/lr,6.50972282571287e-05
733,5,train/loss,1.7790125608444214
733,5,train/lr,6.507922440255084e-05
734,5,train/loss,1.6522858142852783
734,5,train/lr,6.506119005097056e-05
735,5,train/loss,1.6470921039581299
735,5,train/lr,6.504312522067266e-05
736,5,train/loss,1.584046483039856
736,5,train/lr,6.502502992997292e-05
737,5,train/loss,1.5699087381362915
737,5,train/lr,6.500690419721795e-05
738,5,train/loss,1.409194827079773
738,5,train/lr,6.498874804078521e-05
739,5,train/loss,1.666140079498291
739,5,train/lr,6.497056147908307e-05
740,5,train/loss,1.6086747646331787
740,5,train/lr,6.495234453055065e-05
741,5,train/loss,1.4108587503433228
741,5,train/lr,6.493409721365795e-05
742,5,train/loss,1.5362039804458618
742,5,train/lr,6.491581954690573e-05
743,5,train/loss,1.6932032108306885
743,5,train/lr,6.489751154882549e-05
744,5,train/loss,1.438049554824829
744,5,train/lr,6.487917323797953e-05
745,5,train/loss,1.636185884475708
745,5,train/lr,6.486080463296086e-05
746,5,train/loss,1.2692744731903076
746,5,train/lr,6.484240575239322e-05
747,5,train/loss,1.4431092739105225
747,5,train/lr,6.482397661493104e-05
748,5,train/loss,1.612271785736084
748,5,train/lr,6.480551723925943e-05
749,5,train/loss,1.6012327671051025
749,5,train/lr,6.478702764409411e-05
750,5,train/loss,1.808107852935791
750,5,train/lr,6.476850784818153e-05
751,5,train/loss,1.6474330425262451
751,5,train/lr,6.474995787029869e-05
752,5,train/loss,1.6667914390563965
752,5,train/lr,6.473137772925323e-05
753,5,train/loss,1.8249461650848389
753,5,train/lr,6.471276744388333e-05
754,5,train/loss,2.0071635246276855
754,5,train/lr,6.46941270330578e-05
755,5,train/loss,1.7983012199401855
755,5,train/lr,6.467545651567589e-05
756,5,train/loss,1.6999385356903076
756,5,train/lr,6.465675591066749e-05
757,5,train/loss,1.6611664295196533
757,5,train/lr,6.463802523699292e-05
758,5,train/loss,2.003134250640869
758,5,train/lr,6.461926451364302e-05
759,5,train/loss,1.3897590637207031
759,5,train/lr,6.460047375963906e-05
760,5,train/loss,1.4169557094573975
760,5,train/lr,6.458165299403281e-05
761,5,train/loss,1.6501038074493408
761,5,train/lr,6.456280223590644e-05
762,5,train/loss,1.5369033813476562
762,5,train/lr,6.454392150437252e-05
763,5,train/loss,1.6828279495239258
763,5,train/lr,6.452501081857403e-05
764,5,train/loss,1.7509393692016602
764,5,train/lr,6.45060701976843e-05
765,5,train/loss,1.6802211999893188
765,5,train/lr,6.448709966090704e-05
766,5,train/loss,1.8494213819503784
766,5,train/lr,6.446809922747625e-05
767,5,train/loss,1.5656309127807617
767,5,train/lr,6.444906891665628e-05
768,5,train/loss,1.6884011030197144
768,5,train/lr,6.443000874774177e-05
769,5,train/loss,1.6009365320205688
769,5,train/lr,6.44109187400576e-05
770,5,train/loss,1.6883456707000732
770,5,train/lr,6.439179891295893e-05
771,5,train/loss,1.5525264739990234
771,5,train/lr,6.437264928583114e-05
772,5,train/loss,1.5660229921340942
772,5,train/lr,6.435346987808983e-05
773,5,train/loss,1.446016788482666
773,5,train/lr,6.433426070918082e-05
774,5,train/loss,1.6509811878204346
774,5,train/lr,6.431502179858005e-05
775,5,train/loss,1.5959618091583252
775,5,train/lr,6.429575316579368e-05
776,5,train/loss,1.5852506160736084
776,5,train/lr,6.427645483035793e-05
777,5,train/loss,1.5631725788116455
777,5,train/lr,6.425712681183919e-05
778,5,train/loss,1.7591633796691895
778,5,train/lr,6.423776912983395e-05
779,5,train/loss,1.6926051378250122
779,5,train/lr,6.421838180396873e-05
780,5,train/loss,1.7587488889694214
780,5,train/lr,6.419896485390014e-05
781,5,train/loss,1.4951043128967285
781,5,train/lr,6.417951829931483e-05
782,5,train/loss,1.5145976543426514
782,5,train/lr,6.416004215992942e-05
783,5,train/loss,1.6330657005310059
783,5,train/lr,6.414053645549059e-05
784,5,train/loss,1.5029605627059937
784,5,train/lr,6.412100120577495e-05
785,5,train/loss,1.441211462020874
785,5,train/lr,6.410143643058908e-05
786,5,train/loss,1.5580241680145264
786,5,train/lr,6.408184214976949e-05
787,5,train/loss,1.6327680349349976
787,5,train/lr,6.406221838318264e-05
788,5,train/loss,1.5361847877502441
788,5,train/lr,6.404256515072482e-05
789,5,train/loss,1.7030665874481201
789,5,train/lr,6.402288247232226e-05
790,5,train/loss,1.6783077716827393
790,5,train/lr,6.400317036793099e-05
791,5,train/loss,1.8019235134124756
791,5,train/lr,6.398342885753691e-05
792,5,train/loss,1.623281717300415
792,5,train/lr,6.396365796115574e-05
793,5,train/loss,1.8122589588165283
793,5,train/lr,6.394385769883296e-05
794,5,train/loss,1.5966566801071167
794,5,train/lr,6.392402809064386e-05
795,5,train/loss,1.5922142267227173
795,5,train/lr,6.390416915669344e-05
796,5,train/loss,1.604756236076355
796,5,train/lr,6.388428091711649e-05
797,5,train/loss,1.5392534732818604
797,5,train/lr,6.386436339207747e-05
798,5,train/loss,1.5565879344940186
798,5,train/lr,6.384441660177053e-05
799,5,train/loss,1.6235918998718262
799,5,train/lr,6.382444056641955e-05
800,5,train/loss,1.6335194110870361
800,5,train/lr,6.380443530627796e-05
801,5,train/loss,1.708322525024414
801,5,train/lr,6.378440084162893e-05
802,5,train/loss,1.7959041595458984
802,5,train/lr,6.376433719278515e-05
803,5,train/loss,1.7601535320281982
803,5,train/lr,6.374424438008895e-05
804,5,train/loss,1.8099509477615356
804,5,train/lr,6.372412242391224e-05
805,5,train/loss,1.6783119440078735
805,5,train/lr,6.370397134465641e-05
806,5,train/loss,1.527289628982544
806,5,train/lr,6.368379116275247e-05
807,5,train/loss,1.3715466260910034
807,5,train/lr,6.366358189866085e-05
808,5,train/loss,1.5191911458969116
808,5,train/lr,6.364334357287154e-05
809,5,train/loss,1.3269109725952148
809,5,train/lr,6.362307620590393e-05
810,5,train/loss,1.6367107629776
810,5,train/lr,6.360277981830691e-05
811,5,train/loss,1.5774009227752686
811,5,train/lr,6.358245443065875e-05
812,5,train/loss,1.5230746269226074
812,5,train/lr,6.356210006356716e-05
813,5,train/loss,1.5071721076965332
813,5,train/lr,6.354171673766921e-05
814,5,train/loss,1.75169038772583
814,5,train/lr,6.352130447363133e-05
815,5,train/loss,1.4433170557022095
815,5,train/lr,6.350086329214929e-05
816,5,train/loss,1.713121771812439
816,5,train/lr,6.348039321394819e-05
817,5,train/loss,1.5359246730804443
817,5,train/lr,6.34598942597824e-05
818,5,train/loss,1.5892345905303955
818,5,train/lr,6.343936645043564e-05
819,5,train/loss,1.640000343322754
819,5,train/lr,6.34188098067208e-05
820,5,train/loss,1.4136590957641602
820,5,train/lr,6.339822434948005e-05
821,5,train/loss,1.5544989109039307
821,5,train/lr,6.337761009958476e-05
822,5,train/loss,1.443213939666748
822,5,train/lr,6.33569670779355e-05
823,5,train/loss,1.5855090618133545
823,5,train/lr,6.3336295305462e-05
824,5,train/loss,1.5160460472106934
824,5,train/lr,6.331559480312315e-05
825,5,train/loss,1.7490432262420654
825,5,train/lr,6.329486559190698e-05
826,5,train/loss,1.5168159008026123
826,5,train/lr,6.32741076928306e-05
827,5,train/loss,1.8386297225952148
827,5,train/lr,6.325332112694024e-05
828,5,train/loss,1.5887417793273926
828,5,train/lr,6.323250591531114e-05
829,5,train/loss,1.5569647550582886
829,5,train/lr,6.321166207904765e-05
830,5,train/loss,1.6429164409637451
830,5,train/lr,6.31907896392831e-05
830,5,train/batches,662.0
830,5,train/compute_pct,99.89541185211215
830,5,train/compute_sec,64.32187573431293
830,5,train/data_wait_pct,0.10458814788785124
830,5,train/data_wait_sec,0.06734349182806909
830,5,train/examples,5296.0
830,5,train/examples_per_sec,82.24979373332592
830,5,train/input_tokens,625993.0
830,5,train/peak_vram_gb,6.727927207946777
830,5,train/target_tokens,424438.0
830,5,train/tokens_per_sec,16313.771352169802
830,5,train/total_sec,64.389219226141
830,5,train/epoch_loss,1.6414883484292966
830,5,epoch5/batches,662.0
830,5,epoch5/compute_pct,99.89541185211215
830,5,epoch5/compute_sec,64.32187573431293
830,5,epoch5/data_wait_pct,0.10458814788785124
830,5,epoch5/data_wait_sec,0.06734349182806909
830,5,epoch5/examples,5296.0
830,5,epoch5/examples_per_sec,82.24979373332592
830,5,epoch5/input_tokens,625993.0
830,5,epoch5/peak_vram_gb,6.727927207946777
830,5,epoch5/target_tokens,424438.0
830,5,epoch5/tokens_per_sec,16313.771352169802
830,5,epoch5/total_sec,64.389219226141
830,5,val/bleu,13.741308097586971
830,5,val/chrf,35.694934282582466
830,5,val/combined,22.14712372973261
830,5,val/eval_peak_vram_gb,6.727927207946777
830,5,val/eval_samples_per_sec,6.227048698740872
830,5,val/eval_seconds,95.87206217300263
830,5,val/eval_tokens_per_sec,1438.9176249391971
831,6,train/loss,1.728400468826294
831,6,train/lr,6.316988861717984e-05
832,6,train/loss,1.6414844989776611
832,6,train/lr,6.314895903392917e-05
833,6,train/loss,1.523240089416504
833,6,train/lr,6.312800091075141e-05
834,6,train/loss,1.5699975490570068
834,6,train/lr,6.310701426889576e-05
835,6,train/loss,1.6110316514968872
835,6,train/lr,6.308599912964032e-05
836,6,train/loss,1.4545738697052002
836,6,train/lr,6.306495551429214e-05
837,6,train/loss,1.5721921920776367
837,6,train/lr,6.304388344418712e-05
838,6,train/loss,1.5625674724578857
838,6,train/lr,6.302278294069e-05
839,6,train/loss,1.7069644927978516
839,6,train/lr,6.300165402519434e-05
840,6,train/loss,1.5616451501846313
840,6,train/lr,6.298049671912254e-05
841,6,train/loss,1.6010515689849854
841,6,train/lr,6.295931104392576e-05
842,6,train/loss,1.5466208457946777
842,6,train/lr,6.293809702108392e-05
843,6,train/loss,1.6204314231872559
843,6,train/lr,6.291685467210569e-05
844,6,train/loss,1.799760341644287
844,6,train/lr,6.289558401852847e-05
845,6,train/loss,1.613337755203247
845,6,train/lr,6.287428508191835e-05
846,6,train/loss,1.9542515277862549
846,6,train/lr,6.285295788387007e-05
847,6,train/loss,1.767953872680664
847,6,train/lr,6.283160244600707e-05
848,6,train/loss,1.457524061203003
848,6,train/lr,6.281021878998139e-05
849,6,train/loss,1.5505845546722412
849,6,train/lr,6.278880693747369e-05
850,6,train/loss,1.4923746585845947
850,6,train/lr,6.276736691019323e-05
851,6,train/loss,1.4731706380844116
851,6,train/lr,6.27458987298778e-05
852,6,train/loss,1.6128864288330078
852,6,train/lr,6.272440241829376e-05
853,6,train/loss,1.6621315479278564
853,6,train/lr,6.2702877997236e-05
854,6,train/loss,1.517465353012085
854,6,train/lr,6.268132548852791e-05
855,6,train/loss,1.7445367574691772
855,6,train/lr,6.265974491402132e-05
856,6,train/loss,1.6952626705169678
856,6,train/lr,6.263813629559657e-05
857,6,train/loss,1.6515998840332031
857,6,train/lr,6.261649965516238e-05
858,6,train/loss,1.552614688873291
858,6,train/lr,6.259483501465592e-05
859,6,train/loss,1.576573133468628
859,6,train/lr,6.257314239604274e-05
860,6,train/loss,1.515061378479004
860,6,train/lr,6.255142182131675e-05
861,6,train/loss,1.4419517517089844
861,6,train/lr,6.252967331250021e-05
862,6,train/loss,1.462141990661621
862,6,train/lr,6.250789689164368e-05
863,6,train/loss,1.447432041168213
863,6,train/lr,6.248609258082606e-05
864,6,train/loss,1.389963984489441
864,6,train/lr,6.246426040215451e-05
865,6,train/loss,1.554086446762085
865,6,train/lr,6.244240037776443e-05
866,6,train/loss,1.5537035465240479
866,6,train/lr,6.242051252981946e-05
867,6,train/loss,1.7911474704742432
867,6,train/lr,6.239859688051147e-05
868,6,train/loss,1.5509676933288574
868,6,train/lr,6.237665345206047e-05
869,6,train/loss,1.7421181201934814
869,6,train/lr,6.235468226671472e-05
870,6,train/loss,1.679924726486206
870,6,train/lr,6.233268334675051e-05
871,6,train/loss,1.4867855310440063
871,6,train/lr,6.231065671447234e-05
872,6,train/loss,1.5296313762664795
872,6,train/lr,6.228860239221277e-05
873,6,train/loss,1.5126291513442993
873,6,train/lr,6.226652040233245e-05
874,6,train/loss,1.4960711002349854
874,6,train/lr,6.224441076722007e-05
875,6,train/loss,1.5868172645568848
875,6,train/lr,6.222227350929234e-05
876,6,train/loss,1.6272234916687012
876,6,train/lr,6.220010865099397e-05
877,6,train/loss,1.6378772258758545
877,6,train/lr,6.217791621479773e-05
878,6,train/loss,1.5856918096542358
878,6,train/lr,6.215569622320423e-05
879,6,train/loss,1.5500633716583252
879,6,train/lr,6.213344869874211e-05
880,6,train/loss,1.784400224685669
880,6,train/lr,6.21111736639679e-05
881,6,train/loss,1.6468849182128906
881,6,train/lr,6.208887114146602e-05
882,6,train/loss,1.6413249969482422
882,6,train/lr,6.206654115384874e-05
883,6,train/loss,1.5401145219802856
883,6,train/lr,6.204418372375621e-05
884,6,train/loss,1.3780033588409424
884,6,train/lr,6.202179887385638e-05
885,6,train/loss,1.5566668510437012
885,6,train/lr,6.199938662684501e-05
886,6,train/loss,1.5483052730560303
886,6,train/lr,6.197694700544565e-05
887,6,train/loss,1.551939845085144
887,6,train/lr,6.195448003240957e-05
888,6,train/loss,1.5560190677642822
888,6,train/lr,6.193198573051581e-05
889,6,train/loss,1.477608561515808
889,6,train/lr,6.190946412257108e-05
890,6,train/loss,1.6254198551177979
890,6,train/lr,6.188691523140981e-05
891,6,train/loss,1.6814231872558594
891,6,train/lr,6.186433907989409e-05
892,6,train/loss,1.652376651763916
892,6,train/lr,6.184173569091362e-05
893,6,train/loss,1.7293851375579834
893,6,train/lr,6.181910508738573e-05
894,6,train/loss,1.4529551267623901
894,6,train/lr,6.179644729225536e-05
895,6,train/loss,1.8178458213806152
895,6,train/lr,6.1773762328495e-05
896,6,train/loss,1.6104238033294678
896,6,train/lr,6.175105021910468e-05
897,6,train/loss,1.8179566860198975
897,6,train/lr,6.172831098711199e-05
898,6,train/loss,1.555355191230774
898,6,train/lr,6.170554465557197e-05
899,6,train/loss,1.6062233448028564
899,6,train/lr,6.168275124756716e-05
900,6,train/loss,1.5674097537994385
900,6,train/lr,6.165993078620756e-05
901,6,train/loss,1.60396409034729
901,6,train/lr,6.163708329463059e-05
902,6,train/loss,1.5504196882247925
902,6,train/lr,6.161420879600107e-05
903,6,train/loss,1.6586925983428955
903,6,train/lr,6.159130731351123e-05
904,6,train/loss,1.5652754306793213
904,6,train/lr,6.156837887038059e-05
905,6,train/loss,1.5778956413269043
905,6,train/lr,6.15454234898561e-05
906,6,train/loss,1.6540615558624268
906,6,train/lr,6.152244119521195e-05
907,6,train/loss,1.4868712425231934
907,6,train/lr,6.149943200974966e-05
908,6,train/loss,1.665318489074707
908,6,train/lr,6.147639595679797e-05
909,6,train/loss,1.5073965787887573
909,6,train/lr,6.14533330597129e-05
910,6,train/loss,1.5946530103683472
910,6,train/lr,6.143024334187767e-05
911,6,train/loss,1.3493857383728027
911,6,train/lr,6.140712682670271e-05
912,6,train/loss,1.4093849658966064
912,6,train/lr,6.138398353762557e-05
913,6,train/loss,1.3654053211212158
913,6,train/lr,6.136081349811105e-05
914,6,train/loss,1.4270358085632324
914,6,train/lr,6.133761673165094e-05
915,6,train/loss,1.7363523244857788
915,6,train/lr,6.131439326176421e-05
916,6,train/loss,1.651849627494812
916,6,train/lr,6.129114311199688e-05
917,6,train/loss,1.5755822658538818
917,6,train/lr,6.126786630592207e-05
918,6,train/loss,1.661057472229004
918,6,train/lr,6.124456286713983e-05
919,6,train/loss,1.6121872663497925
919,6,train/lr,6.122123281927729e-05
920,6,train/loss,1.6487274169921875
920,6,train/lr,6.119787618598853e-05
921,6,train/loss,1.6888723373413086
921,6,train/lr,6.11744929909546e-05
922,6,train/loss,1.6220331192016602
922,6,train/lr,6.115108325788347e-05
923,6,train/loss,1.350069522857666
923,6,train/lr,6.112764701050999e-05
924,6,train/loss,1.4985119104385376
924,6,train/lr,6.110418427259595e-05
925,6,train/loss,1.507843255996704
925,6,train/lr,6.108069506792995e-05
926,6,train/loss,1.4300663471221924
926,6,train/lr,6.105717942032745e-05
927,6,train/loss,1.4705047607421875
927,6,train/lr,6.103363735363072e-05
928,6,train/loss,1.591566801071167
928,6,train/lr,6.101006889170879e-05
929,6,train/loss,1.3515594005584717
929,6,train/lr,6.0986474058457496e-05
930,6,train/loss,1.6482255458831787
930,6,train/lr,6.096285287779935e-05
931,6,train/loss,1.5996546745300293
931,6,train/lr,6.093920537368364e-05
932,6,train/loss,1.64921236038208
932,6,train/lr,6.091553157008632e-05
933,6,train/loss,1.6728354692459106
933,6,train/lr,6.089183149100997e-05
934,6,train/loss,1.7860281467437744
934,6,train/lr,6.086810516048389e-05
935,6,train/loss,1.5535495281219482
935,6,train/lr,6.084435260256393e-05
936,6,train/loss,1.4610204696655273
936,6,train/lr,6.0820573841332556e-05
937,6,train/loss,1.420028805732727
937,6,train/lr,6.079676890089879e-05
938,6,train/loss,1.3646268844604492
938,6,train/lr,6.077293780539821e-05
939,6,train/loss,1.491637945175171
939,6,train/lr,6.0749080578992925e-05
940,6,train/loss,1.428785800933838
940,6,train/lr,6.07251972458715e-05
941,6,train/loss,1.573000431060791
941,6,train/lr,6.070128783024899e-05
942,6,train/loss,1.6994268894195557
942,6,train/lr,6.067735235636691e-05
943,6,train/loss,1.589951992034912
943,6,train/lr,6.065339084849316e-05
944,6,train/loss,1.566441297531128
944,6,train/lr,6.062940333092207e-05
945,6,train/loss,1.7847325801849365
945,6,train/lr,6.060538982797432e-05
946,6,train/loss,1.5975563526153564
946,6,train/lr,6.0581350363996945e-05
947,6,train/loss,1.6577048301696777
947,6,train/lr,6.05572849633633e-05
948,6,train/loss,1.6434097290039062
948,6,train/lr,6.0533193650473035e-05
949,6,train/loss,1.8933453559875488
949,6,train/lr,6.050907644975208e-05
950,6,train/loss,1.5951697826385498
950,6,train/lr,6.048493338565259e-05
951,6,train/loss,1.4958257675170898
951,6,train/lr,6.046076448265297e-05
952,6,train/loss,1.3584173917770386
952,6,train/lr,6.043656976525781e-05
953,6,train/loss,1.5215249061584473
953,6,train/lr,6.041234925799787e-05
954,6,train/loss,1.5772414207458496
954,6,train/lr,6.038810298543006e-05
955,6,train/loss,1.5831103324890137
955,6,train/lr,6.0363830972137425e-05
956,6,train/loss,1.9331793785095215
956,6,train/lr,6.03395332427291e-05
957,6,train/loss,1.5871810913085938
957,6,train/lr,6.031520982184027e-05
958,6,train/loss,1.5528736114501953
958,6,train/lr,6.029086073413222e-05
959,6,train/loss,1.474279761314392
959,6,train/lr,6.02664860042922e-05
960,6,train/loss,1.515262484550476
960,6,train/lr,6.0242085657033506e-05
961,6,train/loss,1.4893946647644043
961,6,train/lr,6.021765971709538e-05
962,6,train/loss,1.330606460571289
962,6,train/lr,6.0193208209243023e-05
963,6,train/loss,1.6227151155471802
963,6,train/lr,6.0168731158267554e-05
964,6,train/loss,1.5285252332687378
964,6,train/lr,6.014422858898599e-05
965,6,train/loss,1.4992282390594482
965,6,train/lr,6.011970052624124e-05
966,6,train/loss,1.5743944644927979
966,6,train/lr,6.0095146994902016e-05
967,6,train/loss,1.621080994606018
967,6,train/lr,6.00705680198629e-05
968,6,train/loss,1.5320138931274414
968,6,train/lr,6.004596362604423e-05
969,6,train/loss,1.7283635139465332
969,6,train/lr,6.0021333838392165e-05
970,6,train/loss,1.7261710166931152
970,6,train/lr,5.999667868187856e-05
971,6,train/loss,1.5803308486938477
971,6,train/lr,5.997199818150102e-05
972,6,train/loss,1.7340227365493774
972,6,train/lr,5.994729236228284e-05
973,6,train/loss,1.6134626865386963
973,6,train/lr,5.9922561249272975e-05
974,6,train/loss,1.6027848720550537
974,6,train/lr,5.989780486754607e-05
975,6,train/loss,1.5031763315200806
975,6,train/lr,5.9873023242202306e-05
976,6,train/loss,1.4143518209457397
976,6,train/lr,5.9848216398367535e-05
977,6,train/loss,1.4587111473083496
977,6,train/lr,5.982338436119314e-05
978,6,train/loss,1.5554041862487793
978,6,train/lr,5.979852715585607e-05
979,6,train/loss,1.5775477886199951
979,6,train/lr,5.977364480755875e-05
980,6,train/loss,1.6396445035934448
980,6,train/lr,5.974873734152915e-05
981,6,train/loss,1.7383899688720703
981,6,train/lr,5.972380478302069e-05
982,6,train/loss,1.7127532958984375
982,6,train/lr,5.96988471573122e-05
983,6,train/loss,1.5897371768951416
983,6,train/lr,5.967386448970796e-05
984,6,train/loss,1.504579782485962
984,6,train/lr,5.964885680553763e-05
985,6,train/loss,1.4957807064056396
985,6,train/lr,5.9623824130156217e-05
986,6,train/loss,1.423600435256958
986,6,train/lr,5.959876648894409e-05
987,6,train/loss,1.4525814056396484
987,6,train/lr,5.957368390730694e-05
988,6,train/loss,1.7008856534957886
988,6,train/lr,5.954857641067571e-05
989,6,train/loss,1.610579252243042
989,6,train/lr,5.9523444024506615e-05
990,6,train/loss,1.3831695318222046
990,6,train/lr,5.9498286774281126e-05
991,6,train/loss,1.5192930698394775
991,6,train/lr,5.94731046855059e-05
992,6,train/loss,1.5683917999267578
992,6,train/lr,5.94478977837128e-05
993,6,train/loss,1.85978364944458
993,6,train/lr,5.94226660944588e-05
994,6,train/loss,1.6485910415649414
994,6,train/lr,5.939740964332607e-05
995,6,train/loss,1.422196388244629
995,6,train/lr,5.9372128455921844e-05
996,6,train/loss,1.6837711334228516
996,6,train/lr,5.934682255787844e-05
996,6,train/batches,662.0
996,6,train/compute_pct,99.86082937795979
996,6,train/compute_sec,65.52755110384896
996,6,train/data_wait_pct,0.13917062204021077
996,6,train/data_wait_sec,0.09132219414459541
996,6,train/examples,5296.0
996,6,train/examples_per_sec,80.70848726629899
996,6,train/input_tokens,626125.0
996,6,train/peak_vram_gb,6.727927207946777
996,6,train/target_tokens,424618.0
996,6,train/tokens_per_sec,16012.816849632327
996,6,train/total_sec,65.61887329799356
996,6,train/epoch_loss,1.5825360399358581
996,6,epoch6/batches,662.0
996,6,epoch6/compute_pct,99.86082937795979
996,6,epoch6/compute_sec,65.52755110384896
996,6,epoch6/data_wait_pct,0.13917062204021077
996,6,epoch6/data_wait_sec,0.09132219414459541
996,6,epoch6/examples,5296.0
996,6,epoch6/examples_per_sec,80.70848726629899
996,6,epoch6/input_tokens,626125.0
996,6,epoch6/peak_vram_gb,6.727927207946777
996,6,epoch6/target_tokens,424618.0
996,6,epoch6/tokens_per_sec,16012.816849632327
996,6,epoch6/total_sec,65.61887329799356
996,6,val/bleu,18.178789194942468
996,6,val/chrf,38.62957826560404
996,6,val/combined,26.49979169691617
996,6,val/eval_peak_vram_gb,6.727927207946777
996,6,val/eval_samples_per_sec,7.799891494793138
996,6,val/eval_seconds,76.53952627399121
996,6,val/eval_tokens_per_sec,1306.5536836747037
997,7,train/loss,1.76810884475708
997,7,train/lr,5.932149197485327e-05
998,7,train/loss,1.627054214477539
998,7,train/lr,5.9296136732528684e-05
999,7,train/loss,1.49079430103302
999,7,train/lr,5.9270756856612126e-05
1000,7,train/loss,1.4706827402114868
1000,7,train/lr,5.9245352372835974e-05
1001,7,train/loss,1.436607837677002
1001,7,train/lr,5.9219923306957566e-05
1002,7,train/loss,1.5527241230010986
1002,7,train/lr,5.919446968475914e-05
1003,7,train/loss,1.4645932912826538
1003,7,train/lr,5.9168991532047867e-05
1004,7,train/loss,1.413651466369629
1004,7,train/lr,5.914348887465576e-05
1005,7,train/loss,1.4955089092254639
1005,7,train/lr,5.911796173843971e-05
1006,7,train/loss,1.6537597179412842
1006,7,train/lr,5.909241014928138e-05
1007,7,train/loss,1.5474932193756104
1007,7,train/lr,5.906683413308727e-05
1008,7,train/loss,1.675217866897583
1008,7,train/lr,5.9041233715788624e-05
1009,7,train/loss,1.5476477146148682
1009,7,train/lr,5.9015608923341434e-05
1010,7,train/loss,1.4598095417022705
1010,7,train/lr,5.898995978172638e-05
1011,7,train/loss,1.4367516040802002
1011,7,train/lr,5.8964286316948876e-05
1012,7,train/loss,1.3409545421600342
1012,7,train/lr,5.893858855503897e-05
1013,7,train/loss,1.4651468992233276
1013,7,train/lr,5.891286652205133e-05
1014,7,train/loss,1.7960212230682373
1014,7,train/lr,5.888712024406527e-05
1015,7,train/loss,1.4385426044464111
1015,7,train/lr,5.886134974718464e-05
1016,7,train/loss,1.6272945404052734
1016,7,train/lr,5.88355550575379e-05
1017,7,train/loss,1.5147963762283325
1017,7,train/lr,5.880973620127798e-05
1018,7,train/loss,1.5491758584976196
1018,7,train/lr,5.8783893204582356e-05
1019,7,train/loss,1.6051084995269775
1019,7,train/lr,5.8758026093652964e-05
1020,7,train/loss,1.5367228984832764
1020,7,train/lr,5.873213489471618e-05
1021,7,train/loss,1.646514654159546
1021,7,train/lr,5.870621963402282e-05
1022,7,train/loss,1.8746287822723389
1022,7,train/lr,5.8680280337848097e-05
1023,7,train/loss,1.5412874221801758
1023,7,train/lr,5.865431703249156e-05
1024,7,train/loss,1.4654839038848877
1024,7,train/lr,5.862832974427716e-05
1025,7,train/loss,1.6955711841583252
1025,7,train/lr,5.86023184995531e-05
1026,7,train/loss,1.6255518198013306
1026,7,train/lr,5.857628332469192e-05
1027,7,train/loss,1.363455891609192
1027,7,train/lr,5.855022424609039e-05
1028,7,train/loss,1.516505479812622
1028,7,train/lr,5.852414129016954e-05
1029,7,train/loss,1.4458256959915161
1029,7,train/lr,5.84980344833746e-05
1030,7,train/loss,1.4963579177856445
1030,7,train/lr,5.847190385217495e-05
1031,7,train/loss,1.6203540563583374
1031,7,train/lr,5.844574942306421e-05
1032,7,train/loss,1.5588396787643433
1032,7,train/lr,5.8419571222560034e-05
1033,7,train/loss,1.5682469606399536
1033,7,train/lr,5.8393369277204235e-05
1034,7,train/loss,1.7369368076324463
1034,7,train/lr,5.836714361356268e-05
1035,7,train/loss,1.566954255104065
1035,7,train/lr,5.834089425822528e-05
1036,7,train/loss,1.659728765487671
1036,7,train/lr,5.831462123780599e-05
1037,7,train/loss,1.6667349338531494
1037,7,train/lr,5.828832457894273e-05
1038,7,train/loss,1.8467447757720947
1038,7,train/lr,5.8262004308297404e-05
1039,7,train/loss,1.5532472133636475
1039,7,train/lr,5.823566045255585e-05
1040,7,train/loss,1.531036615371704
1040,7,train/lr,5.8209293038427824e-05
1041,7,train/loss,1.4486470222473145
1041,7,train/lr,5.8182902092646967e-05
1042,7,train/loss,1.4467408657073975
1042,7,train/lr,5.8156487641970766e-05
1043,7,train/loss,1.3830572366714478
1043,7,train/lr,5.813004971318056e-05
1044,7,train/loss,1.4964420795440674
1044,7,train/lr,5.8103588333081474e-05
1045,7,train/loss,1.5926084518432617
1045,7,train/lr,5.807710352850241e-05
1046,7,train/loss,1.5392504930496216
1046,7,train/lr,5.805059532629603e-05
1047,7,train/loss,1.4081127643585205
1047,7,train/lr,5.802406375333873e-05
1048,7,train/loss,1.4161218404769897
1048,7,train/lr,5.7997508836530576e-05
1049,7,train/loss,1.6553962230682373
1049,7,train/lr,5.797093060279531e-05
1050,7,train/loss,1.5955188274383545
1050,7,train/lr,5.794432907908032e-05
1051,7,train/loss,1.5033961534500122
1051,7,train/lr,5.79177042923566e-05
1052,7,train/loss,1.534242033958435
1052,7,train/lr,5.789105626961875e-05
1053,7,train/loss,1.4985389709472656
1053,7,train/lr,5.7864385037884904e-05
1054,7,train/loss,1.4305458068847656
1054,7,train/lr,5.783769062419673e-05
1055,7,train/loss,1.4277348518371582
1055,7,train/lr,5.781097305561942e-05
1056,7,train/loss,1.5192257165908813
1056,7,train/lr,5.778423235924163e-05
1057,7,train/loss,1.6324684619903564
1057,7,train/lr,5.775746856217546e-05
1058,7,train/loss,1.5524201393127441
1058,7,train/lr,5.773068169155642e-05
1059,7,train/loss,1.8693586587905884
1059,7,train/lr,5.7703871774543457e-05
1060,7,train/loss,1.3960399627685547
1060,7,train/lr,5.767703883831885e-05
1061,7,train/loss,1.674224615097046
1061,7,train/lr,5.7650182910088224e-05
1062,7,train/loss,1.53934907913208
1062,7,train/lr,5.7623304017080506e-05
1063,7,train/loss,1.378896951675415
1063,7,train/lr,5.759640218654793e-05
1064,7,train/loss,1.7394020557403564
1064,7,train/lr,5.7569477445765964e-05
1065,7,train/loss,1.5812318325042725
1065,7,train/lr,5.754252982203332e-05
1066,7,train/loss,1.3868212699890137
1066,7,train/lr,5.75155593426719e-05
1067,7,train/loss,1.4220579862594604
1067,7,train/lr,5.748856603502679e-05
1068,7,train/loss,1.4368407726287842
1068,7,train/lr,5.74615499264662e-05
1069,7,train/loss,1.5884809494018555
1069,7,train/lr,5.743451104438149e-05
1070,7,train/loss,1.6026431322097778
1070,7,train/lr,5.740744941618708e-05
1071,7,train/loss,1.6297721862792969
1071,7,train/lr,5.738036506932046e-05
1072,7,train/loss,1.5645440816879272
1072,7,train/lr,5.735325803124217e-05
1073,7,train/loss,1.629177451133728
1073,7,train/lr,5.732612832943574e-05
1074,7,train/loss,1.607818603515625
1074,7,train/lr,5.7298975991407693e-05
1075,7,train/loss,1.5488550662994385
1075,7,train/lr,5.727180104468747e-05
1076,7,train/loss,1.6117346286773682
1076,7,train/lr,5.7244603516827486e-05
1077,7,train/loss,1.5739574432373047
1077,7,train/lr,5.7217383435402994e-05
1078,7,train/loss,1.3591837882995605
1078,7,train/lr,5.7190140828012154e-05
1079,7,train/loss,1.3985357284545898
1079,7,train/lr,5.716287572227596e-05
1080,7,train/loss,1.669919729232788
1080,7,train/lr,5.71355881458382e-05
1081,7,train/loss,1.5682941675186157
1081,7,train/lr,5.710827812636546e-05
1082,7,train/loss,1.5892212390899658
1082,7,train/lr,5.7080945691547074e-05
1083,7,train/loss,1.6077051162719727
1083,7,train/lr,5.70535908690951e-05
1084,7,train/loss,1.6011240482330322
1084,7,train/lr,5.702621368674431e-05
1085,7,train/loss,1.5325926542282104
1085,7,train/lr,5.699881417225212e-05
1086,7,train/loss,1.684973955154419
1086,7,train/lr,5.697139235339862e-05
1087,7,train/loss,1.777726650238037
1087,7,train/lr,5.6943948257986476e-05
1088,7,train/loss,1.3957748413085938
1088,7,train/lr,5.6916481913840975e-05
1089,7,train/loss,1.3781378269195557
1089,7,train/lr,5.688899334880994e-05
1090,7,train/loss,1.3956778049468994
1090,7,train/lr,5.686148259076376e-05
1091,7,train/loss,1.320948600769043
1091,7,train/lr,5.6833949667595264e-05
1092,7,train/loss,1.4558019638061523
1092,7,train/lr,5.68063946072198e-05
1093,7,train/loss,1.4570951461791992
1093,7,train/lr,5.6778817437575146e-05
1094,7,train/loss,1.3178627490997314
1094,7,train/lr,5.675121818662149e-05
1095,7,train/loss,1.5852367877960205
1095,7,train/lr,5.672359688234143e-05
1096,7,train/loss,1.5304057598114014
1096,7,train/lr,5.669595355273991e-05
1097,7,train/loss,1.5996692180633545
1097,7,train/lr,5.666828822584419e-05
1098,7,train/loss,1.6355376243591309
1098,7,train/lr,5.664060092970386e-05
1099,7,train/loss,1.5780550241470337
1099,7,train/lr,5.6612891692390755e-05
1100,7,train/loss,1.4642913341522217
1100,7,train/lr,5.658516054199901e-05
1101,7,train/loss,1.5474798679351807
1101,7,train/lr,5.655740750664489e-05
1102,7,train/loss,1.4812595844268799
1102,7,train/lr,5.652963261446694e-05
1103,7,train/loss,1.4489715099334717
1103,7,train/lr,5.6501835893625815e-05
1104,7,train/loss,1.451948642730713
1104,7,train/lr,5.64740173723043e-05
1105,7,train/loss,1.5891342163085938
1105,7,train/lr,5.644617707870731e-05
1106,7,train/loss,1.4610505104064941
1106,7,train/lr,5.6418315041061815e-05
1107,7,train/loss,1.516542911529541
1107,7,train/lr,5.639043128761682e-05
1108,7,train/loss,1.5810279846191406
1108,7,train/lr,5.636252584664338e-05
1109,7,train/loss,1.7025058269500732
1109,7,train/lr,5.633459874643451e-05
1110,7,train/loss,1.7503939867019653
1110,7,train/lr,5.630665001530522e-05
1111,7,train/loss,1.4406954050064087
1111,7,train/lr,5.62786796815924e-05
1112,7,train/loss,1.4539577960968018
1112,7,train/lr,5.625068777365489e-05
1113,7,train/loss,1.4418904781341553
1113,7,train/lr,5.6222674319873375e-05
1114,7,train/loss,1.5846168994903564
1114,7,train/lr,5.619463934865039e-05
1115,7,train/loss,1.4565248489379883
1115,7,train/lr,5.6166582888410306e-05
1116,7,train/loss,1.4634785652160645
1116,7,train/lr,5.613850496759926e-05
1117,7,train/loss,1.7522259950637817
1117,7,train/lr,5.611040561468515e-05
1118,7,train/loss,1.356662631034851
1118,7,train/lr,5.608228485815761e-05
1119,7,train/loss,1.6935555934906006
1119,7,train/lr,5.605414272652798e-05
1120,7,train/loss,1.345191478729248
1120,7,train/lr,5.6025979248329255e-05
1121,7,train/loss,1.7324159145355225
1121,7,train/lr,5.599779445211609e-05
1122,7,train/loss,1.4875932931900024
1122,7,train/lr,5.5969588366464746e-05
1123,7,train/loss,1.5596227645874023
1123,7,train/lr,5.5941361019973063e-05
1124,7,train/loss,1.6757895946502686
1124,7,train/lr,5.591311244126045e-05
1125,7,train/loss,1.5947940349578857
1125,7,train/lr,5.588484265896784e-05
1126,7,train/loss,1.472785234451294
1126,7,train/lr,5.585655170175765e-05
1127,7,train/loss,1.4434535503387451
1127,7,train/lr,5.582823959831379e-05
1128,7,train/loss,1.5741980075836182
1128,7,train/lr,5.579990637734161e-05
1129,7,train/loss,1.4392813444137573
1129,7,train/lr,5.577155206756783e-05
1130,7,train/loss,1.3518352508544922
1130,7,train/lr,5.5743176697740584e-05
1131,7,train/loss,1.4807407855987549
1131,7,train/lr,5.571478029662937e-05
1132,7,train/loss,1.7808514833450317
1132,7,train/lr,5.5686362893024985e-05
1133,7,train/loss,1.587193489074707
1133,7,train/lr,5.565792451573953e-05
1134,7,train/loss,1.7040759325027466
1134,7,train/lr,5.562946519360638e-05
1135,7,train/loss,1.2839386463165283
1135,7,train/lr,5.560098495548011e-05
1136,7,train/loss,1.5328587293624878
1136,7,train/lr,5.557248383023655e-05
1137,7,train/loss,1.6359262466430664
1137,7,train/lr,5.554396184677269e-05
1138,7,train/loss,1.36655855178833
1138,7,train/lr,5.551541903400664e-05
1139,7,train/loss,1.2480775117874146
1139,7,train/lr,5.548685542087767e-05
1140,7,train/loss,1.4507019519805908
1140,7,train/lr,5.545827103634611e-05
1141,7,train/loss,1.5162022113800049
1141,7,train/lr,5.5429665909393356e-05
1142,7,train/loss,1.3336002826690674
1142,7,train/lr,5.540104006902186e-05
1143,7,train/loss,1.5820324420928955
1143,7,train/lr,5.537239354425503e-05
1144,7,train/loss,1.4518464803695679
1144,7,train/lr,5.5343726364137276e-05
1145,7,train/loss,1.4171366691589355
1145,7,train/lr,5.531503855773396e-05
1146,7,train/loss,1.6135541200637817
1146,7,train/lr,5.5286330154131314e-05
1147,7,train/loss,1.581193208694458
1147,7,train/lr,5.525760118243652e-05
1148,7,train/loss,1.6120681762695312
1148,7,train/lr,5.522885167177752e-05
1149,7,train/loss,1.7245454788208008
1149,7,train/lr,5.520008165130318e-05
1150,7,train/loss,1.5854439735412598
1150,7,train/lr,5.517129115018309e-05
1151,7,train/loss,1.2841640710830688
1151,7,train/lr,5.514248019760763e-05
1152,7,train/loss,1.5954326391220093
1152,7,train/lr,5.511364882278793e-05
1153,7,train/loss,1.4586516618728638
1153,7,train/lr,5.508479705495579e-05
1154,7,train/loss,1.4941437244415283
1154,7,train/lr,5.5055924923363736e-05
1155,7,train/loss,1.4823596477508545
1155,7,train/lr,5.502703245728489e-05
1156,7,train/loss,1.393275499343872
1156,7,train/lr,5.4998119686013024e-05
1157,7,train/loss,1.6037120819091797
1157,7,train/lr,5.496918663886249e-05
1158,7,train/loss,1.5813322067260742
1158,7,train/lr,5.4940233345168165e-05
1159,7,train/loss,1.6561405658721924
1159,7,train/lr,5.491125983428551e-05
1160,7,train/loss,1.3153424263000488
1160,7,train/lr,5.488226613559045e-05
1161,7,train/loss,1.4766969680786133
1161,7,train/lr,5.485325227847939e-05
1162,7,train/loss,1.6447341442108154
1162,7,train/lr,5.482421829236914e-05
1162,7,train/batches,662.0
1162,7,train/compute_pct,99.84723887833012
1162,7,train/compute_sec,65.94941173965344
1162,7,train/data_wait_pct,0.1527611216698868
1162,7,train/data_wait_sec,0.10089919585152529
1162,7,train/examples,5296.0
1162,7,train/examples_per_sec,80.18130308532984
1162,7,train/input_tokens,625993.0
1162,7,train/peak_vram_gb,6.727927207946777
1162,7,train/target_tokens,424531.0
1162,7,train/tokens_per_sec,15904.90620136198
1162,7,train/total_sec,66.05031093550497
1162,7,train/epoch_loss,1.5379451702368583
1162,7,epoch7/batches,662.0
1162,7,epoch7/compute_pct,99.84723887833012
1162,7,epoch7/compute_sec,65.94941173965344
1162,7,epoch7/data_wait_pct,0.1527611216698868
1162,7,epoch7/data_wait_sec,0.10089919585152529
1162,7,epoch7/examples,5296.0
1162,7,epoch7/examples_per_sec,80.18130308532984
1162,7,epoch7/input_tokens,625993.0
1162,7,epoch7/peak_vram_gb,6.727927207946777
1162,7,epoch7/target_tokens,424531.0
1162,7,epoch7/tokens_per_sec,15904.90620136198
1162,7,epoch7/total_sec,66.05031093550497
1162,7,val/bleu,19.85027470394496
1162,7,val/chrf,40.25481876597426
1162,7,val/combined,28.267812272302002
1162,7,val/eval_peak_vram_gb,6.727927207946777
1162,7,val/eval_samples_per_sec,6.993085784591408
1162,7,val/eval_seconds,85.37003811899922
1162,7,val/eval_tokens_per_sec,1392.0926195949692
1163,8,train/loss,1.565953254699707
1163,8,train/lr,5.4795164206696986e-05
1164,8,train/loss,1.5479044914245605
1164,8,train/lr,5.4766090050920534e-05
1165,8,train/loss,1.4396405220031738
1165,8,train/lr,5.473699585451775e-05
1166,8,train/loss,1.4215314388275146
1166,8,train/lr,5.4707881646986947e-05
1167,8,train/loss,1.6951861381530762
1167,8,train/lr,5.467874745784669e-05
1168,8,train/loss,1.4825634956359863
1168,8,train/lr,5.464959331663583e-05
1169,8,train/loss,1.4353413581848145
1169,8,train/lr,5.4620419252913435e-05
1170,8,train/loss,1.5179944038391113
1170,8,train/lr,5.4591225296258774e-05
1171,8,train/loss,1.415815830230713
1171,8,train/lr,5.456201147627128e-05
1172,8,train/loss,1.5677136182785034
1172,8,train/lr,5.453277782257054e-05
1173,8,train/loss,1.3564486503601074
1173,8,train/lr,5.450352436479624e-05
1174,8,train/loss,1.576718807220459
1174,8,train/lr,5.447425113260815e-05
1175,8,train/loss,1.4895637035369873
1175,8,train/lr,5.444495815568607e-05
1176,8,train/loss,1.5884649753570557
1176,8,train/lr,5.4415645463729855e-05
1177,8,train/loss,1.750686764717102
1177,8,train/lr,5.438631308645931e-05
1178,8,train/loss,1.4906609058380127
1178,8,train/lr,5.435696105361424e-05
1179,8,train/loss,1.5025711059570312
1179,8,train/lr,5.4327589394954334e-05
1180,8,train/loss,1.4703168869018555
1180,8,train/lr,5.429819814025921e-05
1181,8,train/loss,1.389899730682373
1181,8,train/lr,5.4268787319328333e-05
1182,8,train/loss,1.3488590717315674
1182,8,train/lr,5.4239356961981045e-05
1183,8,train/loss,1.438473105430603
1183,8,train/lr,5.420990709805645e-05
1184,8,train/loss,1.3610210418701172
1184,8,train/lr,5.4180437757413455e-05
1185,8,train/loss,1.817978024482727
1185,8,train/lr,5.4150948969930694e-05
1186,8,train/loss,1.5955591201782227
1186,8,train/lr,5.4121440765506544e-05
1187,8,train/loss,1.4987497329711914
1187,8,train/lr,5.409191317405906e-05
1188,8,train/loss,1.2725645303726196
1188,8,train/lr,5.4062366225525944e-05
1189,8,train/loss,1.5562024116516113
1189,8,train/lr,5.4032799949864535e-05
1190,8,train/loss,1.5074315071105957
1190,8,train/lr,5.400321437705175e-05
1191,8,train/loss,1.4099161624908447
1191,8,train/lr,5.39736095370841e-05
1192,8,train/loss,1.509439468383789
1192,8,train/lr,5.394398545997759e-05
1193,8,train/loss,1.5651785135269165
1193,8,train/lr,5.391434217576778e-05
1194,8,train/loss,1.3777058124542236
1194,8,train/lr,5.3884679714509674e-05
1195,8,train/loss,1.3890390396118164
1195,8,train/lr,5.3854998106277705e-05
1196,8,train/loss,1.6060569286346436
1196,8,train/lr,5.382529738116575e-05
1197,8,train/loss,1.4843868017196655
1197,8,train/lr,5.3795577569287036e-05
1198,8,train/loss,1.5353763103485107
1198,8,train/lr,5.37658387007742e-05
1199,8,train/loss,1.5723133087158203
1199,8,train/lr,5.373608080577913e-05
1200,8,train/loss,1.6677818298339844
1200,8,train/lr,5.370630391447303e-05
1201,8,train/loss,1.50660240650177
1201,8,train/lr,5.3676508057046404e-05
1202,8,train/loss,1.7112607955932617
1202,8,train/lr,5.3646693263708905e-05
1203,8,train/loss,1.4769033193588257
1203,8,train/lr,5.3616859564689496e-05
1204,8,train/loss,1.6323153972625732
1204,8,train/lr,5.3587006990236176e-05
1205,8,train/loss,1.4827791452407837
1205,8,train/lr,5.3557135570616184e-05
1206,8,train/loss,1.350074291229248
1206,8,train/lr,5.352724533611585e-05
1207,8,train/loss,1.5514464378356934
1207,8,train/lr,5.349733631704051e-05
1208,8,train/loss,1.4575684070587158
1208,8,train/lr,5.346740854371464e-05
1209,8,train/loss,1.333034634590149
1209,8,train/lr,5.343746204648167e-05
1210,8,train/loss,1.4446651935577393
1210,8,train/lr,5.340749685570403e-05
1211,8,train/loss,1.4822006225585938
1211,8,train/lr,5.337751300176312e-05
1212,8,train/loss,1.5496349334716797
1212,8,train/lr,5.334751051505924e-05
1213,8,train/loss,1.555422306060791
1213,8,train/lr,5.331748942601158e-05
1214,8,train/loss,1.3935673236846924
1214,8,train/lr,5.3287449765058205e-05
1215,8,train/loss,1.6231753826141357
1215,8,train/lr,5.3257391562656006e-05
1216,8,train/loss,1.4563922882080078
1216,8,train/lr,5.322731484928068e-05
1217,8,train/loss,1.4754338264465332
1217,8,train/lr,5.3197219655426666e-05
1218,8,train/loss,1.4171233177185059
1218,8,train/lr,5.316710601160716e-05
1219,8,train/loss,1.6482125520706177
1219,8,train/lr,5.3136973948354075e-05
1220,8,train/loss,1.4579880237579346
1220,8,train/lr,5.310682349621798e-05
1221,8,train/loss,1.475496530532837
1221,8,train/lr,5.307665468576809e-05
1222,8,train/loss,1.5313100814819336
1222,8,train/lr,5.304646754759224e-05
1223,8,train/loss,1.6552989482879639
1223,8,train/lr,5.301626211229687e-05
1224,8,train/loss,1.5679210424423218
1224,8,train/lr,5.29860384105069e-05
1225,8,train/loss,1.6982778310775757
1225,8,train/lr,5.295579647286584e-05
1226,8,train/loss,1.581749677658081
1226,8,train/lr,5.2925536330035666e-05
1227,8,train/loss,1.6377867460250854
1227,8,train/lr,5.2895258012696814e-05
1228,8,train/loss,1.625349998474121
1228,8,train/lr,5.286496155154815e-05
1229,8,train/loss,1.7663465738296509
1229,8,train/lr,5.283464697730691e-05
1230,8,train/loss,1.7511049509048462
1230,8,train/lr,5.280431432070873e-05
1231,8,train/loss,1.4101958274841309
1231,8,train/lr,5.277396361250756e-05
1232,8,train/loss,1.4393749237060547
1232,8,train/lr,5.2743594883475664e-05
1233,8,train/loss,1.382981777191162
1233,8,train/lr,5.271320816440356e-05
1234,8,train/loss,1.380821943283081
1234,8,train/lr,5.2682803486100016e-05
1235,8,train/loss,1.4139549732208252
1235,8,train/lr,5.265238087939202e-05
1236,8,train/loss,1.4686329364776611
1236,8,train/lr,5.262194037512472e-05
1237,8,train/loss,1.6124460697174072
1237,8,train/lr,5.259148200416141e-05
1238,8,train/loss,1.6738942861557007
1238,8,train/lr,5.256100579738352e-05
1239,8,train/loss,1.4668775796890259
1239,8,train/lr,5.253051178569053e-05
1240,8,train/loss,1.438246726989746
1240,8,train/lr,5.2499999999999995e-05
1241,8,train/loss,1.630007266998291
1241,8,train/lr,5.2469470471247506e-05
1242,8,train/loss,1.5002295970916748
1242,8,train/lr,5.243892323038659e-05
1243,8,train/loss,1.377981424331665
1243,8,train/lr,5.240835830838881e-05
1244,8,train/loss,1.3754425048828125
1244,8,train/lr,5.2377775736243576e-05
1245,8,train/loss,1.4368433952331543
1245,8,train/lr,5.2347175544958234e-05
1246,8,train/loss,1.5317519903182983
1246,8,train/lr,5.231655776555801e-05
1247,8,train/loss,1.383095622062683
1247,8,train/lr,5.228592242908592e-05
1248,8,train/loss,1.4866336584091187
1248,8,train/lr,5.225526956660281e-05
1249,8,train/loss,1.6872791051864624
1249,8,train/lr,5.222459920918729e-05
1250,8,train/loss,1.56279718875885
1250,8,train/lr,5.21939113879357e-05
1251,8,train/loss,1.5822348594665527
1251,8,train/lr,5.21632061339621e-05
1252,8,train/loss,1.5149712562561035
1252,8,train/lr,5.2132483478398215e-05
1253,8,train/loss,1.4873257875442505
1253,8,train/lr,5.210174345239342e-05
1254,8,train/loss,1.5313067436218262
1254,8,train/lr,5.207098608711469e-05
1255,8,train/loss,1.6048176288604736
1255,8,train/lr,5.204021141374658e-05
1256,8,train/loss,1.6422736644744873
1256,8,train/lr,5.200941946349121e-05
1257,8,train/loss,1.3092291355133057
1257,8,train/lr,5.19786102675682e-05
1258,8,train/loss,1.4747865200042725
1258,8,train/lr,5.194778385721469e-05
1259,8,train/loss,1.4638309478759766
1259,8,train/lr,5.191694026368521e-05
1260,8,train/loss,1.5480728149414062
1260,8,train/lr,5.188607951825177e-05
1261,8,train/loss,1.563577651977539
1261,8,train/lr,5.185520165220373e-05
1262,8,train/loss,1.5983326435089111
1262,8,train/lr,5.182430669684785e-05
1263,8,train/loss,1.7278482913970947
1263,8,train/lr,5.1793394683508176e-05
1264,8,train/loss,1.5967413187026978
1264,8,train/lr,5.176246564352607e-05
1265,8,train/loss,1.4597619771957397
1265,8,train/lr,5.1731519608260156e-05
1266,8,train/loss,1.2800991535186768
1266,8,train/lr,5.1700556609086285e-05
1267,8,train/loss,1.2947700023651123
1267,8,train/lr,5.166957667739752e-05
1268,8,train/loss,1.4229435920715332
1268,8,train/lr,5.163857984460406e-05
1269,8,train/loss,1.5558992624282837
1269,8,train/lr,5.160756614213328e-05
1270,8,train/loss,1.4562814235687256
1270,8,train/lr,5.157653560142962e-05
1271,8,train/loss,1.5651103258132935
1271,8,train/lr,5.154548825395463e-05
1272,8,train/loss,1.394763708114624
1272,8,train/lr,5.1514424131186865e-05
1273,8,train/loss,1.6417351961135864
1273,8,train/lr,5.1483343264621936e-05
1274,8,train/loss,1.429387092590332
1274,8,train/lr,5.145224568577237e-05
1275,8,train/loss,1.501814365386963
1275,8,train/lr,5.1421131426167666e-05
1276,8,train/loss,1.9289569854736328
1276,8,train/lr,5.1390000517354254e-05
1277,8,train/loss,1.6687276363372803
1277,8,train/lr,5.1358852990895424e-05
1278,8,train/loss,1.7303211688995361
1278,8,train/lr,5.1327688878371324e-05
1279,8,train/loss,1.3573343753814697
1279,8,train/lr,5.1296508211378896e-05
1280,8,train/loss,1.3101286888122559
1280,8,train/lr,5.12653110215319e-05
1281,8,train/loss,1.5493507385253906
1281,8,train/lr,5.123409734046081e-05
1282,8,train/loss,1.537407636642456
1282,8,train/lr,5.120286719981287e-05
1283,8,train/loss,1.2508383989334106
1283,8,train/lr,5.117162063125198e-05
1284,8,train/loss,1.4556238651275635
1284,8,train/lr,5.114035766645867e-05
1285,8,train/loss,1.4500095844268799
1285,8,train/lr,5.110907833713015e-05
1286,8,train/loss,1.3298673629760742
1286,8,train/lr,5.107778267498019e-05
1287,8,train/loss,1.6657663583755493
1287,8,train/lr,5.104647071173913e-05
1288,8,train/loss,1.6885435581207275
1288,8,train/lr,5.101514247915384e-05
1289,8,train/loss,1.595155954360962
1289,8,train/lr,5.098379800898765e-05
1290,8,train/loss,1.3283164501190186
1290,8,train/lr,5.09524373330204e-05
1291,8,train/loss,1.7419147491455078
1291,8,train/lr,5.092106048304835e-05
1292,8,train/loss,1.4610068798065186
1292,8,train/lr,5.088966749088413e-05
1293,8,train/loss,1.5018144845962524
1293,8,train/lr,5.0858258388356786e-05
1294,8,train/loss,1.522658109664917
1294,8,train/lr,5.082683320731165e-05
1295,8,train/loss,1.5845279693603516
1295,8,train/lr,5.0795391979610375e-05
1296,8,train/loss,1.3911378383636475
1296,8,train/lr,5.0763934737130886e-05
1297,8,train/loss,1.5220673084259033
1297,8,train/lr,5.073246151176735e-05
1298,8,train/loss,1.4687443971633911
1298,8,train/lr,5.0700972335430114e-05
1299,8,train/loss,1.5644989013671875
1299,8,train/lr,5.066946724004574e-05
1300,8,train/loss,1.6391105651855469
1300,8,train/lr,5.06379462575569e-05
1301,8,train/loss,1.5649282932281494
1301,8,train/lr,5.060640941992236e-05
1302,8,train/loss,1.6709682941436768
1302,8,train/lr,5.057485675911701e-05
1303,8,train/loss,1.6246998310089111
1303,8,train/lr,5.054328830713173e-05
1304,8,train/loss,1.4914191961288452
1304,8,train/lr,5.0511704095973445e-05
1305,8,train/loss,1.516432762145996
1305,8,train/lr,5.048010415766504e-05
1306,8,train/loss,1.3932130336761475
1306,8,train/lr,5.044848852424536e-05
1307,8,train/loss,1.4305813312530518
1307,8,train/lr,5.041685722776915e-05
1308,8,train/loss,1.387547492980957
1308,8,train/lr,5.0385210300307055e-05
1309,8,train/loss,1.5714492797851562
1309,8,train/lr,5.035354777394555e-05
1310,8,train/loss,1.4421067237854004
1310,8,train/lr,5.032186968078691e-05
1311,8,train/loss,1.5594522953033447
1311,8,train/lr,5.029017605294923e-05
1312,8,train/loss,1.5325138568878174
1312,8,train/lr,5.0258466922566345e-05
1313,8,train/loss,1.547705054283142
1313,8,train/lr,5.0226742321787796e-05
1314,8,train/loss,1.3777647018432617
1314,8,train/lr,5.019500228277882e-05
1315,8,train/loss,1.3799307346343994
1315,8,train/lr,5.016324683772028e-05
1316,8,train/loss,1.4371440410614014
1316,8,train/lr,5.01314760188087e-05
1317,8,train/loss,1.4538567066192627
1317,8,train/lr,5.009968985825616e-05
1318,8,train/loss,1.472731113433838
1318,8,train/lr,5.006788838829033e-05
1319,8,train/loss,1.3321707248687744
1319,8,train/lr,5.003607164115435e-05
1320,8,train/loss,1.4297175407409668
1320,8,train/lr,5.000423964910689e-05
1321,8,train/loss,1.4622199535369873
1321,8,train/lr,4.997239244442207e-05
1322,8,train/loss,1.4343602657318115
1322,8,train/lr,4.994053005938942e-05
1323,8,train/loss,1.5494000911712646
1323,8,train/lr,4.9908652526313884e-05
1324,8,train/loss,1.5797269344329834
1324,8,train/lr,4.987675987751573e-05
1325,8,train/loss,1.7204070091247559
1325,8,train/lr,4.984485214533058e-05
1326,8,train/loss,1.372589111328125
1326,8,train/lr,4.981292936210935e-05
1327,8,train/loss,1.4803102016448975
1327,8,train/lr,4.978099156021819e-05
1328,8,train/loss,1.5310626029968262
1328,8,train/lr,4.974903877203852e-05
1328,8,train/batches,662.0
1328,8,train/compute_pct,99.88454403388066
1328,8,train/compute_sec,64.0125279337517
1328,8,train/data_wait_pct,0.1154559661193432
1328,8,train/data_wait_sec,0.07399171040742658
1328,8,train/examples,5296.0
1328,8,train/examples_per_sec,82.63828382951796
1328,8,train/input_tokens,626139.0
1328,8,train/peak_vram_gb,6.727927207946777
1328,8,train/target_tokens,424472.0
1328,8,train/tokens_per_sec,16393.63482107509
1328,8,train/total_sec,64.08651964415913
1328,8,train/epoch_loss,1.5023984647949657
1328,8,epoch8/batches,662.0
1328,8,epoch8/compute_pct,99.88454403388066
1328,8,epoch8/compute_sec,64.0125279337517
1328,8,epoch8/data_wait_pct,0.1154559661193432
1328,8,epoch8/data_wait_sec,0.07399171040742658
1328,8,epoch8/examples,5296.0
1328,8,epoch8/examples_per_sec,82.63828382951796
1328,8,epoch8/input_tokens,626139.0
1328,8,epoch8/peak_vram_gb,6.727927207946777
1328,8,epoch8/target_tokens,424472.0
1328,8,epoch8/tokens_per_sec,16393.63482107509
1328,8,epoch8/total_sec,64.08651964415913
1328,8,val/bleu,20.753792910134
1328,8,val/chrf,41.19901954411447
1328,8,val/combined,29.240997242213115
1328,8,val/eval_peak_vram_gb,6.727927207946777
1328,8,val/eval_samples_per_sec,7.053284717982312
1328,8,val/eval_seconds,84.64141515200026
1328,8,val/eval_tokens_per_sec,1399.917520131394
1329,9,train/loss,1.5681439638137817
1329,9,train/lr,4.97170710299669e-05
1330,9,train/loss,1.6448488235473633
1330,9,train/lr,4.96850883664151e-05
1331,9,train/loss,1.4740397930145264
1331,9,train/lr,4.965309081380998e-05
1332,9,train/loss,1.4988681077957153
1332,9,train/lr,4.962107840459353e-05
1333,9,train/loss,1.5072667598724365
1333,9,train/lr,4.958905117122279e-05
1334,9,train/loss,1.377976894378662
1334,9,train/lr,4.955700914616982e-05
1335,9,train/loss,1.2318921089172363
1335,9,train/lr,4.952495236192169e-05
1336,9,train/loss,1.5750939846038818
1336,9,train/lr,4.949288085098041e-05
1337,9,train/loss,1.4480589628219604
1337,9,train/lr,4.946079464586298e-05
1338,9,train/loss,1.518902063369751
1338,9,train/lr,4.942869377910123e-05
1339,9,train/loss,1.5064892768859863
1339,9,train/lr,4.939657828324187e-05
1340,9,train/loss,1.6052589416503906
1340,9,train/lr,4.936444819084649e-05
1341,9,train/loss,1.5890806913375854
1341,9,train/lr,4.933230353449143e-05
1342,9,train/loss,1.7446633577346802
1342,9,train/lr,4.93001443467678e-05
1343,9,train/loss,1.6992464065551758
1343,9,train/lr,4.926797066028148e-05
1344,9,train/loss,1.6608805656433105
1344,9,train/lr,4.9235782507653006e-05
1345,9,train/loss,1.3956317901611328
1345,9,train/lr,4.920357992151761e-05
1346,9,train/loss,1.4225246906280518
1346,9,train/lr,4.917136293452513e-05
1347,9,train/loss,1.5995187759399414
1347,9,train/lr,4.913913157934006e-05
1348,9,train/loss,1.3248896598815918
1348,9,train/lr,4.910688588864139e-05
1349,9,train/loss,1.4804319143295288
1349,9,train/lr,4.9074625895122695e-05
1350,9,train/loss,1.4183533191680908
1350,9,train/lr,4.904235163149202e-05
1351,9,train/loss,1.4257888793945312
1351,9,train/lr,4.901006313047192e-05
1352,9,train/loss,1.517852544784546
1352,9,train/lr,4.897776042479934e-05
1353,9,train/loss,1.6115875244140625
1353,9,train/lr,4.8945443547225654e-05
1354,9,train/loss,1.6425728797912598
1354,9,train/lr,4.891311253051659e-05
1355,9,train/loss,1.6161234378814697
1355,9,train/lr,4.888076740745222e-05
1356,9,train/loss,1.3487733602523804
1356,9,train/lr,4.884840821082693e-05
1357,9,train/loss,1.5053832530975342
1357,9,train/lr,4.881603497344934e-05
1358,9,train/loss,1.3470966815948486
1358,9,train/lr,4.878364772814236e-05
1359,9,train/loss,1.3664135932922363
1359,9,train/lr,4.875124650774303e-05
1360,9,train/loss,1.356472134590149
1360,9,train/lr,4.8718831345102625e-05
1361,9,train/loss,1.3503425121307373
1361,9,train/lr,4.868640227308652e-05
1362,9,train/loss,1.492220163345337
1362,9,train/lr,4.865395932457421e-05
1363,9,train/loss,1.6427202224731445
1363,9,train/lr,4.862150253245924e-05
1364,9,train/loss,1.5011053085327148
1364,9,train/lr,4.858903192964922e-05
1365,9,train/loss,1.4814705848693848
1365,9,train/lr,4.855654754906573e-05
1366,9,train/loss,1.4541428089141846
1366,9,train/lr,4.852404942364434e-05
1367,9,train/loss,1.5456550121307373
1367,9,train/lr,4.849153758633455e-05
1368,9,train/loss,1.3996813297271729
1368,9,train/lr,4.845901207009978e-05
1369,9,train/loss,1.4367730617523193
1369,9,train/lr,4.842647290791727e-05
1370,9,train/loss,1.7677910327911377
1370,9,train/lr,4.839392013277814e-05
1371,9,train/loss,1.5453647375106812
1371,9,train/lr,4.83613537776873e-05
1372,9,train/loss,1.508171558380127
1372,9,train/lr,4.832877387566343e-05
1373,9,train/loss,1.4956209659576416
1373,9,train/lr,4.829618045973895e-05
1374,9,train/loss,1.4000808000564575
1374,9,train/lr,4.826357356295995e-05
1375,9,train/loss,1.479635238647461
1375,9,train/lr,4.823095321838623e-05
1376,9,train/loss,1.47145676612854
1376,9,train/lr,4.819831945909121e-05
1377,9,train/loss,1.414294958114624
1377,9,train/lr,4.81656723181619e-05
1378,9,train/loss,1.6121068000793457
1378,9,train/lr,4.81330118286989e-05
1379,9,train/loss,1.5820987224578857
1379,9,train/lr,4.81003380238163e-05
1380,9,train/loss,1.481504201889038
1380,9,train/lr,4.806765093664173e-05
1381,9,train/loss,1.5780085325241089
1381,9,train/lr,4.80349506003163e-05
1382,9,train/loss,1.5201385021209717
1382,9,train/lr,4.800223704799449e-05
1383,9,train/loss,1.2618319988250732
1383,9,train/lr,4.796951031284427e-05
1384,9,train/loss,1.2580348253250122
1384,9,train/lr,4.793677042804688e-05
1385,9,train/loss,1.4451253414154053
1385,9,train/lr,4.790401742679696e-05
1386,9,train/loss,1.2076667547225952
1386,9,train/lr,4.787125134230241e-05
1387,9,train/loss,1.4057363271713257
1387,9,train/lr,4.7838472207784435e-05
1388,9,train/loss,1.4199520349502563
1388,9,train/lr,4.7805680056477434e-05
1389,9,train/loss,1.4532184600830078
1389,9,train/lr,4.7772874921629005e-05
1390,9,train/loss,1.484358310699463
1390,9,train/lr,4.774005683649994e-05
1391,9,train/loss,1.5998144149780273
1391,9,train/lr,4.770722583436413e-05
1392,9,train/loss,1.711848258972168
1392,9,train/lr,4.767438194850858e-05
1393,9,train/loss,1.570995569229126
1393,9,train/lr,4.764152521223336e-05
1394,9,train/loss,1.319427728652954
1394,9,train/lr,4.760865565885157e-05
1395,9,train/loss,1.4970829486846924
1395,9,train/lr,4.7575773321689255e-05
1396,9,train/loss,1.4314595460891724
1396,9,train/lr,4.75428782340855e-05
1397,9,train/loss,1.3916370868682861
1397,9,train/lr,4.750997042939228e-05
1398,9,train/loss,1.503458023071289
1398,9,train/lr,4.747704994097446e-05
1399,9,train/loss,1.4961310625076294
1399,9,train/lr,4.744411680220976e-05
1400,9,train/loss,1.4787211418151855
1400,9,train/lr,4.741117104648874e-05
1401,9,train/loss,1.5677642822265625
1401,9,train/lr,4.7378212707214756e-05
1402,9,train/loss,1.5497360229492188
1402,9,train/lr,4.73452418178039e-05
1403,9,train/loss,1.5303068161010742
1403,9,train/lr,4.731225841168502e-05
1404,9,train/loss,1.5516483783721924
1404,9,train/lr,4.727926252229963e-05
1405,9,train/loss,1.4860682487487793
1405,9,train/lr,4.7246254183101895e-05
1406,9,train/loss,1.5415904521942139
1406,9,train/lr,4.7213233427558624e-05
1407,9,train/loss,1.3779466152191162
1407,9,train/lr,4.718020028914921e-05
1408,9,train/loss,1.4582974910736084
1408,9,train/lr,4.71471548013656e-05
1409,9,train/loss,1.4785608053207397
1409,9,train/lr,4.711409699771225e-05
1410,9,train/loss,1.3884057998657227
1410,9,train/lr,4.708102691170612e-05
1411,9,train/loss,1.374525785446167
1411,9,train/lr,4.70479445768766e-05
1412,9,train/loss,1.3206186294555664
1412,9,train/lr,4.7014850026765536e-05
1413,9,train/loss,1.3358718156814575
1413,9,train/lr,4.698174329492712e-05
1414,9,train/loss,1.5567302703857422
1414,9,train/lr,4.6948624414927924e-05
1415,9,train/loss,1.499070405960083
1415,9,train/lr,4.6915493420346804e-05
1416,9,train/loss,1.563517451286316
1416,9,train/lr,4.688235034477495e-05
1417,9,train/loss,1.530049443244934
1417,9,train/lr,4.6849195221815735e-05
1418,9,train/loss,1.5834729671478271
1418,9,train/lr,4.6816028085084816e-05
1419,9,train/loss,1.3708809614181519
1419,9,train/lr,4.6782848968209975e-05
1420,9,train/loss,1.485347032546997
1420,9,train/lr,4.674965790483117e-05
1421,9,train/loss,1.6464488506317139
1421,9,train/lr,4.671645492860045e-05
1422,9,train/loss,1.3673477172851562
1422,9,train/lr,4.6683240073181976e-05
1423,9,train/loss,1.3846352100372314
1423,9,train/lr,4.665001337225193e-05
1424,9,train/loss,1.4765280485153198
1424,9,train/lr,4.6616774859498493e-05
1425,9,train/loss,1.2545742988586426
1425,9,train/lr,4.658352456862185e-05
1426,9,train/loss,1.4787976741790771
1426,9,train/lr,4.6550262533334095e-05
1427,9,train/loss,1.3546791076660156
1427,9,train/lr,4.6516988787359275e-05
1428,9,train/loss,1.5802156925201416
1428,9,train/lr,4.6483703364433274e-05
1429,9,train/loss,1.5678365230560303
1429,9,train/lr,4.645040629830381e-05
1430,9,train/loss,1.381575584411621
1430,9,train/lr,4.641709762273043e-05
1431,9,train/loss,1.5112497806549072
1431,9,train/lr,4.638377737148444e-05
1432,9,train/loss,1.3928252458572388
1432,9,train/lr,4.635044557834889e-05
1433,9,train/loss,1.7301820516586304
1433,9,train/lr,4.6317102277118534e-05
1434,9,train/loss,1.432133436203003
1434,9,train/lr,4.6283747501599766e-05
1435,9,train/loss,1.4509421586990356
1435,9,train/lr,4.6250381285610655e-05
1436,9,train/loss,1.2790918350219727
1436,9,train/lr,4.6217003662980836e-05
1437,9,train/loss,1.4201607704162598
1437,9,train/lr,4.6183614667551525e-05
1438,9,train/loss,1.3761417865753174
1438,9,train/lr,4.615021433317547e-05
1439,9,train/loss,1.4114820957183838
1439,9,train/lr,4.611680269371691e-05
1440,9,train/loss,1.5964139699935913
1440,9,train/lr,4.6083379783051544e-05
1441,9,train/loss,1.674314260482788
1441,9,train/lr,4.6049945635066494e-05
1442,9,train/loss,1.5690677165985107
1442,9,train/lr,4.60165002836603e-05
1443,9,train/loss,1.4992344379425049
1443,9,train/lr,4.598304376274283e-05
1444,9,train/loss,1.5266095399856567
1444,9,train/lr,4.5949576106235305e-05
1445,9,train/loss,1.4454840421676636
1445,9,train/lr,4.591609734807021e-05
1446,9,train/loss,1.285364031791687
1446,9,train/lr,4.588260752219131e-05
1447,9,train/loss,1.3842008113861084
1447,9,train/lr,4.584910666255357e-05
1448,9,train/loss,1.3595521450042725
1448,9,train/lr,4.581559480312316e-05
1449,9,train/loss,1.440865397453308
1449,9,train/lr,4.578207197787738e-05
1450,9,train/loss,1.4753777980804443
1450,9,train/lr,4.574853822080468e-05
1451,9,train/loss,1.3584094047546387
1451,9,train/lr,4.5714993565904555e-05
1452,9,train/loss,1.3559272289276123
1452,9,train/lr,4.568143804718759e-05
1453,9,train/loss,1.5490002632141113
1453,9,train/lr,4.564787169867537e-05
1454,9,train/loss,1.5882704257965088
1454,9,train/lr,4.561429455440042e-05
1455,9,train/loss,1.378471851348877
1455,9,train/lr,4.558070664840628e-05
1456,9,train/loss,1.2985239028930664
1456,9,train/lr,4.554710801474736e-05
1457,9,train/loss,1.4617828130722046
1457,9,train/lr,4.551349868748894e-05
1458,9,train/loss,1.3674033880233765
1458,9,train/lr,4.547987870070716e-05
1459,9,train/loss,1.4792370796203613
1459,9,train/lr,4.544624808848898e-05
1460,9,train/loss,1.4634039402008057
1460,9,train/lr,4.5412606884932104e-05
1461,9,train/loss,1.2600593566894531
1461,9,train/lr,4.5378955124144975e-05
1462,9,train/loss,1.5387134552001953
1462,9,train/lr,4.5345292840246776e-05
1463,9,train/loss,1.3890514373779297
1463,9,train/lr,4.5311620067367325e-05
1464,9,train/loss,1.4913396835327148
1464,9,train/lr,4.527793683964708e-05
1465,9,train/loss,1.5185679197311401
1465,9,train/lr,4.5244243191237096e-05
1466,9,train/loss,1.3419945240020752
1466,9,train/lr,4.5210539156299016e-05
1467,9,train/loss,1.6753389835357666
1467,9,train/lr,4.5176824769004994e-05
1468,9,train/loss,1.4136137962341309
1468,9,train/lr,4.5143100063537695e-05
1469,9,train/loss,1.568874716758728
1469,9,train/lr,4.510936507409022e-05
1470,9,train/loss,1.5196208953857422
1470,9,train/lr,4.507561983486611e-05
1471,9,train/loss,1.5902180671691895
1471,9,train/lr,4.504186438007932e-05
1472,9,train/loss,1.505225419998169
1472,9,train/lr,4.5008098743954114e-05
1473,9,train/loss,1.3887944221496582
1473,9,train/lr,4.4974322960725146e-05
1474,9,train/loss,1.4859706163406372
1474,9,train/lr,4.49405370646373e-05
1475,9,train/loss,1.455793857574463
1475,9,train/lr,4.490674108994571e-05
1476,9,train/loss,1.585517168045044
1476,9,train/lr,4.487293507091579e-05
1477,9,train/loss,1.5300688743591309
1477,9,train/lr,4.483911904182308e-05
1478,9,train/loss,1.6077474355697632
1478,9,train/lr,4.4805293036953286e-05
1479,9,train/loss,1.3865928649902344
1479,9,train/lr,4.477145709060224e-05
1480,9,train/loss,1.5004843473434448
1480,9,train/lr,4.473761123707584e-05
1481,9,train/loss,1.5209048986434937
1481,9,train/lr,4.4703755510690036e-05
1482,9,train/loss,1.338326334953308
1482,9,train/lr,4.4669889945770786e-05
1483,9,train/loss,1.5392518043518066
1483,9,train/lr,4.4636014576654016e-05
1484,9,train/loss,1.4223244190216064
1484,9,train/lr,4.46021294376856e-05
1485,9,train/loss,1.275357961654663
1485,9,train/lr,4.456823456322133e-05
1486,9,train/loss,1.4347798824310303
1486,9,train/lr,4.453432998762682e-05
1487,9,train/loss,1.4895710945129395
1487,9,train/lr,4.450041574527759e-05
1488,9,train/loss,1.5109118223190308
1488,9,train/lr,4.4466491870558936e-05
1489,9,train/loss,1.4150488376617432
1489,9,train/lr,4.443255839786587e-05
1490,9,train/loss,1.5586951971054077
1490,9,train/lr,4.439861536160318e-05
1491,9,train/loss,1.4525275230407715
1491,9,train/lr,4.436466279618538e-05
1492,9,train/loss,1.6222292184829712
1492,9,train/lr,4.433070073603658e-05
1493,9,train/loss,1.1920647621154785
1493,9,train/lr,4.429672921559057e-05
1494,9,train/loss,1.5586280822753906
1494,9,train/lr,4.426274826929068e-05
1494,9,train/batches,662.0
1494,9,train/compute_pct,99.89190071607075
1494,9,train/compute_sec,62.34624616565998
1494,9,train/data_wait_pct,0.10809928392924698
1494,9,train/data_wait_sec,0.06746877892874181
1494,9,train/examples,5296.0
1494,9,train/examples_per_sec,84.85314493299785
1494,9,train/input_tokens,626052.0
1494,9,train/peak_vram_gb,6.733389377593994
1494,9,train/target_tokens,424438.0
1494,9,train/tokens_per_sec,16831.07632565425
1494,9,train/total_sec,62.41371494458872
1494,9,train/epoch_loss,1.4748050019460142
1494,9,epoch9/batches,662.0
1494,9,epoch9/compute_pct,99.89190071607075
1494,9,epoch9/compute_sec,62.34624616565998
1494,9,epoch9/data_wait_pct,0.10809928392924698
1494,9,epoch9/data_wait_sec,0.06746877892874181
1494,9,epoch9/examples,5296.0
1494,9,epoch9/examples_per_sec,84.85314493299785
1494,9,epoch9/input_tokens,626052.0
1494,9,epoch9/peak_vram_gb,6.733389377593994
1494,9,epoch9/target_tokens,424438.0
1494,9,epoch9/tokens_per_sec,16831.07632565425
1494,9,epoch9/total_sec,62.41371494458872
1494,9,val/bleu,20.856735597153918
1494,9,val/chrf,42.66015729625253
1494,9,val/combined,29.828704652749096
1494,9,val/eval_peak_vram_gb,6.733389377593994
1494,9,val/eval_samples_per_sec,6.8211269135781345
1494,9,val/eval_seconds,87.52219502200023
1494,9,val/eval_tokens_per_sec,1402.1586178129123
1495,10,train/loss,1.480143666267395
1495,10,train/lr,4.422875793158987e-05
1496,10,train/loss,1.3286410570144653
1496,10,train/lr,4.419475823695054e-05
1497,10,train/loss,1.3453696966171265
1497,10,train/lr,4.416074921984462e-05
1498,10,train/loss,1.1968231201171875
1498,10,train/lr,4.412673091475351e-05
1499,10,train/loss,1.4569439888000488
1499,10,train/lr,4.409270335616799e-05
1500,10,train/loss,1.3890810012817383
1500,10,train/lr,4.405866657858822e-05
1501,10,train/loss,1.3544560670852661
1501,10,train/lr,4.4024620616523746e-05
1502,10,train/loss,1.419062614440918
1502,10,train/lr,4.399056550449339e-05
1503,10,train/loss,1.3051602840423584
1503,10,train/lr,4.395650127702529e-05
1504,10,train/loss,1.3595117330551147
1504,10,train/lr,4.392242796865676e-05
1505,10,train/loss,1.3693397045135498
1505,10,train/lr,4.388834561393439e-05
1506,10,train/loss,1.5142208337783813
1506,10,train/lr,4.38542542474139e-05
1507,10,train/loss,1.6799737215042114
1507,10,train/lr,4.382015390366016e-05
1508,10,train/loss,1.58380126953125
1508,10,train/lr,4.378604461724716e-05
1509,10,train/loss,1.5633426904678345
1509,10,train/lr,4.375192642275791e-05
1510,10,train/loss,1.767641305923462
1510,10,train/lr,4.371779935478451e-05
1511,10,train/loss,1.4590320587158203
1511,10,train/lr,4.3683663447928006e-05
1512,10,train/loss,1.4779722690582275
1512,10,train/lr,4.364951873679843e-05
1513,10,train/loss,1.4903802871704102
1513,10,train/lr,4.361536525601475e-05
1514,10,train/loss,1.3761353492736816
1514,10,train/lr,4.358120304020481e-05
1515,10,train/loss,1.2650066614151
1515,10,train/lr,4.35470321240053e-05
1516,10,train/loss,1.4124183654785156
1516,10,train/lr,4.351285254206176e-05
1517,10,train/loss,1.5556597709655762
1517,10,train/lr,4.34786643290285e-05
1518,10,train/loss,1.3899836540222168
1518,10,train/lr,4.344446751956858e-05
1519,10,train/loss,1.654308557510376
1519,10,train/lr,4.341026214835376e-05
1520,10,train/loss,1.28097403049469
1520,10,train/lr,4.337604825006452e-05
1521,10,train/loss,1.508518934249878
1521,10,train/lr,4.334182585938996e-05
1522,10,train/loss,1.3354898691177368
1522,10,train/lr,4.3307595011027784e-05
1523,10,train/loss,1.2083783149719238
1523,10,train/lr,4.3273355739684296e-05
1524,10,train/loss,1.4473233222961426
1524,10,train/lr,4.323910808007431e-05
1525,10,train/loss,1.5046496391296387
1525,10,train/lr,4.320485206692117e-05
1526,10,train/loss,1.4652827978134155
1526,10,train/lr,4.317058773495669e-05
1527,10,train/loss,1.4019029140472412
1527,10,train/lr,4.3136315118921085e-05
1528,10,train/loss,1.4018747806549072
1528,10,train/lr,4.310203425356301e-05
1529,10,train/loss,1.2902861833572388
1529,10,train/lr,4.3067745173639454e-05
1530,10,train/loss,1.4215378761291504
1530,10,train/lr,4.303344791391574e-05
1531,10,train/loss,1.6155482530593872
1531,10,train/lr,4.299914250916552e-05
1532,10,train/loss,1.5042022466659546
1532,10,train/lr,4.296482899417064e-05
1533,10,train/loss,1.5210996866226196
1533,10,train/lr,4.293050740372124e-05
1534,10,train/loss,1.6836731433868408
1534,10,train/lr,4.2896177772615595e-05
1535,10,train/loss,1.4899334907531738
1535,10,train/lr,4.286184013566014e-05
1536,10,train/loss,1.375417709350586
1536,10,train/lr,4.282749452766945e-05
1537,10,train/loss,1.4064573049545288
1537,10,train/lr,4.279314098346614e-05
1538,10,train/loss,1.3773584365844727
1538,10,train/lr,4.275877953788095e-05
1539,10,train/loss,1.4406745433807373
1539,10,train/lr,4.2724410225752544e-05
1540,10,train/loss,1.3381941318511963
1540,10,train/lr,4.26900330819276e-05
1541,10,train/loss,1.3450459241867065
1541,10,train/lr,4.265564814126073e-05
1542,10,train/loss,1.38530433177948
1542,10,train/lr,4.262125543861449e-05
1543,10,train/loss,1.4283403158187866
1543,10,train/lr,4.258685500885924e-05
1544,10,train/loss,1.4900304079055786
1544,10,train/lr,4.255244688687321e-05
1545,10,train/loss,1.6556379795074463
1545,10,train/lr,4.2518031107542434e-05
1546,10,train/loss,1.668535590171814
1546,10,train/lr,4.248360770576069e-05
1547,10,train/loss,1.3689370155334473
1547,10,train/lr,4.2449176716429514e-05
1548,10,train/loss,1.3761132955551147
1548,10,train/lr,4.24147381744581e-05
1549,10,train/loss,1.4690585136413574
1549,10,train/lr,4.238029211476332e-05
1550,10,train/loss,1.3886053562164307
1550,10,train/lr,4.2345838572269656e-05
1551,10,train/loss,1.531541347503662
1551,10,train/lr,4.2311377581909195e-05
1552,10,train/loss,1.5561363697052002
1552,10,train/lr,4.227690917862157e-05
1553,10,train/loss,1.3869585990905762
1553,10,train/lr,4.224243339735392e-05
1554,10,train/loss,1.4862682819366455
1554,10,train/lr,4.2207950273060853e-05
1555,10,train/loss,1.3413660526275635
1555,10,train/lr,4.217345984070445e-05
1556,10,train/loss,1.5246919393539429
1556,10,train/lr,4.21389621352542e-05
1557,10,train/loss,1.442484974861145
1557,10,train/lr,4.210445719168694e-05
1558,10,train/loss,1.5430445671081543
1558,10,train/lr,4.206994504498688e-05
1559,10,train/loss,1.4119346141815186
1559,10,train/lr,4.203542573014549e-05
1560,10,train/loss,1.5603994131088257
1560,10,train/lr,4.200089928216155e-05
1561,10,train/loss,1.4970643520355225
1561,10,train/lr,4.1966365736041046e-05
1562,10,train/loss,1.5057470798492432
1562,10,train/lr,4.1931825126797186e-05
1563,10,train/loss,1.4680259227752686
1563,10,train/lr,4.18972774894503e-05
1564,10,train/loss,1.3928276300430298
1564,10,train/lr,4.1862722859027884e-05
1565,10,train/loss,1.3730809688568115
1565,10,train/lr,4.182816127056449e-05
1566,10,train/loss,1.3613739013671875
1566,10,train/lr,4.179359275910175e-05
1567,10,train/loss,1.3929450511932373
1567,10,train/lr,4.1759017359688304e-05
1568,10,train/loss,1.4832968711853027
1568,10,train/lr,4.1724435107379795e-05
1569,10,train/loss,1.515113353729248
1569,10,train/lr,4.168984603723877e-05
1570,10,train/loss,1.58353853225708
1570,10,train/lr,4.165525018433473e-05
1571,10,train/loss,1.434320330619812
1571,10,train/lr,4.162064758374403e-05
1572,10,train/loss,1.545912265777588
1572,10,train/lr,4.1586038270549894e-05
1573,10,train/loss,1.4666361808776855
1573,10,train/lr,4.155142227984232e-05
1574,10,train/loss,1.4529852867126465
1574,10,train/lr,4.1516799646718084e-05
1575,10,train/loss,1.4505035877227783
1575,10,train/lr,4.148217040628071e-05
1576,10,train/loss,1.365973711013794
1576,10,train/lr,4.14475345936404e-05
1577,10,train/loss,1.2439227104187012
1577,10,train/lr,4.141289224391405e-05
1578,10,train/loss,1.3458927869796753
1578,10,train/lr,4.1378243392225166e-05
1579,10,train/loss,1.5372145175933838
1579,10,train/lr,4.134358807370382e-05
1580,10,train/loss,1.537743330001831
1580,10,train/lr,4.13089263234867e-05
1581,10,train/loss,1.595177173614502
1581,10,train/lr,4.127425817671697e-05
1582,10,train/loss,1.5300023555755615
1582,10,train/lr,4.123958366854428e-05
1583,10,train/loss,1.7123544216156006
1583,10,train/lr,4.1204902834124756e-05
1584,10,train/loss,1.4946494102478027
1584,10,train/lr,4.1170215708620915e-05
1585,10,train/loss,1.5706558227539062
1585,10,train/lr,4.1135522327201665e-05
1586,10,train/loss,1.3911352157592773
1586,10,train/lr,4.1100822725042244e-05
1587,10,train/loss,1.465869426727295
1587,10,train/lr,4.106611693732422e-05
1588,10,train/loss,1.2512487173080444
1588,10,train/lr,4.1031404999235416e-05
1589,10,train/loss,1.3620529174804688
1589,10,train/lr,4.099668694596989e-05
1590,10,train/loss,1.3487098217010498
1590,10,train/lr,4.0961962812727884e-05
1591,10,train/loss,1.2482500076293945
1591,10,train/lr,4.0927232634715856e-05
1592,10,train/loss,1.5558127164840698
1592,10,train/lr,4.089249644714634e-05
1593,10,train/loss,1.4402172565460205
1593,10,train/lr,4.0857754285238e-05
1594,10,train/loss,1.5688154697418213
1594,10,train/lr,4.082300618421552e-05
1595,10,train/loss,1.457492470741272
1595,10,train/lr,4.0788252179309644e-05
1596,10,train/loss,1.5147082805633545
1596,10,train/lr,4.075349230575706e-05
1597,10,train/loss,1.666888952255249
1597,10,train/lr,4.071872659880046e-05
1598,10,train/loss,1.2699718475341797
1598,10,train/lr,4.0683955093688406e-05
1599,10,train/loss,1.3628325462341309
1599,10,train/lr,4.064917782567536e-05
1600,10,train/loss,1.4512091875076294
1600,10,train/lr,4.0614394830021604e-05
1601,10,train/loss,1.5377728939056396
1601,10,train/lr,4.057960614199326e-05
1602,10,train/loss,1.3190467357635498
1602,10,train/lr,4.054481179686219e-05
1603,10,train/loss,1.3702770471572876
1603,10,train/lr,4.0510011829906036e-05
1604,10,train/loss,1.515390157699585
1604,10,train/lr,4.047520627640808e-05
1605,10,train/loss,1.5130878686904907
1605,10,train/lr,4.0440395171657305e-05
1606,10,train/loss,1.4864591360092163
1606,10,train/lr,4.040557855094832e-05
1607,10,train/loss,1.5008867979049683
1607,10,train/lr,4.0370756449581334e-05
1608,10,train/loss,1.7354544401168823
1608,10,train/lr,4.0335928902862086e-05
1609,10,train/loss,1.4687039852142334
1609,10,train/lr,4.030109594610186e-05
1610,10,train/loss,1.4138399362564087
1610,10,train/lr,4.0266257614617407e-05
1611,10,train/loss,1.2580398321151733
1611,10,train/lr,4.023141394373094e-05
1612,10,train/loss,1.3015013933181763
1612,10,train/lr,4.019656496877008e-05
1613,10,train/loss,1.226124882698059
1613,10,train/lr,4.016171072506786e-05
1614,10,train/loss,1.4215705394744873
1614,10,train/lr,4.012685124796257e-05
1615,10,train/loss,1.2630205154418945
1615,10,train/lr,4.0091986572797896e-05
1616,10,train/loss,1.3525432348251343
1616,10,train/lr,4.005711673492274e-05
1617,10,train/loss,1.3996593952178955
1617,10,train/lr,4.002224176969127e-05
1618,10,train/loss,1.4271247386932373
1618,10,train/lr,3.998736171246284e-05
1619,10,train/loss,1.619476556777954
1619,10,train/lr,3.995247659860195e-05
1620,10,train/loss,1.1978001594543457
1620,10,train/lr,3.991758646347824e-05
1621,10,train/loss,1.6686692237854004
1621,10,train/lr,3.988269134246646e-05
1622,10,train/loss,1.4792447090148926
1622,10,train/lr,3.9847791270946396e-05
1623,10,train/loss,1.3327516317367554
1623,10,train/lr,3.981288628430285e-05
1624,10,train/loss,1.4598922729492188
1624,10,train/lr,3.977797641792561e-05
1625,10,train/loss,1.4066596031188965
1625,10,train/lr,3.974306170720941e-05
1626,10,train/loss,1.3047407865524292
1626,10,train/lr,3.970814218755392e-05
1627,10,train/loss,1.5126721858978271
1627,10,train/lr,3.9673217894363635e-05
1628,10,train/loss,1.2204883098602295
1628,10,train/lr,3.9638288863047965e-05
1629,10,train/loss,1.4041262865066528
1629,10,train/lr,3.960335512902104e-05
1630,10,train/loss,1.5606887340545654
1630,10,train/lr,3.956841672770181e-05
1631,10,train/loss,1.5531833171844482
1631,10,train/lr,3.953347369451395e-05
1632,10,train/loss,1.6678874492645264
1632,10,train/lr,3.9498526064885806e-05
1633,10,train/loss,1.4316980838775635
1633,10,train/lr,3.946357387425044e-05
1634,10,train/loss,1.4048900604248047
1634,10,train/lr,3.9428617158045476e-05
1635,10,train/loss,1.5481855869293213
1635,10,train/lr,3.939365595171316e-05
1636,10,train/loss,1.4822286367416382
1636,10,train/lr,3.935869029070028e-05
1637,10,train/loss,1.4511622190475464
1637,10,train/lr,3.932372021045815e-05
1638,10,train/loss,1.466904640197754
1638,10,train/lr,3.9288745746442545e-05
1639,10,train/loss,1.4889811277389526
1639,10,train/lr,3.925376693411372e-05
1640,10,train/loss,1.4379103183746338
1640,10,train/lr,3.92187838089363e-05
1641,10,train/loss,1.48708176612854
1641,10,train/lr,3.9183796406379315e-05
1642,10,train/loss,1.5791125297546387
1642,10,train/lr,3.9148804761916095e-05
1643,10,train/loss,1.5273054838180542
1643,10,train/lr,3.911380891102432e-05
1644,10,train/loss,1.5271339416503906
1644,10,train/lr,3.907880888918588e-05
1645,10,train/loss,1.5269129276275635
1645,10,train/lr,3.904380473188693e-05
1646,10,train/loss,1.5619570016860962
1646,10,train/lr,3.900879647461781e-05
1647,10,train/loss,1.4789807796478271
1647,10,train/lr,3.897378415287303e-05
1648,10,train/loss,1.348633050918579
1648,10,train/lr,3.893876780215119e-05
1649,10,train/loss,1.4238612651824951
1649,10,train/lr,3.890374745795499e-05
1650,10,train/loss,1.3704421520233154
1650,10,train/lr,3.886872315579119e-05
1651,10,train/loss,1.37552809715271
1651,10,train/lr,3.883369493117056e-05
1652,10,train/loss,1.2723937034606934
1652,10,train/lr,3.879866281960782e-05
1653,10,train/loss,1.5069431066513062
1653,10,train/lr,3.8763626856621666e-05
1654,10,train/loss,1.4614191055297852
1654,10,train/lr,3.8728587077734685e-05
1655,10,train/loss,1.5091943740844727
1655,10,train/lr,3.869354351847332e-05
1656,10,train/loss,1.4990123510360718
1656,10,train/lr,3.865849621436787e-05
1657,10,train/loss,1.7302157878875732
1657,10,train/lr,3.862344520095242e-05
1658,10,train/loss,1.1996126174926758
1658,10,train/lr,3.858839051376481e-05
1659,10,train/loss,1.5848644971847534
1659,10,train/lr,3.855333218834662e-05
1660,10,train/loss,1.44508957862854
1660,10,train/lr,3.851827026024309e-05
1660,10,train/batches,662.0
1660,10,train/compute_pct,99.89830670894291
1660,10,train/compute_sec,63.029504773934605
1660,10,train/data_wait_pct,0.10169329105709564
1660,10,train/data_wait_sec,0.06416202621767297
1660,10,train/examples,5296.0
1660,10,train/examples_per_sec,83.93869414461133
1660,10,train/input_tokens,626171.0
1660,10,train/peak_vram_gb,6.733389377593994
1660,10,train/target_tokens,424741.0
1660,10,train/tokens_per_sec,16656.378576454263
1660,10,train/total_sec,63.09366680015228
1660,10,train/epoch_loss,1.449877758040529
1660,10,epoch10/batches,662.0
1660,10,epoch10/compute_pct,99.89830670894291
1660,10,epoch10/compute_sec,63.029504773934605
1660,10,epoch10/data_wait_pct,0.10169329105709564
1660,10,epoch10/data_wait_sec,0.06416202621767297
1660,10,epoch10/examples,5296.0
1660,10,epoch10/examples_per_sec,83.93869414461133
1660,10,epoch10/input_tokens,626171.0
1660,10,epoch10/peak_vram_gb,6.733389377593994
1660,10,epoch10/target_tokens,424741.0
1660,10,epoch10/tokens_per_sec,16656.378576454263
1660,10,epoch10/total_sec,63.09366680015228
1660,10,val/bleu,22.57077346446138
1660,10,val/chrf,43.99583336303865
1660,10,val/combined,31.51221966503371
1660,10,val/eval_peak_vram_gb,6.733389377593994
1660,10,val/eval_samples_per_sec,7.353956721376147
1660,10,val/eval_seconds,81.18078778797644
1660,10,val/eval_tokens_per_sec,1384.9212734130633
1661,11,train/loss,1.42147958278656
1661,11,train/lr,3.8483204765003155e-05
1662,11,train/loss,1.6238996982574463
1662,11,train/lr,3.8448135738179345e-05
1663,11,train/loss,1.3195998668670654
1663,11,train/lr,3.841306321532775e-05
1664,11,train/loss,1.3814363479614258
1664,11,train/lr,3.8377987232008025e-05
1665,11,train/loss,1.4742989540100098
1665,11,train/lr,3.834290782378335e-05
1666,11,train/loss,1.4120454788208008
1666,11,train/lr,3.830782502622035e-05
1667,11,train/loss,1.3517377376556396
1667,11,train/lr,3.82727388748891e-05
1668,11,train/loss,1.334624171257019
1668,11,train/lr,3.823764940536307e-05
1669,11,train/loss,1.1754887104034424
1669,11,train/lr,3.820255665321909e-05
1670,11,train/loss,1.621809720993042
1670,11,train/lr,3.8167460654037324e-05
1671,11,train/loss,1.5324211120605469
1671,11,train/lr,3.813236144340124e-05
1672,11,train/loss,1.32240629196167
1672,11,train/lr,3.809725905689754e-05
1673,11,train/loss,1.5428550243377686
1673,11,train/lr,3.8062153530116174e-05
1674,11,train/loss,1.5444567203521729
1674,11,train/lr,3.8027044898650234e-05
1675,11,train/loss,1.5250298976898193
1675,11,train/lr,3.7991933198096003e-05
1676,11,train/loss,1.3901309967041016
1676,11,train/lr,3.7956818464052846e-05
1677,11,train/loss,1.4447460174560547
1677,11,train/lr,3.792170073212322e-05
1678,11,train/loss,1.623203992843628
1678,11,train/lr,3.7886580037912615e-05
1679,11,train/loss,1.4224004745483398
1679,11,train/lr,3.7851456417029524e-05
1680,11,train/loss,1.5113168954849243
1680,11,train/lr,3.781632990508541e-05
1681,11,train/loss,1.3237541913986206
1681,11,train/lr,3.778120053769466e-05
1682,11,train/loss,1.5722792148590088
1682,11,train/lr,3.774606835047457e-05
1683,11,train/loss,1.3495540618896484
1683,11,train/lr,3.7710933379045294e-05
1684,11,train/loss,1.4970836639404297
1684,11,train/lr,3.7675795659029786e-05
1685,11,train/loss,1.5407559871673584
1685,11,train/lr,3.764065522605381e-05
1686,11,train/loss,1.3207677602767944
1686,11,train/lr,3.760551211574587e-05
1687,11,train/loss,1.683234453201294
1687,11,train/lr,3.7570366363737193e-05
1688,11,train/loss,1.2910188436508179
1688,11,train/lr,3.7535218005661685e-05
1689,11,train/loss,1.4522416591644287
1689,11,train/lr,3.750006707715587e-05
1690,11,train/loss,1.2824642658233643
1690,11,train/lr,3.7464913613858915e-05
1691,11,train/loss,1.4067771434783936
1691,11,train/lr,3.7429757651412526e-05
1692,11,train/loss,1.4075565338134766
1692,11,train/lr,3.739459922546097e-05
1693,11,train/loss,1.2701092958450317
1693,11,train/lr,3.7359438371650983e-05
1694,11,train/loss,1.472087025642395
1694,11,train/lr,3.732427512563178e-05
1695,11,train/loss,1.499419093132019
1695,11,train/lr,3.728910952305501e-05
1696,11,train/loss,1.5692311525344849
1696,11,train/lr,3.7253941599574675e-05
1697,11,train/loss,1.5812369585037231
1697,11,train/lr,3.721877139084718e-05
1698,11,train/loss,1.512511968612671
1698,11,train/lr,3.7183598932531215e-05
1699,11,train/loss,1.618088722229004
1699,11,train/lr,3.714842426028775e-05
1700,11,train/loss,1.456992268562317
1700,11,train/lr,3.711324740978001e-05
1701,11,train/loss,1.671264410018921
1701,11,train/lr,3.707806841667343e-05
1702,11,train/loss,1.2480697631835938
1702,11,train/lr,3.704288731663561e-05
1703,11,train/loss,1.3664114475250244
1703,11,train/lr,3.700770414533629e-05
1704,11,train/loss,1.1909449100494385
1704,11,train/lr,3.6972518938447306e-05
1705,11,train/loss,1.499054193496704
1705,11,train/lr,3.693733173164257e-05
1706,11,train/loss,1.3811266422271729
1706,11,train/lr,3.6902142560598004e-05
1707,11,train/loss,1.4604018926620483
1707,11,train/lr,3.686695146099153e-05
1708,11,train/loss,1.4457645416259766
1708,11,train/lr,3.683175846850304e-05
1709,11,train/loss,1.4572397470474243
1709,11,train/lr,3.6796563618814304e-05
1710,11,train/loss,1.5302281379699707
1710,11,train/lr,3.676136694760903e-05
1711,11,train/loss,1.4565988779067993
1711,11,train/lr,3.6726168490572725e-05
1712,11,train/loss,1.3607728481292725
1712,11,train/lr,3.6690968283392746e-05
1713,11,train/loss,1.3168399333953857
1713,11,train/lr,3.665576636175819e-05
1714,11,train/loss,1.4024372100830078
1714,11,train/lr,3.662056276135991e-05
1715,11,train/loss,1.345146894454956
1715,11,train/lr,3.658535751789045e-05
1716,11,train/loss,1.5676512718200684
1716,11,train/lr,3.655015066704405e-05
1717,11,train/loss,1.330338716506958
1717,11,train/lr,3.651494224451654e-05
1718,11,train/loss,1.3174161911010742
1718,11,train/lr,3.647973228600536e-05
1719,11,train/loss,1.5221015214920044
1719,11,train/lr,3.644452082720952e-05
1720,11,train/loss,1.298425555229187
1720,11,train/lr,3.640930790382953e-05
1721,11,train/loss,1.5423109531402588
1721,11,train/lr,3.63740935515674e-05
1722,11,train/loss,1.4839568138122559
1722,11,train/lr,3.6338877806126584e-05
1723,11,train/loss,1.5447640419006348
1723,11,train/lr,3.630366070321195e-05
1724,11,train/loss,1.470719575881958
1724,11,train/lr,3.626844227852973e-05
1725,11,train/loss,1.5703622102737427
1725,11,train/lr,3.6233222567787514e-05
1726,11,train/loss,1.411480188369751
1726,11,train/lr,3.619800160669419e-05
1727,11,train/loss,1.4451379776000977
1727,11,train/lr,3.61627794309599e-05
1728,11,train/loss,1.634336233139038
1728,11,train/lr,3.6127556076296055e-05
1729,11,train/loss,1.4439946413040161
1729,11,train/lr,3.609233157841521e-05
1730,11,train/loss,1.1566165685653687
1730,11,train/lr,3.605710597303111e-05
1731,11,train/loss,1.3576313257217407
1731,11,train/lr,3.6021879295858624e-05
1732,11,train/loss,1.2754223346710205
1732,11,train/lr,3.598665158261371e-05
1733,11,train/loss,1.490393877029419
1733,11,train/lr,3.5951422869013354e-05
1734,11,train/loss,1.4040858745574951
1734,11,train/lr,3.5916193190775565e-05
1735,11,train/loss,1.527628779411316
1735,11,train/lr,3.588096258361935e-05
1736,11,train/loss,1.386373519897461
1736,11,train/lr,3.5845731083264626e-05
1737,11,train/loss,1.5364329814910889
1737,11,train/lr,3.581049872543226e-05
1738,11,train/loss,1.4892228841781616
1738,11,train/lr,3.5775265545843936e-05
1739,11,train/loss,1.2758349180221558
1739,11,train/lr,3.57400315802222e-05
1740,11,train/loss,1.2313050031661987
1740,11,train/lr,3.570479686429041e-05
1741,11,train/loss,1.3963693380355835
1741,11,train/lr,3.566956143377264e-05
1742,11,train/loss,1.3633928298950195
1742,11,train/lr,3.563432532439374e-05
1743,11,train/loss,1.3851896524429321
1743,11,train/lr,3.55990885718792e-05
1744,11,train/loss,1.3204519748687744
1744,11,train/lr,3.5563851211955195e-05
1745,11,train/loss,1.3609468936920166
1745,11,train/lr,3.5528613280348505e-05
1746,11,train/loss,1.5201771259307861
1746,11,train/lr,3.549337481278649e-05
1747,11,train/loss,1.4544894695281982
1747,11,train/lr,3.545813584499705e-05
1748,11,train/loss,1.4791778326034546
1748,11,train/lr,3.54228964127086e-05
1749,11,train/loss,1.4654476642608643
1749,11,train/lr,3.5387656551650034e-05
1750,11,train/loss,1.453698992729187
1750,11,train/lr,3.535241629755064e-05
1751,11,train/loss,1.409163236618042
1751,11,train/lr,3.5317175686140157e-05
1752,11,train/loss,1.41428804397583
1752,11,train/lr,3.528193475314864e-05
1753,11,train/loss,1.5147885084152222
1753,11,train/lr,3.524669353430653e-05
1754,11,train/loss,1.2859538793563843
1754,11,train/lr,3.521145206534448e-05
1755,11,train/loss,1.3880302906036377
1755,11,train/lr,3.517621038199346e-05
1756,11,train/loss,1.319291591644287
1756,11,train/lr,3.5140968519984616e-05
1757,11,train/loss,1.3058764934539795
1757,11,train/lr,3.51057265150493e-05
1758,11,train/loss,1.433184266090393
1758,11,train/lr,3.5070484402919037e-05
1759,11,train/loss,1.2859357595443726
1759,11,train/lr,3.5035242219325366e-05
1760,11,train/loss,1.4753139019012451
1760,11,train/lr,3.5e-05
1761,11,train/loss,1.3810139894485474
1761,11,train/lr,3.496475778067463e-05
1762,11,train/loss,1.45433509349823
1762,11,train/lr,3.4929515597080964e-05
1763,11,train/loss,1.5057430267333984
1763,11,train/lr,3.489427348495069e-05
1764,11,train/loss,1.4537270069122314
1764,11,train/lr,3.485903148001538e-05
1765,11,train/loss,1.4935858249664307
1765,11,train/lr,3.482378961800654e-05
1766,11,train/loss,1.4235535860061646
1766,11,train/lr,3.478854793465552e-05
1767,11,train/loss,1.3525288105010986
1767,11,train/lr,3.475330646569347e-05
1768,11,train/loss,1.3578801155090332
1768,11,train/lr,3.4718065246851354e-05
1769,11,train/loss,1.4924917221069336
1769,11,train/lr,3.4682824313859844e-05
1770,11,train/loss,1.3725848197937012
1770,11,train/lr,3.464758370244936e-05
1771,11,train/loss,1.6125562191009521
1771,11,train/lr,3.461234344834997e-05
1772,11,train/loss,1.505632758140564
1772,11,train/lr,3.457710358729139e-05
1773,11,train/loss,1.38386869430542
1773,11,train/lr,3.454186415500295e-05
1774,11,train/loss,1.670501708984375
1774,11,train/lr,3.4506625187213507e-05
1775,11,train/loss,1.4204680919647217
1775,11,train/lr,3.4471386719651496e-05
1776,11,train/loss,1.3332759141921997
1776,11,train/lr,3.4436148788044806e-05
1777,11,train/loss,1.4938760995864868
1777,11,train/lr,3.44009114281208e-05
1778,11,train/loss,1.405733346939087
1778,11,train/lr,3.436567467560626e-05
1779,11,train/loss,1.367573618888855
1779,11,train/lr,3.433043856622735e-05
1780,11,train/loss,1.4192602634429932
1780,11,train/lr,3.429520313570959e-05
1781,11,train/loss,1.5026497840881348
1781,11,train/lr,3.425996841977779e-05
1782,11,train/loss,1.3403724431991577
1782,11,train/lr,3.4224734454156065e-05
1783,11,train/loss,1.4894990921020508
1783,11,train/lr,3.418950127456774e-05
1784,11,train/loss,1.3545260429382324
1784,11,train/lr,3.4154268916735375e-05
1785,11,train/loss,1.4334194660186768
1785,11,train/lr,3.411903741638066e-05
1786,11,train/loss,1.314298152923584
1786,11,train/lr,3.408380680922444e-05
1787,11,train/loss,1.5098375082015991
1787,11,train/lr,3.4048577130986654e-05
1788,11,train/loss,1.6071406602859497
1788,11,train/lr,3.401334841738629e-05
1789,11,train/loss,1.507260799407959
1789,11,train/lr,3.3978120704141376e-05
1790,11,train/loss,1.455915927886963
1790,11,train/lr,3.394289402696889e-05
1791,11,train/loss,1.2840754985809326
1791,11,train/lr,3.39076684215848e-05
1792,11,train/loss,1.366647481918335
1792,11,train/lr,3.387244392370395e-05
1793,11,train/loss,1.3070409297943115
1793,11,train/lr,3.38372205690401e-05
1794,11,train/loss,1.4417741298675537
1794,11,train/lr,3.380199839330582e-05
1795,11,train/loss,1.3787810802459717
1795,11,train/lr,3.3766777432212494e-05
1796,11,train/loss,1.3234213590621948
1796,11,train/lr,3.373155772147028e-05
1797,11,train/loss,1.4879412651062012
1797,11,train/lr,3.369633929678806e-05
1798,11,train/loss,1.4542429447174072
1798,11,train/lr,3.3661122193873416e-05
1799,11,train/loss,1.387996792793274
1799,11,train/lr,3.362590644843261e-05
1800,11,train/loss,1.4167447090148926
1800,11,train/lr,3.3590692096170476e-05
1801,11,train/loss,1.5306565761566162
1801,11,train/lr,3.355547917279049e-05
1802,11,train/loss,1.2035658359527588
1802,11,train/lr,3.352026771399464e-05
1803,11,train/loss,1.4798249006271362
1803,11,train/lr,3.348505775548347e-05
1804,11,train/loss,1.4421781301498413
1804,11,train/lr,3.344984933295596e-05
1805,11,train/loss,1.3872675895690918
1805,11,train/lr,3.341464248210955e-05
1806,11,train/loss,1.3937020301818848
1806,11,train/lr,3.33794372386401e-05
1807,11,train/loss,1.4400668144226074
1807,11,train/lr,3.3344233638241815e-05
1808,11,train/loss,1.333921194076538
1808,11,train/lr,3.3309031716607255e-05
1809,11,train/loss,1.4417475461959839
1809,11,train/lr,3.327383150942726e-05
1810,11,train/loss,1.5078892707824707
1810,11,train/lr,3.323863305239096e-05
1811,11,train/loss,1.2704615592956543
1811,11,train/lr,3.320343638118568e-05
1812,11,train/loss,1.4956480264663696
1812,11,train/lr,3.316824153149696e-05
1813,11,train/loss,1.3873136043548584
1813,11,train/lr,3.313304853900846e-05
1814,11,train/loss,1.3798434734344482
1814,11,train/lr,3.309785743940199e-05
1815,11,train/loss,1.5730218887329102
1815,11,train/lr,3.306266826835742e-05
1816,11,train/loss,1.2592271566390991
1816,11,train/lr,3.302748106155268e-05
1817,11,train/loss,1.2480580806732178
1817,11,train/lr,3.299229585466371e-05
1818,11,train/loss,1.4057047367095947
1818,11,train/lr,3.2957112683364385e-05
1819,11,train/loss,1.4674007892608643
1819,11,train/lr,3.2921931583326565e-05
1820,11,train/loss,1.676457166671753
1820,11,train/lr,3.288675259021998e-05
1821,11,train/loss,1.4585869312286377
1821,11,train/lr,3.285157573971224e-05
1822,11,train/loss,1.452089786529541
1822,11,train/lr,3.2816401067468786e-05
1823,11,train/loss,1.3474596738815308
1823,11,train/lr,3.278122860915281e-05
1824,11,train/loss,1.2732460498809814
1824,11,train/lr,3.274605840042531e-05
1825,11,train/loss,1.4284441471099854
1825,11,train/lr,3.2710890476944986e-05
1826,11,train/loss,1.476142406463623
1826,11,train/lr,3.267572487436821e-05
1826,11,train/batches,662.0
1826,11,train/compute_pct,99.88155187941231
1826,11,train/compute_sec,66.50979321304476
1826,11,train/data_wait_pct,0.11844812058768393
1826,11,train/data_wait_sec,0.07887302368180826
1826,11,train/examples,5296.0
1826,11,train/examples_per_sec,79.53305418631473
1826,11,train/input_tokens,626121.0
1826,11,train/peak_vram_gb,6.733389377593994
1826,11,train/target_tokens,424532.0
1826,11,train/tokens_per_sec,15778.2556608788
1826,11,train/total_sec,66.58866623672657
1826,11,train/epoch_loss,1.429330251368151
1826,11,epoch11/batches,662.0
1826,11,epoch11/compute_pct,99.88155187941231
1826,11,epoch11/compute_sec,66.50979321304476
1826,11,epoch11/data_wait_pct,0.11844812058768393
1826,11,epoch11/data_wait_sec,0.07887302368180826
1826,11,epoch11/examples,5296.0
1826,11,epoch11/examples_per_sec,79.53305418631473
1826,11,epoch11/input_tokens,626121.0
1826,11,epoch11/peak_vram_gb,6.733389377593994
1826,11,epoch11/target_tokens,424532.0
1826,11,epoch11/tokens_per_sec,15778.2556608788
1826,11,epoch11/total_sec,66.58866623672657
1826,11,val/bleu,23.69552611179721
1826,11,val/chrf,44.09771220745833
1826,11,val/combined,32.32519901071527
1826,11,val/eval_peak_vram_gb,6.733389377593994
1826,11,val/eval_samples_per_sec,7.643489571588164
1826,11,val/eval_seconds,78.10568646801403
1826,11,val/eval_tokens_per_sec,1352.1294642644127
1827,12,train/loss,1.413887619972229
1827,12,train/lr,3.264056162834901e-05
1828,12,train/loss,1.4015792608261108
1828,12,train/lr,3.260540077453903e-05
1829,12,train/loss,1.4209821224212646
1829,12,train/lr,3.257024234858747e-05
1830,12,train/loss,1.5152541399002075
1830,12,train/lr,3.253508638614108e-05
1831,12,train/loss,1.381707787513733
1831,12,train/lr,3.249993292284412e-05
1832,12,train/loss,1.3274412155151367
1832,12,train/lr,3.2464781994338315e-05
1833,12,train/loss,1.399726152420044
1833,12,train/lr,3.24296336362628e-05
1834,12,train/loss,1.320143461227417
1834,12,train/lr,3.2394487884254124e-05
1835,12,train/loss,1.456591248512268
1835,12,train/lr,3.235934477394619e-05
1836,12,train/loss,1.2423479557037354
1836,12,train/lr,3.232420434097021e-05
1837,12,train/loss,1.4168403148651123
1837,12,train/lr,3.22890666209547e-05
1838,12,train/loss,1.5001813173294067
1838,12,train/lr,3.225393164952543e-05
1839,12,train/loss,1.4994643926620483
1839,12,train/lr,3.221879946230534e-05
1840,12,train/loss,1.5537457466125488
1840,12,train/lr,3.2183670094914595e-05
1841,12,train/loss,1.4197216033935547
1841,12,train/lr,3.214854358297048e-05
1842,12,train/loss,1.4432789087295532
1842,12,train/lr,3.211341996208738e-05
1843,12,train/loss,1.4046261310577393
1843,12,train/lr,3.2078299267876776e-05
1844,12,train/loss,1.7183067798614502
1844,12,train/lr,3.2043181535947155e-05
1845,12,train/loss,1.3985167741775513
1845,12,train/lr,3.2008066801904e-05
1846,12,train/loss,1.2833001613616943
1846,12,train/lr,3.197295510134976e-05
1847,12,train/loss,1.3617918491363525
1847,12,train/lr,3.193784646988382e-05
1848,12,train/loss,1.5286524295806885
1848,12,train/lr,3.190274094310245e-05
1849,12,train/loss,1.5042269229888916
1849,12,train/lr,3.186763855659876e-05
1850,12,train/loss,1.4986132383346558
1850,12,train/lr,3.1832539345962676e-05
1851,12,train/loss,1.5498963594436646
1851,12,train/lr,3.179744334678091e-05
1852,12,train/loss,1.982048749923706
1852,12,train/lr,3.176235059463693e-05
1853,12,train/loss,1.42266845703125
1853,12,train/lr,3.1727261125110903e-05
1854,12,train/loss,1.309363842010498
1854,12,train/lr,3.169217497377965e-05
1855,12,train/loss,1.3613016605377197
1855,12,train/lr,3.165709217621664e-05
1856,12,train/loss,1.3522624969482422
1856,12,train/lr,3.162201276799197e-05
1857,12,train/loss,1.3518168926239014
1857,12,train/lr,3.1586936784672246e-05
1858,12,train/loss,1.3616201877593994
1858,12,train/lr,3.155186426182066e-05
1859,12,train/loss,1.5208399295806885
1859,12,train/lr,3.151679523499684e-05
1860,12,train/loss,1.326372504234314
1860,12,train/lr,3.14817297397569e-05
1861,12,train/loss,1.3987876176834106
1861,12,train/lr,3.144666781165338e-05
1862,12,train/loss,1.5182113647460938
1862,12,train/lr,3.1411609486235185e-05
1863,12,train/loss,1.391191005706787
1863,12,train/lr,3.137655479904758e-05
1864,12,train/loss,1.4609973430633545
1864,12,train/lr,3.134150378563213e-05
1865,12,train/loss,1.3442777395248413
1865,12,train/lr,3.130645648152668e-05
1866,12,train/loss,1.5651203393936157
1866,12,train/lr,3.1271412922265315e-05
1867,12,train/loss,1.2845773696899414
1867,12,train/lr,3.123637314337833e-05
1868,12,train/loss,1.3649983406066895
1868,12,train/lr,3.1201337180392183e-05
1869,12,train/loss,1.4879391193389893
1869,12,train/lr,3.1166305068829444e-05
1870,12,train/loss,1.39398193359375
1870,12,train/lr,3.11312768442088e-05
1871,12,train/loss,1.1642532348632812
1871,12,train/lr,3.1096252542045004e-05
1872,12,train/loss,1.3458131551742554
1872,12,train/lr,3.1061232197848805e-05
1873,12,train/loss,1.4464082717895508
1873,12,train/lr,3.1026215847126974e-05
1874,12,train/loss,1.5099122524261475
1874,12,train/lr,3.0991203525382184e-05
1875,12,train/loss,1.5453579425811768
1875,12,train/lr,3.0956195268113067e-05
1876,12,train/loss,1.4298007488250732
1876,12,train/lr,3.092119111081412e-05
1877,12,train/loss,1.3221986293792725
1877,12,train/lr,3.0886191088975686e-05
1878,12,train/loss,1.44215726852417
1878,12,train/lr,3.0851195238083906e-05
1879,12,train/loss,1.397493839263916
1879,12,train/lr,3.0816203593620686e-05
1880,12,train/loss,1.4442064762115479
1880,12,train/lr,3.07812161910637e-05
1881,12,train/loss,1.379821538925171
1881,12,train/lr,3.074623306588628e-05
1882,12,train/loss,1.3372710943222046
1882,12,train/lr,3.071125425355745e-05
1883,12,train/loss,1.3551819324493408
1883,12,train/lr,3.067627978954185e-05
1884,12,train/loss,1.4791948795318604
1884,12,train/lr,3.0641309709299724e-05
1885,12,train/loss,1.4179260730743408
1885,12,train/lr,3.060634404828685e-05
1886,12,train/loss,1.3853204250335693
1886,12,train/lr,3.057138284195453e-05
1887,12,train/loss,1.4338161945343018
1887,12,train/lr,3.053642612574956e-05
1888,12,train/loss,1.5225439071655273
1888,12,train/lr,3.050147393511419e-05
1889,12,train/loss,1.4466583728790283
1889,12,train/lr,3.0466526305486063e-05
1890,12,train/loss,1.505253791809082
1890,12,train/lr,3.04315832722982e-05
1891,12,train/loss,1.7059847116470337
1891,12,train/lr,3.039664487097897e-05
1892,12,train/loss,1.4068629741668701
1892,12,train/lr,3.0361711136952042e-05
1893,12,train/loss,1.42399001121521
1893,12,train/lr,3.0326782105636355e-05
1894,12,train/loss,1.4005523920059204
1894,12,train/lr,3.029185781244609e-05
1895,12,train/loss,1.3568644523620605
1895,12,train/lr,3.0256938292790595e-05
1896,12,train/loss,1.1737195253372192
1896,12,train/lr,3.0222023582074396e-05
1897,12,train/loss,1.363626480102539
1897,12,train/lr,3.0187113715697158e-05
1898,12,train/loss,1.3230314254760742
1898,12,train/lr,3.0152208729053605e-05
1899,12,train/loss,1.3309195041656494
1899,12,train/lr,3.0117308657533543e-05
1900,12,train/loss,1.4435839653015137
1900,12,train/lr,3.0082413536521762e-05
1901,12,train/loss,1.399124264717102
1901,12,train/lr,3.0047523401398058e-05
1902,12,train/loss,1.5677292346954346
1902,12,train/lr,3.0012638287537167e-05
1903,12,train/loss,1.433875322341919
1903,12,train/lr,2.9977758230308727e-05
1904,12,train/loss,1.5169367790222168
1904,12,train/lr,2.994288326507726e-05
1905,12,train/loss,1.4015142917633057
1905,12,train/lr,2.990801342720211e-05
1906,12,train/loss,1.5767521858215332
1906,12,train/lr,2.987314875203743e-05
1907,12,train/loss,1.408319115638733
1907,12,train/lr,2.9838289274932145e-05
1908,12,train/loss,1.409348726272583
1908,12,train/lr,2.9803435031229907e-05
1909,12,train/loss,1.357435703277588
1909,12,train/lr,2.976858605626905e-05
1910,12,train/loss,1.3971951007843018
1910,12,train/lr,2.9733742385382587e-05
1911,12,train/loss,1.3741552829742432
1911,12,train/lr,2.969890405389813e-05
1912,12,train/loss,1.485325574874878
1912,12,train/lr,2.9664071097137908e-05
1913,12,train/loss,1.54099440574646
1913,12,train/lr,2.9629243550418657e-05
1914,12,train/loss,1.3298273086547852
1914,12,train/lr,2.9594421449051664e-05
1915,12,train/loss,1.516618251800537
1915,12,train/lr,2.9559604828342682e-05
1916,12,train/loss,1.4926786422729492
1916,12,train/lr,2.9524793723591912e-05
1917,12,train/loss,1.4134747982025146
1917,12,train/lr,2.948998817009396e-05
1918,12,train/loss,1.3736517429351807
1918,12,train/lr,2.9455188203137792e-05
1919,12,train/loss,1.5557856559753418
1919,12,train/lr,2.942039385800673e-05
1920,12,train/loss,1.3097996711730957
1920,12,train/lr,2.9385605169978387e-05
1921,12,train/loss,1.3109571933746338
1921,12,train/lr,2.9350822174324633e-05
1922,12,train/loss,1.3985768556594849
1922,12,train/lr,2.9316044906311585e-05
1923,12,train/loss,1.3945701122283936
1923,12,train/lr,2.928127340119953e-05
1924,12,train/loss,1.6671006679534912
1924,12,train/lr,2.9246507694242926e-05
1925,12,train/loss,1.4944555759429932
1925,12,train/lr,2.9211747820690353e-05
1926,12,train/loss,1.4870617389678955
1926,12,train/lr,2.9176993815784468e-05
1927,12,train/loss,1.325422763824463
1927,12,train/lr,2.9142245714761997e-05
1928,12,train/loss,1.5747931003570557
1928,12,train/lr,2.9107503552853648e-05
1929,12,train/loss,1.3582170009613037
1929,12,train/lr,2.9072767365284138e-05
1930,12,train/loss,1.5039234161376953
1930,12,train/lr,2.9038037187272103e-05
1931,12,train/loss,1.3517062664031982
1931,12,train/lr,2.9003313054030107e-05
1932,12,train/loss,1.3117074966430664
1932,12,train/lr,2.8968595000764585e-05
1933,12,train/loss,1.2625174522399902
1933,12,train/lr,2.8933883062675774e-05
1934,12,train/loss,1.4922730922698975
1934,12,train/lr,2.889917727495775e-05
1935,12,train/loss,1.3784582614898682
1935,12,train/lr,2.8864477672798336e-05
1936,12,train/loss,1.338212013244629
1936,12,train/lr,2.8829784291379082e-05
1937,12,train/loss,1.5071394443511963
1937,12,train/lr,2.8795097165875245e-05
1938,12,train/loss,1.4375437498092651
1938,12,train/lr,2.8760416331455726e-05
1939,12,train/loss,1.4676766395568848
1939,12,train/lr,2.8725741823283035e-05
1940,12,train/loss,1.4135360717773438
1940,12,train/lr,2.8691073676513295e-05
1941,12,train/loss,1.481126308441162
1941,12,train/lr,2.865641192629617e-05
1942,12,train/loss,1.6761502027511597
1942,12,train/lr,2.8621756607774834e-05
1943,12,train/loss,1.4241869449615479
1943,12,train/lr,2.8587107756085948e-05
1944,12,train/loss,1.3136073350906372
1944,12,train/lr,2.8552465406359593e-05
1945,12,train/loss,1.3314744234085083
1945,12,train/lr,2.851782959371929e-05
1946,12,train/loss,1.5508253574371338
1946,12,train/lr,2.8483200353281913e-05
1947,12,train/loss,1.2704308032989502
1947,12,train/lr,2.8448577720157676e-05
1948,12,train/loss,1.1517491340637207
1948,12,train/lr,2.84139617294501e-05
1949,12,train/loss,1.499039888381958
1949,12,train/lr,2.837935241625596e-05
1950,12,train/loss,1.3986433744430542
1950,12,train/lr,2.8344749815665268e-05
1951,12,train/loss,1.4513559341430664
1951,12,train/lr,2.8310153962761226e-05
1952,12,train/loss,1.4568207263946533
1952,12,train/lr,2.8275564892620202e-05
1953,12,train/loss,1.306298017501831
1953,12,train/lr,2.824098264031169e-05
1954,12,train/loss,1.3475308418273926
1954,12,train/lr,2.8206407240898248e-05
1955,12,train/loss,1.29160475730896
1955,12,train/lr,2.8171838729435512e-05
1956,12,train/loss,1.2852210998535156
1956,12,train/lr,2.813727714097212e-05
1957,12,train/loss,1.4004254341125488
1957,12,train/lr,2.8102722510549693e-05
1958,12,train/loss,1.4373446702957153
1958,12,train/lr,2.806817487320282e-05
1959,12,train/loss,1.2877551317214966
1959,12,train/lr,2.8033634263958945e-05
1960,12,train/loss,1.3038115501403809
1960,12,train/lr,2.799910071783845e-05
1961,12,train/loss,1.3647054433822632
1961,12,train/lr,2.7964574269854504e-05
1962,12,train/loss,1.452332854270935
1962,12,train/lr,2.7930054955013117e-05
1963,12,train/loss,1.4644570350646973
1963,12,train/lr,2.7895542808313058e-05
1964,12,train/loss,1.3898590803146362
1964,12,train/lr,2.7861037864745796e-05
1965,12,train/loss,1.3406903743743896
1965,12,train/lr,2.7826540159295545e-05
1966,12,train/loss,1.394307255744934
1966,12,train/lr,2.779204972693914e-05
1967,12,train/loss,1.2683111429214478
1967,12,train/lr,2.775756660264608e-05
1968,12,train/loss,1.5375268459320068
1968,12,train/lr,2.7723090821378425e-05
1969,12,train/loss,1.3390367031097412
1969,12,train/lr,2.7688622418090795e-05
1970,12,train/loss,1.4026682376861572
1970,12,train/lr,2.7654161427730337e-05
1971,12,train/loss,1.2857639789581299
1971,12,train/lr,2.7619707885236676e-05
1972,12,train/loss,1.2415082454681396
1972,12,train/lr,2.7585261825541897e-05
1973,12,train/loss,1.3531923294067383
1973,12,train/lr,2.7550823283570486e-05
1974,12,train/loss,1.4405943155288696
1974,12,train/lr,2.75163922942393e-05
1975,12,train/loss,1.4985370635986328
1975,12,train/lr,2.7481968892457567e-05
1976,12,train/loss,1.554330587387085
1976,12,train/lr,2.7447553113126786e-05
1977,12,train/loss,1.151448130607605
1977,12,train/lr,2.741314499114076e-05
1978,12,train/loss,1.7476669549942017
1978,12,train/lr,2.7378744561385505e-05
1979,12,train/loss,1.2940192222595215
1979,12,train/lr,2.7344351858739266e-05
1980,12,train/loss,1.3479585647583008
1980,12,train/lr,2.7309966918072406e-05
1981,12,train/loss,1.3702499866485596
1981,12,train/lr,2.7275589774247464e-05
1982,12,train/loss,1.4982290267944336
1982,12,train/lr,2.7241220462119056e-05
1983,12,train/loss,1.4259546995162964
1983,12,train/lr,2.720685901653385e-05
1984,12,train/loss,1.3537858724594116
1984,12,train/lr,2.7172505472330564e-05
1985,12,train/loss,1.3504894971847534
1985,12,train/lr,2.713815986433987e-05
1986,12,train/loss,1.2979860305786133
1986,12,train/lr,2.7103822227384416e-05
1987,12,train/loss,1.430454969406128
1987,12,train/lr,2.7069492596278757e-05
1988,12,train/loss,1.5570178031921387
1988,12,train/lr,2.703517100582935e-05
1989,12,train/loss,1.4276437759399414
1989,12,train/lr,2.7000857490834488e-05
1990,12,train/loss,1.6330851316452026
1990,12,train/lr,2.696655208608426e-05
1991,12,train/loss,1.353774070739746
1991,12,train/lr,2.6932254826360556e-05
1992,12,train/loss,1.4939804077148438
1992,12,train/lr,2.6897965746436997e-05
1992,12,train/batches,662.0
1992,12,train/compute_pct,99.91528083835252
1992,12,train/compute_sec,60.674918537406484
1992,12,train/data_wait_pct,0.08471916164747854
1992,12,train/data_wait_sec,0.051446867670165375
1992,12,train/examples,5296.0
1992,12,train/examples_per_sec,87.21088385041502
1992,12,train/input_tokens,625993.0
1992,12,train/peak_vram_gb,6.733389377593994
1992,12,train/target_tokens,424718.0
1992,12,train/tokens_per_sec,17302.385759318997
1992,12,train/total_sec,60.72636540507665
1992,12,train/epoch_loss,1.4134489004345459
1992,12,epoch12/batches,662.0
1992,12,epoch12/compute_pct,99.91528083835252
1992,12,epoch12/compute_sec,60.674918537406484
1992,12,epoch12/data_wait_pct,0.08471916164747854
1992,12,epoch12/data_wait_sec,0.051446867670165375
1992,12,epoch12/examples,5296.0
1992,12,epoch12/examples_per_sec,87.21088385041502
1992,12,epoch12/input_tokens,625993.0
1992,12,epoch12/peak_vram_gb,6.733389377593994
1992,12,epoch12/target_tokens,424718.0
1992,12,epoch12/tokens_per_sec,17302.385759318997
1992,12,epoch12/total_sec,60.72636540507665
1992,12,val/bleu,24.27004522128393
1992,12,val/chrf,45.34710344972615
1992,12,val/combined,33.174934082513175
1992,12,val/eval_peak_vram_gb,6.733389377593994
1992,12,val/eval_samples_per_sec,7.430885307097942
1992,12,val/eval_seconds,80.34035990701523
1992,12,val/eval_tokens_per_sec,1377.4521315075272
1993,13,train/loss,1.4879299402236938
1993,13,train/lr,2.6863684881078916e-05
1994,13,train/loss,1.5182297229766846
1994,13,train/lr,2.6829412265043318e-05
1995,13,train/loss,1.4974340200424194
1995,13,train/lr,2.679514793307883e-05
1996,13,train/loss,1.4307981729507446
1996,13,train/lr,2.676089191992569e-05
1997,13,train/loss,1.5053246021270752
1997,13,train/lr,2.6726644260315708e-05
1998,13,train/loss,1.3186883926391602
1998,13,train/lr,2.6692404988972216e-05
1999,13,train/loss,1.2218931913375854
1999,13,train/lr,2.6658174140610048e-05
2000,13,train/loss,1.2109153270721436
2000,13,train/lr,2.6623951749935487e-05
2001,13,train/loss,1.3787035942077637
2001,13,train/lr,2.6589737851646243e-05
2002,13,train/loss,1.4641799926757812
2002,13,train/lr,2.655553248043143e-05
2003,13,train/loss,1.3694417476654053
2003,13,train/lr,2.6521335670971503e-05
2004,13,train/loss,1.5588011741638184
2004,13,train/lr,2.6487147457938223e-05
2005,13,train/loss,1.584355115890503
2005,13,train/lr,2.6452967875994686e-05
2006,13,train/loss,1.5385074615478516
2006,13,train/lr,2.641879695979518e-05
2007,13,train/loss,1.3650689125061035
2007,13,train/lr,2.638463474398524e-05
2008,13,train/loss,1.5295464992523193
2008,13,train/lr,2.635048126320156e-05
2009,13,train/loss,1.2900853157043457
2009,13,train/lr,2.6316336552071988e-05
2010,13,train/loss,1.3169771432876587
2010,13,train/lr,2.6282200645215486e-05
2011,13,train/loss,1.448195457458496
2011,13,train/lr,2.624807357724208e-05
2012,13,train/loss,1.4085201025009155
2012,13,train/lr,2.6213955382752837e-05
2013,13,train/loss,1.4208823442459106
2013,13,train/lr,2.6179846096339832e-05
2014,13,train/loss,1.2345682382583618
2014,13,train/lr,2.6145745752586096e-05
2015,13,train/loss,1.4002792835235596
2015,13,train/lr,2.6111654386065603e-05
2016,13,train/loss,1.3457117080688477
2016,13,train/lr,2.6077572031343227e-05
2017,13,train/loss,1.528219223022461
2017,13,train/lr,2.604349872297471e-05
2018,13,train/loss,1.3663280010223389
2018,13,train/lr,2.6009434495506595e-05
2019,13,train/loss,1.5153985023498535
2019,13,train/lr,2.597537938347624e-05
2020,13,train/loss,1.2612059116363525
2020,13,train/lr,2.5941333421411768e-05
2021,13,train/loss,1.3329272270202637
2021,13,train/lr,2.5907296643832004e-05
2022,13,train/loss,1.3554986715316772
2022,13,train/lr,2.5873269085246484e-05
2023,13,train/loss,1.3619438409805298
2023,13,train/lr,2.5839250780155368e-05
2024,13,train/loss,1.4054381847381592
2024,13,train/lr,2.5805241763049455e-05
2025,13,train/loss,1.196920394897461
2025,13,train/lr,2.5771242068410124e-05
2026,13,train/loss,1.1903879642486572
2026,13,train/lr,2.57372517307093e-05
2027,13,train/loss,1.3968170881271362
2027,13,train/lr,2.570327078440943e-05
2028,13,train/loss,1.4148359298706055
2028,13,train/lr,2.566929926396341e-05
2029,13,train/loss,1.4388190507888794
2029,13,train/lr,2.5635337203814616e-05
2030,13,train/loss,1.390592098236084
2030,13,train/lr,2.5601384638396808e-05
2031,13,train/loss,1.481231451034546
2031,13,train/lr,2.5567441602134137e-05
2032,13,train/loss,1.4207199811935425
2032,13,train/lr,2.553350812944107e-05
2033,13,train/loss,1.335115671157837
2033,13,train/lr,2.54995842547224e-05
2034,13,train/loss,1.2626537084579468
2034,13,train/lr,2.5465670012373173e-05
2035,13,train/loss,1.3467284440994263
2035,13,train/lr,2.5431765436778675e-05
2036,13,train/loss,1.4861335754394531
2036,13,train/lr,2.5397870562314397e-05
2037,13,train/loss,1.3505902290344238
2037,13,train/lr,2.536398542334598e-05
2038,13,train/loss,1.3015978336334229
2038,13,train/lr,2.533011005422922e-05
2039,13,train/loss,1.402982234954834
2039,13,train/lr,2.529624448930996e-05
2040,13,train/loss,1.3528509140014648
2040,13,train/lr,2.5262388762924156e-05
2041,13,train/loss,1.415294885635376
2041,13,train/lr,2.5228542909397756e-05
2042,13,train/loss,1.4959945678710938
2042,13,train/lr,2.5194706963046707e-05
2043,13,train/loss,1.56093168258667
2043,13,train/lr,2.5160880958176925e-05
2044,13,train/loss,1.4493086338043213
2044,13,train/lr,2.5127064929084213e-05
2045,13,train/loss,1.403881311416626
2045,13,train/lr,2.5093258910054287e-05
2046,13,train/loss,1.3755569458007812
2046,13,train/lr,2.5059462935362704e-05
2047,13,train/loss,1.606755256652832
2047,13,train/lr,2.5025677039274848e-05
2048,13,train/loss,1.3110737800598145
2048,13,train/lr,2.499190125604588e-05
2049,13,train/loss,1.3075522184371948
2049,13,train/lr,2.4958135619920686e-05
2050,13,train/loss,1.3550176620483398
2050,13,train/lr,2.4924380165133884e-05
2051,13,train/loss,1.571230173110962
2051,13,train/lr,2.4890634925909782e-05
2052,13,train/loss,1.4070497751235962
2052,13,train/lr,2.4856899936462306e-05
2053,13,train/loss,1.4637627601623535
2053,13,train/lr,2.4823175230995e-05
2054,13,train/loss,1.5241289138793945
2054,13,train/lr,2.478946084370098e-05
2055,13,train/loss,1.5389976501464844
2055,13,train/lr,2.4755756808762905e-05
2056,13,train/loss,1.618089199066162
2056,13,train/lr,2.4722063160352926e-05
2057,13,train/loss,1.3586405515670776
2057,13,train/lr,2.4688379932632675e-05
2058,13,train/loss,1.441115379333496
2058,13,train/lr,2.4654707159753225e-05
2059,13,train/loss,1.4376018047332764
2059,13,train/lr,2.4621044875855016e-05
2060,13,train/loss,1.4169692993164062
2060,13,train/lr,2.45873931150679e-05
2061,13,train/loss,1.2613015174865723
2061,13,train/lr,2.4553751911511014e-05
2062,13,train/loss,1.31852126121521
2062,13,train/lr,2.4520121299292827e-05
2063,13,train/loss,1.3399243354797363
2063,13,train/lr,2.4486501312511064e-05
2064,13,train/loss,1.3509223461151123
2064,13,train/lr,2.4452891985252647e-05
2065,13,train/loss,1.3380553722381592
2065,13,train/lr,2.4419293351593716e-05
2066,13,train/loss,1.3724168539047241
2066,13,train/lr,2.4385705445599578e-05
2067,13,train/loss,1.492019534111023
2067,13,train/lr,2.4352128301324632e-05
2068,13,train/loss,1.2535898685455322
2068,13,train/lr,2.431856195281241e-05
2069,13,train/loss,1.3640260696411133
2069,13,train/lr,2.4285006434095443e-05
2070,13,train/loss,1.4455785751342773
2070,13,train/lr,2.4251461779195325e-05
2071,13,train/loss,1.3423035144805908
2071,13,train/lr,2.4217928022122617e-05
2072,13,train/loss,1.2619291543960571
2072,13,train/lr,2.4184405196876842e-05
2073,13,train/loss,1.3400709629058838
2073,13,train/lr,2.415089333744643e-05
2074,13,train/loss,1.3149648904800415
2074,13,train/lr,2.4117392477808692e-05
2075,13,train/loss,1.4019489288330078
2075,13,train/lr,2.4083902651929788e-05
2076,13,train/loss,1.458942174911499
2076,13,train/lr,2.4050423893764696e-05
2077,13,train/loss,1.5628397464752197
2077,13,train/lr,2.401695623725717e-05
2078,13,train/loss,1.3658344745635986
2078,13,train/lr,2.3983499716339703e-05
2079,13,train/loss,1.4370293617248535
2079,13,train/lr,2.395005436493351e-05
2080,13,train/loss,1.5089337825775146
2080,13,train/lr,2.3916620216948467e-05
2081,13,train/loss,1.4076147079467773
2081,13,train/lr,2.38831973062831e-05
2082,13,train/loss,1.464676856994629
2082,13,train/lr,2.3849785666824532e-05
2083,13,train/loss,1.3633778095245361
2083,13,train/lr,2.3816385332448472e-05
2084,13,train/loss,1.4003324508666992
2084,13,train/lr,2.3782996337019168e-05
2085,13,train/loss,1.379239559173584
2085,13,train/lr,2.374961871438935e-05
2086,13,train/loss,1.198286533355713
2086,13,train/lr,2.371625249840023e-05
2087,13,train/loss,1.2147235870361328
2087,13,train/lr,2.368289772288147e-05
2088,13,train/loss,1.3881042003631592
2088,13,train/lr,2.3649554421651106e-05
2089,13,train/loss,1.437928318977356
2089,13,train/lr,2.3616222628515563e-05
2090,13,train/loss,1.3644044399261475
2090,13,train/lr,2.358290237726958e-05
2091,13,train/loss,1.4365074634552002
2091,13,train/lr,2.35495937016962e-05
2092,13,train/loss,1.476015567779541
2092,13,train/lr,2.351629663556674e-05
2093,13,train/loss,1.4350049495697021
2093,13,train/lr,2.3483011212640725e-05
2094,13,train/loss,1.4339008331298828
2094,13,train/lr,2.3449737466665905e-05
2095,13,train/loss,1.385460615158081
2095,13,train/lr,2.341647543137816e-05
2096,13,train/loss,1.4115865230560303
2096,13,train/lr,2.338322514050151e-05
2097,13,train/loss,1.3252896070480347
2097,13,train/lr,2.3349986627748074e-05
2098,13,train/loss,1.2253259420394897
2098,13,train/lr,2.3316759926818018e-05
2099,13,train/loss,1.323809027671814
2099,13,train/lr,2.3283545071399553e-05
2100,13,train/loss,1.315842628479004
2100,13,train/lr,2.325034209516884e-05
2101,13,train/loss,1.1804513931274414
2101,13,train/lr,2.321715103179003e-05
2102,13,train/loss,1.542327880859375
2102,13,train/lr,2.3183971914915178e-05
2103,13,train/loss,1.4681053161621094
2103,13,train/lr,2.3150804778184252e-05
2104,13,train/loss,1.4072664976119995
2104,13,train/lr,2.3117649655225048e-05
2105,13,train/loss,1.2221331596374512
2105,13,train/lr,2.308450657965318e-05
2106,13,train/loss,1.4331893920898438
2106,13,train/lr,2.3051375585072066e-05
2107,13,train/loss,1.3957014083862305
2107,13,train/lr,2.3018256705072874e-05
2108,13,train/loss,1.3196359872817993
2108,13,train/lr,2.2985149973234455e-05
2109,13,train/loss,1.4801435470581055
2109,13,train/lr,2.295205542312339e-05
2110,13,train/loss,1.263139009475708
2110,13,train/lr,2.2918973088293872e-05
2111,13,train/loss,1.2443007230758667
2111,13,train/lr,2.2885903002287736e-05
2112,13,train/loss,1.4668619632720947
2112,13,train/lr,2.2852845198634395e-05
2113,13,train/loss,1.3181535005569458
2113,13,train/lr,2.281979971085078e-05
2114,13,train/loss,1.3573240041732788
2114,13,train/lr,2.278676657244137e-05
2115,13,train/loss,1.3656606674194336
2115,13,train/lr,2.27537458168981e-05
2116,13,train/loss,1.359537959098816
2116,13,train/lr,2.2720737477700367e-05
2117,13,train/loss,1.6298049688339233
2117,13,train/lr,2.2687741588314975e-05
2118,13,train/loss,1.415626049041748
2118,13,train/lr,2.265475818219609e-05
2119,13,train/loss,1.4892945289611816
2119,13,train/lr,2.2621787292785238e-05
2120,13,train/loss,1.3559881448745728
2120,13,train/lr,2.258882895351125e-05
2121,13,train/loss,1.1866657733917236
2121,13,train/lr,2.2555883197790232e-05
2122,13,train/loss,1.3350255489349365
2122,13,train/lr,2.2522950059025536e-05
2123,13,train/loss,1.5767602920532227
2123,13,train/lr,2.249002957060771e-05
2124,13,train/loss,1.3544695377349854
2124,13,train/lr,2.245712176591449e-05
2125,13,train/loss,1.2392348051071167
2125,13,train/lr,2.242422667831074e-05
2126,13,train/loss,1.3584126234054565
2126,13,train/lr,2.2391344341148436e-05
2127,13,train/loss,1.3574703931808472
2127,13,train/lr,2.2358474787766636e-05
2128,13,train/loss,1.4453099966049194
2128,13,train/lr,2.2325618051491415e-05
2129,13,train/loss,1.4459490776062012
2129,13,train/lr,2.229277416563587e-05
2130,13,train/loss,1.6194097995758057
2130,13,train/lr,2.2259943163500064e-05
2131,13,train/loss,1.3868602514266968
2131,13,train/lr,2.2227125078370993e-05
2132,13,train/loss,1.1623437404632568
2132,13,train/lr,2.219431994352257e-05
2133,13,train/loss,1.558060646057129
2133,13,train/lr,2.2161527792215565e-05
2134,13,train/loss,1.639024019241333
2134,13,train/lr,2.2128748657697585e-05
2135,13,train/loss,1.5198907852172852
2135,13,train/lr,2.2095982573203042e-05
2136,13,train/loss,1.2282004356384277
2136,13,train/lr,2.2063229571953114e-05
2137,13,train/loss,1.173363208770752
2137,13,train/lr,2.2030489687155728e-05
2138,13,train/loss,1.3475520610809326
2138,13,train/lr,2.1997762952005497e-05
2139,13,train/loss,1.3194899559020996
2139,13,train/lr,2.1965049399683705e-05
2140,13,train/loss,1.2641736268997192
2140,13,train/lr,2.1932349063358262e-05
2141,13,train/loss,1.3216032981872559
2141,13,train/lr,2.1899661976183706e-05
2142,13,train/loss,1.4479635953903198
2142,13,train/lr,2.1866988171301104e-05
2143,13,train/loss,1.358719825744629
2143,13,train/lr,2.18343276818381e-05
2144,13,train/loss,1.371492862701416
2144,13,train/lr,2.1801680540908783e-05
2145,13,train/loss,1.233705997467041
2145,13,train/lr,2.176904678161376e-05
2146,13,train/loss,1.4266376495361328
2146,13,train/lr,2.1736426437040048e-05
2147,13,train/loss,1.2830942869186401
2147,13,train/lr,2.170381954026105e-05
2148,13,train/loss,1.3555009365081787
2148,13,train/lr,2.1671226124336567e-05
2149,13,train/loss,1.3070859909057617
2149,13,train/lr,2.1638646222312697e-05
2150,13,train/loss,1.3223060369491577
2150,13,train/lr,2.1606079867221858e-05
2151,13,train/loss,1.5265954732894897
2151,13,train/lr,2.157352709208273e-05
2152,13,train/loss,1.194469928741455
2152,13,train/lr,2.154098792990022e-05
2153,13,train/loss,1.3882005214691162
2153,13,train/lr,2.150846241366544e-05
2154,13,train/loss,1.344497561454773
2154,13,train/lr,2.1475950576355653e-05
2155,13,train/loss,1.3503309488296509
2155,13,train/lr,2.1443452450934267e-05
2156,13,train/loss,1.3272026777267456
2156,13,train/lr,2.1410968070350773e-05
2157,13,train/loss,1.5637192726135254
2157,13,train/lr,2.137849746754075e-05
2158,13,train/loss,1.492421269416809
2158,13,train/lr,2.1346040675425795e-05
2158,13,train/batches,662.0
2158,13,train/compute_pct,99.89068852176644
2158,13,train/compute_sec,63.563459440658335
2158,13,train/data_wait_pct,0.10931147823355887
2158,13,train/data_wait_sec,0.06955819221911952
2158,13,train/examples,5296.0
2158,13,train/examples_per_sec,83.22723323534008
2158,13,train/input_tokens,626184.0
2158,13,train/peak_vram_gb,6.733389377593994
2158,13,train/target_tokens,424749.0
2158,13,train/tokens_per_sec,16515.529816033923
2158,13,train/total_sec,63.633017632877454
2158,13,train/epoch_loss,1.4022708709866618
2158,13,epoch13/batches,662.0
2158,13,epoch13/compute_pct,99.89068852176644
2158,13,epoch13/compute_sec,63.563459440658335
2158,13,epoch13/data_wait_pct,0.10931147823355887
2158,13,epoch13/data_wait_sec,0.06955819221911952
2158,13,epoch13/examples,5296.0
2158,13,epoch13/examples_per_sec,83.22723323534008
2158,13,epoch13/input_tokens,626184.0
2158,13,epoch13/peak_vram_gb,6.733389377593994
2158,13,epoch13/target_tokens,424749.0
2158,13,epoch13/tokens_per_sec,16515.529816033923
2158,13,epoch13/total_sec,63.633017632877454
2158,13,val/bleu,24.063668035054356
2158,13,val/chrf,45.292115222344506
2158,13,val/combined,33.013549117232614
2158,13,val/eval_peak_vram_gb,6.733389377593994
2158,13,val/eval_samples_per_sec,7.288647091710488
2158,13,val/eval_seconds,81.90820497798268
2158,13,val/eval_tokens_per_sec,1390.910715606869
2159,14,train/loss,1.3970189094543457
2159,14,train/lr,2.1313597726913478e-05
2160,14,train/loss,1.30776047706604
2160,14,train/lr,2.1281168654897375e-05
2161,14,train/loss,1.3797354698181152
2161,14,train/lr,2.124875349225697e-05
2162,14,train/loss,1.7524876594543457
2162,14,train/lr,2.121635227185764e-05
2163,14,train/loss,1.4096193313598633
2163,14,train/lr,2.1183965026550648e-05
2164,14,train/loss,1.4331707954406738
2164,14,train/lr,2.1151591789173066e-05
2165,14,train/loss,1.2486059665679932
2165,14,train/lr,2.111923259254777e-05
2166,14,train/loss,1.312458872795105
2166,14,train/lr,2.1086887469483407e-05
2167,14,train/loss,1.2843177318572998
2167,14,train/lr,2.1054556452774343e-05
2168,14,train/loss,1.4474071264266968
2168,14,train/lr,2.102223957520066e-05
2169,14,train/loss,1.4670060873031616
2169,14,train/lr,2.0989936869528085e-05
2170,14,train/loss,1.5181372165679932
2170,14,train/lr,2.0957648368507974e-05
2171,14,train/loss,1.4432438611984253
2171,14,train/lr,2.0925374104877306e-05
2172,14,train/loss,1.5325958728790283
2172,14,train/lr,2.0893114111358608e-05
2173,14,train/loss,1.3299362659454346
2173,14,train/lr,2.0860868420659938e-05
2174,14,train/loss,1.308030366897583
2174,14,train/lr,2.082863706547486e-05
2175,14,train/loss,1.4798240661621094
2175,14,train/lr,2.0796420078482394e-05
2176,14,train/loss,1.2934249639511108
2176,14,train/lr,2.0764217492346998e-05
2177,14,train/loss,1.397665023803711
2177,14,train/lr,2.073202933971852e-05
2178,14,train/loss,1.4165973663330078
2178,14,train/lr,2.0699855653232197e-05
2179,14,train/loss,1.4045321941375732
2179,14,train/lr,2.0667696465508584e-05
2180,14,train/loss,1.4100279808044434
2180,14,train/lr,2.0635551809153517e-05
2181,14,train/loss,1.435154914855957
2181,14,train/lr,2.0603421716758132e-05
2182,14,train/loss,1.3098835945129395
2182,14,train/lr,2.0571306220898783e-05
2183,14,train/loss,1.6087760925292969
2183,14,train/lr,2.0539205354137027e-05
2184,14,train/loss,1.4923226833343506
2184,14,train/lr,2.0507119149019585e-05
2185,14,train/loss,1.3488256931304932
2185,14,train/lr,2.0475047638078317e-05
2186,14,train/loss,1.3081891536712646
2186,14,train/lr,2.044299085383018e-05
2187,14,train/loss,1.256257176399231
2187,14,train/lr,2.0410948828777218e-05
2188,14,train/loss,1.3431342840194702
2188,14,train/lr,2.0378921595406475e-05
2189,14,train/loss,1.3944978713989258
2189,14,train/lr,2.0346909186190027e-05
2190,14,train/loss,1.3401236534118652
2190,14,train/lr,2.031491163358491e-05
2191,14,train/loss,1.3350112438201904
2191,14,train/lr,2.0282928970033104e-05
2192,14,train/loss,1.4004390239715576
2192,14,train/lr,2.0250961227961486e-05
2193,14,train/loss,1.3868651390075684
2193,14,train/lr,2.0219008439781803e-05
2194,14,train/loss,1.3007186651229858
2194,14,train/lr,2.0187070637890646e-05
2195,14,train/loss,1.449965238571167
2195,14,train/lr,2.0155147854669415e-05
2196,14,train/loss,1.3899931907653809
2196,14,train/lr,2.0123240122484268e-05
2197,14,train/loss,1.3802411556243896
2197,14,train/lr,2.0091347473686127e-05
2198,14,train/loss,1.489858865737915
2198,14,train/lr,2.0059469940610584e-05
2199,14,train/loss,1.4496368169784546
2199,14,train/lr,2.002760755557792e-05
2200,14,train/loss,1.4039857387542725
2200,14,train/lr,1.9995760350893095e-05
2201,14,train/loss,1.364485502243042
2201,14,train/lr,1.996392835884564e-05
2202,14,train/loss,1.3647860288619995
2202,14,train/lr,1.993211161170966e-05
2203,14,train/loss,1.224555492401123
2203,14,train/lr,1.9900310141743822e-05
2204,14,train/loss,1.1938400268554688
2204,14,train/lr,1.9868523981191285e-05
2205,14,train/loss,1.3947136402130127
2205,14,train/lr,1.983675316227972e-05
2206,14,train/loss,1.3770685195922852
2206,14,train/lr,1.9804997717221183e-05
2207,14,train/loss,1.310138463973999
2207,14,train/lr,1.9773257678212195e-05
2208,14,train/loss,1.485347032546997
2208,14,train/lr,1.9741533077433642e-05
2209,14,train/loss,1.2964445352554321
2209,14,train/lr,1.9709823947050752e-05
2210,14,train/loss,1.517935037612915
2210,14,train/lr,1.9678130319213076e-05
2211,14,train/loss,1.3985819816589355
2211,14,train/lr,1.9646452226054446e-05
2212,14,train/loss,1.3430438041687012
2212,14,train/lr,1.961478969969293e-05
2213,14,train/loss,1.3953684568405151
2213,14,train/lr,1.958314277223083e-05
2214,14,train/loss,1.3079066276550293
2214,14,train/lr,1.9551511475754623e-05
2215,14,train/loss,1.3939754962921143
2215,14,train/lr,1.951989584233496e-05
2216,14,train/loss,1.2404998540878296
2216,14,train/lr,1.9488295904026556e-05
2217,14,train/loss,1.3328882455825806
2217,14,train/lr,1.9456711692868265e-05
2218,14,train/loss,1.386833906173706
2218,14,train/lr,1.9425143240882986e-05
2219,14,train/loss,1.56770658493042
2219,14,train/lr,1.9393590580077628e-05
2220,14,train/loss,1.5489068031311035
2220,14,train/lr,1.9362053742443095e-05
2221,14,train/loss,1.4414914846420288
2221,14,train/lr,1.9330532759954245e-05
2222,14,train/loss,1.4524710178375244
2222,14,train/lr,1.929902766456987e-05
2223,14,train/loss,1.4275319576263428
2223,14,train/lr,1.9267538488232646e-05
2224,14,train/loss,1.3154709339141846
2224,14,train/lr,1.9236065262869107e-05
2225,14,train/loss,1.4615576267242432
2225,14,train/lr,1.9204608020389632e-05
2226,14,train/loss,1.5803797245025635
2226,14,train/lr,1.917316679268836e-05
2227,14,train/loss,1.28651762008667
2227,14,train/lr,1.9141741611643215e-05
2228,14,train/loss,1.4060511589050293
2228,14,train/lr,1.911033250911586e-05
2229,14,train/loss,1.4012980461120605
2229,14,train/lr,1.907893951695165e-05
2230,14,train/loss,1.3963580131530762
2230,14,train/lr,1.9047562666979594e-05
2231,14,train/loss,1.4226508140563965
2231,14,train/lr,1.9016201991012352e-05
2232,14,train/loss,1.4414392709732056
2232,14,train/lr,1.8984857520846164e-05
2233,14,train/loss,1.57735276222229
2233,14,train/lr,1.8953529288260864e-05
2234,14,train/loss,1.3424158096313477
2234,14,train/lr,1.89222173250198e-05
2235,14,train/loss,1.3221908807754517
2235,14,train/lr,1.8890921662869854e-05
2236,14,train/loss,1.3453449010849
2236,14,train/lr,1.8859642333541334e-05
2237,14,train/loss,1.4928250312805176
2237,14,train/lr,1.882837936874803e-05
2238,14,train/loss,1.3776211738586426
2238,14,train/lr,1.8797132800187124e-05
2239,14,train/loss,1.257390022277832
2239,14,train/lr,1.8765902659539184e-05
2240,14,train/loss,1.3105263710021973
2240,14,train/lr,1.87346889784681e-05
2241,14,train/loss,1.2997450828552246
2241,14,train/lr,1.8703491788621098e-05
2242,14,train/loss,1.4082716703414917
2242,14,train/lr,1.867231112162867e-05
2243,14,train/loss,1.3156672716140747
2243,14,train/lr,1.864114700910457e-05
2244,14,train/loss,1.4572221040725708
2244,14,train/lr,1.8609999482645737e-05
2245,14,train/loss,1.4321322441101074
2245,14,train/lr,1.8578868573832335e-05
2246,14,train/loss,1.4222984313964844
2246,14,train/lr,1.854775431422764e-05
2247,14,train/loss,1.4646753072738647
2247,14,train/lr,1.8516656735378072e-05
2248,14,train/loss,1.4285309314727783
2248,14,train/lr,1.848557586881313e-05
2249,14,train/loss,1.685032606124878
2249,14,train/lr,1.845451174604537e-05
2250,14,train/loss,1.5438647270202637
2250,14,train/lr,1.8423464398570373e-05
2251,14,train/loss,1.2366914749145508
2251,14,train/lr,1.8392433857866723e-05
2252,14,train/loss,1.4368972778320312
2252,14,train/lr,1.8361420155395934e-05
2253,14,train/loss,1.3919858932495117
2253,14,train/lr,1.8330423322602475e-05
2254,14,train/loss,1.469545841217041
2254,14,train/lr,1.8299443390913702e-05
2255,14,train/loss,1.3866814374923706
2255,14,train/lr,1.826848039173983e-05
2256,14,train/loss,1.608917474746704
2256,14,train/lr,1.823753435647393e-05
2257,14,train/loss,1.335112452507019
2257,14,train/lr,1.8206605316491828e-05
2258,14,train/loss,1.4578081369400024
2258,14,train/lr,1.8175693303152154e-05
2259,14,train/loss,1.365190029144287
2259,14,train/lr,1.814479834779627e-05
2260,14,train/loss,1.624525547027588
2260,14,train/lr,1.8113920481748235e-05
2261,14,train/loss,1.5389569997787476
2261,14,train/lr,1.808305973631479e-05
2262,14,train/loss,1.4580066204071045
2262,14,train/lr,1.8052216142785313e-05
2263,14,train/loss,1.4598054885864258
2263,14,train/lr,1.8021389732431788e-05
2264,14,train/loss,1.3383694887161255
2264,14,train/lr,1.7990580536508787e-05
2265,14,train/loss,1.2788530588150024
2265,14,train/lr,1.7959788586253415e-05
2266,14,train/loss,1.3519721031188965
2266,14,train/lr,1.792901391288532e-05
2267,14,train/loss,1.2953555583953857
2267,14,train/lr,1.7898256547606588e-05
2268,14,train/loss,1.300990343093872
2268,14,train/lr,1.7867516521601786e-05
2269,14,train/loss,1.3996763229370117
2269,14,train/lr,1.7836793866037896e-05
2270,14,train/loss,1.342713475227356
2270,14,train/lr,1.78060886120643e-05
2271,14,train/loss,1.489505648612976
2271,14,train/lr,1.777540079081271e-05
2272,14,train/loss,1.4125090837478638
2272,14,train/lr,1.774473043339719e-05
2273,14,train/loss,1.3585662841796875
2273,14,train/lr,1.771407757091408e-05
2274,14,train/loss,1.2821552753448486
2274,14,train/lr,1.7683442234441995e-05
2275,14,train/loss,1.335432767868042
2275,14,train/lr,1.7652824455041756e-05
2276,14,train/loss,1.4195865392684937
2276,14,train/lr,1.7622224263756435e-05
2277,14,train/loss,1.2679399251937866
2277,14,train/lr,1.7591641691611202e-05
2278,14,train/loss,1.3308383226394653
2278,14,train/lr,1.7561076769613405e-05
2279,14,train/loss,1.3064004182815552
2279,14,train/lr,1.7530529528752505e-05
2280,14,train/loss,1.3895646333694458
2280,14,train/lr,1.7500000000000005e-05
2281,14,train/loss,1.458237886428833
2281,14,train/lr,1.7469488214309476e-05
2282,14,train/loss,1.3264282941818237
2282,14,train/lr,1.743899420261649e-05
2283,14,train/loss,1.4961097240447998
2283,14,train/lr,1.740851799583859e-05
2284,14,train/loss,1.4158096313476562
2284,14,train/lr,1.737805962487528e-05
2285,14,train/loss,1.3757452964782715
2285,14,train/lr,1.7347619120607976e-05
2286,14,train/loss,1.339412808418274
2286,14,train/lr,1.731719651389999e-05
2287,14,train/loss,1.361067771911621
2287,14,train/lr,1.728679183559645e-05
2288,14,train/loss,1.3189932107925415
2288,14,train/lr,1.7256405116524344e-05
2289,14,train/loss,1.4490904808044434
2289,14,train/lr,1.7226036387492446e-05
2290,14,train/loss,1.3882066011428833
2290,14,train/lr,1.7195685679291273e-05
2291,14,train/loss,1.362608551979065
2291,14,train/lr,1.7165353022693095e-05
2292,14,train/loss,1.4900144338607788
2292,14,train/lr,1.7135038448451855e-05
2293,14,train/loss,1.3020939826965332
2293,14,train/lr,1.710474198730318e-05
2294,14,train/loss,1.3469865322113037
2294,14,train/lr,1.7074463669964328e-05
2295,14,train/loss,1.4671475887298584
2295,14,train/lr,1.7044203527134156e-05
2296,14,train/loss,1.468256950378418
2296,14,train/lr,1.7013961589493098e-05
2297,14,train/loss,1.647223711013794
2297,14,train/lr,1.6983737887703132e-05
2298,14,train/loss,1.3680570125579834
2298,14,train/lr,1.695353245240774e-05
2299,14,train/loss,1.3494685888290405
2299,14,train/lr,1.6923345314231894e-05
2300,14,train/loss,1.422548532485962
2300,14,train/lr,1.6893176503782007e-05
2301,14,train/loss,1.3988499641418457
2301,14,train/lr,1.686302605164591e-05
2302,14,train/loss,1.4307832717895508
2302,14,train/lr,1.6832893988392826e-05
2303,14,train/loss,1.3870494365692139
2303,14,train/lr,1.6802780344573325e-05
2304,14,train/loss,1.1480798721313477
2304,14,train/lr,1.6772685150719313e-05
2305,14,train/loss,1.3549906015396118
2305,14,train/lr,1.6742608437343988e-05
2306,14,train/loss,1.219088077545166
2306,14,train/lr,1.671255023494179e-05
2307,14,train/loss,1.4710615873336792
2307,14,train/lr,1.6682510573988413e-05
2308,14,train/loss,1.5638242959976196
2308,14,train/lr,1.6652489484940755e-05
2309,14,train/loss,1.332940697669983
2309,14,train/lr,1.662248699823687e-05
2310,14,train/loss,1.2611827850341797
2310,14,train/lr,1.6592503144295955e-05
2311,14,train/loss,1.427254319190979
2311,14,train/lr,1.6562537953518318e-05
2312,14,train/loss,1.2423239946365356
2312,14,train/lr,1.653259145628535e-05
2313,14,train/loss,1.3756964206695557
2313,14,train/lr,1.6502663682959476e-05
2314,14,train/loss,1.433882713317871
2314,14,train/lr,1.6472754663884146e-05
2315,14,train/loss,1.226417064666748
2315,14,train/lr,1.6442864429383806e-05
2316,14,train/loss,1.3318904638290405
2316,14,train/lr,1.6412993009763818e-05
2317,14,train/loss,1.3445103168487549
2317,14,train/lr,1.6383140435310508e-05
2318,14,train/loss,1.3421761989593506
2318,14,train/lr,1.6353306736291078e-05
2319,14,train/loss,1.4881075620651245
2319,14,train/lr,1.6323491942953597e-05
2320,14,train/loss,1.447934627532959
2320,14,train/lr,1.6293696085526958e-05
2321,14,train/loss,1.4057533740997314
2321,14,train/lr,1.626391919422087e-05
2322,14,train/loss,1.2589795589447021
2322,14,train/lr,1.6234161299225794e-05
2323,14,train/loss,1.2475991249084473
2323,14,train/lr,1.6204422430712947e-05
2324,14,train/loss,1.5037853717803955
2324,14,train/lr,1.6174702618834246e-05
2324,14,train/batches,662.0
2324,14,train/compute_pct,99.89325204557407
2324,14,train/compute_sec,63.8226511401881
2324,14,train/data_wait_pct,0.10674795442592436
2324,14,train/data_wait_sec,0.06820217898348346
2324,14,train/examples,5296.0
2324,14,train/examples_per_sec,82.89136433259753
2324,14,train/input_tokens,626054.0
2324,14,train/peak_vram_gb,6.733389377593994
2324,14,train/target_tokens,424438.0
2324,14,train/tokens_per_sec,16441.977926827614
2324,14,train/total_sec,63.89085331917158
2324,14,train/epoch_loss,1.39368176334214
2324,14,epoch14/batches,662.0
2324,14,epoch14/compute_pct,99.89325204557407
2324,14,epoch14/compute_sec,63.8226511401881
2324,14,epoch14/data_wait_pct,0.10674795442592436
2324,14,epoch14/data_wait_sec,0.06820217898348346
2324,14,epoch14/examples,5296.0
2324,14,epoch14/examples_per_sec,82.89136433259753
2324,14,epoch14/input_tokens,626054.0
2324,14,epoch14/peak_vram_gb,6.733389377593994
2324,14,epoch14/target_tokens,424438.0
2324,14,epoch14/tokens_per_sec,16441.977926827614
2324,14,epoch14/total_sec,63.89085331917158
2324,14,val/bleu,25.01424739553513
2324,14,val/chrf,45.51561304415834
2324,14,val/combined,33.74224066427751
2324,14,val/eval_peak_vram_gb,6.733389377593994
2324,14,val/eval_samples_per_sec,7.491552091144236
2324,14,val/eval_seconds,79.68976157900761
2324,14,val/eval_tokens_per_sec,1376.5256392597435
2325,15,train/loss,1.6170008182525635
2325,15,train/lr,1.6145001893722303e-05
2326,15,train/loss,1.582167148590088
2326,15,train/lr,1.6115320285490333e-05
2327,15,train/loss,1.4683547019958496
2327,15,train/lr,1.6085657824232213e-05
2328,15,train/loss,1.3556348085403442
2328,15,train/lr,1.6056014540022405e-05
2329,15,train/loss,1.3832464218139648
2329,15,train/lr,1.6026390462915902e-05
2330,15,train/loss,1.3588215112686157
2330,15,train/lr,1.5996785622948245e-05
2331,15,train/loss,1.3180508613586426
2331,15,train/lr,1.5967200050135465e-05
2332,15,train/loss,1.533545732498169
2332,15,train/lr,1.593763377447405e-05
2333,15,train/loss,1.31522798538208
2333,15,train/lr,1.5908086825940932e-05
2334,15,train/loss,1.4238874912261963
2334,15,train/lr,1.5878559234493443e-05
2335,15,train/loss,1.5260909795761108
2335,15,train/lr,1.5849051030069314e-05
2336,15,train/loss,1.3735932111740112
2336,15,train/lr,1.5819562242586556e-05
2337,15,train/loss,1.52154541015625
2337,15,train/lr,1.5790092901943553e-05
2338,15,train/loss,1.3434163331985474
2338,15,train/lr,1.5760643038018952e-05
2339,15,train/loss,1.4752631187438965
2339,15,train/lr,1.573121268067166e-05
2340,15,train/loss,1.201123595237732
2340,15,train/lr,1.570180185974079e-05
2341,15,train/loss,1.4062161445617676
2341,15,train/lr,1.5672410605045663e-05
2342,15,train/loss,1.392935037612915
2342,15,train/lr,1.5643038946385754e-05
2343,15,train/loss,1.2766571044921875
2343,15,train/lr,1.5613686913540678e-05
2344,15,train/loss,1.371097207069397
2344,15,train/lr,1.5584354536270135e-05
2345,15,train/loss,1.372735857963562
2345,15,train/lr,1.555504184431393e-05
2346,15,train/loss,1.3204553127288818
2346,15,train/lr,1.5525748867391856e-05
2347,15,train/loss,1.4944852590560913
2347,15,train/lr,1.549647563520376e-05
2348,15,train/loss,1.4474375247955322
2348,15,train/lr,1.5467222177429462e-05
2349,15,train/loss,1.478083848953247
2349,15,train/lr,1.543798852372872e-05
2350,15,train/loss,1.442930817604065
2350,15,train/lr,1.5408774703741227e-05
2351,15,train/loss,1.263357400894165
2351,15,train/lr,1.5379580747086566e-05
2352,15,train/loss,1.4192416667938232
2352,15,train/lr,1.535040668336417e-05
2353,15,train/loss,1.3532037734985352
2353,15,train/lr,1.5321252542153305e-05
2354,15,train/loss,1.3860372304916382
2354,15,train/lr,1.529211835301305e-05
2355,15,train/loss,1.335227608680725
2355,15,train/lr,1.526300414548224e-05
2356,15,train/loss,1.2773460149765015
2356,15,train/lr,1.5233909949079473e-05
2357,15,train/loss,1.533254623413086
2357,15,train/lr,1.5204835793303014e-05
2358,15,train/loss,1.4420149326324463
2358,15,train/lr,1.5175781707630858e-05
2359,15,train/loss,1.3416332006454468
2359,15,train/lr,1.5146747721520619e-05
2360,15,train/loss,1.3483597040176392
2360,15,train/lr,1.511773386440955e-05
2361,15,train/loss,1.4233295917510986
2361,15,train/lr,1.508874016571449e-05
2362,15,train/loss,1.5561583042144775
2362,15,train/lr,1.505976665483183e-05
2363,15,train/loss,1.42253577709198
2363,15,train/lr,1.5030813361137516e-05
2364,15,train/loss,1.4156439304351807
2364,15,train/lr,1.5001880313986965e-05
2365,15,train/loss,1.3677361011505127
2365,15,train/lr,1.4972967542715099e-05
2366,15,train/loss,1.5277520418167114
2366,15,train/lr,1.4944075076636264e-05
2367,15,train/loss,1.5433776378631592
2367,15,train/lr,1.4915202945044203e-05
2368,15,train/loss,1.2148754596710205
2368,15,train/lr,1.4886351177212074e-05
2369,15,train/loss,1.385375738143921
2369,15,train/lr,1.485751980239237e-05
2370,15,train/loss,1.4102585315704346
2370,15,train/lr,1.4828708849816917e-05
2371,15,train/loss,1.3847260475158691
2371,15,train/lr,1.4799918348696825e-05
2372,15,train/loss,1.3318504095077515
2372,15,train/lr,1.4771148328222476e-05
2373,15,train/loss,1.4458215236663818
2373,15,train/lr,1.4742398817563486e-05
2374,15,train/loss,1.481355905532837
2374,15,train/lr,1.4713669845868676e-05
2375,15,train/loss,1.2790358066558838
2375,15,train/lr,1.4684961442266037e-05
2376,15,train/loss,1.3976924419403076
2376,15,train/lr,1.4656273635862728e-05
2377,15,train/loss,1.4316799640655518
2377,15,train/lr,1.4627606455744978e-05
2378,15,train/loss,1.4709534645080566
2378,15,train/lr,1.4598959930978149e-05
2379,15,train/loss,1.3393926620483398
2379,15,train/lr,1.4570334090606647e-05
2380,15,train/loss,1.6368958950042725
2380,15,train/lr,1.4541728963653897e-05
2381,15,train/loss,1.3462193012237549
2381,15,train/lr,1.4513144579122334e-05
2382,15,train/loss,1.1891151666641235
2382,15,train/lr,1.4484580965993358e-05
2383,15,train/loss,1.4116053581237793
2383,15,train/lr,1.445603815322731e-05
2384,15,train/loss,1.3613247871398926
2384,15,train/lr,1.4427516169763444e-05
2385,15,train/loss,1.3680951595306396
2385,15,train/lr,1.4399015044519884e-05
2386,15,train/loss,1.527415156364441
2386,15,train/lr,1.4370534806393633e-05
2387,15,train/loss,1.27616286277771
2387,15,train/lr,1.4342075484260477e-05
2388,15,train/loss,1.3684282302856445
2388,15,train/lr,1.431363710697502e-05
2389,15,train/loss,1.4165009260177612
2389,15,train/lr,1.4285219703370634e-05
2390,15,train/loss,1.3519999980926514
2390,15,train/lr,1.4256823302259416e-05
2391,15,train/loss,1.325404167175293
2391,15,train/lr,1.4228447932432179e-05
2392,15,train/loss,1.2545396089553833
2392,15,train/lr,1.4200093622658394e-05
2393,15,train/loss,1.4227583408355713
2393,15,train/lr,1.4171760401686198e-05
2394,15,train/loss,1.385545015335083
2394,15,train/lr,1.414344829824234e-05
2395,15,train/loss,1.334073781967163
2395,15,train/lr,1.4115157341032157e-05
2396,15,train/loss,1.2970890998840332
2396,15,train/lr,1.4086887558739544e-05
2397,15,train/loss,1.2976317405700684
2397,15,train/lr,1.4058638980026932e-05
2398,15,train/loss,1.3502798080444336
2398,15,train/lr,1.4030411633535253e-05
2399,15,train/loss,1.5898706912994385
2399,15,train/lr,1.40022055478839e-05
2400,15,train/loss,1.521298885345459
2400,15,train/lr,1.3974020751670732e-05
2401,15,train/loss,1.346298336982727
2401,15,train/lr,1.394585727347201e-05
2402,15,train/loss,1.2944083213806152
2402,15,train/lr,1.3917715141842377e-05
2403,15,train/loss,1.6683638095855713
2403,15,train/lr,1.3889594385314836e-05
2404,15,train/loss,1.3623771667480469
2404,15,train/lr,1.3861495032400729e-05
2405,15,train/loss,1.404502272605896
2405,15,train/lr,1.383341711158969e-05
2406,15,train/loss,1.436401128768921
2406,15,train/lr,1.3805360651349604e-05
2407,15,train/loss,1.375071406364441
2407,15,train/lr,1.3777325680126624e-05
2408,15,train/loss,1.4938738346099854
2408,15,train/lr,1.3749312226345108e-05
2409,15,train/loss,1.505089282989502
2409,15,train/lr,1.3721320318407591e-05
2410,15,train/loss,1.2594263553619385
2410,15,train/lr,1.3693349984694775e-05
2411,15,train/loss,1.41441011428833
2411,15,train/lr,1.3665401253565476e-05
2412,15,train/loss,1.3982689380645752
2412,15,train/lr,1.3637474153356611e-05
2413,15,train/loss,1.6266717910766602
2413,15,train/lr,1.3609568712383169e-05
2414,15,train/loss,1.4261356592178345
2414,15,train/lr,1.3581684958938177e-05
2415,15,train/loss,1.5093779563903809
2415,15,train/lr,1.3553822921292686e-05
2416,15,train/loss,1.3739287853240967
2416,15,train/lr,1.3525982627695691e-05
2417,15,train/loss,1.4822742938995361
2417,15,train/lr,1.3498164106374181e-05
2418,15,train/loss,1.2939510345458984
2418,15,train/lr,1.347036738553305e-05
2419,15,train/loss,1.3665015697479248
2419,15,train/lr,1.34425924933551e-05
2420,15,train/loss,1.2930618524551392
2420,15,train/lr,1.3414839458000992e-05
2421,15,train/loss,1.2948918342590332
2421,15,train/lr,1.3387108307609233e-05
2422,15,train/loss,1.304203748703003
2422,15,train/lr,1.335939907029614e-05
2423,15,train/loss,1.3999991416931152
2423,15,train/lr,1.3331711774155806e-05
2424,15,train/loss,1.5456466674804688
2424,15,train/lr,1.3304046447260085e-05
2425,15,train/loss,1.5937724113464355
2425,15,train/lr,1.3276403117658572e-05
2426,15,train/loss,1.3530761003494263
2426,15,train/lr,1.3248781813378511e-05
2427,15,train/loss,1.4048162698745728
2427,15,train/lr,1.322118256242486e-05
2428,15,train/loss,1.3984150886535645
2428,15,train/lr,1.3193605392780203e-05
2429,15,train/loss,1.3404799699783325
2429,15,train/lr,1.3166050332404733e-05
2430,15,train/loss,1.3569443225860596
2430,15,train/lr,1.313851740923624e-05
2431,15,train/loss,1.2828724384307861
2431,15,train/lr,1.3111006651190046e-05
2432,15,train/loss,1.3221650123596191
2432,15,train/lr,1.308351808615902e-05
2433,15,train/loss,1.3641808032989502
2433,15,train/lr,1.305605174201352e-05
2434,15,train/loss,1.2693982124328613
2434,15,train/lr,1.302860764660138e-05
2435,15,train/loss,1.3156366348266602
2435,15,train/lr,1.3001185827747881e-05
2436,15,train/loss,1.3752715587615967
2436,15,train/lr,1.2973786313255694e-05
2437,15,train/loss,1.4029933214187622
2437,15,train/lr,1.29464091309049e-05
2438,15,train/loss,1.3577427864074707
2438,15,train/lr,1.2919054308452927e-05
2439,15,train/loss,1.3591388463974
2439,15,train/lr,1.2891721873634538e-05
2440,15,train/loss,1.4425320625305176
2440,15,train/lr,1.2864411854161799e-05
2441,15,train/loss,1.3057767152786255
2441,15,train/lr,1.2837124277724038e-05
2442,15,train/loss,1.4240162372589111
2442,15,train/lr,1.2809859171987841e-05
2443,15,train/loss,1.359702706336975
2443,15,train/lr,1.2782616564597003e-05
2444,15,train/loss,1.2515199184417725
2444,15,train/lr,1.2755396483172515e-05
2445,15,train/loss,1.34571373462677
2445,15,train/lr,1.2728198955312517e-05
2446,15,train/loss,1.6114884614944458
2446,15,train/lr,1.2701024008592312e-05
2447,15,train/loss,1.3271976709365845
2447,15,train/lr,1.2673871670564258e-05
2448,15,train/loss,1.4803318977355957
2448,15,train/lr,1.2646741968757827e-05
2449,15,train/loss,1.558767318725586
2449,15,train/lr,1.2619634930679534e-05
2450,15,train/loss,1.5063239336013794
2450,15,train/lr,1.259255058381292e-05
2451,15,train/loss,1.366264820098877
2451,15,train/lr,1.2565488955618508e-05
2452,15,train/loss,1.6488068103790283
2452,15,train/lr,1.2538450073533793e-05
2453,15,train/loss,1.302286148071289
2453,15,train/lr,1.2511433964973207e-05
2454,15,train/loss,1.3498611450195312
2454,15,train/lr,1.248444065732809e-05
2455,15,train/loss,1.42317795753479
2455,15,train/lr,1.2457470177966669e-05
2456,15,train/loss,1.3500020503997803
2456,15,train/lr,1.2430522554234036e-05
2457,15,train/loss,1.3869123458862305
2457,15,train/lr,1.240359781345207e-05
2458,15,train/loss,1.325526475906372
2458,15,train/lr,1.2376695982919495e-05
2459,15,train/loss,1.4253027439117432
2459,15,train/lr,1.2349817089911778e-05
2460,15,train/loss,1.63457453250885
2460,15,train/lr,1.2322961161681146e-05
2461,15,train/loss,1.4455643892288208
2461,15,train/lr,1.2296128225456537e-05
2462,15,train/loss,1.3271362781524658
2462,15,train/lr,1.2269318308443575e-05
2463,15,train/loss,1.4961822032928467
2463,15,train/lr,1.2242531437824542e-05
2464,15,train/loss,1.2915663719177246
2464,15,train/lr,1.2215767640758367e-05
2465,15,train/loss,1.5371454954147339
2465,15,train/lr,1.2189026944380571e-05
2466,15,train/loss,1.4987289905548096
2466,15,train/lr,1.2162309375803275e-05
2467,15,train/loss,1.3261260986328125
2467,15,train/lr,1.2135614962115103e-05
2468,15,train/loss,1.2965916395187378
2468,15,train/lr,1.2108943730381253e-05
2469,15,train/loss,1.2378743886947632
2469,15,train/lr,1.20822957076434e-05
2470,15,train/loss,1.392083764076233
2470,15,train/lr,1.2055670920919686e-05
2471,15,train/loss,1.2824615240097046
2471,15,train/lr,1.2029069397204694e-05
2472,15,train/loss,1.2834392786026
2472,15,train/lr,1.2002491163469428e-05
2473,15,train/loss,1.2887085676193237
2473,15,train/lr,1.1975936246661266e-05
2474,15,train/loss,1.3259588479995728
2474,15,train/lr,1.1949404673703964e-05
2475,15,train/loss,1.4696099758148193
2475,15,train/lr,1.192289647149759e-05
2476,15,train/loss,1.3910398483276367
2476,15,train/lr,1.1896411666918537e-05
2477,15,train/loss,1.2786198854446411
2477,15,train/lr,1.1869950286819447e-05
2478,15,train/loss,1.536118745803833
2478,15,train/lr,1.1843512358029233e-05
2479,15,train/loss,1.1937884092330933
2479,15,train/lr,1.1817097907353036e-05
2480,15,train/loss,1.2719231843948364
2480,15,train/lr,1.1790706961572175e-05
2481,15,train/loss,1.3902525901794434
2481,15,train/lr,1.1764339547444148e-05
2482,15,train/loss,1.3151813745498657
2482,15,train/lr,1.1737995691702595e-05
2483,15,train/loss,1.37102210521698
2483,15,train/lr,1.1711675421057271e-05
2484,15,train/loss,1.3024157285690308
2484,15,train/lr,1.168537876219401e-05
2485,15,train/loss,1.5703752040863037
2485,15,train/lr,1.1659105741774718e-05
2486,15,train/loss,1.3399710655212402
2486,15,train/lr,1.1632856386437332e-05
2487,15,train/loss,1.6268147230148315
2487,15,train/lr,1.1606630722795774e-05
2488,15,train/loss,1.2456942796707153
2488,15,train/lr,1.1580428777439972e-05
2489,15,train/loss,1.4324533939361572
2489,15,train/lr,1.1554250576935796e-05
2490,15,train/loss,1.3449604511260986
2490,15,train/lr,1.1528096147825047e-05
2490,15,train/batches,662.0
2490,15,train/compute_pct,99.90708997191531
2490,15,train/compute_sec,61.55083637314965
2490,15,train/data_wait_pct,0.09291002808469115
2490,15,train/data_wait_sec,0.057240081136114895
2490,15,train/examples,5296.0
2490,15,train/examples_per_sec,85.96275528793244
2490,15,train/input_tokens,626061.0
2490,15,train/peak_vram_gb,6.733389377593994
2490,15,train/target_tokens,424732.0
2490,15,train/tokens_per_sec,17056.091676222128
2490,15,train/total_sec,61.608076454285765
2490,15,train/epoch_loss,1.3854884308990756
2490,15,epoch15/batches,662.0
2490,15,epoch15/compute_pct,99.90708997191531
2490,15,epoch15/compute_sec,61.55083637314965
2490,15,epoch15/data_wait_pct,0.09291002808469115
2490,15,epoch15/data_wait_sec,0.057240081136114895
2490,15,epoch15/examples,5296.0
2490,15,epoch15/examples_per_sec,85.96275528793244
2490,15,epoch15/input_tokens,626061.0
2490,15,epoch15/peak_vram_gb,6.733389377593994
2490,15,epoch15/target_tokens,424732.0
2490,15,epoch15/tokens_per_sec,17056.091676222128
2490,15,epoch15/total_sec,61.608076454285765
2490,15,val/bleu,25.20548791447961
2490,15,val/chrf,46.0890151359741
2490,15,val/combined,34.083663447465014
2490,15,val/eval_peak_vram_gb,6.733389377593994
2490,15,val/eval_samples_per_sec,7.5720937492464815
2490,15,val/eval_seconds,78.84213003297918
2490,15,val/eval_tokens_per_sec,1364.8920945563873
2491,16,train/loss,1.2991597652435303
2491,16,train/lr,1.1501965516625414e-05
2492,16,train/loss,1.5746269226074219
2492,16,train/lr,1.147585870983045e-05
2493,16,train/loss,1.3688007593154907
2493,16,train/lr,1.14497757539096e-05
2494,16,train/loss,1.3359378576278687
2494,16,train/lr,1.142371667530808e-05
2495,16,train/loss,1.3880970478057861
2495,16,train/lr,1.1397681500446895e-05
2496,16,train/loss,1.2337461709976196
2496,16,train/lr,1.1371670255722838e-05
2497,16,train/loss,1.3771088123321533
2497,16,train/lr,1.134568296750843e-05
2498,16,train/loss,1.2684789896011353
2498,16,train/lr,1.13197196621519e-05
2499,16,train/loss,1.3831641674041748
2499,16,train/lr,1.1293780365977174e-05
2500,16,train/loss,1.4774527549743652
2500,16,train/lr,1.1267865105283817e-05
2501,16,train/loss,1.2893376350402832
2501,16,train/lr,1.1241973906347037e-05
2502,16,train/loss,1.5565015077590942
2502,16,train/lr,1.1216106795417637e-05
2503,16,train/loss,1.452082872390747
2503,16,train/lr,1.119026379872201e-05
2504,16,train/loss,1.3442103862762451
2504,16,train/lr,1.1164444942462095e-05
2505,16,train/loss,1.3927679061889648
2505,16,train/lr,1.1138650252815352e-05
2506,16,train/loss,1.342038869857788
2506,16,train/lr,1.1112879755934729e-05
2507,16,train/loss,1.4485511779785156
2507,16,train/lr,1.108713347794866e-05
2508,16,train/loss,1.3207521438598633
2508,16,train/lr,1.1061411444961023e-05
2509,16,train/loss,1.1895053386688232
2509,16,train/lr,1.1035713683051111e-05
2510,16,train/loss,1.3663654327392578
2510,16,train/lr,1.1010040218273605e-05
2511,16,train/loss,1.3775925636291504
2511,16,train/lr,1.0984391076658558e-05
2512,16,train/loss,1.4347723722457886
2512,16,train/lr,1.0958766284211363e-05
2513,16,train/loss,1.4456262588500977
2513,16,train/lr,1.0933165866912714e-05
2514,16,train/loss,1.2853186130523682
2514,16,train/lr,1.0907589850718605e-05
2515,16,train/loss,1.4733290672302246
2515,16,train/lr,1.088203826156029e-05
2516,16,train/loss,1.2808690071105957
2516,16,train/lr,1.0856511125344232e-05
2517,16,train/loss,1.334229826927185
2517,16,train/lr,1.0831008467952132e-05
2518,16,train/loss,1.3488225936889648
2518,16,train/lr,1.0805530315240859e-05
2519,16,train/loss,1.340492606163025
2519,16,train/lr,1.0780076693042435e-05
2520,16,train/loss,1.472215175628662
2520,16,train/lr,1.0754647627164022e-05
2521,16,train/loss,1.2539291381835938
2521,16,train/lr,1.0729243143387867e-05
2522,16,train/loss,1.3048229217529297
2522,16,train/lr,1.0703863267471309e-05
2523,16,train/loss,1.2093983888626099
2523,16,train/lr,1.0678508025146732e-05
2524,16,train/loss,1.3261860609054565
2524,16,train/lr,1.0653177442121539e-05
2525,16,train/loss,1.2838406562805176
2525,16,train/lr,1.0627871544078154e-05
2526,16,train/loss,1.2897465229034424
2526,16,train/lr,1.060259035667393e-05
2527,16,train/loss,1.3278383016586304
2527,16,train/lr,1.05773339055412e-05
2528,16,train/loss,1.3624067306518555
2528,16,train/lr,1.0552102216287209e-05
2529,16,train/loss,1.3877859115600586
2529,16,train/lr,1.0526895314494094e-05
2530,16,train/loss,1.3072644472122192
2530,16,train/lr,1.0501713225718872e-05
2531,16,train/loss,1.2760357856750488
2531,16,train/lr,1.0476555975493375e-05
2532,16,train/loss,1.2860608100891113
2532,16,train/lr,1.0451423589324285e-05
2533,16,train/loss,1.374343991279602
2533,16,train/lr,1.042631609269305e-05
2534,16,train/loss,1.2112162113189697
2534,16,train/lr,1.0401233511055895e-05
2535,16,train/loss,1.3787851333618164
2535,16,train/lr,1.0376175869843786e-05
2536,16,train/loss,1.2653839588165283
2536,16,train/lr,1.0351143194462377e-05
2537,16,train/loss,1.3130515813827515
2537,16,train/lr,1.0326135510292043e-05
2538,16,train/loss,1.4679665565490723
2538,16,train/lr,1.03011528426878e-05
2539,16,train/loss,1.3697154521942139
2539,16,train/lr,1.0276195216979307e-05
2540,16,train/loss,1.4049303531646729
2540,16,train/lr,1.0251262658470837e-05
2541,16,train/loss,1.328710675239563
2541,16,train/lr,1.022635519244124e-05
2542,16,train/loss,1.3836238384246826
2542,16,train/lr,1.0201472844143932e-05
2543,16,train/loss,1.4004406929016113
2543,16,train/lr,1.0176615638806854e-05
2544,16,train/loss,1.5656572580337524
2544,16,train/lr,1.0151783601632461e-05
2545,16,train/loss,1.5414342880249023
2545,16,train/lr,1.0126976757797687e-05
2546,16,train/loss,1.2953078746795654
2546,16,train/lr,1.0102195132453941e-05
2547,16,train/loss,1.3205125331878662
2547,16,train/lr,1.0077438750727016e-05
2548,16,train/loss,1.3007140159606934
2548,16,train/lr,1.0052707637717159e-05
2549,16,train/loss,1.2746593952178955
2549,16,train/lr,1.002800181849898e-05
2550,16,train/loss,1.3930214643478394
2550,16,train/lr,1.0003321318121438e-05
2551,16,train/loss,1.441941738128662
2551,16,train/lr,9.978666161607834e-06
2552,16,train/loss,1.4246841669082642
2552,16,train/lr,9.954036373955764e-06
2553,16,train/loss,1.3154895305633545
2553,16,train/lr,9.9294319801371e-06
2554,16,train/loss,1.6047041416168213
2554,16,train/lr,9.90485300509798e-06
2555,16,train/loss,1.401432991027832
2555,16,train/lr,9.880299473758756e-06
2556,16,train/loss,1.333410620689392
2556,16,train/lr,9.85577141101401e-06
2557,16,train/loss,1.34099543094635
2557,16,train/lr,9.831268841732446e-06
2558,16,train/loss,1.2843652963638306
2558,16,train/lr,9.806791790756979e-06
2559,16,train/loss,1.3278377056121826
2559,16,train/lr,9.78234028290462e-06
2560,16,train/loss,1.4293279647827148
2560,16,train/lr,9.757914342966493e-06
2561,16,train/loss,1.335179328918457
2561,16,train/lr,9.733513995707799e-06
2562,16,train/loss,1.227427363395691
2562,16,train/lr,9.709139265867784e-06
2563,16,train/loss,1.3291105031967163
2563,16,train/lr,9.684790178159725e-06
2564,16,train/loss,1.4476146697998047
2564,16,train/lr,9.660466757270903e-06
2565,16,train/loss,1.398075819015503
2565,16,train/lr,9.636169027862566e-06
2566,16,train/loss,1.5292484760284424
2566,16,train/lr,9.61189701456994e-06
2567,16,train/loss,1.2810778617858887
2567,16,train/lr,9.587650742002134e-06
2568,16,train/loss,1.3664929866790771
2568,16,train/lr,9.563430234742194e-06
2569,16,train/loss,1.3602898120880127
2569,16,train/lr,9.539235517347032e-06
2570,16,train/loss,1.4257351160049438
2570,16,train/lr,9.51506661434741e-06
2571,16,train/loss,1.3473830223083496
2571,16,train/lr,9.49092355024792e-06
2572,16,train/loss,1.3974151611328125
2572,16,train/lr,9.46680634952696e-06
2573,16,train/loss,1.2834572792053223
2573,16,train/lr,9.442715036636692e-06
2574,16,train/loss,1.3039803504943848
2574,16,train/lr,9.41864963600305e-06
2575,16,train/loss,1.354004144668579
2575,16,train/lr,9.394610172025675e-06
2576,16,train/loss,1.5679632425308228
2576,16,train/lr,9.370596669077936e-06
2577,16,train/loss,1.4833271503448486
2577,16,train/lr,9.346609151506844e-06
2578,16,train/loss,1.4758129119873047
2578,16,train/lr,9.322647643633099e-06
2579,16,train/loss,1.4645051956176758
2579,16,train/lr,9.298712169751012e-06
2580,16,train/loss,1.3520761728286743
2580,16,train/lr,9.274802754128507e-06
2581,16,train/loss,1.2995625734329224
2581,16,train/lr,9.250919421007078e-06
2582,16,train/loss,1.2698978185653687
2582,16,train/lr,9.227062194601786e-06
2583,16,train/loss,1.2963930368423462
2583,16,train/lr,9.20323109910121e-06
2584,16,train/loss,1.4723715782165527
2584,16,train/lr,9.179426158667445e-06
2585,16,train/loss,1.3908114433288574
2585,16,train/lr,9.15564739743607e-06
2586,16,train/loss,1.3841044902801514
2586,16,train/lr,9.131894839516102e-06
2587,16,train/loss,1.2907593250274658
2587,16,train/lr,9.108168508990027e-06
2588,16,train/loss,1.4233978986740112
2588,16,train/lr,9.084468429913693e-06
2589,16,train/loss,1.2732807397842407
2589,16,train/lr,9.060794626316354e-06
2590,16,train/loss,1.4325789213180542
2590,16,train/lr,9.03714712220064e-06
2591,16,train/loss,1.357468605041504
2591,16,train/lr,9.013525941542504e-06
2592,16,train/loss,1.2218197584152222
2592,16,train/lr,8.989931108291197e-06
2593,16,train/loss,1.3429429531097412
2593,16,train/lr,8.966362646369269e-06
2594,16,train/loss,1.3122507333755493
2594,16,train/lr,8.942820579672534e-06
2595,16,train/loss,1.2583744525909424
2595,16,train/lr,8.919304932070045e-06
2596,16,train/loss,1.3259007930755615
2596,16,train/lr,8.895815727404048e-06
2597,16,train/loss,1.4081759452819824
2597,16,train/lr,8.872352989490006e-06
2598,16,train/loss,1.1867434978485107
2598,16,train/lr,8.848916742116534e-06
2599,16,train/loss,1.3218910694122314
2599,16,train/lr,8.825507009045393e-06
2600,16,train/loss,1.363651990890503
2600,16,train/lr,8.802123814011457e-06
2601,16,train/loss,1.5525285005569458
2601,16,train/lr,8.778767180722705e-06
2602,16,train/loss,1.479444980621338
2602,16,train/lr,8.755437132860162e-06
2603,16,train/loss,1.3870536088943481
2603,16,train/lr,8.732133694077926e-06
2604,16,train/loss,1.4458730220794678
2604,16,train/lr,8.7088568880031e-06
2605,16,train/loss,1.3167805671691895
2605,16,train/lr,8.685606738235795e-06
2606,16,train/loss,1.309311032295227
2606,16,train/lr,8.662383268349066e-06
2607,16,train/loss,1.413867712020874
2607,16,train/lr,8.639186501888956e-06
2608,16,train/loss,1.2236342430114746
2608,16,train/lr,8.616016462374414e-06
2609,16,train/loss,1.3301515579223633
2609,16,train/lr,8.592873173297288e-06
2610,16,train/loss,1.2572691440582275
2610,16,train/lr,8.569756658122322e-06
2611,16,train/loss,1.2892342805862427
2611,16,train/lr,8.546666940287097e-06
2612,16,train/loss,1.2767068147659302
2612,16,train/lr,8.523604043202021e-06
2613,16,train/loss,1.420058250427246
2613,16,train/lr,8.500567990250336e-06
2614,16,train/loss,1.3546624183654785
2614,16,train/lr,8.477558804788031e-06
2615,16,train/loss,1.5200806856155396
2615,16,train/lr,8.454576510143891e-06
2616,16,train/loss,1.4111640453338623
2616,16,train/lr,8.431621129619399e-06
2617,16,train/loss,1.4740840196609497
2617,16,train/lr,8.408692686488773e-06
2618,16,train/loss,1.6320836544036865
2618,16,train/lr,8.385791203998916e-06
2619,16,train/loss,1.3898952007293701
2619,16,train/lr,8.362916705369402e-06
2620,16,train/loss,1.3358303308486938
2620,16,train/lr,8.340069213792429e-06
2621,16,train/loss,1.2854340076446533
2621,16,train/lr,8.31724875243283e-06
2622,16,train/loss,1.258543610572815
2622,16,train/lr,8.294455344428023e-06
2623,16,train/loss,1.3284770250320435
2623,16,train/lr,8.271689012888005e-06
2624,16,train/loss,1.4314799308776855
2624,16,train/lr,8.248949780895306e-06
2625,16,train/loss,1.3667198419570923
2625,16,train/lr,8.226237671505004e-06
2626,16,train/loss,1.3364782333374023
2626,16,train/lr,8.20355270774464e-06
2627,16,train/loss,1.4779398441314697
2627,16,train/lr,8.18089491261427e-06
2628,16,train/loss,1.684809684753418
2628,16,train/lr,8.158264309086382e-06
2629,16,train/loss,1.4907865524291992
2629,16,train/lr,8.135660920105912e-06
2630,16,train/loss,1.4595144987106323
2630,16,train/lr,8.113084768590185e-06
2631,16,train/loss,1.4973645210266113
2631,16,train/lr,8.090535877428918e-06
2632,16,train/loss,1.4048430919647217
2632,16,train/lr,8.068014269484189e-06
2633,16,train/loss,1.4723541736602783
2633,16,train/lr,8.045519967590423e-06
2634,16,train/loss,1.1579681634902954
2634,16,train/lr,8.023052994554341e-06
2635,16,train/loss,1.320579171180725
2635,16,train/lr,8.000613373154986e-06
2636,16,train/loss,1.3565177917480469
2636,16,train/lr,7.978201126143618e-06
2637,16,train/loss,1.205687165260315
2637,16,train/lr,7.955816276243788e-06
2638,16,train/loss,1.4607455730438232
2638,16,train/lr,7.933458846151257e-06
2639,16,train/loss,1.4529426097869873
2639,16,train/lr,7.911128858533979e-06
2640,16,train/loss,1.4829062223434448
2640,16,train/lr,7.888826336032093e-06
2641,16,train/loss,1.323364019393921
2641,16,train/lr,7.866551301257882e-06
2642,16,train/loss,1.5371208190917969
2642,16,train/lr,7.844303776795768e-06
2643,16,train/loss,1.4114863872528076
2643,16,train/lr,7.822083785202277e-06
2644,16,train/loss,1.3316808938980103
2644,16,train/lr,7.799891349006018e-06
2645,16,train/loss,1.3225300312042236
2645,16,train/lr,7.777726490707665e-06
2646,16,train/loss,1.5454645156860352
2646,16,train/lr,7.755589232779938e-06
2647,16,train/loss,1.434204339981079
2647,16,train/lr,7.733479597667546e-06
2648,16,train/loss,1.3885996341705322
2648,16,train/lr,7.71139760778722e-06
2649,16,train/loss,1.3183706998825073
2649,16,train/lr,7.689343285527656e-06
2650,16,train/loss,1.3540782928466797
2650,16,train/lr,7.667316653249489e-06
2651,16,train/loss,1.4422600269317627
2651,16,train/lr,7.645317733285285e-06
2652,16,train/loss,1.4817347526550293
2652,16,train/lr,7.623346547939515e-06
2653,16,train/loss,1.5084631443023682
2653,16,train/lr,7.601403119488531e-06
2654,16,train/loss,1.4351768493652344
2654,16,train/lr,7.579487470180531e-06
2655,16,train/loss,1.3789546489715576
2655,16,train/lr,7.557599622235566e-06
2656,16,train/loss,1.4838182926177979
2656,16,train/lr,7.535739597845489e-06
2656,16,train/batches,662.0
2656,16,train/compute_pct,99.89356518368018
2656,16,train/compute_sec,64.07790065792506
2656,16,train/data_wait_pct,0.10643481631982571
2656,16,train/data_wait_sec,0.06827386302757077
2656,16,train/examples,5296.0
2656,16,train/examples_per_sec,82.56143159823382
2656,16,train/input_tokens,626063.0
2656,16,train/peak_vram_gb,6.733389377593994
2656,16,train/target_tokens,424726.0
2656,16,train/tokens_per_sec,16381.163925165507
2656,16,train/total_sec,64.14617452095263
2656,16,train/epoch_loss,1.3783089576170884
2656,16,epoch16/batches,662.0
2656,16,epoch16/compute_pct,99.89356518368018
2656,16,epoch16/compute_sec,64.07790065792506
2656,16,epoch16/data_wait_pct,0.10643481631982571
2656,16,epoch16/data_wait_sec,0.06827386302757077
2656,16,epoch16/examples,5296.0
2656,16,epoch16/examples_per_sec,82.56143159823382
2656,16,epoch16/input_tokens,626063.0
2656,16,epoch16/peak_vram_gb,6.733389377593994
2656,16,epoch16/target_tokens,424726.0
2656,16,epoch16/tokens_per_sec,16381.163925165507
2656,16,epoch16/total_sec,64.14617452095263
2656,16,val/bleu,25.237229592627447
2656,16,val/chrf,45.824974893710454
2656,16,val/combined,34.007284697090405
2656,16,val/eval_peak_vram_gb,6.733389377593994
2656,16,val/eval_samples_per_sec,7.529658694468946
2656,16,val/eval_seconds,79.28646227199351
2656,16,val/eval_tokens_per_sec,1371.8230941730383
2657,17,train/loss,1.429260492324829
2657,17,train/lr,7.513907419173934e-06
2658,17,train/loss,1.3348660469055176
2658,17,train/lr,7.492103108356315e-06
2659,17,train/loss,1.7090060710906982
2659,17,train/lr,7.470326687499795e-06
2660,17,train/loss,1.2493577003479004
2660,17,train/lr,7.448578178683247e-06
2661,17,train/loss,1.3584470748901367
2661,17,train/lr,7.426857603957254e-06
2662,17,train/loss,1.3526079654693604
2662,17,train/lr,7.405164985344072e-06
2663,17,train/loss,1.3262133598327637
2663,17,train/lr,7.383500344837613e-06
2664,17,train/loss,1.3095417022705078
2664,17,train/lr,7.361863704403427e-06
2665,17,train/loss,1.490701675415039
2665,17,train/lr,7.340255085978668e-06
2666,17,train/loss,1.2708401679992676
2666,17,train/lr,7.318674511472094e-06
2667,17,train/loss,1.4619419574737549
2667,17,train/lr,7.2971220027639915e-06
2668,17,train/loss,1.5683447122573853
2668,17,train/lr,7.275597581706238e-06
2669,17,train/loss,1.2851372957229614
2669,17,train/lr,7.254101270122204e-06
2670,17,train/loss,1.4028288125991821
2670,17,train/lr,7.232633089806773e-06
2671,17,train/loss,1.2144169807434082
2671,17,train/lr,7.211193062526301e-06
2672,17,train/loss,1.3958327770233154
2672,17,train/lr,7.189781210018604e-06
2673,17,train/loss,1.3817803859710693
2673,17,train/lr,7.168397553992925e-06
2674,17,train/loss,1.53007173538208
2674,17,train/lr,7.147042116129924e-06
2675,17,train/loss,1.2691644430160522
2675,17,train/lr,7.125714918081654e-06
2676,17,train/loss,1.32639479637146
2676,17,train/lr,7.104415981471536e-06
2677,17,train/loss,1.4968934059143066
2677,17,train/lr,7.083145327894316e-06
2678,17,train/loss,1.378009557723999
2678,17,train/lr,7.0619029789160895e-06
2679,17,train/loss,1.3233575820922852
2679,17,train/lr,7.04068895607425e-06
2680,17,train/loss,1.3935437202453613
2680,17,train/lr,7.019503280877466e-06
2681,17,train/loss,1.4651739597320557
2681,17,train/lr,6.998345974805661e-06
2682,17,train/loss,1.409487009048462
2682,17,train/lr,6.977217059310008e-06
2683,17,train/loss,1.3572463989257812
2683,17,train/lr,6.95611655581288e-06
2684,17,train/loss,1.4463741779327393
2684,17,train/lr,6.935044485707854e-06
2685,17,train/loss,1.3917043209075928
2685,17,train/lr,6.91400087035968e-06
2686,17,train/loss,1.3116724491119385
2686,17,train/lr,6.892985731104244e-06
2687,17,train/loss,1.3530853986740112
2687,17,train/lr,6.871999089248578e-06
2688,17,train/loss,1.3298543691635132
2688,17,train/lr,6.851040966070809e-06
2689,17,train/loss,1.2904701232910156
2689,17,train/lr,6.830111382820152e-06
2690,17,train/loss,1.40635347366333
2690,17,train/lr,6.809210360716888e-06
2691,17,train/loss,1.5331883430480957
2691,17,train/lr,6.7883379209523405e-06
2692,17,train/loss,1.417918086051941
2692,17,train/lr,6.7674940846888505e-06
2693,17,train/loss,1.5281790494918823
2693,17,train/lr,6.746678873059761e-06
2694,17,train/loss,1.423780918121338
2694,17,train/lr,6.725892307169387e-06
2695,17,train/loss,1.4811104536056519
2695,17,train/lr,6.705134408093017e-06
2696,17,train/loss,1.4112461805343628
2696,17,train/lr,6.684405196876842e-06
2697,17,train/loss,1.168320894241333
2697,17,train/lr,6.663704694537995e-06
2698,17,train/loss,1.2635624408721924
2698,17,train/lr,6.6430329220645e-06
2699,17,train/loss,1.3665136098861694
2699,17,train/lr,6.6223899004152356e-06
2700,17,train/loss,1.3498575687408447
2700,17,train/lr,6.6017756505199415e-06
2701,17,train/loss,1.3460592031478882
2701,17,train/lr,6.58119019327919e-06
2702,17,train/loss,1.3892048597335815
2702,17,train/lr,6.56063354956435e-06
2703,17,train/loss,1.3731746673583984
2703,17,train/lr,6.540105740217582e-06
2704,17,train/loss,1.4706439971923828
2704,17,train/lr,6.519606786051812e-06
2705,17,train/loss,1.4825178384780884
2705,17,train/lr,6.499136707850721e-06
2706,17,train/loss,1.5027424097061157
2706,17,train/lr,6.478695526368677e-06
2707,17,train/loss,1.385227084159851
2707,17,train/lr,6.458283262330791e-06
2708,17,train/loss,1.4176125526428223
2708,17,train/lr,6.437899936432833e-06
2709,17,train/loss,1.3483152389526367
2709,17,train/lr,6.417545569341238e-06
2710,17,train/loss,1.4117345809936523
2710,17,train/lr,6.397220181693082e-06
2711,17,train/loss,1.3414521217346191
2711,17,train/lr,6.376923794096059e-06
2712,17,train/loss,1.3009897470474243
2712,17,train/lr,6.356656427128452e-06
2713,17,train/loss,1.3627448081970215
2713,17,train/lr,6.336418101339134e-06
2714,17,train/loss,1.2918075323104858
2714,17,train/lr,6.316208837247522e-06
2715,17,train/loss,1.4112186431884766
2715,17,train/lr,6.296028655343581e-06
2716,17,train/loss,1.3661913871765137
2716,17,train/lr,6.2758775760877605e-06
2717,17,train/loss,1.556900143623352
2717,17,train/lr,6.255755619911037e-06
2718,17,train/loss,1.4467710256576538
2718,17,train/lr,6.235662807214846e-06
2719,17,train/loss,1.2037160396575928
2719,17,train/lr,6.215599158371069e-06
2720,17,train/loss,1.2578188180923462
2720,17,train/lr,6.195564693722027e-06
2721,17,train/loss,1.420994758605957
2721,17,train/lr,6.175559433580448e-06
2722,17,train/loss,1.2400541305541992
2722,17,train/lr,6.15558339822945e-06
2723,17,train/loss,1.4143998622894287
2723,17,train/lr,6.135636607922522e-06
2724,17,train/loss,1.2496473789215088
2724,17,train/lr,6.1157190828834995e-06
2725,17,train/loss,1.344780445098877
2725,17,train/lr,6.095830843306556e-06
2726,17,train/loss,1.2879143953323364
2726,17,train/lr,6.075971909356146e-06
2727,17,train/loss,1.352898359298706
2727,17,train/lr,6.056142301167038e-06
2728,17,train/loss,1.3750584125518799
2728,17,train/lr,6.0363420388442584e-06
2729,17,train/loss,1.3719336986541748
2729,17,train/lr,6.016571142463082e-06
2730,17,train/loss,1.3331120014190674
2730,17,train/lr,5.9968296320690084e-06
2731,17,train/loss,1.5043845176696777
2731,17,train/lr,5.977117527677743e-06
2732,17,train/loss,1.2552963495254517
2732,17,train/lr,5.957434849275173e-06
2733,17,train/loss,1.1470730304718018
2733,17,train/lr,5.937781616817357e-06
2734,17,train/loss,1.571077823638916
2734,17,train/lr,5.918157850230493e-06
2735,17,train/loss,1.4194573163986206
2735,17,train/lr,5.898563569410913e-06
2736,17,train/loss,1.2652289867401123
2736,17,train/lr,5.878998794225053e-06
2737,17,train/loss,1.4484505653381348
2737,17,train/lr,5.8594635445094135e-06
2738,17,train/loss,1.415121078491211
2738,17,train/lr,5.839957840070582e-06
2739,17,train/loss,1.2548611164093018
2739,17,train/lr,5.820481700685177e-06
2740,17,train/loss,1.3184657096862793
2740,17,train/lr,5.8010351460998536e-06
2741,17,train/loss,1.419769525527954
2741,17,train/lr,5.781618196031265e-06
2742,17,train/loss,1.3876330852508545
2742,17,train/lr,5.762230870166045e-06
2743,17,train/loss,1.5018620491027832
2743,17,train/lr,5.742873188160796e-06
2744,17,train/loss,1.439207673072815
2744,17,train/lr,5.723545169642064e-06
2745,17,train/loss,1.3113800287246704
2745,17,train/lr,5.7042468342063175e-06
2746,17,train/loss,1.4052653312683105
2746,17,train/lr,5.684978201419943e-06
2747,17,train/loss,1.2894412279129028
2747,17,train/lr,5.66573929081918e-06
2748,17,train/loss,1.361430287361145
2748,17,train/lr,5.646530121910162e-06
2749,17,train/loss,1.3616623878479004
2749,17,train/lr,5.627350714168863e-06
2750,17,train/loss,1.2189576625823975
2750,17,train/lr,5.6082010870410745e-06
2751,17,train/loss,1.2747716903686523
2751,17,train/lr,5.5890812599424015e-06
2752,17,train/loss,1.2975841760635376
2752,17,train/lr,5.569991252258227e-06
2753,17,train/loss,1.384566307067871
2753,17,train/lr,5.550931083343706e-06
2754,17,train/loss,1.4412472248077393
2754,17,train/lr,5.531900772523741e-06
2755,17,train/loss,1.360554575920105
2755,17,train/lr,5.512900339092956e-06
2756,17,train/loss,1.5103003978729248
2756,17,train/lr,5.4939298023157005e-06
2757,17,train/loss,1.3931111097335815
2757,17,train/lr,5.474989181425972e-06
2758,17,train/loss,1.4737718105316162
2758,17,train/lr,5.45607849562748e-06
2759,17,train/loss,1.3704242706298828
2759,17,train/lr,5.43719776409356e-06
2760,17,train/loss,1.3003101348876953
2760,17,train/lr,5.418347005967188e-06
2761,17,train/loss,1.6903129816055298
2761,17,train/lr,5.399526240360938e-06
2762,17,train/loss,1.4575140476226807
2762,17,train/lr,5.38073548635699e-06
2763,17,train/loss,1.3036624193191528
2763,17,train/lr,5.361974763007078e-06
2764,17,train/loss,1.4564718008041382
2764,17,train/lr,5.343244089332509e-06
2765,17,train/loss,1.3738830089569092
2765,17,train/lr,5.324543484324103e-06
2766,17,train/loss,1.3937101364135742
2766,17,train/lr,5.305872966942214e-06
2767,17,train/loss,1.3031493425369263
2767,17,train/lr,5.287232556116663e-06
2768,17,train/loss,1.3377585411071777
2768,17,train/lr,5.268622270746769e-06
2769,17,train/loss,1.5411996841430664
2769,17,train/lr,5.250042129701304e-06
2770,17,train/loss,1.512732982635498
2770,17,train/lr,5.231492151818466e-06
2771,17,train/loss,1.4015910625457764
2771,17,train/lr,5.212972355905886e-06
2772,17,train/loss,1.2917697429656982
2772,17,train/lr,5.194482760740584e-06
2773,17,train/loss,1.5713276863098145
2773,17,train/lr,5.176023385068957e-06
2774,17,train/loss,1.4515560865402222
2774,17,train/lr,5.157594247606773e-06
2775,17,train/loss,1.379997968673706
2775,17,train/lr,5.139195367039136e-06
2776,17,train/loss,1.326293706893921
2776,17,train/lr,5.120826762020479e-06
2777,17,train/loss,1.2169811725616455
2777,17,train/lr,5.10248845117452e-06
2778,17,train/loss,1.3358607292175293
2778,17,train/lr,5.084180453094282e-06
2779,17,train/loss,1.3669370412826538
2779,17,train/lr,5.065902786342046e-06
2780,17,train/loss,1.3660705089569092
2780,17,train/lr,5.04765546944934e-06
2781,17,train/loss,1.4421613216400146
2781,17,train/lr,5.029438520916931e-06
2782,17,train/loss,1.5037219524383545
2782,17,train/lr,5.011251959214782e-06
2783,17,train/loss,1.3951979875564575
2783,17,train/lr,4.99309580278205e-06
2784,17,train/loss,1.3143339157104492
2784,17,train/lr,4.974970070027069e-06
2785,17,train/loss,1.39596426486969
2785,17,train/lr,4.956874779327328e-06
2786,17,train/loss,1.3405113220214844
2786,17,train/lr,4.938809949029447e-06
2787,17,train/loss,1.2688331604003906
2787,17,train/lr,4.920775597449155e-06
2788,17,train/loss,1.2297344207763672
2788,17,train/lr,4.902771742871299e-06
2789,17,train/loss,1.3392421007156372
2789,17,train/lr,4.884798403549786e-06
2790,17,train/loss,1.3386478424072266
2790,17,train/lr,4.866855597707594e-06
2791,17,train/loss,1.494089126586914
2791,17,train/lr,4.848943343536744e-06
2792,17,train/loss,1.4392046928405762
2792,17,train/lr,4.8310616591982745e-06
2793,17,train/loss,1.3954243659973145
2793,17,train/lr,4.813210562822232e-06
2794,17,train/loss,1.325887680053711
2794,17,train/lr,4.7953900725076525e-06
2795,17,train/loss,1.3543307781219482
2795,17,train/lr,4.777600206322549e-06
2796,17,train/loss,1.3377593755722046
2796,17,train/lr,4.759840982303862e-06
2797,17,train/loss,1.3556056022644043
2797,17,train/lr,4.742112418457481e-06
2798,17,train/loss,1.4981460571289062
2798,17,train/lr,4.7244145327582036e-06
2799,17,train/loss,1.3556475639343262
2799,17,train/lr,4.706747343149737e-06
2800,17,train/loss,1.2510403394699097
2800,17,train/lr,4.689110867544645e-06
2801,17,train/loss,1.3324335813522339
2801,17,train/lr,4.6715051238243665e-06
2802,17,train/loss,1.4658379554748535
2802,17,train/lr,4.653930129839173e-06
2803,17,train/loss,1.424668312072754
2803,17,train/lr,4.636385903408161e-06
2804,17,train/loss,1.4823534488677979
2804,17,train/lr,4.6188724623192385e-06
2805,17,train/loss,1.4636857509613037
2805,17,train/lr,4.601389824329097e-06
2806,17,train/loss,1.5074392557144165
2806,17,train/lr,4.583938007163179e-06
2807,17,train/loss,1.2381731271743774
2807,17,train/lr,4.56651702851571e-06
2808,17,train/loss,1.2999651432037354
2808,17,train/lr,4.549126906049629e-06
2809,17,train/loss,1.3217732906341553
2809,17,train/lr,4.531767657396591e-06
2810,17,train/loss,1.3866567611694336
2810,17,train/lr,4.514439300156954e-06
2811,17,train/loss,1.3492796421051025
2811,17,train/lr,4.497141851899756e-06
2812,17,train/loss,1.4888426065444946
2812,17,train/lr,4.4798753301626915e-06
2813,17,train/loss,1.2525118589401245
2813,17,train/lr,4.462639752452098e-06
2814,17,train/loss,1.3464332818984985
2814,17,train/lr,4.445435136242947e-06
2815,17,train/loss,1.2418112754821777
2815,17,train/lr,4.428261498978826e-06
2816,17,train/loss,1.325518012046814
2816,17,train/lr,4.411118858071873e-06
2817,17,train/loss,1.5518296957015991
2817,17,train/lr,4.394007230902848e-06
2818,17,train/loss,1.3315541744232178
2818,17,train/lr,4.3769266348210394e-06
2819,17,train/loss,1.3495508432388306
2819,17,train/lr,4.359877087144281e-06
2820,17,train/loss,1.3934986591339111
2820,17,train/lr,4.342858605158925e-06
2821,17,train/loss,1.36100435256958
2821,17,train/lr,4.325871206119832e-06
2822,17,train/loss,1.3801584243774414
2822,17,train/lr,4.308914907250337e-06
2822,17,train/batches,662.0
2822,17,train/compute_pct,99.88302843104698
2822,17,train/compute_sec,62.72726997904829
2822,17,train/data_wait_pct,0.116971568953022
2822,17,train/data_wait_sec,0.07345899799838662
2822,17,train/examples,5296.0
2822,17,train/examples_per_sec,84.3302312929466
2822,17,train/input_tokens,626161.0
2822,17,train/peak_vram_gb,6.733389377593994
2822,17,train/target_tokens,424719.0
2822,17,train/tokens_per_sec,16733.563720002214
2822,17,train/total_sec,62.800728977046674
2822,17,train/epoch_loss,1.3758225718293666
2822,17,epoch17/batches,662.0
2822,17,epoch17/compute_pct,99.88302843104698
2822,17,epoch17/compute_sec,62.72726997904829
2822,17,epoch17/data_wait_pct,0.116971568953022
2822,17,epoch17/data_wait_sec,0.07345899799838662
2822,17,epoch17/examples,5296.0
2822,17,epoch17/examples_per_sec,84.3302312929466
2822,17,epoch17/input_tokens,626161.0
2822,17,epoch17/peak_vram_gb,6.733389377593994
2822,17,epoch17/target_tokens,424719.0
2822,17,epoch17/tokens_per_sec,16733.563720002214
2822,17,epoch17/total_sec,62.800728977046674
2822,17,val/bleu,25.31594107542805
2822,17,val/chrf,45.90634476493668
2822,17,val/combined,34.09050188919814
2822,17,val/eval_peak_vram_gb,6.733389377593994
2822,17,val/eval_samples_per_sec,7.566638561276284
2822,17,val/eval_seconds,78.89897147397278
2822,17,val/eval_tokens_per_sec,1364.1622696628606
2823,18,train/loss,1.3325793743133545
2823,18,train/lr,4.291989725742252e-06
2824,18,train/loss,1.299094796180725
2824,18,train/lr,4.275095678755838e-06
2825,18,train/loss,1.3281211853027344
2825,18,train/lr,4.258232783419797e-06
2826,18,train/loss,1.315630316734314
2826,18,train/lr,4.241401056831215e-06
2827,18,train/loss,1.3390398025512695
2827,18,train/lr,4.224600516055613e-06
2828,18,train/loss,1.2698936462402344
2828,18,train/lr,4.20783117812688e-06
2829,18,train/loss,1.3602510690689087
2829,18,train/lr,4.191093060047256e-06
2830,18,train/loss,1.294285535812378
2830,18,train/lr,4.174386178787354e-06
2831,18,train/loss,1.354651689529419
2831,18,train/lr,4.157710551286091e-06
2832,18,train/loss,1.4132717847824097
2832,18,train/lr,4.141066194450712e-06
2833,18,train/loss,1.4005111455917358
2833,18,train/lr,4.12445312515675e-06
2834,18,train/loss,1.4168081283569336
2834,18,train/lr,4.107871360248019e-06
2835,18,train/loss,1.302473783493042
2835,18,train/lr,4.091320916536589e-06
2836,18,train/loss,1.621690273284912
2836,18,train/lr,4.074801810802784e-06
2837,18,train/loss,1.482428789138794
2837,18,train/lr,4.0583140597951344e-06
2838,18,train/loss,1.4250776767730713
2838,18,train/lr,4.041857680230405e-06
2839,18,train/loss,1.263344168663025
2839,18,train/lr,4.025432688793538e-06
2840,18,train/loss,1.2555619478225708
2840,18,train/lr,4.009039102137657e-06
2841,18,train/loss,1.4943087100982666
2841,18,train/lr,3.99267693688404e-06
2842,18,train/loss,1.2227238416671753
2842,18,train/lr,3.976346209622115e-06
2843,18,train/loss,1.327603816986084
2843,18,train/lr,3.960046936909433e-06
2844,18,train/loss,1.2707046270370483
2844,18,train/lr,3.943779135271646e-06
2845,18,train/loss,1.4900058507919312
2845,18,train/lr,3.927542821202501e-06
2846,18,train/loss,1.3129569292068481
2846,18,train/lr,3.91133801116384e-06
2847,18,train/loss,1.371781826019287
2847,18,train/lr,3.895164721585522e-06
2848,18,train/loss,1.5401484966278076
2848,18,train/lr,3.879022968865484e-06
2849,18,train/loss,1.5027211904525757
2849,18,train/lr,3.862912769369672e-06
2850,18,train/loss,1.3025436401367188
2850,18,train/lr,3.846834139432045e-06
2851,18,train/loss,1.4242527484893799
2851,18,train/lr,3.8307870953545546e-06
2852,18,train/loss,1.3183751106262207
2852,18,train/lr,3.814771653407127e-06
2853,18,train/loss,1.3445534706115723
2853,18,train/lr,3.7987878298276437e-06
2854,18,train/loss,1.38993239402771
2854,18,train/lr,3.7828356408219346e-06
2855,18,train/loss,1.2310802936553955
2855,18,train/lr,3.7669151025637494e-06
2856,18,train/loss,1.3286621570587158
2856,18,train/lr,3.751026231194761e-06
2857,18,train/loss,1.479781150817871
2857,18,train/lr,3.7351690428245133e-06
2858,18,train/loss,1.3894178867340088
2858,18,train/lr,3.71934355353044e-06
2859,18,train/loss,1.4554038047790527
2859,18,train/lr,3.703549779357838e-06
2860,18,train/loss,1.265264868736267
2860,18,train/lr,3.6877877363198456e-06
2861,18,train/loss,1.4876809120178223
2861,18,train/lr,3.672057440397427e-06
2862,18,train/loss,1.6456005573272705
2862,18,train/lr,3.6563589075393617e-06
2863,18,train/loss,1.512807846069336
2863,18,train/lr,3.640692153662226e-06
2864,18,train/loss,1.3778712749481201
2864,18,train/lr,3.6250571946503677e-06
2865,18,train/loss,1.341513752937317
2865,18,train/lr,3.609454046355911e-06
2866,18,train/loss,1.4312832355499268
2866,18,train/lr,3.593882724598719e-06
2867,18,train/loss,1.2654457092285156
2867,18,train/lr,3.578343245166377e-06
2868,18,train/loss,1.2041720151901245
2868,18,train/lr,3.562835623814205e-06
2869,18,train/loss,1.3137567043304443
2869,18,train/lr,3.547359876265215e-06
2870,18,train/loss,1.2837594747543335
2870,18,train/lr,3.5319160182100946e-06
2871,18,train/loss,1.3816839456558228
2871,18,train/lr,3.516504065307211e-06
2872,18,train/loss,1.5849595069885254
2872,18,train/lr,3.5011240331825784e-06
2873,18,train/loss,1.5131267309188843
2873,18,train/lr,3.4857759374298417e-06
2874,18,train/loss,1.236968755722046
2874,18,train/lr,3.4704597936102735e-06
2875,18,train/loss,1.442370057106018
2875,18,train/lr,3.4551756172527435e-06
2876,18,train/loss,1.3785651922225952
2876,18,train/lr,3.4399234238537248e-06
2877,18,train/loss,1.4171943664550781
2877,18,train/lr,3.4247032288772414e-06
2878,18,train/loss,1.307875633239746
2878,18,train/lr,3.4095150477548857e-06
2879,18,train/loss,1.3554943799972534
2879,18,train/lr,3.394358895885792e-06
2880,18,train/loss,1.3128044605255127
2880,18,train/lr,3.379234788636626e-06
2881,18,train/loss,1.41433584690094
2881,18,train/lr,3.364142741341552e-06
2882,18,train/loss,1.2337250709533691
2882,18,train/lr,3.3490827693022263e-06
2883,18,train/loss,1.4453015327453613
2883,18,train/lr,3.334054887787812e-06
2884,18,train/loss,1.471380352973938
2884,18,train/lr,3.319059112034913e-06
2885,18,train/loss,1.3670060634613037
2885,18,train/lr,3.304095457247575e-06
2886,18,train/loss,1.3821930885314941
2886,18,train/lr,3.2891639385972913e-06
2887,18,train/loss,1.4871102571487427
2887,18,train/lr,3.2742645712229667e-06
2888,18,train/loss,1.316595435142517
2888,18,train/lr,3.2593973702309106e-06
2889,18,train/loss,1.3460103273391724
2889,18,train/lr,3.2445623506948167e-06
2890,18,train/loss,1.3513293266296387
2890,18,train/lr,3.2297595276557596e-06
2891,18,train/loss,1.3367626667022705
2891,18,train/lr,3.214988916122152e-06
2892,18,train/loss,1.340755581855774
2892,18,train/lr,3.2002505310697645e-06
2893,18,train/loss,1.3381907939910889
2893,18,train/lr,3.185544387441689e-06
2894,18,train/loss,1.296036720275879
2894,18,train/lr,3.1708705001483224e-06
2895,18,train/loss,1.2987029552459717
2895,18,train/lr,3.1562288840673668e-06
2896,18,train/loss,1.3369109630584717
2896,18,train/lr,3.1416195540437896e-06
2897,18,train/loss,1.4307823181152344
2897,18,train/lr,3.1270425248898407e-06
2898,18,train/loss,1.2729482650756836
2898,18,train/lr,3.112497811385009e-06
2899,18,train/loss,1.4112014770507812
2899,18,train/lr,3.09798542827603e-06
2900,18,train/loss,1.453474998474121
2900,18,train/lr,3.0835053902768477e-06
2901,18,train/loss,1.286146879196167
2901,18,train/lr,3.069057712068616e-06
2902,18,train/loss,1.5324740409851074
2902,18,train/lr,3.0546424082996833e-06
2903,18,train/loss,1.2394821643829346
2903,18,train/lr,3.040259493585574e-06
2904,18,train/loss,1.3084951639175415
2904,18,train/lr,3.0259089825089655e-06
2905,18,train/loss,1.6437915563583374
2905,18,train/lr,3.0115908896196973e-06
2906,18,train/loss,1.4512369632720947
2906,18,train/lr,2.997305229434711e-06
2907,18,train/loss,1.4011008739471436
2907,18,train/lr,2.983052016438099e-06
2908,18,train/loss,1.4785149097442627
2908,18,train/lr,2.968831265081032e-06
2909,18,train/loss,1.5122528076171875
2909,18,train/lr,2.9546429897817848e-06
2910,18,train/loss,1.5010426044464111
2910,18,train/lr,2.9404872049256916e-06
2911,18,train/loss,1.5388867855072021
2911,18,train/lr,2.9263639248651553e-06
2912,18,train/loss,1.31487238407135
2912,18,train/lr,2.9122731639196154e-06
2913,18,train/loss,1.4943110942840576
2913,18,train/lr,2.898214936375541e-06
2914,18,train/loss,1.4191770553588867
2914,18,train/lr,2.884189256486421e-06
2915,18,train/loss,1.3354047536849976
2915,18,train/lr,2.8701961384727446e-06
2916,18,train/loss,1.289835810661316
2916,18,train/lr,2.856235596521978e-06
2917,18,train/loss,1.234831690788269
2917,18,train/lr,2.8423076447885628e-06
2918,18,train/loss,1.3012229204177856
2918,18,train/lr,2.8284122973939037e-06
2919,18,train/loss,1.4632707834243774
2919,18,train/lr,2.8145495684263415e-06
2920,18,train/loss,1.576603651046753
2920,18,train/lr,2.800719471941152e-06
2921,18,train/loss,1.4503676891326904
2921,18,train/lr,2.7869220219605202e-06
2922,18,train/loss,1.4561935663223267
2922,18,train/lr,2.7731572324735328e-06
2923,18,train/loss,1.3678585290908813
2923,18,train/lr,2.7594251174361607e-06
2924,18,train/loss,1.4100158214569092
2924,18,train/lr,2.7457256907712456e-06
2925,18,train/loss,1.1876651048660278
2925,18,train/lr,2.732058966368498e-06
2926,18,train/loss,1.3033833503723145
2926,18,train/lr,2.718424958084452e-06
2927,18,train/loss,1.4157941341400146
2927,18,train/lr,2.704823679742485e-06
2928,18,train/loss,1.387112021446228
2928,18,train/lr,2.691255145132793e-06
2929,18,train/loss,1.4435572624206543
2929,18,train/lr,2.6777193680123567e-06
2930,18,train/loss,1.385860562324524
2930,18,train/lr,2.664216362104964e-06
2931,18,train/loss,1.3500932455062866
2931,18,train/lr,2.6507461411011644e-06
2932,18,train/loss,1.2690986394882202
2932,18,train/lr,2.637308718658272e-06
2933,18,train/loss,1.2504889965057373
2933,18,train/lr,2.6239041084003426e-06
2934,18,train/loss,1.549742341041565
2934,18,train/lr,2.6105323239181696e-06
2935,18,train/loss,1.2909510135650635
2935,18,train/lr,2.5971933787692573e-06
2936,18,train/loss,1.4141755104064941
2936,18,train/lr,2.5838872864778276e-06
2937,18,train/loss,1.4073102474212646
2937,18,train/lr,2.5706140605347706e-06
2938,18,train/loss,1.3363065719604492
2938,18,train/lr,2.5573737143976756e-06
2939,18,train/loss,1.4291081428527832
2939,18,train/lr,2.5441662614907874e-06
2940,18,train/loss,1.324430227279663
2940,18,train/lr,2.5309917152049995e-06
2941,18,train/loss,1.1905146837234497
2941,18,train/lr,2.517850088897846e-06
2942,18,train/loss,1.191974401473999
2942,18,train/lr,2.5047413958934735e-06
2943,18,train/loss,1.3327897787094116
2943,18,train/lr,2.4916656494826517e-06
2944,18,train/loss,1.3838765621185303
2944,18,train/lr,2.478622862922738e-06
2945,18,train/loss,1.2849204540252686
2945,18,train/lr,2.4656130494376695e-06
2946,18,train/loss,1.4207854270935059
2946,18,train/lr,2.4526362222179665e-06
2947,18,train/loss,1.4652280807495117
2947,18,train/lr,2.4396923944206826e-06
2948,18,train/loss,1.5246261358261108
2948,18,train/lr,2.4267815791694286e-06
2949,18,train/loss,1.4435079097747803
2949,18,train/lr,2.4139037895543458e-06
2950,18,train/loss,1.2949169874191284
2950,18,train/lr,2.4010590386320806e-06
2951,18,train/loss,1.3785791397094727
2951,18,train/lr,2.3882473394257956e-06
2952,18,train/loss,1.459301471710205
2952,18,train/lr,2.375468704925131e-06
2953,18,train/loss,1.2704222202301025
2953,18,train/lr,2.3627231480862033e-06
2954,18,train/loss,1.3595380783081055
2954,18,train/lr,2.3500106818316005e-06
2955,18,train/loss,1.3107357025146484
2955,18,train/lr,2.337331319050355e-06
2956,18,train/loss,1.2862087488174438
2956,18,train/lr,2.3246850725979426e-06
2957,18,train/loss,1.3840872049331665
2957,18,train/lr,2.3120719552962463e-06
2958,18,train/loss,1.388817310333252
2958,18,train/lr,2.2994919799335684e-06
2959,18,train/loss,1.389648199081421
2959,18,train/lr,2.2869451592646217e-06
2960,18,train/loss,1.4166474342346191
2960,18,train/lr,2.2744315060104845e-06
2961,18,train/loss,1.586010456085205
2961,18,train/lr,2.2619510328586194e-06
2962,18,train/loss,1.2691680192947388
2962,18,train/lr,2.249503752462841e-06
2963,18,train/loss,1.3046332597732544
2963,18,train/lr,2.2370896774433183e-06
2964,18,train/loss,1.466090440750122
2964,18,train/lr,2.224708820386541e-06
2965,18,train/loss,1.2811414003372192
2965,18,train/lr,2.212361193845333e-06
2966,18,train/loss,1.3497042655944824
2966,18,train/lr,2.200046810338828e-06
2967,18,train/loss,1.407509207725525
2967,18,train/lr,2.1877656823524282e-06
2968,18,train/loss,1.331726312637329
2968,18,train/lr,2.175517822337849e-06
2969,18,train/loss,1.4611647129058838
2969,18,train/lr,2.163303242713058e-06
2970,18,train/loss,1.4249188899993896
2970,18,train/lr,2.151121955862295e-06
2971,18,train/loss,1.3768949508666992
2971,18,train/lr,2.138973974136027e-06
2972,18,train/loss,1.4916667938232422
2972,18,train/lr,2.1268593098509674e-06
2973,18,train/loss,1.3529614210128784
2973,18,train/lr,2.114777975290044e-06
2974,18,train/loss,1.4726340770721436
2974,18,train/lr,2.102729982702392e-06
2975,18,train/loss,1.4295412302017212
2975,18,train/lr,2.0907153443033394e-06
2976,18,train/loss,1.3676018714904785
2976,18,train/lr,2.0787340722744e-06
2977,18,train/loss,1.3176836967468262
2977,18,train/lr,2.0667861787632587e-06
2978,18,train/loss,1.2664575576782227
2978,18,train/lr,2.054871675883755e-06
2979,18,train/loss,1.3230615854263306
2979,18,train/lr,2.0429905757158678e-06
2980,18,train/loss,1.3837103843688965
2980,18,train/lr,2.0311428903057296e-06
2981,18,train/loss,1.3813729286193848
2981,18,train/lr,2.0193286316655753e-06
2982,18,train/loss,1.4132004976272583
2982,18,train/lr,2.0075478117737546e-06
2983,18,train/loss,1.4468472003936768
2983,18,train/lr,1.995800442574714e-06
2984,18,train/loss,1.5094234943389893
2984,18,train/lr,1.9840865359789894e-06
2985,18,train/loss,1.5262775421142578
2985,18,train/lr,1.9724061038631843e-06
2986,18,train/loss,1.311995029449463
2986,18,train/lr,1.9607591580699546e-06
2987,18,train/loss,1.2738487720489502
2987,18,train/lr,1.9491457104080193e-06
2988,18,train/loss,1.4590801000595093
2988,18,train/lr,1.93756577265213e-06
2988,18,train/batches,662.0
2988,18,train/compute_pct,99.87818890672601
2988,18,train/compute_sec,62.153020825149724
2988,18,train/data_wait_pct,0.12181109327398705
2988,18,train/data_wait_sec,0.07580160893849097
2988,18,train/examples,5296.0
2988,18,train/examples_per_sec,85.10525818818827
2988,18,train/input_tokens,626082.0
2988,18,train/peak_vram_gb,6.733389377593994
2988,18,train/target_tokens,424438.0
2988,18,train/tokens_per_sec,16881.566433507465
2988,18,train/total_sec,62.228822434088215
2988,18,train/epoch_loss,1.3737575557656878
2988,18,epoch18/batches,662.0
2988,18,epoch18/compute_pct,99.87818890672601
2988,18,epoch18/compute_sec,62.153020825149724
2988,18,epoch18/data_wait_pct,0.12181109327398705
2988,18,epoch18/data_wait_sec,0.07580160893849097
2988,18,epoch18/examples,5296.0
2988,18,epoch18/examples_per_sec,85.10525818818827
2988,18,epoch18/input_tokens,626082.0
2988,18,epoch18/peak_vram_gb,6.733389377593994
2988,18,epoch18/target_tokens,424438.0
2988,18,epoch18/tokens_per_sec,16881.566433507465
2988,18,epoch18/total_sec,62.228822434088215
2988,18,val/bleu,25.369097280982476
2988,18,val/chrf,45.9374806961858
2988,18,val/combined,34.137844346484336
2988,18,val/eval_peak_vram_gb,6.733389377593994
2988,18,val/eval_samples_per_sec,7.911146649251657
2988,18,val/eval_seconds,75.46314415198867
2988,18,val/eval_tokens_per_sec,1357.68262973045
2989,19,train/loss,1.3942697048187256
2989,19,train/lr,1.9260193565430555e-06
2990,19,train/loss,1.3371672630310059
2990,19,train/lr,1.9145064737875883e-06
2991,19,train/loss,1.38088059425354
2991,19,train/lr,1.9030271360585158e-06
2992,19,train/loss,1.2332707643508911
2992,19,train/lr,1.891581354994618e-06
2993,19,train/loss,1.5172443389892578
2993,19,train/lr,1.880169142200642e-06
2994,19,train/loss,1.3348605632781982
2994,19,train/lr,1.8687905092473082e-06
2995,19,train/loss,1.3393149375915527
2995,19,train/lr,1.8574454676713046e-06
2996,19,train/loss,1.6308811902999878
2996,19,train/lr,1.8461340289752259e-06
2997,19,train/loss,1.5077276229858398
2997,19,train/lr,1.8348562046276304e-06
2998,19,train/loss,1.3168718814849854
2998,19,train/lr,1.8236120060629838e-06
2999,19,train/loss,1.3687384128570557
2999,19,train/lr,1.812401444681653e-06
3000,19,train/loss,1.434328556060791
3000,19,train/lr,1.801224531849908e-06
3001,19,train/loss,1.3796570301055908
3001,19,train/lr,1.790081278899897e-06
3002,19,train/loss,1.5365056991577148
3002,19,train/lr,1.7789716971296513e-06
3003,19,train/loss,1.4461861848831177
3003,19,train/lr,1.7678957978030545e-06
3004,19,train/loss,1.2574621438980103
3004,19,train/lr,1.756853592149841e-06
3005,19,train/loss,1.265460729598999
3005,19,train/lr,1.7458450913655865e-06
3006,19,train/loss,1.4643669128417969
3006,19,train/lr,1.7348703066116859e-06
3007,19,train/loss,1.4786711931228638
3007,19,train/lr,1.72392924901536e-06
3008,19,train/loss,1.3137164115905762
3008,19,train/lr,1.7130219296696263e-06
3009,19,train/loss,1.3192002773284912
3009,19,train/lr,1.7021483596332996e-06
3010,19,train/loss,1.3828692436218262
3010,19,train/lr,1.691308549930981e-06
3011,19,train/loss,1.3379216194152832
3011,19,train/lr,1.680502511553033e-06
3012,19,train/loss,1.4035899639129639
3012,19,train/lr,1.6697302554555776e-06
3013,19,train/loss,1.4651663303375244
3013,19,train/lr,1.6589917925604984e-06
3014,19,train/loss,1.4552375078201294
3014,19,train/lr,1.6482871337553994e-06
3015,19,train/loss,1.394424319267273
3015,19,train/lr,1.6376162898936307e-06
3016,19,train/loss,1.5411021709442139
3016,19,train/lr,1.6269792717942316e-06
3017,19,train/loss,1.2186315059661865
3017,19,train/lr,1.616376090241968e-06
3018,19,train/loss,1.525024652481079
3018,19,train/lr,1.6058067559872916e-06
3019,19,train/loss,1.2262382507324219
3019,19,train/lr,1.595271279746334e-06
3020,19,train/loss,1.3247349262237549
3020,19,train/lr,1.584769672200904e-06
3021,19,train/loss,1.1865386962890625
3021,19,train/lr,1.5743019439984677e-06
3022,19,train/loss,1.2709568738937378
3022,19,train/lr,1.5638681057521451e-06
3023,19,train/loss,1.4153494834899902
3023,19,train/lr,1.5534681680406864e-06
3024,19,train/loss,1.4221296310424805
3024,19,train/lr,1.5431021414084833e-06
3025,19,train/loss,1.3920502662658691
3025,19,train/lr,1.5327700363655427e-06
3026,19,train/loss,1.3286588191986084
3026,19,train/lr,1.5224718633874588e-06
3027,19,train/loss,1.4983296394348145
3027,19,train/lr,1.5122076329154525e-06
3028,19,train/loss,1.4499266147613525
3028,19,train/lr,1.5019773553563085e-06
3029,19,train/loss,1.445798397064209
3029,19,train/lr,1.4917810410823994e-06
3030,19,train/loss,1.0968647003173828
3030,19,train/lr,1.4816187004316615e-06
3031,19,train/loss,1.4995800256729126
3031,19,train/lr,1.4714903437075764e-06
3032,19,train/loss,1.4546387195587158
3032,19,train/lr,1.461395981179182e-06
3033,19,train/loss,1.4667773246765137
3033,19,train/lr,1.4513356230810413e-06
3034,19,train/loss,1.3099433183670044
3034,19,train/lr,1.4413092796132431e-06
3035,19,train/loss,1.2042497396469116
3035,19,train/lr,1.4313169609413893e-06
3036,19,train/loss,1.3627362251281738
3036,19,train/lr,1.4213586771965885e-06
3037,19,train/loss,1.316881775856018
3037,19,train/lr,1.411434438475431e-06
3038,19,train/loss,1.4824689626693726
3038,19,train/lr,1.4015442548399986e-06
3039,19,train/loss,1.2565982341766357
3039,19,train/lr,1.3916881363178388e-06
3040,19,train/loss,1.2475500106811523
3040,19,train/lr,1.3818660929019714e-06
3041,19,train/loss,1.3782185316085815
3041,19,train/lr,1.3720781345508552e-06
3042,19,train/loss,1.3766275644302368
3042,19,train/lr,1.3623242711884008e-06
3043,19,train/loss,1.444504976272583
3043,19,train/lr,1.3526045127039393e-06
3044,19,train/loss,1.348811149597168
3044,19,train/lr,1.3429188689522335e-06
3045,19,train/loss,1.4934489727020264
3045,19,train/lr,1.333267349753452e-06
3046,19,train/loss,1.328593134880066
3046,19,train/lr,1.323649964893171e-06
3047,19,train/loss,1.387878656387329
3047,19,train/lr,1.314066724122349e-06
3048,19,train/loss,1.2301863431930542
3048,19,train/lr,1.3045176371573263e-06
3049,19,train/loss,1.554182529449463
3049,19,train/lr,1.295002713679828e-06
3050,19,train/loss,1.3717775344848633
3050,19,train/lr,1.2855219633369302e-06
3051,19,train/loss,1.4713490009307861
3051,19,train/lr,1.276075395741063e-06
3052,19,train/loss,1.5117919445037842
3052,19,train/lr,1.2666630204699995e-06
3053,19,train/loss,1.5178806781768799
3053,19,train/lr,1.2572848470668478e-06
3054,19,train/loss,1.3769922256469727
3054,19,train/lr,1.2479408850400313e-06
3055,19,train/loss,1.2984427213668823
3055,19,train/lr,1.2386311438633007e-06
3056,19,train/loss,1.3528697490692139
3056,19,train/lr,1.2293556329757026e-06
3057,19,train/loss,1.3638536930084229
3057,19,train/lr,1.2201143617815684e-06
3058,19,train/loss,1.205582857131958
3058,19,train/lr,1.2109073396505331e-06
3059,19,train/loss,1.3857234716415405
3059,19,train/lr,1.201734575917493e-06
3060,19,train/loss,1.3510022163391113
3060,19,train/lr,1.1925960798826129e-06
3061,19,train/loss,1.3900593519210815
3061,19,train/lr,1.1834918608113192e-06
3062,19,train/loss,1.454728364944458
3062,19,train/lr,1.1744219279342798e-06
3063,19,train/loss,1.4471180438995361
3063,19,train/lr,1.1653862904474082e-06
3064,19,train/loss,1.3956224918365479
3064,19,train/lr,1.1563849575118322e-06
3065,19,train/loss,1.3374910354614258
3065,19,train/lr,1.14741793825391e-06
3066,19,train/loss,1.3278605937957764
3066,19,train/lr,1.1384852417652063e-06
3067,19,train/loss,1.4124035835266113
3067,19,train/lr,1.1295868771024847e-06
3068,19,train/loss,1.568068504333496
3068,19,train/lr,1.1207228532877038e-06
3069,19,train/loss,1.2202880382537842
3069,19,train/lr,1.1118931793079984e-06
3070,19,train/loss,1.4264286756515503
3070,19,train/lr,1.1030978641156856e-06
3071,19,train/loss,1.2105348110198975
3071,19,train/lr,1.0943369166282362e-06
3072,19,train/loss,1.5086402893066406
3072,19,train/lr,1.08561034572828e-06
3073,19,train/loss,1.3678535223007202
3073,19,train/lr,1.0769181602635997e-06
3074,19,train/loss,1.3288679122924805
3074,19,train/lr,1.0682603690470988e-06
3075,19,train/loss,1.3732905387878418
3075,19,train/lr,1.0596369808568294e-06
3076,19,train/loss,1.2681922912597656
3076,19,train/lr,1.0510480044359459e-06
3077,19,train/loss,1.3185274600982666
3077,19,train/lr,1.0424934484927232e-06
3078,19,train/loss,1.6561620235443115
3078,19,train/lr,1.0339733217005308e-06
3079,19,train/loss,1.201570749282837
3079,19,train/lr,1.0254876326978317e-06
3080,19,train/loss,1.4251816272735596
3080,19,train/lr,1.0170363900881796e-06
3081,19,train/loss,1.2849366664886475
3081,19,train/lr,1.0086196024401943e-06
3082,19,train/loss,1.4976189136505127
3082,19,train/lr,1.0002372782875674e-06
3083,19,train/loss,1.2673618793487549
3083,19,train/lr,9.918894261290522e-07
3084,19,train/loss,1.368577241897583
3084,19,train/lr,9.835760544284387e-07
3085,19,train/loss,1.351737380027771
3085,19,train/lr,9.752971716145758e-07
3086,19,train/loss,1.3663322925567627
3086,19,train/lr,9.670527860813203e-07
3087,19,train/loss,1.4293898344039917
3087,19,train/lr,9.588429061875736e-07
3088,19,train/loss,1.4800825119018555
3088,19,train/lr,9.506675402572445e-07
3089,19,train/loss,1.3447308540344238
3089,19,train/lr,9.425266965792472e-07
3090,19,train/loss,1.3740978240966797
3090,19,train/lr,9.344203834074926e-07
3091,19,train/loss,1.2395650148391724
3091,19,train/lr,9.263486089608923e-07
3092,19,train/loss,1.2285109758377075
3092,19,train/lr,9.183113814233279e-07
3093,19,train/loss,1.3267664909362793
3093,19,train/lr,9.103087089436578e-07
3094,19,train/loss,1.3793306350708008
3094,19,train/lr,9.02340599635703e-07
3095,19,train/loss,1.2366180419921875
3095,19,train/lr,8.944070615782539e-07
3096,19,train/loss,1.4079563617706299
3096,19,train/lr,8.865081028150279e-07
3097,19,train/loss,1.274498701095581
3097,19,train/lr,8.786437313546963e-07
3098,19,train/loss,1.3334556818008423
3098,19,train/lr,8.708139551708654e-07
3099,19,train/loss,1.513685941696167
3099,19,train/lr,8.630187822020567e-07
3100,19,train/loss,1.4699130058288574
3100,19,train/lr,8.55258220351715e-07
3101,19,train/loss,1.503753423690796
3101,19,train/lr,8.475322774881921e-07
3102,19,train/loss,1.6263818740844727
3102,19,train/lr,8.398409614447321e-07
3103,19,train/loss,1.2433587312698364
3103,19,train/lr,8.321842800194866e-07
3104,19,train/loss,1.3431557416915894
3104,19,train/lr,8.24562240975476e-07
3105,19,train/loss,1.1585646867752075
3105,19,train/lr,8.169748520406083e-07
3106,19,train/loss,1.4134418964385986
3106,19,train/lr,8.094221209076529e-07
3107,19,train/loss,1.2421003580093384
3107,19,train/lr,8.019040552342399e-07
3108,19,train/loss,1.1397051811218262
3108,19,train/lr,7.944206626428601e-07
3109,19,train/loss,1.324688196182251
3109,19,train/lr,7.86971950720846e-07
3110,19,train/loss,1.2370600700378418
3110,19,train/lr,7.7955792702036e-07
3111,19,train/loss,1.6239447593688965
3111,19,train/lr,7.721785990584056e-07
3112,19,train/loss,1.3082237243652344
3112,19,train/lr,7.648339743168009e-07
3113,19,train/loss,1.5106315612792969
3113,19,train/lr,7.575240602421895e-07
3114,19,train/loss,1.3368862867355347
3114,19,train/lr,7.502488642460064e-07
3115,19,train/loss,1.4584376811981201
3115,19,train/lr,7.430083937045006e-07
3116,19,train/loss,1.3486031293869019
3116,19,train/lr,7.358026559587044e-07
3117,19,train/loss,1.316534399986267
3117,19,train/lr,7.286316583144369e-07
3118,19,train/loss,1.2495856285095215
3118,19,train/lr,7.214954080422969e-07
3119,19,train/loss,1.2759411334991455
3119,19,train/lr,7.143939123776504e-07
3120,19,train/loss,1.3226910829544067
3120,19,train/lr,7.073271785206313e-07
3121,19,train/loss,1.2870721817016602
3121,19,train/lr,7.002952136361217e-07
3122,19,train/loss,1.3926740884780884
3122,19,train/lr,6.932980248537557e-07
3123,19,train/loss,1.3531198501586914
3123,19,train/lr,6.863356192679115e-07
3124,19,train/loss,1.3431117534637451
3124,19,train/lr,6.794080039376926e-07
3125,19,train/loss,1.3000972270965576
3125,19,train/lr,6.725151858869349e-07
3126,19,train/loss,1.4028104543685913
3126,19,train/lr,6.656571721041953e-07
3127,19,train/loss,1.2971854209899902
3127,19,train/lr,6.588339695427364e-07
3128,19,train/loss,1.423716425895691
3128,19,train/lr,6.520455851205298e-07
3129,19,train/loss,1.238928198814392
3129,19,train/lr,6.452920257202487e-07
3130,19,train/loss,1.3473358154296875
3130,19,train/lr,6.385732981892566e-07
3131,19,train/loss,1.4825167655944824
3131,19,train/lr,6.31889409339591e-07
3132,19,train/loss,1.268439769744873
3132,19,train/lr,6.252403659479793e-07
3133,19,train/loss,1.4579722881317139
3133,19,train/lr,6.186261747558196e-07
3134,19,train/loss,1.2506951093673706
3134,19,train/lr,6.120468424691611e-07
3135,19,train/loss,1.477388858795166
3135,19,train/lr,6.055023757587268e-07
3136,19,train/loss,1.3613471984863281
3136,19,train/lr,5.98992781259876e-07
3137,19,train/loss,1.2513632774353027
3137,19,train/lr,5.925180655726147e-07
3138,19,train/loss,1.4073362350463867
3138,19,train/lr,5.860782352615923e-07
3139,19,train/loss,1.3559834957122803
3139,19,train/lr,5.79673296856078e-07
3140,19,train/loss,1.5579355955123901
3140,19,train/lr,5.733032568499768e-07
3141,19,train/loss,1.4777185916900635
3141,19,train/lr,5.669681217017979e-07
3142,19,train/loss,1.2673099040985107
3142,19,train/lr,5.606678978346707e-07
3143,19,train/loss,1.3775219917297363
3143,19,train/lr,5.544025916363209e-07
3144,19,train/loss,1.2880722284317017
3144,19,train/lr,5.48172209459079e-07
3145,19,train/loss,1.5083770751953125
3145,19,train/lr,5.419767576198602e-07
3146,19,train/loss,1.2190455198287964
3146,19,train/lr,5.358162424001688e-07
3147,19,train/loss,1.4297947883605957
3147,19,train/lr,5.296906700460823e-07
3148,19,train/loss,1.353884220123291
3148,19,train/lr,5.236000467682555e-07
3149,19,train/loss,1.4678568840026855
3149,19,train/lr,5.175443787419009e-07
3150,19,train/loss,1.5453925132751465
3150,19,train/lr,5.115236721068006e-07
3151,19,train/loss,1.2939479351043701
3151,19,train/lr,5.055379329672787e-07
3152,19,train/loss,1.5059311389923096
3152,19,train/lr,4.995871673922213e-07
3153,19,train/loss,1.5273293256759644
3153,19,train/lr,4.936713814150334e-07
3154,19,train/loss,1.4109225273132324
3154,19,train/lr,4.877905810336774e-07
3154,19,train/batches,662.0
3154,19,train/compute_pct,99.87211512881258
3154,19,train/compute_sec,64.00332791093388
3154,19,train/data_wait_pct,0.12788487118741737
3154,19,train/data_wait_sec,0.08195538198924623
3154,19,train/examples,5296.0
3154,19,train/examples_per_sec,82.63987811043714
3154,19,train/input_tokens,626254.0
3154,19,train/peak_vram_gb,6.733389377593994
3154,19,train/target_tokens,424541.0
3154,19,train/tokens_per_sec,16396.822265682928
3154,19,train/total_sec,64.08528329292312
3154,19,train/epoch_loss,1.3720736116440995
3154,19,epoch19/batches,662.0
3154,19,epoch19/compute_pct,99.87211512881258
3154,19,epoch19/compute_sec,64.00332791093388
3154,19,epoch19/data_wait_pct,0.12788487118741737
3154,19,epoch19/data_wait_sec,0.08195538198924623
3154,19,epoch19/examples,5296.0
3154,19,epoch19/examples_per_sec,82.63987811043714
3154,19,epoch19/input_tokens,626254.0
3154,19,epoch19/peak_vram_gb,6.733389377593994
3154,19,epoch19/target_tokens,424541.0
3154,19,epoch19/tokens_per_sec,16396.822265682928
3154,19,epoch19/total_sec,64.08528329292312
3154,19,val/bleu,25.439379907799022
3154,19,val/chrf,46.16100686440806
3154,19,val/combined,34.268168765637235
3154,19,val/eval_peak_vram_gb,6.733389377593994
3154,19,val/eval_samples_per_sec,7.841846812520232
3154,19,val/eval_seconds,76.13002578000305
3154,19,val/eval_tokens_per_sec,1360.3962291998037
3155,20,train/loss,1.3917806148529053
3155,20,train/lr,4.819447722106273e-07
3156,20,train/loss,1.4387723207473755
3156,20,train/lr,4.7613396087289147e-07
3157,20,train/loss,1.3823261260986328
3157,20,train/lr,4.703581529119854e-07
3158,20,train/loss,1.273382306098938
3158,20,train/lr,4.64617354183936e-07
3159,20,train/loss,1.468118667602539
3159,20,train/lr,4.5891157050928105e-07
3160,20,train/loss,1.363257646560669
3160,20,train/lr,4.532408076730504e-07
3161,20,train/loss,1.3079715967178345
3161,20,train/lr,4.476050714247731e-07
3162,20,train/loss,1.3168261051177979
3162,20,train/lr,4.4200436747846236e-07
3163,20,train/loss,1.3073073625564575
3163,20,train/lr,4.364387015126075e-07
3164,20,train/loss,1.3699274063110352
3164,20,train/lr,4.309080791701819e-07
3165,20,train/loss,1.4006948471069336
3165,20,train/lr,4.254125060586194e-07
3166,20,train/loss,1.395986795425415
3166,20,train/lr,4.199519877498264e-07
3167,20,train/loss,1.6180007457733154
3167,20,train/lr,4.14526529780162e-07
3168,20,train/loss,1.5273289680480957
3168,20,train/lr,4.091361376504382e-07
3169,20,train/loss,1.377984881401062
3169,20,train/lr,4.037808168259199e-07
3170,20,train/loss,1.3210504055023193
3170,20,train/lr,3.984605727363055e-07
3171,20,train/loss,1.6126134395599365
3171,20,train/lr,3.9317541077573453e-07
3172,20,train/loss,1.2992066144943237
3172,20,train/lr,3.879253363027723e-07
3173,20,train/loss,1.2278449535369873
3173,20,train/lr,3.827103546404214e-07
3174,20,train/loss,1.3500747680664062
3174,20,train/lr,3.775304710760907e-07
3175,20,train/loss,1.4082716703414917
3175,20,train/lr,3.7238569086160683e-07
3176,20,train/loss,1.2667335271835327
3176,20,train/lr,3.672760192132107e-07
3177,20,train/loss,1.3480771780014038
3177,20,train/lr,3.622014613115415e-07
3178,20,train/loss,1.5336575508117676
3178,20,train/lr,3.571620223016408e-07
3179,20,train/loss,1.4104804992675781
3179,20,train/lr,3.521577072929371e-07
3180,20,train/loss,1.3405965566635132
3180,20,train/lr,3.4718852135925733e-07
3181,20,train/loss,1.5370512008666992
3181,20,train/lr,3.4225446953880353e-07
3182,20,train/loss,1.5766347646713257
3182,20,train/lr,3.373555568341568e-07
3183,20,train/loss,1.3372581005096436
3183,20,train/lr,3.3249178821226964e-07
3184,20,train/loss,1.2998321056365967
3184,20,train/lr,3.276631686044734e-07
3185,20,train/loss,1.3381351232528687
3185,20,train/lr,3.2286970290644755e-07
3186,20,train/loss,1.2635771036148071
3186,20,train/lr,3.181113959782311e-07
3187,20,train/loss,1.2866572141647339
3187,20,train/lr,3.133882526442266e-07
3188,20,train/loss,1.3411788940429688
3188,20,train/lr,3.0870027769318075e-07
3189,20,train/loss,1.3621153831481934
3189,20,train/lr,3.0404747587817244e-07
3190,20,train/loss,1.5109784603118896
3190,20,train/lr,2.9942985191663657e-07
3191,20,train/loss,1.432831048965454
3191,20,train/lr,2.9484741049032477e-07
3192,20,train/loss,1.632828950881958
3192,20,train/lr,2.903001562453289e-07
3193,20,train/loss,1.2711905241012573
3193,20,train/lr,2.8578809379206145e-07
3194,20,train/loss,1.468651533126831
3194,20,train/lr,2.8131122770525205e-07
3195,20,train/loss,1.4171855449676514
3195,20,train/lr,2.7686956252395475e-07
3196,20,train/loss,1.4865179061889648
3196,20,train/lr,2.724631027515134e-07
3197,20,train/loss,1.1031134128570557
3197,20,train/lr,2.680918528555964e-07
3198,20,train/loss,1.3312866687774658
3198,20,train/lr,2.637558172681697e-07
3199,20,train/loss,1.194514513015747
3199,20,train/lr,2.594550003854889e-07
3200,20,train/loss,1.2979364395141602
3200,20,train/lr,2.5518940656811094e-07
3201,20,train/loss,1.5292892456054688
3201,20,train/lr,2.5095904014087066e-07
3202,20,train/loss,1.3101762533187866
3202,20,train/lr,2.467639053928927e-07
3203,20,train/loss,1.3412054777145386
3203,20,train/lr,2.4260400657757974e-07
3204,20,train/loss,1.5474169254302979
3204,20,train/lr,2.3847934791260845e-07
3205,20,train/loss,1.2630298137664795
3205,20,train/lr,2.3438993357992597e-07
3206,20,train/loss,1.328012228012085
3206,20,train/lr,2.303357677257456e-07
3207,20,train/loss,1.3691346645355225
3207,20,train/lr,2.2631685446053925e-07
3208,20,train/loss,1.2934799194335938
3208,20,train/lr,2.2233319785904537e-07
3209,20,train/loss,1.404672384262085
3209,20,train/lr,2.183848019602491e-07
3210,20,train/loss,1.5750737190246582
3210,20,train/lr,2.144716707673827e-07
3211,20,train/loss,1.2678011655807495
3211,20,train/lr,2.1059380824793303e-07
3212,20,train/loss,1.2047239542007446
3212,20,train/lr,2.067512183336184e-07
3213,20,train/loss,1.3735618591308594
3213,20,train/lr,2.0294390492040402e-07
3214,20,train/loss,1.3997290134429932
3214,20,train/lr,1.9917187186847872e-07
3215,20,train/loss,1.4078335762023926
3215,20,train/lr,1.9543512300227436e-07
3216,20,train/loss,1.4834223985671997
3216,20,train/lr,1.9173366211043484e-07
3217,20,train/loss,1.4704735279083252
3217,20,train/lr,1.8806749294583145e-07
3218,20,train/loss,1.6581358909606934
3218,20,train/lr,1.8443661922555142e-07
3219,20,train/loss,1.2923563718795776
3219,20,train/lr,1.8084104463090553e-07
3220,20,train/loss,1.5127577781677246
3220,20,train/lr,1.7728077280740494e-07
3221,20,train/loss,1.4606916904449463
3221,20,train/lr,1.737558073647688e-07
3222,20,train/loss,1.4076699018478394
3222,20,train/lr,1.7026615187692439e-07
3223,20,train/loss,1.402687430381775
3223,20,train/lr,1.668118098819915e-07
3224,20,train/loss,1.394275426864624
3224,20,train/lr,1.6339278488229802e-07
3225,20,train/loss,1.347704529762268
3225,20,train/lr,1.6000908034435268e-07
3226,20,train/loss,1.1971144676208496
3226,20,train/lr,1.5666069969885676e-07
3227,20,train/loss,1.5284392833709717
3227,20,train/lr,1.5334764634069628e-07
3228,20,train/loss,1.4995222091674805
3228,20,train/lr,1.500699236289421e-07
3229,20,train/loss,1.5186495780944824
3229,20,train/lr,1.4682753488684196e-07
3230,20,train/loss,1.3066372871398926
3230,20,train/lr,1.4362048340181675e-07
3231,20,train/loss,1.3325622081756592
3231,20,train/lr,1.4044877242546437e-07
3232,20,train/loss,1.1887233257293701
3232,20,train/lr,1.3731240517354802e-07
3233,20,train/loss,1.460927963256836
3233,20,train/lr,1.3421138482599625e-07
3234,20,train/loss,1.2778666019439697
3234,20,train/lr,1.3114571452690293e-07
3235,20,train/loss,1.2194609642028809
3235,20,train/lr,1.281153973845117e-07
3236,20,train/loss,1.2686793804168701
3236,20,train/lr,1.2512043647123936e-07
3237,20,train/loss,1.1746183633804321
3237,20,train/lr,1.2216083482363304e-07
3238,20,train/loss,1.3872300386428833
3238,20,train/lr,1.1923659544240516e-07
3239,20,train/loss,1.3389246463775635
3239,20,train/lr,1.1634772129241021e-07
3240,20,train/loss,1.3998746871948242
3240,20,train/lr,1.1349421530265245e-07
3241,20,train/loss,1.4508990049362183
3241,20,train/lr,1.1067608036626264e-07
3242,20,train/loss,1.6418029069900513
3242,20,train/lr,1.0789331934052125e-07
3243,20,train/loss,1.5465925931930542
3243,20,train/lr,1.0514593504683921e-07
3244,20,train/loss,1.281374454498291
3244,20,train/lr,1.0243393027076164e-07
3245,20,train/loss,1.3080974817276
3245,20,train/lr,9.975730776196012e-08
3246,20,train/loss,1.437976360321045
3246,20,train/lr,9.711607023423273e-08
3247,20,train/loss,1.4788551330566406
3247,20,train/lr,9.451022036550404e-08
3248,20,train/loss,1.3640835285186768
3248,20,train/lr,9.19397607978134e-08
3249,20,train/loss,1.287794589996338
3249,20,train/lr,8.940469413732277e-08
3250,20,train/loss,1.3397059440612793
3250,20,train/lr,8.69050229543089e-08
3251,20,train/loss,1.4200823307037354
3251,20,train/lr,8.444074978316728e-08
3252,20,train/loss,1.5276024341583252
3252,20,train/lr,8.201187712239266e-08
3253,20,train/loss,1.255399465560913
3253,20,train/lr,7.961840743459458e-08
3254,20,train/loss,1.4931097030639648
3254,20,train/lr,7.726034314648189e-08
3255,20,train/loss,1.315245270729065
3255,20,train/lr,7.493768664887822e-08
3256,20,train/loss,1.4237382411956787
3256,20,train/lr,7.265044029669486e-08
3257,20,train/loss,1.192488431930542
3257,20,train/lr,7.039860640894623e-08
3258,20,train/loss,1.3015756607055664
3258,20,train/lr,6.818218726874603e-08
3259,20,train/loss,1.3646600246429443
3259,20,train/lr,6.600118512329555e-08
3260,20,train/loss,1.318678617477417
3260,20,train/lr,6.385560218388764e-08
3261,20,train/loss,1.3803132772445679
3261,20,train/lr,6.174544062591047e-08
3262,20,train/loss,1.3127644062042236
3262,20,train/lr,5.967070258883212e-08
3263,20,train/loss,1.4376122951507568
3263,20,train/lr,5.763139017620433e-08
3264,20,train/loss,1.3209949731826782
3264,20,train/lr,5.562750545566652e-08
3265,20,train/loss,1.3812386989593506
3265,20,train/lr,5.365905045893404e-08
3266,20,train/loss,1.3440982103347778
3266,20,train/lr,5.172602718180596e-08
3267,20,train/loss,1.4427947998046875
3267,20,train/lr,4.982843758414956e-08
3268,20,train/loss,1.4287304878234863
3268,20,train/lr,4.796628358991583e-08
3269,20,train/loss,1.4079090356826782
3269,20,train/lr,4.613956708711619e-08
3270,20,train/loss,1.4419372081756592
3270,20,train/lr,4.4348289927845784e-08
3271,20,train/loss,1.416447401046753
3271,20,train/lr,4.259245392825628e-08
3272,20,train/loss,1.3112127780914307
3272,20,train/lr,4.087206086856754e-08
3273,20,train/loss,1.3896914720535278
3273,20,train/lr,3.918711249307927e-08
3274,20,train/loss,1.2570319175720215
3274,20,train/lr,3.7537610510132153e-08
3275,20,train/loss,1.29843008518219
3275,20,train/lr,3.5923556592142855e-08
3276,20,train/loss,1.4164516925811768
3276,20,train/lr,3.4344952375584545e-08
3277,20,train/loss,1.380300760269165
3277,20,train/lr,3.280179946098305e-08
3278,20,train/loss,1.3269779682159424
3278,20,train/lr,3.12940994129246e-08
3279,20,train/loss,1.414503574371338
3279,20,train/lr,2.982185376005197e-08
3280,20,train/loss,1.358568787574768
3280,20,train/lr,2.838506399506446e-08
3281,20,train/loss,1.4507302045822144
3281,20,train/lr,2.6983731574698463e-08
3282,20,train/loss,1.3608598709106445
3282,20,train/lr,2.5617857919754682e-08
3283,20,train/loss,1.3234946727752686
3283,20,train/lr,2.4287444415074798e-08
3284,20,train/loss,1.2192497253417969
3284,20,train/lr,2.299249240955703e-08
3285,20,train/loss,1.2494274377822876
3285,20,train/lr,2.1733003216132806e-08
3286,20,train/loss,1.4168769121170044
3286,20,train/lr,2.0508978111786202e-08
3287,20,train/loss,1.2310136556625366
3287,20,train/lr,1.932041833754616e-08
3288,20,train/loss,1.3120672702789307
3288,20,train/lr,1.8167325098478735e-08
3289,20,train/loss,1.4001984596252441
3289,20,train/lr,1.7049699563690954e-08
3290,20,train/loss,1.352169156074524
3290,20,train/lr,1.596754286633084e-08
3291,20,train/loss,1.5009962320327759
3291,20,train/lr,1.4920856103591285e-08
3292,20,train/loss,1.3436931371688843
3292,20,train/lr,1.390964033669062e-08
3293,20,train/loss,1.422178030014038
3293,20,train/lr,1.2933896590895943e-08
3294,20,train/loss,1.5514285564422607
3294,20,train/lr,1.1993625855495903e-08
3295,20,train/loss,1.4896856546401978
3295,20,train/lr,1.1088829083824024e-08
3296,20,train/loss,1.2520450353622437
3296,20,train/lr,1.0219507193247045e-08
3297,20,train/loss,1.3375988006591797
3297,20,train/lr,9.385661065157146e-09
3298,20,train/loss,1.3330683708190918
3298,20,train/lr,8.58729154498361e-09
3299,20,train/loss,1.395244836807251
3299,20,train/lr,7.824399442181162e-09
3300,20,train/loss,1.3595600128173828
3300,20,train/lr,7.0969855302455135e-09
3301,20,train/loss,1.2776343822479248
3301,20,train/lr,6.405050546690049e-09
3302,20,train/loss,1.4252593517303467
3302,20,train/lr,5.748595193057481e-09
3303,20,train/loss,1.3631587028503418
3303,20,train/lr,5.127620134919852e-09
3304,20,train/loss,1.5166572332382202
3304,20,train/lr,4.542126001886303e-09
3305,20,train/loss,1.341325044631958
3305,20,train/lr,3.9921133875719935e-09
3306,20,train/loss,1.238120675086975
3306,20,train/lr,3.477582849636951e-09
3307,20,train/loss,1.2327011823654175
3307,20,train/lr,2.9985349097549905e-09
3308,20,train/loss,1.3089234828948975
3308,20,train/lr,2.5549700536253713e-09
3309,20,train/loss,1.2833149433135986
3309,20,train/lr,2.1468887309766813e-09
3310,20,train/loss,1.452514410018921
3310,20,train/lr,1.7742913555590653e-09
3311,20,train/loss,1.3626503944396973
3311,20,train/lr,1.4371783051442266e-09
3312,20,train/loss,1.306544303894043
3312,20,train/lr,1.1355499215215391e-09
3313,20,train/loss,1.3558838367462158
3313,20,train/lr,8.694065105174786e-10
3314,20,train/loss,1.2781461477279663
3314,20,train/lr,6.387483419684202e-10
3315,20,train/loss,1.2637171745300293
3315,20,train/lr,4.435756497361831e-10
3316,20,train/loss,1.4140686988830566
3316,20,train/lr,2.838886317041433e-10
3317,20,train/loss,1.4446576833724976
3317,20,train/lr,1.596874497811207e-10
3318,20,train/loss,1.274108648300171
3318,20,train/lr,7.097222988583506e-11
3319,20,train/loss,1.419654369354248
3319,20,train/lr,1.774306197022124e-11
3320,20,train/loss,1.3623956441879272
3320,20,train/lr,0.0
3320,20,train/batches,662.0
3320,20,train/compute_pct,99.88783741678041
3320,20,train/compute_sec,62.262437359109754
3320,20,train/data_wait_pct,0.11216258321959159
3320,20,train/data_wait_sec,0.0699135749891866
3320,20,train/examples,5296.0
3320,20,train/examples_per_sec,84.96390591138157
3320,20,train/input_tokens,626018.0
3320,20,train/peak_vram_gb,6.734973430633545
3320,20,train/target_tokens,424438.0
3320,20,train/tokens_per_sec,16852.500896534413
3320,20,train/total_sec,62.33235093409894
3320,20,train/epoch_loss,1.3722025233453135
3320,20,epoch20/batches,662.0
3320,20,epoch20/compute_pct,99.88783741678041
3320,20,epoch20/compute_sec,62.262437359109754
3320,20,epoch20/data_wait_pct,0.11216258321959159
3320,20,epoch20/data_wait_sec,0.0699135749891866
3320,20,epoch20/examples,5296.0
3320,20,epoch20/examples_per_sec,84.96390591138157
3320,20,epoch20/input_tokens,626018.0
3320,20,epoch20/peak_vram_gb,6.734973430633545
3320,20,epoch20/target_tokens,424438.0
3320,20,epoch20/tokens_per_sec,16852.500896534413
3320,20,epoch20/total_sec,62.33235093409894
3320,20,val/bleu,25.380150122111324
3320,20,val/chrf,46.10933905154276
3320,20,val/combined,34.209091586294505
3320,20,val/eval_peak_vram_gb,6.734973430633545
3320,20,val/eval_samples_per_sec,7.881476534862852
3320,20,val/eval_seconds,75.74722799201845
3320,20,val/eval_tokens_per_sec,1357.449014646906
