doc_id,genre,sentence_idx,anchor_valid,word_start,word_end,prediction
008a0b1b-0319-5104-01ab-5f1e8e389aef,note,0,True,1,29,"1 talent 52 minas 55 shekels tin and 10 kutānum-textiles belonging to Ennum-Aššur s. Puzur-Ištar from his sealed tablet, I entrusted the testimony of his tin and its textiles to Uṣur-ša-Aššur s. Aššur-mālik, your representative."
008a0b1b-0319-5104-01ab-5f1e8e389aef,note,1,True,29,41,"Witnesses: Pūšu-kēn s. Sueyya, Puzur-Aššur s. Šū-Laban, Amur-ilī s. Ibbi-Sueyya."
f5ffae2d-8854-50db-3f64-641a30b5b478,unknown,0,True,1,9,Mawašḫi owes Aššur-nādā 1 mina 7 1/2 shekels silver.
f5ffae2d-8854-50db-3f64-641a30b5b478,unknown,1,True,9,16,He will pay one week from the ḫamuštum of Naram-Suen.
f5ffae2d-8854-50db-3f64-641a30b5b478,unknown,2,True,16,27,"If you do not pay (on time), you will add 3 shekels per mina per month as interest."
f5ffae2d-8854-50db-3f64-641a30b5b478,unknown,3,True,27,35,"Witnesses: Meṣili, Šarmama, Ḫalitka, Kušuman."
063ab271-8cce-758c-d31a-6160eaa9ac3e,unknown,0,True,1,10,Pūšu-kēn gave 1 mina of refined silver to Kuzīya for merchandise.
063ab271-8cce-758c-d31a-6160eaa9ac3e,unknown,1,True,10,14,Witnesses: Puzur-saduʾe s.
83924082-730e-4e46-8dda-cd94fd5dabf0,debt note,0,True,0,17,"Seals: Aššur-mālik s. Erraya, Elāli s. Ipilis, Aššur-idī s. Kukulānum, Ikuppiya s. Šū-Suen."
83924082-730e-4e46-8dda-cd94fd5dabf0,debt note,1,True,17,28,Aššur-mālik s. Erraya owes the merchant 1 mina 1 shekel refined silver.
83924082-730e-4e46-8dda-cd94fd5dabf0,debt note,2,True,28,34,From the ḫamuštum of Aššur-imittī s. Zupalali.
83924082-730e-4e46-8dda-cd94fd5dabf0,debt note,3,True,34,36,Month: Ḫubur.
83924082-730e-4e46-8dda-cd94fd5dabf0,debt note,4,True,36,41,Eponymate: Aššur-imittī s. Ilī-bāni.
83924082-730e-4e46-8dda-cd94fd5dabf0,debt note,5,True,41,49,"If he does not pay (on time), he will add 1/2 shekels per mina per month."
9b33f950-3f23-48f5-81eb-0ffc8f0f1195,unknown,0,True,1,12,Aššur-mālik s. Erraya owes the merchant 1 mina 1 shekel refined silver.
9b33f950-3f23-48f5-81eb-0ffc8f0f1195,unknown,1,True,12,18,From the ḫamuštum of Aššur-imittī s. Zupalali.
9b33f950-3f23-48f5-81eb-0ffc8f0f1195,unknown,2,True,18,20,Month: Ḫubur.
9b33f950-3f23-48f5-81eb-0ffc8f0f1195,unknown,3,True,20,25,Eponymate: Aššur-imittī s. Ilī-bāni.
9b33f950-3f23-48f5-81eb-0ffc8f0f1195,unknown,4,True,25,33,"If he does not pay (on time), he will add 1/2 shekels per mina per month."
9b33f950-3f23-48f5-81eb-0ffc8f0f1195,unknown,5,True,33,45,"Witnesses: Elāli s. Ipilis, Aššur-idī s. Kukulānum, Ikuppiya s. Šū-Suen."
ffe434da-6ad4-4f48-badc-7a79706799d5,unknown,0,True,8,31,From the ḫamuštum of Aššur-bēl-awātim and Akuza they will pay the textiles of Buqlātum.
ffe434da-6ad4-4f48-badc-7a79706799d5,unknown,1,True,31,35,"If he does not pay (on time), he will add 1/2 shekels per mina per month."
c37e3b5d-e0be-4bd2-956f-a24bc54d30ce,debt note,0,True,1,12,Arši-aḫ s. Aššur-bāni owes Imdī-ilum 1 mina 12 1/3 shekels refined silver.
c37e3b5d-e0be-4bd2-956f-a24bc54d30ce,debt note,1,True,12,16,He will pay three weeks from the ḫamuštum of Aššur-mālik.
c37e3b5d-e0be-4bd2-956f-a24bc54d30ce,debt note,2,True,16,18,Month: Allanātum.
c37e3b5d-e0be-4bd2-956f-a24bc54d30ce,debt note,3,True,18,27,"Witnesses: Usānum s. Amur-Aššur, Mašḫilī Abīya s. Ṣilli-Aššur."
0d3637ec-cd23-40d8-bd26-321de2eef68a,letter,0,True,0,8,"To Sukkallīya, Šū-Anum and Ikūn-pī-Aššur from Idī-Suen:"
0d3637ec-cd23-40d8-bd26-321de2eef68a,letter,1,True,8,11,To Ikūn-pī-Aššur:
0d3637ec-cd23-40d8-bd26-321de2eef68a,letter,2,True,11,17,Aḫ-šalim and Aššur-nādā did not give me the silver.
0d3637ec-cd23-40d8-bd26-321de2eef68a,letter,3,True,17,21,Let Šaḫitum send your message to them.
0d3637ec-cd23-40d8-bd26-321de2eef68a,letter,4,True,21,27,I owe you 1 mina 4 shekels silver.
0d3637ec-cd23-40d8-bd26-321de2eef68a,letter,5,True,27,32,You weighed out 1 mina of amurrum for my account.
0d3637ec-cd23-40d8-bd26-321de2eef68a,letter,6,True,32,50,"If the silver does not accrue to you, when you arrive, let Sukkallīya and Šū-Anum take the silver in interest and give it to you."
0d3637ec-cd23-40d8-bd26-321de2eef68a,letter,7,True,50,67,"If you do not receive the silver before your departure, write to Aḫ-šalim and Aššur-nādā so that they send your silver."
bd0b06df-0484-4c68-90ce-4c9f2163a4fb,debt note,0,True,0,25,"Seals: Upu-iman, Artaya, Tahaya, Ḫippu-Aššu."
e45aefb0-ac20-4c31-8164-0e0b8fdb063c,debt note,0,True,1,10,Isaya and Ir-radan owe Lā-qēpum 2 minas refined silver.
e45aefb0-ac20-4c31-8164-0e0b8fdb063c,debt note,1,True,10,20,They will pay 33 weeks from the ḫamuštum of Agua and Lā-qēpum.
e45aefb0-ac20-4c31-8164-0e0b8fdb063c,debt note,2,True,20,34,"If they do not pay at the fulfillment of their term, they will add 1/2 shekels per mina per month."
e45aefb0-ac20-4c31-8164-0e0b8fdb063c,debt note,3,True,34,38,"Witnesses: Naram-Suen, Nūr-Ištar."
e45aefb0-ac20-4c31-8164-0e0b8fdb063c,debt note,4,True,38,43,The silver is bound to their reputation.
6cb11c6a-386b-4fdd-ac2d-6d9ee276070d,unknown,0,True,0,38,"Seals: Puzur-ilī s. Iliš-tikal, Wasipuršu, Aššur-rēṣī, Tarikutaša."
8dbb2468-5561-4934-bdde-d313877d8ad6,debt note,0,True,1,11,Ištar-ilī s. Amur-Ištar owes Amur-Ištar 1 mina 5 shekels refined silver.
8dbb2468-5561-4934-bdde-d313877d8ad6,debt note,1,True,11,19,He will pay 20 weeks from the ḫamuštum of Iddin-aya.
8dbb2468-5561-4934-bdde-d313877d8ad6,debt note,2,True,19,21,Month: Kuzalli.
8dbb2468-5561-4934-bdde-d313877d8ad6,debt note,3,True,21,25,Eponymate: Ilī-šu-rabi s. Baziya
8dbb2468-5561-4934-bdde-d313877d8ad6,debt note,4,True,25,39,"If he does not pay at the fulfillment of his term, he will add 1/2 shekels per mina per month."
8dbb2468-5561-4934-bdde-d313877d8ad6,debt note,5,True,39,45,"Witnesses: Ibni-Adad, Uzuwa, Mušmeni."
2bd516e4-cd00-4d03-96c5-0a4b7c11545a,unknown,0,True,0,12,"Seals: Adad-bāni s. Išar-bēlī, Pilaḫ-Suen s. Aššur-enna."
2bd516e4-cd00-4d03-96c5-0a4b7c11545a,unknown,1,True,12,17,He seized us against Zu-Bēli son of Buluṭ-bēlī.
2bd516e4-cd00-4d03-96c5-0a4b7c11545a,unknown,2,True,17,86,"From Aššur-mālik to Aššur-mālik: Do not return the awīlum for 30 days, do not return the awīlum for 30 days, and do not return the awīlum for 30 days."
2bd516e4-cd00-4d03-96c5-0a4b7c11545a,unknown,3,True,86,88,Month: Ab-šarrānē.
2bd516e4-cd00-4d03-96c5-0a4b7c11545a,unknown,4,True,88,90,Eponymate: Ḫadīya.
2bd516e4-cd00-4d03-96c5-0a4b7c11545a,unknown,5,True,90,109,"For these matters, the travelers on the journey of the City and the colony office of Šuppiluliya gave us and we gave our testimony before the dagger of the god, before the dagger of Aššur."
f944c761-1362-807b-ce7c-27bf66aa0a26,contract of sale,0,True,0,8,"Seals: Aššur-dān, Buzia, Imdī-ilum, Aššur-ṭāb."
f944c761-1362-807b-ce7c-27bf66aa0a26,contract of sale,1,True,8,29,"Regarding the 9 2/3 minas refined silver belonging to Karriya, which they gave to Aššur-nādā for investment, the silver and its interest left from the city and Aššur-ṭāb took his goods."
f944c761-1362-807b-ce7c-27bf66aa0a26,contract of sale,2,True,29,36,"If anyone raises claim against Aššur-nādā, Aššur-ṭāb will clear him."
5575df69-5d8b-797e-acf3-33594ce09bfa,unknown,0,True,1,10,Iliš-tīkal brought you 2 minas refined silver in his previous transport.
5575df69-5d8b-797e-acf3-33594ce09bfa,unknown,1,True,10,214,"Ippilis brought you 1 mina of silver for my account, 1 mina of 27 1/2 shekels and 10 shekels for my account, the remainder of my silver, 10 shekels and 10 shekels for my account, the remainder of my silver, 18 shekels and 5 shekels of šurum-textiles from"
912c522a-b7f2-4b64-b67e-bd5356fe1b5b,unknown,0,True,0,14,"When you arrive and there is no caravan for you and there is no caravan for you, we will not release the matter to the palace."
912c522a-b7f2-4b64-b67e-bd5356fe1b5b,unknown,1,True,14,22,I paid you 1 mina of silver under my seal and Šū-Anum and Nakilit are bringing it to you.
912c522a-b7f2-4b64-b67e-bd5356fe1b5b,unknown,2,True,22,23,I will complete your decision.
912c522a-b7f2-4b64-b67e-bd5356fe1b5b,unknown,3,True,23,24,"Here, you are well."
e0fe72bf-874c-46d5-9b98-e263427e397e,letter,0,True,0,8,To Amur-Ištar and Pūšu-kēn from Kunilum:
e0fe72bf-874c-46d5-9b98-e263427e397e,letter,1,True,8,22,"Amur-Aššur brings you 1 mina 7 1/2 shekels of silver belonging to Hinnaya, the price of the gold which the colony owes to him, under my seal."
e0fe72bf-874c-46d5-9b98-e263427e397e,letter,2,True,22,32,"There, if you need silver for the concealment of the textiles belonging to Hinnaya, purchase silver."
e0fe72bf-874c-46d5-9b98-e263427e397e,letter,3,True,32,65,"If according to the instructions of Hinnaya, I will dispatch his merchandise here, you will not dispatch anything to me."
01c149e6-7dc3-4b74-b9c0-9e3bc9548a4a,debt note,0,True,1,8,1/2 mina of refined silver Ṭāb-ṣilli-Aššur owes Buzāzu 1/2 mina refined silver.
01c149e6-7dc3-4b74-b9c0-9e3bc9548a4a,debt note,1,True,8,22,"He will pay 40 weeks from the ḫamuštum of Iddin-abum s. Aššur-rabi, month Ab-šarrānē, eponymate Maṣi-ilī."
01c149e6-7dc3-4b74-b9c0-9e3bc9548a4a,debt note,2,True,22,34,"If he does not pay (on time), he will add 1/2 shekels per mina per month as interest."
01c149e6-7dc3-4b74-b9c0-9e3bc9548a4a,debt note,3,True,34,35,The house is the guarantor.
4c3eef56-f43a-4e04-ae62-eabeff05cd71,unknown,0,True,1,26,Šū-Kūbum s.
4c3eef56-f43a-4e04-ae62-eabeff05cd71,unknown,1,True,26,29,Month: Maḫḫur.
4c3eef56-f43a-4e04-ae62-eabeff05cd71,unknown,2,True,29,33,Eponymate: Munamirum s. Sin-išme-ani.
4c3eef56-f43a-4e04-ae62-eabeff05cd71,unknown,3,True,33,49,"Witnesses: Enna-Suen s. Aššur-imittī, Šalim-Aššur s. Pūšu-kēn, Adad-bāni s. Sukkallum."
4ded5d1c-57fb-4fb9-a487-48acc6e7135a,debt note,0,True,36,40,"Witnesses: Nakilit, Ašit."
2dc4ae35-c637-3a0b-ff7c-935ad1de5191,note,0,True,1,25,The 1/3 mina of silver which Ikūnum has invested in Amur-Šamaš and Pūšu-kēn is available in the house of Imdī-ilum in the memorandum and nuduation of Imdī-ilum.
2dc4ae35-c637-3a0b-ff7c-935ad1de5191,note,1,True,25,40,"In the account of Puzur-son of his son, Saklīya, son of Šū-Ištar, son of Napraka, and Mannum-kī-Aššur, son of Šū-Bēlum, see Saklīya, son of Šū-Ištar, son of Napraka and Mannum-kī-Aššur, son of Šū-Bēlum."
2dc4ae35-c637-3a0b-ff7c-935ad1de5191,note,2,True,40,61,"Then Ilī-bāni, Suen-rēʾī and Aššur-nīšu, the sons of Amur-Ištar son of Amur-ilī, meet him and in the memorandum of the memorandum, the sealed tablets of his father, were sealed from the memorandum of his father."
bcf16e38-87fa-cb78-cba7-47f95ebb8c14,legal challenge,0,True,1,14,He took 1 mina of silver to me and his sealed tablet with his seal and for my affairs.
bcf16e38-87fa-cb78-cba7-47f95ebb8c14,legal challenge,1,True,14,20,We entrusted the remainder of the gold to me in my tablets.
bcf16e38-87fa-cb78-cba7-47f95ebb8c14,legal challenge,2,True,20,42,"He said, ""Until I talk with you, all your share of 1/3 mina of gold in your account, all your share of 1/3 mina of gold in your account, and he said, ""You will take 6 minas of gold."""
bcf16e38-87fa-cb78-cba7-47f95ebb8c14,legal challenge,3,True,42,51,"I said, ""As for whatever Pūšu-kēn left, you will take a share together with us."""
bcf16e38-87fa-cb78-cba7-47f95ebb8c14,legal challenge,4,True,51,59,He has departed and I have deposited the half which you did not release.
46d1e1ad-6000-b09b-6025-4d0c46760d96,note,0,True,1,9,I entrusted 1 mina silver under the seals of Lulu to Pūšu-kēn.
46d1e1ad-6000-b09b-6025-4d0c46760d96,note,1,True,9,15,"Witnesses: Puzur-Aššur s. Ilišudāya, Anali."
c803f46e-3634-ed06-d89d-56895704d199,memo,0,True,1,16,Aḫ-šalim s. Buzutaya and Aššur-taklāku s. Al-aḫum owe Enlil-bāni 1 mina 1 shekel refined silver.
c803f46e-3634-ed06-d89d-56895704d199,memo,1,True,16,24,They will pay 46 weeks from the ḫamuštum of Luzina.
c803f46e-3634-ed06-d89d-56895704d199,memo,2,True,24,36,"If they do not pay, they will add 1 shekel per mina per month as interest."
c803f46e-3634-ed06-d89d-56895704d199,memo,3,True,36,38,Month: Bēlet-ekallim
c803f46e-3634-ed06-d89d-56895704d199,memo,4,True,38,56,Eponymate: The one after Agutum.
c803f46e-3634-ed06-d89d-56895704d199,memo,5,True,56,69,Aḫ-šalim s. Buzutaya and Aššur-taklāku s. Al-aḫum owe Enlil-bāni 1/3 mina refined silver.
c803f46e-3634-ed06-d89d-56895704d199,memo,6,True,69,77,They will pay 35 weeks from the ḫamuštum of Luzina.
c803f46e-3634-ed06-d89d-56895704d199,memo,7,True,77,101,"If they do not pay (on time), they will add 1 shekel per mina per month as interest."
c803f46e-3634-ed06-d89d-56895704d199,memo,8,True,101,110,Dadaya s. Aššur-imittī owes Enlil-bāni 1/3 mina refined silver.
c803f46e-3634-ed06-d89d-56895704d199,memo,9,True,110,129,"From the month of Ša sarrātim, eponymate after Maṣi-ilī, he arrives in the city and arrives in Kanesh and 5 months will pay the silver."
c803f46e-3634-ed06-d89d-56895704d199,memo,10,True,129,142,"If he does not pay (on time), he will add 1/2 shekels per mina per month as interest."
c803f46e-3634-ed06-d89d-56895704d199,memo,11,True,142,151,Šū-Suen s. Iliya owes Enlil-bāni 1/3 mina refined silver.
c803f46e-3634-ed06-d89d-56895704d199,memo,12,True,151,165,"From the ḫamuštum of the kaššum of Ennānum, month Allanātum, eponymate after Agutum."
c803f46e-3634-ed06-d89d-56895704d199,memo,13,True,165,173,"If he does not pay (on time), he will add 1/2 shekels per mina per month."
c803f46e-3634-ed06-d89d-56895704d199,memo,14,True,173,180,Nāb-Suen owes Enlil-bāni 1/3 mina refined silver.
c803f46e-3634-ed06-d89d-56895704d199,memo,15,True,180,188,He will pay 11 weeks from the ḫamuštum of Ennānum.
c803f46e-3634-ed06-d89d-56895704d199,memo,16,True,188,195,"If he does not pay (on time), he will add 1/2 shekels as interest."
c803f46e-3634-ed06-d89d-56895704d199,memo,17,True,195,197,Month: Kuzalli.
c803f46e-3634-ed06-d89d-56895704d199,memo,18,True,197,200,Eponymate: Agutum.
c803f46e-3634-ed06-d89d-56895704d199,memo,19,True,200,207,Nūr-Kili owes Enlil-bāni 1/3 mina refined silver.
c803f46e-3634-ed06-d89d-56895704d199,memo,20,True,207,214,He will pay four months from the ḫamuštum of Enna-Suen.
c803f46e-3634-ed06-d89d-56895704d199,memo,21,True,214,222,"If he does not pay (on time), he will add 1/2 shekels as interest."
c803f46e-3634-ed06-d89d-56895704d199,memo,22,True,222,231,Aššur-taklāku s. Burqiya owes Enlil-bāni 1/3 mina refined silver.
c803f46e-3634-ed06-d89d-56895704d199,memo,23,True,231,241,He will pay 15 weeks from the ḫamuštum of Kurub-Ištar s. Al-aḫim.
c803f46e-3634-ed06-d89d-56895704d199,memo,24,True,241,250,"If he does not pay (on time), he will add 1/2 shekels per mina as interest."
c803f46e-3634-ed06-d89d-56895704d199,memo,25,True,250,253,Month: ša sarrātim.
c803f46e-3634-ed06-d89d-56895704d199,memo,26,True,253,258,Eponymate: Enna-Suen s. Šū-Aššur
c803f46e-3634-ed06-d89d-56895704d199,memo,27,True,258,267,Lā-qēpim s. Šū-Aššur owes Enlil-bāni 1/3 mina refined silver.
c803f46e-3634-ed06-d89d-56895704d199,memo,28,True,267,281,"He will pay six weeks from the ḫamuštum of Aššur-taklāku s. Al-aḫim, month Teʾinātim, eponymate Maṣi-ilī."
c803f46e-3634-ed06-d89d-56895704d199,memo,29,True,281,290,"If he does not pay (on time), he will add 2/3 shekels 15 grains as interest."
3f76f1f9-c0a8-0484-0d4c-5f23ba93f5ed,note,0,True,1,28,"Uṣur-ša-Aššur took 1 mina of silver for our father, 1 mina of silver for my share and 30 minas of wool for 28 minas 3 1/2 shekels from the caravan of Pūšu-kēn in Karpata and Al-aḫum wrote his tablet."
3f76f1f9-c0a8-0484-0d4c-5f23ba93f5ed,note,1,True,28,37,Al-aḫum holds his sealed tablet which will go to him for interest.
3f76f1f9-c0a8-0484-0d4c-5f23ba93f5ed,note,2,True,37,69,"1 mina of silver, 7 shekels of silver, the price of the kusītum garment, 1 black donkey which Idī-Ištar left, and 40 minas of copper, the remainder of my copper, all this is with Aššur-idī son of Mumulānum."
3f76f1f9-c0a8-0484-0d4c-5f23ba93f5ed,note,3,True,69,78,Hulupa took 10 shekels of silver belonging to Ganuwa to his account.
3f76f1f9-c0a8-0484-0d4c-5f23ba93f5ed,note,4,True,78,95,1/3 mina of silver and its interest and 6 shekels of silver which went to the concealment from Adad-bāni s. Budādum.
8bfb4a77-351b-4497-fb8f-abd3862ecc12,debt note,0,True,10,18,He will pay 2 months from the beginning of the month of Teʾinātim.
8bfb4a77-351b-4497-fb8f-abd3862ecc12,debt note,1,True,18,33,"If he does not pay at the fulfillment of his term, he will add 1/2 shekels per mina per month."
8bfb4a77-351b-4497-fb8f-abd3862ecc12,debt note,2,True,33,37,Eponymate: Abīya s. Šu-Dagān.
8bfb4a77-351b-4497-fb8f-abd3862ecc12,debt note,3,True,37,41,He will pay the silver in Kanesh.
8bfb4a77-351b-4497-fb8f-abd3862ecc12,debt note,4,True,41,45,"Witnesses: Kurub-Ištar, Šalim-Aššur."
cb580d64-81ee-55ad-40e4-c244937110f9,debt note,0,True,0,16,"Seals: Bēlum-bāni s. Aššur-bēl-awātim, Ṭāb-Suen s. Mania, Werēṣī s. Puzur-Suen, Nimar-Ištar s. Puzur-Suen."
cb580d64-81ee-55ad-40e4-c244937110f9,debt note,1,True,16,24,Nimar-Ištar owes Buzāzu 2 talents fine copper.
cb580d64-81ee-55ad-40e4-c244937110f9,debt note,2,True,24,38,"He will pay 2 months from the ḫamuštum of Šumma-libba-Aššur, month Ša kēnātim, eponymate after Samaya."
cb580d64-81ee-55ad-40e4-c244937110f9,debt note,3,True,38,49,"If he does not pay (on time), he will add 1/2 minas per month as interest."
cb580d64-81ee-55ad-40e4-c244937110f9,debt note,4,True,49,56,I entrusted this tablet to Ilī-mītī s. Šū-Ištar.
cb580d64-81ee-55ad-40e4-c244937110f9,debt note,5,True,56,64,"Witnesses: Aššur-idīn s. Šū-Ištar, Idī-Suen s. Enna-Suen."
ef7d38bc-df71-4437-82e5-85dc33d58b62,debt note,0,True,1,9,Adad-rabi owes the slave Aḫu-waqar 10 shekels refined silver.
ef7d38bc-df71-4437-82e5-85dc33d58b62,debt note,1,True,9,20,He will add interest from the ḫamuštum of Šū-Kūbum and Amur-Šamaš.
ef7d38bc-df71-4437-82e5-85dc33d58b62,debt note,2,True,20,27,Month: ša sarrātim.
ef7d38bc-df71-4437-82e5-85dc33d58b62,debt note,3,True,27,31,"Witnesses: Panaka, Adad-pilaḫ."
d76a351b-e322-3dfd-4007-64c3189729b2,letter,0,True,0,5,To Innāya from Mannum-bālum-Aššur:
d76a351b-e322-3dfd-4007-64c3189729b2,letter,1,True,5,9,Why is it that you wrote me?
d76a351b-e322-3dfd-4007-64c3189729b2,letter,2,True,9,11,"You said, ""You are my brother."""
c2850a38-14d0-40ce-8bb0-5c3d3378a8eb,letter,0,True,0,13,"To Aššur-imittī, Ennum-Bēlum, Ennānum and Buburānum from Imdī-ilum, Pūšu-kēn, Aššur-ṣulūlī and Uṣur-ša-Ištar:"
c2850a38-14d0-40ce-8bb0-5c3d3378a8eb,letter,1,True,13,18,Puzur-Aššur died.
c2850a38-14d0-40ce-8bb0-5c3d3378a8eb,letter,2,True,18,26,Both the silver and the sealed tablets of Puzur-Aššur are available.
c2850a38-14d0-40ce-8bb0-5c3d3378a8eb,letter,3,True,26,38,"We seized the tablets in Wašḫaniya, in Waḫšušana, and in."
c2850a38-14d0-40ce-8bb0-5c3d3378a8eb,letter,5,True,46,53,Because his own funds have been deposited and he has been ill.
c2850a38-14d0-40ce-8bb0-5c3d3378a8eb,letter,6,True,53,59,"Also,"
c2850a38-14d0-40ce-8bb0-5c3d3378a8eb,letter,7,True,59,78,"I said, ""Either from the transport of Ennum-Bēlum or for every mina of silver let him inform me about this silver."""
c2850a38-14d0-40ce-8bb0-5c3d3378a8eb,letter,8,True,78,82,"As for me, let me bring it and let him zuzu the silver."
c2850a38-14d0-40ce-8bb0-5c3d3378a8eb,letter,9,True,82,105,"On the day you hear our letter, the 40 minas silver which Ennum-Bēlum brought to you, its excise added, its transport tariff paid, and its transport tariff paid, purchase the tin, its wrappings and top packages with the first departure of Abkānum."
c2850a38-14d0-40ce-8bb0-5c3d3378a8eb,letter,10,True,105,110,Here Imdī-ilum is delayed concerning this.
c2850a38-14d0-40ce-8bb0-5c3d3378a8eb,letter,11,True,110,132,"We said, ""Let Imdī-ilum purchase the silver and let Imdī-ilum purchase the silver at my departure so that we can pay our silver."""
c2850a38-14d0-40ce-8bb0-5c3d3378a8eb,letter,12,True,132,142,"If anyone should claim against you, say to Imdī-ilum:"
5c82c790-daf8-fcb8-84ed-6fd1f863c4a0,letter,0,True,0,11,"From Enlil-bāni to Aššur-rabi, Al-aḫum, Ab-šalim, and Šakrilka, and Idī-Šamaš:"
5c82c790-daf8-fcb8-84ed-6fd1f863c4a0,letter,1,True,11,37,"If the merchandise is deposited and the journey is on the journey of the merchandise which is available in the house, take it to the house and clear it with the palace and our guarantors under your seal so that no one can clear anything."
5c82c790-daf8-fcb8-84ed-6fd1f863c4a0,letter,2,True,37,52,Send both flour and barley wherever there is barley and give the copper as much as you left and give the copper as much as you left.
5c82c790-daf8-fcb8-84ed-6fd1f863c4a0,letter,3,True,52,63,"Now, leave the next day in the palace and let the maid come with Al-aḫum."
5c82c790-daf8-fcb8-84ed-6fd1f863c4a0,letter,4,True,63,68,Give the kilaritum maid for purchases.
5c82c790-daf8-fcb8-84ed-6fd1f863c4a0,letter,6,True,81,106,To the attorneys in the house of Šū-Ištar no one should disappoint anyone.
5c82c790-daf8-fcb8-84ed-6fd1f863c4a0,letter,7,True,106,119,"If you need barley, take heed to purchase so that you can purchase 3 shekels of silver and šitrum."
5c48fb69-38b1-6922-f895-24d63de91e53,letter,0,True,0,6,To Pūšu-kēn from Lamassī:
5c48fb69-38b1-6922-f895-24d63de91e53,letter,1,True,6,10,Kulumaya brings you 10 textiles.
5c48fb69-38b1-6922-f895-24d63de91e53,letter,2,True,10,14,Idī-Suen brings you 10 textiles.
5c48fb69-38b1-6922-f895-24d63de91e53,letter,3,True,14,20,Dān-Aššur brought 2 supplementary supplements of silver.
5c48fb69-38b1-6922-f895-24d63de91e53,letter,4,True,20,30,Ea-šar brought the supplement of the silver and the itgurum of the silver.
5c48fb69-38b1-6922-f895-24d63de91e53,letter,5,True,30,36,Idī-Suen brought 1 itguratim of the silver.
5c48fb69-38b1-6922-f895-24d63de91e53,letter,6,True,36,42,Aḫu-waqar brought 1 itgurum belonging to the silver.
5c48fb69-38b1-6922-f895-24d63de91e53,letter,7,True,42,48,Ikuppiya brought 1 supplement of silver.
5c48fb69-38b1-6922-f895-24d63de91e53,letter,8,True,48,54,He brought 1 supplement of silver from the son of Ibbisua.
5c48fb69-38b1-6922-f895-24d63de91e53,letter,9,True,54,59,"They brought samalātum, itgurātum and disposal."
5c48fb69-38b1-6922-f895-24d63de91e53,letter,10,True,59,71,"If you are my lord, if I do not send you the textiles which you wrote, do not disappoint me."
5c48fb69-38b1-6922-f895-24d63de91e53,letter,11,True,71,82,"When the merchants arrive, he will purchase one or two heavy textiles for the chariots."
5c48fb69-38b1-6922-f895-24d63de91e53,letter,12,True,82,90,"Also, I will do something for the house and the children."
5c48fb69-38b1-6922-f895-24d63de91e53,letter,13,True,90,95,"I did not reach it, but he did not send the textiles to you."
5c48fb69-38b1-6922-f895-24d63de91e53,letter,14,True,95,99,The textiles will accrue as much as my account can accrue.
5c48fb69-38b1-6922-f895-24d63de91e53,letter,15,True,99,102,I will send it to you with the next travelers.
5c48fb69-38b1-6922-f895-24d63de91e53,letter,16,True,102,114,Ikuppiya set the wall of the house of Abum-ilī on the single wall of the house of Ataya.
5c48fb69-38b1-6922-f895-24d63de91e53,letter,17,True,114,124,"Also, I have left and he said, ""The partners are my partners, but they did not do anything to him."""
5c48fb69-38b1-6922-f895-24d63de91e53,letter,18,True,124,127,He has departed and he has left.
5c48fb69-38b1-6922-f895-24d63de91e53,letter,19,True,127,130,You spoke to him there.
5c48fb69-38b1-6922-f895-24d63de91e53,letter,20,True,130,143,"You said, ""Why is it that you set your wall in my house?"""
5c48fb69-38b1-6922-f895-24d63de91e53,letter,21,True,143,150,"Also, concerning the bapirum about which you wrote, the bapirum should say."
5c48fb69-38b1-6922-f895-24d63de91e53,letter,22,True,150,151,1 shekel (to?) Epiš.
5c48fb69-38b1-6922-f895-24d63de91e53,letter,23,True,151,152,It is complete.
5c48fb69-38b1-6922-f895-24d63de91e53,letter,24,True,152,156,"Also, the merchant was very disappointed."
5c48fb69-38b1-6922-f895-24d63de91e53,letter,25,True,156,158,Stand up and come here.
5c48fb69-38b1-6922-f895-24d63de91e53,letter,26,True,158,162,Set Aššur for Suen.
5c48fb69-38b1-6922-f895-24d63de91e53,letter,27,True,162,166,"Also, seize your god's transport."
dce8df93-a002-6cb0-2b78-44957c06b3c0,letter,0,True,0,5,To Aššur-idī from Aššur-nādā:
dce8df93-a002-6cb0-2b78-44957c06b3c0,letter,1,True,5,43,"My dear father and lord, as for the 1 mina of silver which Kurub-Ištar brought to you and all this which Ilī-ālum sent to you, and all this which Ilī-ālum sent to you and all this which Ilī-ālum sent to you, let me clear the merchandise at the first"
dce8df93-a002-6cb0-2b78-44957c06b3c0,letter,2,True,43,57,"If the merchandise does not leave and he does not receive it here, who will take the silver from my guarantors for his management?"
dce8df93-a002-6cb0-2b78-44957c06b3c0,letter,3,True,57,63,"They said, ""You are going to your father."""
dce8df93-a002-6cb0-2b78-44957c06b3c0,letter,4,True,63,66,"My dear father, what is his name?"
dce8df93-a002-6cb0-2b78-44957c06b3c0,letter,6,True,93,119,"If you do not send it, clear the merchandise belonging to my trust and the strange which Aššur-taklāku sent to you, clear the merchandise belonging to my trust and the strange which Aššur-taklāku sent to you so that I may receive it here so that I ma"
e9011e48-1b10-5be3-6d7b-88ba0b231623,letter,0,True,0,6,From Kurub-Ištar to Aššur-nādā:
e9011e48-1b10-5be3-6d7b-88ba0b231623,letter,1,True,6,13,"Aššur-bāni brought 5 minas silver, its excise added."
e9011e48-1b10-5be3-6d7b-88ba0b231623,letter,2,True,13,27,"At a rate of 30 minas tin I buy for you, thereof I gave 2 minas hand tin to Pilaḫ-Ištar."
e9011e48-1b10-5be3-6d7b-88ba0b231623,letter,3,True,27,32,Pilaḫ-Ištar brings you 10 minas tin under my seal.
a658fd2f-0163-7778-999c-bfab8ef4343d,letter,0,True,0,5,To Pūšu-kēn from Sueyya:
a658fd2f-0163-7778-999c-bfab8ef4343d,letter,1,True,5,7,Deposit the sealed tablet.
a658fd2f-0163-7778-999c-bfab8ef4343d,letter,2,True,7,8,Inform me.
a658fd2f-0163-7778-999c-bfab8ef4343d,letter,3,True,8,12,Send the silver to my investors.
a658fd2f-0163-7778-999c-bfab8ef4343d,letter,4,True,12,24,"And you did not say, ""Let him send 1 shekel of silver to my son."""
a658fd2f-0163-7778-999c-bfab8ef4343d,letter,5,True,24,30,"If I am going to Aḫurati, let your message come so that I can come."
37f138f9-3782-813c-1d76-58ce6044c1c5,debt note,0,True,1,13,"Zupa, Šatea and Šilli-Ištar owe the merchant 1/3 mina 6 shekels silver."
37f138f9-3782-813c-1d76-58ce6044c1c5,debt note,1,True,13,25,For this silver I will pay to the merchant in Annini's house and he will pay the days of the merchant.
37f138f9-3782-813c-1d76-58ce6044c1c5,debt note,2,True,25,35,He will pay 3 months from the ḫamuštum of Ḫuraṣānum and Aššur-mālik.
37f138f9-3782-813c-1d76-58ce6044c1c5,debt note,3,True,35,38,Month: Ab šarrānē.
37f138f9-3782-813c-1d76-58ce6044c1c5,debt note,4,True,38,40,Year: Aššur-idī
37f138f9-3782-813c-1d76-58ce6044c1c5,debt note,5,True,40,44,"Witnesses: Pilaḫ-Aššur, Sueyya."
24acccc4-2424-e1a9-575d-8cf3467cc871,unknown,0,True,59,67,"Witnesses: Rab-galiya, Taliya, Azu, Peruwa."
c16149da-1d00-f8a7-2988-339067d35571,letter,0,True,1,12,"You took 1 mina of refined silver, 15 shekels interest, the excise tax belonging to Abuna."
c16149da-1d00-f8a7-2988-339067d35571,letter,1,True,12,153,The silver and its interest is deposited on your behalf with Abuna.
3b924c5a-1e08-2b72-c790-8a9b1fb5a834,letter,0,True,0,5,From Pūšu-kēn to Lamassī:
3b924c5a-1e08-2b72-c790-8a9b1fb5a834,letter,1,True,5,10,The remainder of your previous textiles is exhausted.
3b924c5a-1e08-2b72-c790-8a9b1fb5a834,letter,2,True,10,26,"The textiles which you gave to Puzur-Aššur, 1 excise tax, 2 excise tax, the remainder I took 17 textiles."
3b924c5a-1e08-2b72-c790-8a9b1fb5a834,letter,3,True,26,30,Aḫu-waqar brought 1 textile.
3b924c5a-1e08-2b72-c790-8a9b1fb5a834,letter,4,True,30,34,Ea-šar brought 1 textile.
3b924c5a-1e08-2b72-c790-8a9b1fb5a834,letter,5,True,34,37,Idī-Suen brought 1 textile.
3b924c5a-1e08-2b72-c790-8a9b1fb5a834,letter,6,True,37,49,"Thereof, I deposited 3 textiles to Puzur-Aššur and I gave 20 textiles to him and I gave it to his account."
3b924c5a-1e08-2b72-c790-8a9b1fb5a834,letter,7,True,49,55,The remainder of your textiles is 11 textiles.
3b924c5a-1e08-2b72-c790-8a9b1fb5a834,letter,8,True,55,66,"Thereof, Kulumaya brings you 1/2 minas silver, its excise added, its shipping charges paid, under my seal."
3b924c5a-1e08-2b72-c790-8a9b1fb5a834,letter,9,True,66,91,"You wrote to me, saying: ""From the textiles which I sent to you, 2 textiles which Kulumaya brings to you, and the silver which Kulumaya brings to you, give me 1 mina of silver and 1/2 mina of silver for the textiles."""
3b924c5a-1e08-2b72-c790-8a9b1fb5a834,letter,10,True,91,119,They will bring 1 heavy textile from Purušḫattum and Idī-Suen will send you the silver from the remainder of your textiles.
3b924c5a-1e08-2b72-c790-8a9b1fb5a834,letter,11,True,119,123,To Lamassī:
3b924c5a-1e08-2b72-c790-8a9b1fb5a834,letter,12,True,123,128,Give 10 fine textiles to the youths.
3b924c5a-1e08-2b72-c790-8a9b1fb5a834,letter,13,True,128,129,Let them bring it.
3b924c5a-1e08-2b72-c790-8a9b1fb5a834,letter,14,True,129,130,Let them arrive.
3b924c5a-1e08-2b72-c790-8a9b1fb5a834,letter,15,True,130,141,"Why is it that you have disappointed me the very day you said, ""When they said, I will return to your house."""
3b924c5a-1e08-2b72-c790-8a9b1fb5a834,letter,16,True,141,144,Ennaya arrived and I departed.
bd211716-1619-0ad2-179c-d5c8092f4edd,unknown,0,True,1,12,"Pūšu-kēn took 1 mina 10 shekels tin, the excise tax on 8 talents tin."
bd211716-1619-0ad2-179c-d5c8092f4edd,unknown,1,True,12,24,"Pūšu-kēn took 1 mina 8 shekels silver, the price of the donkey."
47d39864-3f95-41bb-9a50-1080224f6e6c,letter,0,True,0,11,"From Aššur-imittī, Erraili and Aššur-bāni to Pūšu-kēn and thus says Pūšu-kēn:"
47d39864-3f95-41bb-9a50-1080224f6e6c,letter,2,True,18,35,"Thereof, 2 talents 10 minas of tin or 20 minas of hand tin is paid at a rate of 1 mina per mina."
47d39864-3f95-41bb-9a50-1080224f6e6c,letter,4,True,37,47,They paid 2 šurūtum textiles at a rate of 20 shekels and 1/3 shekel silver.
47d39864-3f95-41bb-9a50-1080224f6e6c,letter,5,True,47,55,The donkeys brought 2/3 mina 2/3 shekels silver.
47d39864-3f95-41bb-9a50-1080224f6e6c,letter,6,True,55,58,Their gear was 5 shekels.
47d39864-3f95-41bb-9a50-1080224f6e6c,letter,7,True,58,61,Their feed was 5 shekels.
47d39864-3f95-41bb-9a50-1080224f6e6c,letter,8,True,61,66,10 shekels textiles from the saitum textiles.
47d39864-3f95-41bb-9a50-1080224f6e6c,letter,9,True,66,68,The exit tax was 5 shekels.
47d39864-3f95-41bb-9a50-1080224f6e6c,letter,10,True,68,77,"In total, Šumī-abiya brings you 15 minas 3 1/3 shekels of silver."
47d39864-3f95-41bb-9a50-1080224f6e6c,letter,11,True,77,83,The remainder of your silver will go to you in the transport of Mannum-bālum-Aššur.
fe5ff12d-8e8e-44db-93e8-a32d3ed0582a,letter,0,True,0,5,From Šū-Ḫubur to Pūšu-kēn:
fe5ff12d-8e8e-44db-93e8-a32d3ed0582a,letter,1,True,5,19,"Concerning Ikūnum about which you wrote, here I will take his thirds in the land of the attorney and I will write to you as soon as possible."
fe5ff12d-8e8e-44db-93e8-a32d3ed0582a,letter,2,True,19,28,"As for the silver which you sent, because the tin is sold, we did not purchase the tin."
fe5ff12d-8e8e-44db-93e8-a32d3ed0582a,letter,3,True,28,35,We borrowed textiles from our silver and I will send them to you with the next travelers.
fe5ff12d-8e8e-44db-93e8-a32d3ed0582a,letter,4,True,35,43,"As for the 10 minas of tin which arrived to you, I have settled in your tin."
fe5ff12d-8e8e-44db-93e8-a32d3ed0582a,letter,5,True,43,47,He does not owe any later tin.
fe5ff12d-8e8e-44db-93e8-a32d3ed0582a,letter,6,True,47,57,"Concerning the matter of the son of Qayyātum, why did you not write me anything?"
fe5ff12d-8e8e-44db-93e8-a32d3ed0582a,letter,7,True,57,72,"As for the man, I hear that his brother owes 30 minas silver to Aššur-šamšī his brother and his sealed tablet is available there."
fe5ff12d-8e8e-44db-93e8-a32d3ed0582a,letter,8,True,72,76,Send me word and send your complete message.
ca51c8a7-0b65-9162-113c-d2ba8d548760,unknown,0,True,1,9,He will pay 7 ḫamuštum weeks from Nūr-Kili.
ca51c8a7-0b65-9162-113c-d2ba8d548760,unknown,1,True,9,17,"Witnesses: Aššur-ṭāb s. Kiki, Dadaya s. Aššur-imittī."
8ea02783-ecbc-467b-9130-2073e047d3ef,letter,0,True,0,6,To Aššur-nādā from Aššur-taklāk:
8ea02783-ecbc-467b-9130-2073e047d3ef,letter,1,True,6,15,"I took 1 talent textiles, 3 minas of skin for your guarantors."
8ea02783-ecbc-467b-9130-2073e047d3ef,letter,2,True,15,22,1 mina 10 shekels silver he deducted from your investments at a rate of 31 1/2 shekels.
8ea02783-ecbc-467b-9130-2073e047d3ef,letter,3,True,22,44,"At a rate of 40 minas per mina of silver from the caravan of Pūšu-kēn, I reached 12 talents 50 minas of textiles and I received 12 talents 50 minas of textiles."
57514857-ee34-4480-88ce-f3b0db9047cb,letter,0,True,0,7,To Iddin-abum and Puzur-Aššur from Šū-Ištar:
57514857-ee34-4480-88ce-f3b0db9047cb,letter,1,True,7,13,"My dear lords, why should I write to you a lot of matters?"
57514857-ee34-4480-88ce-f3b0db9047cb,letter,2,True,13,24,"As for me, I am not angry, your eye is not angry, why is it that he brings you silver?"
57514857-ee34-4480-88ce-f3b0db9047cb,letter,3,True,24,35,Let your message come so that every mina of silver is 5 shekels for interest.
57514857-ee34-4480-88ce-f3b0db9047cb,letter,4,True,35,50,Let him buy both the husarum and the textiles of Akkadian textiles and the fine kutānum textiles which Enni consumes and let him write to them with me.
57514857-ee34-4480-88ce-f3b0db9047cb,letter,5,True,50,131,Let him bring it to you and send the silver and its interest to him there and send the silver and its interest to him and I will pay the silver and its interest to him.
b91982a7-ab8b-4e95-8496-38a678a64d64,legal writing(s),0,True,1,46,"1 talent 50 minas of šikku-copper under his seal, the house of Pūšu-kēn, 3 packages, 40 minas of silver under his seal, 5 talents of massive copper under his seal, 5 talents of massive copper under his seal,"
b91982a7-ab8b-4e95-8496-38a678a64d64,legal writing(s),1,True,46,55,"Thereof, the donkey belonging to Kulumaya and Urani is his clearing."
b91982a7-ab8b-4e95-8496-38a678a64d64,legal writing(s),3,True,60,66,"Five caravans, 13 sacks of wrappings."
b91982a7-ab8b-4e95-8496-38a678a64d64,legal writing(s),4,True,66,71,"Thereof, 3 of his wife and 3 of his sons were released."
b91982a7-ab8b-4e95-8496-38a678a64d64,legal writing(s),5,True,71,78,I entrusted all this to Kulumaya and Sueyya.
b91982a7-ab8b-4e95-8496-38a678a64d64,legal writing(s),6,True,78,90,"Witnesses: Šumma-libbi-Aššur s. Kuzkuzum, Ilī-nādā s. Aššur-nādā, Šalim-Aššur s. Itūr-ilī."
0b041db1-f392-49d1-ae4d-3858ec1622b8,letter,0,True,0,63,To Innāya from Ikuppiya:
0b041db1-f392-49d1-ae4d-3858ec1622b8,letter,1,True,63,89,"Concerning whom am I staying here, if you wish, let your message come on the day you hear my tablet and I will come."
29eb2a1b-586a-4dcb-842c-3db017f3e525,debt note,0,True,1,25,Uṣur-ša-Aššur owes Buzāzu 1 mina refined silver.
29eb2a1b-586a-4dcb-842c-3db017f3e525,debt note,1,True,25,29,From the ḫamuštum of Idī-Kūbim.
29eb2a1b-586a-4dcb-842c-3db017f3e525,debt note,2,True,29,31,Month: Qarrātim.
29eb2a1b-586a-4dcb-842c-3db017f3e525,debt note,3,True,31,33,Year: Ikuppī-Ištar
29eb2a1b-586a-4dcb-842c-3db017f3e525,debt note,4,True,33,39,"Witnesses: Ikuppiya, Adad-ṭāb, Aššur-nimrī."
127c139f-180a-484b-b8ab-274be5ad342e,letter,0,True,0,9,"To Abu-šalim, Šū-Anum, Šalim-Aššur and Enišru from Pūšu-kēn:"
127c139f-180a-484b-b8ab-274be5ad342e,letter,1,True,9,21,I hear that Abu-šalim brings 3 shekels of silver under seal to Enišru.
127c139f-180a-484b-b8ab-274be5ad342e,letter,2,True,21,25,My dear brothers and lords are your youths.
127c139f-180a-484b-b8ab-274be5ad342e,letter,3,True,25,33,Give one to Enišru and you yourself will need it for one day.
127c139f-180a-484b-b8ab-274be5ad342e,letter,4,True,33,47,Let us leave and we will clear ourselves in your presence so that we can clear your matter in accordance with your words.
127c139f-180a-484b-b8ab-274be5ad342e,letter,5,True,47,49,"Please, take care!"
127c139f-180a-484b-b8ab-274be5ad342e,letter,6,True,49,55,"My dear brothers, take care to cause Enišru to restore the house."
127c139f-180a-484b-b8ab-274be5ad342e,letter,7,True,55,58,Why is it that he wrote?
127c139f-180a-484b-b8ab-274be5ad342e,letter,8,True,58,69,"He said, ""Until my instructions arrive, I will not leave."""
127c139f-180a-484b-b8ab-274be5ad342e,letter,9,True,69,72,To Šalim-Aššur:
127c139f-180a-484b-b8ab-274be5ad342e,letter,10,True,72,81,"From the 1/3 mina 21 shekels silver belonging to Puzur-Aššur,"
e0255830-ef60-4bf4-8c9b-cfbcc6312cab,agreement (contract) | legal writing(s),0,True,0,6,Pūšu-kēn and Lamassī were settled by the City.
e0255830-ef60-4bf4-8c9b-cfbcc6312cab,agreement (contract) | legal writing(s),2,True,13,24,"To Pūšu-kēn, his son, his daughters, and his transporter, Lamassī and his transporter will not return."
e0255830-ef60-4bf4-8c9b-cfbcc6312cab,agreement (contract) | legal writing(s),3,True,24,42,They settled the case of Aššur and the case of the representatives and the representatives of the representatives so that no one will raise claim against anyone.
e0255830-ef60-4bf4-8c9b-cfbcc6312cab,agreement (contract) | legal writing(s),4,True,42,58,"Witnesses: -bī, Aluwa, Nuḫanu,"
b7a9f9d1-7a5c-4d64-59b2-ac4595cf2fea,letter,0,True,0,6,From Aššur-idī to Aššur-nādā:
b7a9f9d1-7a5c-4d64-59b2-ac4595cf2fea,letter,1,True,6,149,"1 talent 10 minas tin under my seal, 24 šurum-textiles, 5 kutānum-textiles, 3 takuštum-textiles, 10 minas tin, 2 šilipkī-textiles belonging to Aššur-nādā, 12 šurum-textiles, 2 takuštum-textiles, 5 takuštum-textiles belonging to Aššur-nādā,"
b7a9f9d1-7a5c-4d64-59b2-ac4595cf2fea,letter,2,True,149,153,"Witnesses: Azuwa, Ilī-dālum."
6a998979-c372-e298-04a2-31038984461a,letter,0,True,0,11,To Pūšu-kēn and Aššur-nīšu from Ikuppiya:
6a998979-c372-e298-04a2-31038984461a,letter,1,True,11,25,"10 donkeys, 15 talents of fine copper, half massive, half Ḫaburataya, and my servants are in the tithe."
6a998979-c372-e298-04a2-31038984461a,letter,2,True,25,29,"Also, they brought my copper."
6a998979-c372-e298-04a2-31038984461a,letter,3,True,29,33,"Also, I did not release the donkeys."
6a998979-c372-e298-04a2-31038984461a,letter,4,True,33,42,"As for my copper and the damage of my servant, I am living in Tuhpiya."
6a998979-c372-e298-04a2-31038984461a,letter,5,True,42,46,I hear that I am going to the City.
6a998979-c372-e298-04a2-31038984461a,letter,6,True,46,54,The merchant will pay 10 minas copper until the last month.
6a998979-c372-e298-04a2-31038984461a,letter,7,True,54,57,It is not silver.
6a998979-c372-e298-04a2-31038984461a,letter,8,True,57,61,2 shekels have fallen into my account.
6a998979-c372-e298-04a2-31038984461a,letter,9,True,61,64,It is not copper.
6a998979-c372-e298-04a2-31038984461a,letter,10,True,64,70,1/2 minas has fallen into my account and I have bought donkeys.
6a998979-c372-e298-04a2-31038984461a,letter,11,True,70,78,"My dear father and lord, for whom do you pay?"
6a998979-c372-e298-04a2-31038984461a,letter,12,True,78,102,Give 4 or 5 donkeys as soon as possible as you are selling and send the donkeys to Purušḫattum and enter Purušḫattum and let Ennam-Aššur pay 1 shekel of silver.
6a998979-c372-e298-04a2-31038984461a,letter,13,True,102,111,"Now, if you do not have a donkey, take it from a brother."
6a998979-c372-e298-04a2-31038984461a,letter,14,True,111,114,To Kulumaya:
6a998979-c372-e298-04a2-31038984461a,letter,15,True,114,116,Your message is interesting.
753bc087-34f0-7971-c1b9-2a038fabe14c,letter,0,True,0,5,From Šū-Ḫubur to Pūšu-kēn:
753bc087-34f0-7971-c1b9-2a038fabe14c,letter,1,True,5,18,"Regarding the matter of Puzur-Anna son of Qayyātum, here there is no place to take a single shekel of silver."
753bc087-34f0-7971-c1b9-2a038fabe14c,letter,2,True,18,31,"There, if you can, settle the man and pay the silver and give him your witnesses for the guarantor."
753bc087-34f0-7971-c1b9-2a038fabe14c,letter,3,True,31,40,"If he does not have a sealed tablet with his seal here, he will clear it."
753bc087-34f0-7971-c1b9-2a038fabe14c,letter,4,True,40,46,Ennum-Aššur s. Šalim-aḫum will go to the caravan.
753bc087-34f0-7971-c1b9-2a038fabe14c,letter,5,True,46,51,Here he will receive a tablet from the house.
753bc087-34f0-7971-c1b9-2a038fabe14c,letter,6,True,51,55,"There, I shall personally treat him as much as I can."
753bc087-34f0-7971-c1b9-2a038fabe14c,letter,7,True,55,58,Do not disappoint him.
753bc087-34f0-7971-c1b9-2a038fabe14c,letter,8,True,58,61,The father is not your father.
753bc087-34f0-7971-c1b9-2a038fabe14c,letter,9,True,61,65,Dispatch him quickly and let him clear the goods.
753bc087-34f0-7971-c1b9-2a038fabe14c,letter,10,True,65,73,"If you are my brother, treat him and send him to me."
bfd3ef8a-69fd-2d25-b92f-ad646713310d,letter,0,True,0,7,From Aššur-mālik and Šalim-Aššur to Pūšu-kēn:
bfd3ef8a-69fd-2d25-b92f-ad646713310d,letter,1,True,7,20,"Concerning the price of the Akkadians about which you wrote, after you left, Akkadians did not enter the City."
bfd3ef8a-69fd-2d25-b92f-ad646713310d,letter,2,True,20,31,"Their land is deficient and if they have fallen to Kuzī, then we will bring you the proceeds from your balance."
bfd3ef8a-69fd-2d25-b92f-ad646713310d,letter,3,True,31,36,"Also, we will pay the silver from our own funds."
bfd3ef8a-69fd-2d25-b92f-ad646713310d,letter,4,True,36,39,Take care to send the silver.
bfd3ef8a-69fd-2d25-b92f-ad646713310d,letter,5,True,39,41,From Aššur-mālik:
bfd3ef8a-69fd-2d25-b92f-ad646713310d,letter,6,True,41,53,"My dear brother, because you are disappointed and you deposited every mina of silver from my account, Ennam-Aššur wrote."
bfd3ef8a-69fd-2d25-b92f-ad646713310d,letter,7,True,53,65,"Also, take care to send the 10 minas silver belonging to Puzur-Ištar son of Aššur-mālik as soon as possible."
bfd3ef8a-69fd-2d25-b92f-ad646713310d,letter,8,True,65,69,I heard your tablet and I am happy.
bfd3ef8a-69fd-2d25-b92f-ad646713310d,letter,9,True,69,71,From Šalim-Aššur:
bfd3ef8a-69fd-2d25-b92f-ad646713310d,letter,10,True,71,75,I sent the youth with Enna-Suen.
bfd3ef8a-69fd-2d25-b92f-ad646713310d,letter,11,True,75,83,"Also, Enna-Suen is bound to the 10 kutānum-textiles which I gave to him."
bfd3ef8a-69fd-2d25-b92f-ad646713310d,letter,12,True,83,89,"My dear brother, if you look at the youth, he will disappoint him."
bfd3ef8a-69fd-2d25-b92f-ad646713310d,letter,13,True,89,92,Let the servant come with you.
bfd3ef8a-69fd-2d25-b92f-ad646713310d,letter,14,True,92,98,Enna-Suen is bound to Kutānum-textiles.
049e7360-c5c6-4eb4-b79b-62c6ba25902c,letter,0,True,0,7,From Aššur-nādā to Aššur-taklāku and Šišahšušar:
049e7360-c5c6-4eb4-b79b-62c6ba25902c,letter,1,True,7,25,Why is it that Ela gave me 20 shekels of wheat and 15 shekels of barley from Kutubiš?
049e7360-c5c6-4eb4-b79b-62c6ba25902c,letter,2,True,25,39,"Wherever we have 40 minas, Ilī-šar and Ḫulupa brought 2 1/2 minas tin which Ilī-šar and Ḫulupa brought to Šanaya."
049e7360-c5c6-4eb4-b79b-62c6ba25902c,letter,3,True,39,57,"Please, purchase the silver from Ḫaluli, Azu and Tutuli and Kaupa and set out 10 shekels of malt and 10 shekels of bapiram and make it."
049e7360-c5c6-4eb4-b79b-62c6ba25902c,letter,4,True,57,61,"If you have heard about the deficiencies, take care."
049e7360-c5c6-4eb4-b79b-62c6ba25902c,letter,5,True,61,67,"If Aba-aba is not available, let your message come."
049e7360-c5c6-4eb4-b79b-62c6ba25902c,letter,6,True,67,69,Send the gold.
b6feb106-2303-a2df-7eb9-b4e28f5da735,letter,0,True,0,9,"From Pūšu-kēn, Aššur-dān and Ennum-Aššur to Ištar-pilaḫ:"
b6feb106-2303-a2df-7eb9-b4e28f5da735,letter,1,True,9,31,"1/3 mina of silver which Abatum brought to Pūšu-kēn, Pūšu-kēn gave us and we paid out 1/3 mina 6 5/6 shekels of silver to Iddin-abum."
b6feb106-2303-a2df-7eb9-b4e28f5da735,letter,2,True,31,37,We paid 10 shekels silver for the donkey.
b6feb106-2303-a2df-7eb9-b4e28f5da735,letter,3,True,37,43,I gave 5 shekels of straw to Ennum-Aššur.
b6feb106-2303-a2df-7eb9-b4e28f5da735,letter,4,True,43,45,Let me have your life there.
b6feb106-2303-a2df-7eb9-b4e28f5da735,letter,5,True,45,54,The remainder of the silver is 48 1/3 shekels owed by Pūšu-kēn.
b6feb106-2303-a2df-7eb9-b4e28f5da735,letter,6,True,54,60,Iddin-abum did not give the tin to Ennum-Aššur.
b6feb106-2303-a2df-7eb9-b4e28f5da735,letter,7,True,60,65,We will take the tin and send it to you with the next travelers.
aabe6681-8a4a-ca58-2a5a-c9fc683217d2,letter,0,True,0,5,To Pūšu-kēn from Ikuppiya:
aabe6681-8a4a-ca58-2a5a-c9fc683217d2,letter,1,True,5,12,"On the day that I wrote your tablet, Šū-Nunu left."
aabe6681-8a4a-ca58-2a5a-c9fc683217d2,letter,2,True,12,16,Let your message come back and seize it to you.
aabe6681-8a4a-ca58-2a5a-c9fc683217d2,letter,3,True,16,25,I gave 1 mina of refined copper and 10 interests to my account.
dd8e9f4b-b378-f996-c76c-542b8cb0f6b7,letter,0,True,0,9,To Aššur-mutabbil and Ṭāb-Aššur from Aššur-idī:
dd8e9f4b-b378-f996-c76c-542b8cb0f6b7,letter,1,True,9,20,"The tablet of the 17 minas of silver which has been left in your house, is in our case."
dd8e9f4b-b378-f996-c76c-542b8cb0f6b7,letter,2,True,20,37,The tablet is delayed and Pūšu-kēn son of Buzāzu deposited the tablet of 10 minas silver to me my dear father.
dd8e9f4b-b378-f996-c76c-542b8cb0f6b7,letter,3,True,37,65,"There I stood in the presence of Šamaš-Aššur my brother and the tablet said, ""Let me send the tablet of 10 minas silver concerning the case of Pūšu-kēn son of Šerawašašum, as follows: ""Let me send the tablet of the 10 minas silver concerning the"
64e0776b-ee95-a1fd-527d-c67907fd7e36,debt note,0,True,20,56,Amur-Aššur s. Papalanim owes Šū-Ḫubur 2 minas refined silver.
cc4f7bf0-6666-27c7-5a3a-c0918b1c8c51,debt note,0,True,18,30,He will pay 10 ḫamuštum weeks from the ḫamuštum of Aššur-mālik.
cc4f7bf0-6666-27c7-5a3a-c0918b1c8c51,debt note,1,True,30,31,"If he does not pay (on time), he will add 1/2 shekels per mina per month as interest."
3741a71d-2fcb-4bd3-be80-09c7d7cd3ebf,unknown,0,True,4,8,Puzur-Aššur owes Aššur-idī 2 minas refined silver.
3741a71d-2fcb-4bd3-be80-09c7d7cd3ebf,unknown,1,True,8,35,He will pay 13 weeks from the ḫamuštum of Idna.
b46698b8-d062-4504-9574-19412ea971a6,debt note,0,True,0,13,"Seals: Irma-Aššur s. Nide-bāni, Ikuppī-Aššur s. Puzur-Ištar, Buzānum s. Puzur-Suen."
b46698b8-d062-4504-9574-19412ea971a6,debt note,1,True,13,24,Buzānum s. Puzur-Suen owes Adad-ṣulūlī 1 mina 15 shekels refined silver.
b46698b8-d062-4504-9574-19412ea971a6,debt note,2,True,24,40,"He will pay 25 weeks from the ḫamuštum of Innāya and Aššur-mālik, month Kuzalli, eponymate Aššur-idī s. Šuli."
b46698b8-d062-4504-9574-19412ea971a6,debt note,3,True,40,51,"If he does not pay (on time), he will add 1/2 shekels per mina per month."
6694cd19-356f-4fdc-81a5-e6e1cbed0486,unknown,0,True,8,16,Ilī-ānum owes 2 minas refined silver to Ilī-ānum.
6694cd19-356f-4fdc-81a5-e6e1cbed0486,unknown,1,True,16,23,He will pay 10 ḫamuštum weeks from the ḫamuštum of Aššur-mālik.
6694cd19-356f-4fdc-81a5-e6e1cbed0486,unknown,2,True,23,32,"If he does not pay (on time), he will add 1/2 shekels per mina per month as interest."
1ba2ebae-5106-4ba3-941b-ab9b05e44c1b,unknown,0,True,22,35,"If he does not pay (on time), he will add 1/2 shekels per mina per month as interest."
e8d1bea7-71a7-c708-d66e-904a7887c790,debt note,0,True,1,8,Kunāya owes Puzur-Suen 1 mina refined silver.
e8d1bea7-71a7-c708-d66e-904a7887c790,debt note,1,True,8,18,He will pay 40 weeks from the ḫamuštum of Ennānum and Šalim-Aššur.
e8d1bea7-71a7-c708-d66e-904a7887c790,debt note,2,True,18,29,"If he does not pay (on time), he will add 1/2 shekels per mina per month."
e8d1bea7-71a7-c708-d66e-904a7887c790,debt note,3,True,29,36,"The beginning of the month Kuzalli, eponymate Ibni-Adad s. Baqqunum."
e8d1bea7-71a7-c708-d66e-904a7887c790,debt note,4,True,36,44,"Witnesses: Puzur-sadue, Uṣur-ša-Aššur s. Agua, Aššuriš-takil."
29fd9a1d-02ad-1ba5-a82c-645dc5094285,debt note,0,True,89,93,"Witnesses: Dadānum, Šalim-Aššur."
72249235-520d-51f9-9675-e83c4807fe41,testimony,0,True,0,4,Kuzīya seized us against Dān-Aššur.
72249235-520d-51f9-9675-e83c4807fe41,testimony,1,True,4,51,"From Kuzīya to Dān-Aššur: My dear brother, give me the 3 minas of silver which you deposited to the son of Erraya and come to the City and when the son of Erraya comes to the City and when the son of Erraya"
72249235-520d-51f9-9675-e83c4807fe41,testimony,2,True,51,69,We deposited Dān-Aššur and we deducted 1 mina silver for the 3 minas silver and Kuzīya will go to the son of Erraya and Kudādum.
72249235-520d-51f9-9675-e83c4807fe41,testimony,3,True,69,79,"Dān-Aššur answered: ""Let me leave every mina of silver and I will take it here."""
72249235-520d-51f9-9675-e83c4807fe41,testimony,4,True,79,89,"Kuzīya answered: ""Take the silver of Ṭāb-ṣilli-Aššur son of Puzur-Niraḫ."""
72249235-520d-51f9-9675-e83c4807fe41,testimony,5,True,89,102,The wabartum of Upe gave us for these proceedings and we gave our testimony before Aššur's dagger.
72249235-520d-51f9-9675-e83c4807fe41,testimony,6,True,102,112,"Witnesses: Pilaḫ-Aššur s. Aššur-Šamši, Aššur-nādā s. Šū-Illil."
e038e30e-bd92-4f78-a78c-a60455ee7b43,debt note,0,True,10,13,Ilabrat-bāni s. Uṣur-ša-Aššur owes 1/2 minas refined silver.
e038e30e-bd92-4f78-a78c-a60455ee7b43,debt note,1,True,13,26,They will pay the silver in two months.
e038e30e-bd92-4f78-a78c-a60455ee7b43,debt note,2,True,26,27,"If they do not pay (on time), they will add 1/2 shekels per mina per month as interest."
e038e30e-bd92-4f78-a78c-a60455ee7b43,debt note,3,True,27,29,Month: Ḫubur.
e038e30e-bd92-4f78-a78c-a60455ee7b43,debt note,4,True,29,33,Eponymate: Ikuppiya s. Šalim-Aššur.
0ac20387-f297-4143-99d1-0de0df671951,unknown,0,True,0,6,"Seals: Puzur-Aššur, Aššur-mālik."
0ac20387-f297-4143-99d1-0de0df671951,unknown,1,True,6,15,Šū-Aššur s. Al-aḫum owes Aššur-rēʾī 1/3 mina silver.
0ac20387-f297-4143-99d1-0de0df671951,unknown,2,True,15,34,He will pay three weeks from the ḫamuštum of Aguza and Aššur-idī.
0ac20387-f297-4143-99d1-0de0df671951,unknown,3,True,34,47,"If he does not pay (on time), he will add 1/2 shekels per mina per month as interest."
1c05fdac-ec46-4056-a6ef-f4fe1ab68990,letter,0,True,8,17,To Pilaḫ-Ištar:
1c05fdac-ec46-4056-a6ef-f4fe1ab68990,letter,1,True,17,22,He came concerning Ilī-nādā s. Baziya.
1c05fdac-ec46-4056-a6ef-f4fe1ab68990,letter,2,True,22,46,Why is it that they have sealed the house there and they are afraid to seal the house and they are afraid to seal my goods?
1c05fdac-ec46-4056-a6ef-f4fe1ab68990,letter,3,True,46,52,My father has lived 10 years from the mutānum textiles.
1c05fdac-ec46-4056-a6ef-f4fe1ab68990,letter,4,True,52,56,Why did my father not seize me?
1c05fdac-ec46-4056-a6ef-f4fe1ab68990,letter,5,True,56,66,"But we did not give our deposits to my father, but Ilī-tīpī has returned him."
1c05fdac-ec46-4056-a6ef-f4fe1ab68990,letter,6,True,66,87,"Iliš-tīkal gathered the silver of my father, later Buzuwa the attorney arrived and gathered the silver of my father."
1c05fdac-ec46-4056-a6ef-f4fe1ab68990,letter,7,True,87,101,Why is it that he seized my father's silver and we did not give it to the plenary assembly or to Iliš-tīkal?
1c05fdac-ec46-4056-a6ef-f4fe1ab68990,letter,8,True,101,118,"I and my brothers have meet with him five times with him, either in Purušḫattum, or in Ulama, or in Wahšušana."
1c05fdac-ec46-4056-a6ef-f4fe1ab68990,letter,9,True,118,122,Why did he not give us our deposits?
1c05fdac-ec46-4056-a6ef-f4fe1ab68990,letter,10,True,122,127,But his message did not come.
1c05fdac-ec46-4056-a6ef-f4fe1ab68990,letter,11,True,127,136,But he did not write to his representatives and they did not write me.
1c05fdac-ec46-4056-a6ef-f4fe1ab68990,letter,12,True,136,160,"Also, Šū-Bēlum purchased a caravan with me and he sent my instructions about the silver 1 or 2 minas for him to Ulama and there are goods available in the house of his father."
1c05fdac-ec46-4056-a6ef-f4fe1ab68990,letter,13,True,160,165,Why is it that he does not seize my silver?
1c05fdac-ec46-4056-a6ef-f4fe1ab68990,letter,14,True,165,183,"My dear father and lord, do not give me anything because when my father died, anyone has come and they have deposited a lot of silver and my tablets."
1c05fdac-ec46-4056-a6ef-f4fe1ab68990,letter,15,True,183,195,"My dear father and lord, for 5 years my brothers have settled the observation and the observation is deposited for the case."
1c05fdac-ec46-4056-a6ef-f4fe1ab68990,letter,16,True,195,199,My brothers are staying in the house.
1c05fdac-ec46-4056-a6ef-f4fe1ab68990,letter,17,True,199,218,"Also, here I deposited 1 or 2 minas of silver on a day to the market and I am disappointed concerning this."
1c05fdac-ec46-4056-a6ef-f4fe1ab68990,letter,18,True,218,226,"If Ilī-nādā declares the votive account there, then he will do anything."
1c05fdac-ec46-4056-a6ef-f4fe1ab68990,letter,19,True,226,232,"My dear father and lord, I am the son of the dead."
1c05fdac-ec46-4056-a6ef-f4fe1ab68990,letter,20,True,232,243,We settled the colony and they sent it to the City.
1c05fdac-ec46-4056-a6ef-f4fe1ab68990,letter,21,True,243,279,"Let him come here so that we write the memorandum of our father, either a tablet or a memorandum of memorandum, and we wrote the memorandum of our father, and we wrote th"
1c05fdac-ec46-4056-a6ef-f4fe1ab68990,letter,22,True,279,286,I will not release the tablet of my father.
1c05fdac-ec46-4056-a6ef-f4fe1ab68990,letter,23,True,286,288,They are many and deficient.
2d44cd07-44d5-4738-a5d3-159dccc3eb92,unknown,0,True,13,28,From the ḫamuštum of Ennānum and Šalim-Aššur he has 1/2 shekels rate per mina per month.
2d44cd07-44d5-4738-a5d3-159dccc3eb92,unknown,1,True,28,37,"If he does not pay (on time), he will add 1/2 shekels per mina per month as interest."
440e60c5-df01-41d3-a621-f4061f10562a,unknown,0,True,0,17,"Seals: Aḫu-waqar s. Šū-Ištar, Aššur-taklāku s. Amria, Puzur-Abeh s. Ennum-Aššur, Šū-Anum s. Menānum."
440e60c5-df01-41d3-a621-f4061f10562a,unknown,1,True,17,28,Šū-Anum s. Menānum owes Šū-Ištar s. Aššur-bāni 2 minas refined silver.
440e60c5-df01-41d3-a621-f4061f10562a,unknown,2,True,28,37,He will pay six weeks from the ḫamuštum of Ennaḫ-ilī.
440e60c5-df01-41d3-a621-f4061f10562a,unknown,3,True,37,51,"If he does not pay at the fulfillment of his term, he will add 1/2 shekels per mina per month as interest."
440e60c5-df01-41d3-a621-f4061f10562a,unknown,4,True,51,53,Month: Kuzallī.
440e60c5-df01-41d3-a621-f4061f10562a,unknown,5,True,53,57,Eponymate: Šū-Suen s. Papilum.
4989e99e-2144-401c-abee-48ab716dfc6d,unknown,0,True,0,77,"Seals: Pilaḫ-Aššur s. Bizaza, Ḫinnaya s. Aššur-ṭāb."
5b351b70-31c3-442a-8788-e339ebb8c1dd,unknown,0,True,8,18,He owes Ištar-bāni 1/3 mina refined silver.
5b351b70-31c3-442a-8788-e339ebb8c1dd,unknown,1,True,18,30,He will pay 10 ḫamuštum weeks from the ḫamuštum of Aššur-mālik.
5b351b70-31c3-442a-8788-e339ebb8c1dd,unknown,2,True,30,32,"If he does not pay (on time), he will add 1/2 shekels per mina per month as interest."
5b351b70-31c3-442a-8788-e339ebb8c1dd,unknown,3,True,32,51,Aššur-ṭāb s. Ḫuraṣānum owes Ištar-bāni 1 mina 1/2 shekels refined silver.
5b351b70-31c3-442a-8788-e339ebb8c1dd,unknown,4,True,51,56,He will pay 10 ḫamuštum weeks from the ḫamuštum of Aššur-mālik.
5b351b70-31c3-442a-8788-e339ebb8c1dd,unknown,5,True,56,63,"If he does not pay (on time), he will add 1/2 shekels per mina as interest."
5b351b70-31c3-442a-8788-e339ebb8c1dd,unknown,6,True,63,82,Aššur-mālik s. Šū-Enlil owes Ištar-bāni 1 mina 7 shekels refined silver.
5b351b70-31c3-442a-8788-e339ebb8c1dd,unknown,7,True,82,92,He will pay 10 ḫamuštum weeks from the ḫamuštum of Aššur-mālik.
5b351b70-31c3-442a-8788-e339ebb8c1dd,unknown,8,True,92,101,"If he does not pay (on time), he will add 1/2 shekels per mina per month as interest."
5b351b70-31c3-442a-8788-e339ebb8c1dd,unknown,9,True,101,122,"He will pay one month from the month of Bēlet-ekallim, eponymate Enna-Suen."
5b351b70-31c3-442a-8788-e339ebb8c1dd,unknown,10,True,122,179,"If Aššur-ṭāb does not pay (on time), he will send Aššur-ṭāb to Wahšušana at his arrival."
6b405c46-50a6-4deb-ac9a-d66e8607f883,unknown,0,True,0,12,"Seals: Puzur-Aššur s. Suen-nādā, Šū-Ištar s. Ilili, Aššur-ṭāb s. Idā."
6b405c46-50a6-4deb-ac9a-d66e8607f883,unknown,1,True,12,22,Regarding the debt of Aššur-ṭāb of 2 1/2 minas refined silver.
6b405c46-50a6-4deb-ac9a-d66e8607f883,unknown,2,True,22,24,Aššur-rēʾī owes Aššur-rēʾī 1/3 mina refined silver.
6b405c46-50a6-4deb-ac9a-d66e8607f883,unknown,3,True,24,51,He will pay 15 weeks from the ḫamuštum of Aššur-rēʾī and Lā-qēpim.
6b405c46-50a6-4deb-ac9a-d66e8607f883,unknown,4,True,51,62,"If he does not pay (on time), he will add 1/2 shekels per mina per month as interest."
762de6f5-ed49-4735-b87a-6c2e77b2b243,unknown,0,True,17,21,"Witnesses: Aššur-dāni, Lālum."
9dcb5f02-fc2a-465d-a47b-7b6401dd85ae,unknown,0,True,8,13,Šū-Ištar owes 5 minas refined silver.
9dcb5f02-fc2a-465d-a47b-7b6401dd85ae,unknown,1,True,13,36,If he does not pay 1/2 shekels per mina per month will be added.
c7278cd1-cba2-4600-8911-e7934dbd543a,unknown,0,True,0,36,"Seals: Nāb-Suen, Amur-Aššur regarding the debt of Aššur-rābi."
de207a62-7ae9-4c27-a1d4-d5e0a246c8d7,unknown,0,True,4,8,Kikiya owes Aššur-rēʾī 2 minas refined silver.
de207a62-7ae9-4c27-a1d4-d5e0a246c8d7,unknown,1,True,8,29,He will pay three weeks from the ḫamuštum of Kura and Sukkalliya.
de207a62-7ae9-4c27-a1d4-d5e0a246c8d7,unknown,2,True,29,38,"If he does not pay (on time), he will add 1/2 shekels per mina per month as interest."
de207a62-7ae9-4c27-a1d4-d5e0a246c8d7,unknown,3,True,38,43,"Witnesses: Dadānum, Dudu his transporter."
ee9b412d-a5e5-455d-9ef6-875bb017400e,memo,0,True,1,10,Aššur-imittī s. Ikuppī-Ištar owes Enlil-bāni 1/3 mina refined silver.
ee9b412d-a5e5-455d-9ef6-875bb017400e,memo,1,True,10,24,He will add 1 shekel per mina per month as interest from the ḫamuštum of Ennanim s. Šū-Ḫubur.
ee9b412d-a5e5-455d-9ef6-875bb017400e,memo,2,True,24,26,Month: Kuzalli.
ee9b412d-a5e5-455d-9ef6-875bb017400e,memo,3,True,26,29,Eponymate: Agutum.
ee9b412d-a5e5-455d-9ef6-875bb017400e,memo,4,True,29,36,The colony office of Enlil-bāni owes Enlil-bāni 5 minas refined silver.
ee9b412d-a5e5-455d-9ef6-875bb017400e,memo,5,True,36,57,"He will pay 2/3 shekels 15 grains per mina per month from the ḫamuštum of Kurub-Ištar, month ša sarrātim, eponymate after Enna-Suen."
ee9b412d-a5e5-455d-9ef6-875bb017400e,memo,6,True,57,66,Aššur-mutabbil s. Pūšu-kēn owes Enlil-bāni 1/3 mina refined silver.
ee9b412d-a5e5-455d-9ef6-875bb017400e,memo,7,True,66,81,"He will add 1 shekel from the ḫamuštum of Ennam-Aššur s. Šalim-aḫum, month Kanwarta, eponymate Maṣi-ilī."
ee9b412d-a5e5-455d-9ef6-875bb017400e,memo,8,True,81,95,Zukuwa s. Aššur-idī owes Enlil-bāni 1 mina refined silver.
ee9b412d-a5e5-455d-9ef6-875bb017400e,memo,9,True,95,108,"He will add 1 shekel from the ḫamuštum of Puzur-Ištar, month Kanwarta, eponymate Agutum."
ee9b412d-a5e5-455d-9ef6-875bb017400e,memo,10,True,108,117,Al-aḫum s. Šalim-Aššur owes Enlil-bāni 1/3 mina refined silver.
ee9b412d-a5e5-455d-9ef6-875bb017400e,memo,11,True,117,130,"He will add 1 shekel from the ḫamuštum of Aḫu-waqar, month Qarrātim, eponymate Maṣi-ilī."
ee9b412d-a5e5-455d-9ef6-875bb017400e,memo,12,True,130,141,Adad-rabi and Šū-Suen s. Puzur-Anna owe Enlil-bāni 1/3 mina refined silver.
ee9b412d-a5e5-455d-9ef6-875bb017400e,memo,13,True,141,149,They will add 1/2 shekels from the ḫamuštum of Ennam-Aššur.
ee9b412d-a5e5-455d-9ef6-875bb017400e,memo,14,True,149,151,Month: Kanwarta.
ee9b412d-a5e5-455d-9ef6-875bb017400e,memo,15,True,151,154,Eponymate: Maṣilī.
ee9b412d-a5e5-455d-9ef6-875bb017400e,memo,16,True,154,161,Buzāzu owes Enlil-bāni 1/2 mina refined silver.
ee9b412d-a5e5-455d-9ef6-875bb017400e,memo,17,True,161,178,"He will add 1 shekel per month as interest from the ḫamuštum of Luzina, month Bēlet-ekallim, eponymate after Agutum."
ee9b412d-a5e5-455d-9ef6-875bb017400e,memo,18,True,178,189,Aššur-rabi s. Lā-qēpim owes Enlil-bāni 1 mina 15 shekels refined silver.
ee9b412d-a5e5-455d-9ef6-875bb017400e,memo,19,True,189,204,"He will add 1/2 shekels from the ḫamuštum of Ikuppiya s. Šū-Anum, eponymate Enna-Suen, month Allanātum."
ee9b412d-a5e5-455d-9ef6-875bb017400e,memo,20,True,204,213,1/2 mina of refined silver Ṭāb-ṣill-Aššur s. Puzur-Muš owes Enlil-bāni 1/2 mina of refined silver.
ee9b412d-a5e5-455d-9ef6-875bb017400e,memo,21,True,213,229,"He will add 1/2 shekels as interest from the ḫamuštum of Iddin-abum, month Ab šarrānē, eponymate after Agutum."
ee9b412d-a5e5-455d-9ef6-875bb017400e,memo,22,True,229,240,Puzur-Šamaš and Aššur-imittī sons of Šū-Nunu owe Enlil-bāni 1/3 mina refined silver.
ee9b412d-a5e5-455d-9ef6-875bb017400e,memo,23,True,240,251,"They will pay one month from the ḫamuštum of Aššuriš-takil, month Te'inātim, eponymate Maṣi-ilī."
ee9b412d-a5e5-455d-9ef6-875bb017400e,memo,24,True,251,261,"If they do not pay (on time), they will add 1/2 shekels per mina as interest."
19755573-0766-4858-8cfa-034fa1f3b426,letter,0,True,0,9,From Šalim-aḫum to Pūšu-kēn and Ilabrat-bāni to Ilabrat-bāni:
19755573-0766-4858-8cfa-034fa1f3b426,letter,1,True,9,24,"In the tablet of Lā-qēpum, Ilabrat-bāni took 6 1/3 minas tin from your package and then he left to Ḫattum."
19755573-0766-4858-8cfa-034fa1f3b426,letter,2,True,24,32,Ilī-ašranni brought the paṣitum garment of my ikrībum to Aššur-mālik.
19755573-0766-4858-8cfa-034fa1f3b426,letter,3,True,32,35,Aššur-mālik did not arrive.
19755573-0766-4858-8cfa-034fa1f3b426,letter,4,True,35,36,He has departed.
19755573-0766-4858-8cfa-034fa1f3b426,letter,5,True,36,39,You took a kusītum garment.
19755573-0766-4858-8cfa-034fa1f3b426,letter,6,True,39,51,"You said, ""I will send 1/2 kutānum textile to my father."""
19755573-0766-4858-8cfa-034fa1f3b426,letter,7,True,51,55,You said to Dān-Aššur that you gave the silver.
19755573-0766-4858-8cfa-034fa1f3b426,letter,8,True,55,59,"You said, ""I will send it after you."""
19755573-0766-4858-8cfa-034fa1f3b426,letter,9,True,59,65,All this you hold from the limmum of Aḫ-marši.
19755573-0766-4858-8cfa-034fa1f3b426,letter,10,True,65,69,My instructions have been sent to you five times.
19755573-0766-4858-8cfa-034fa1f3b426,letter,11,True,69,80,Give the silver of the kusītum tin and 1/2 kutānum textiles to Pūšu-kēn.
19755573-0766-4858-8cfa-034fa1f3b426,letter,12,True,80,94,Do not write to me and I will take from your silver from your own silver.
19755573-0766-4858-8cfa-034fa1f3b426,letter,13,True,94,105,Aššur-mālik s. Azua brought you 1 mina silver from your textiles.
19755573-0766-4858-8cfa-034fa1f3b426,letter,14,True,105,110,Give it to me and let him give it to my silver.
19755573-0766-4858-8cfa-034fa1f3b426,letter,15,True,110,129,"But you did not hear that until we gave every shekel of your silver wherever we gave, make her pay at the rate of 5 and the expenses of Šutalmunaku."
19755573-0766-4858-8cfa-034fa1f3b426,letter,16,True,129,143,"Let him look wherever they sold a single shekel of silver, my silver will be 10 or 20 minas."
19755573-0766-4858-8cfa-034fa1f3b426,letter,17,True,143,148,"My dear brother, do not delay me."
19755573-0766-4858-8cfa-034fa1f3b426,letter,18,True,148,152,Give my silver to Pūšu-kēn.
19755573-0766-4858-8cfa-034fa1f3b426,letter,19,True,152,158,Do not write to me and I will take your silver here.
19755573-0766-4858-8cfa-034fa1f3b426,letter,20,True,158,161,Do not destroy me.
a240a6f3-165c-4064-8b32-bfcef0734b3e,agreement (contract),0,True,0,47,"Puzur-Ištar seized us against Adad-rēʾī and Puzur-Ištar said to Adad-rēʾī: ""There are 7 2/3 minas 3 shekels of silver in your possession and 1 mina of silver which you gave to me for investment."""
a240a6f3-165c-4064-8b32-bfcef0734b3e,agreement (contract),1,True,47,97,"Adad-rēʾī said to Puzur-Ištar: ""Sell my silver to Puzur-Ištar so that both the copper and the price of the donkey which you borrowed, both the copper and the price of the donkey which you"
a240a6f3-165c-4064-8b32-bfcef0734b3e,agreement (contract),2,True,97,98,They verdicted that they were the guarantors.
d7c160df-1ef6-4070-bbe2-3d81b4938bb2,unknown,0,True,17,28,"Regarding the debt of Aššur-bāštī, Aššur-bāštī owes Šuma-abiya 3 minas refined silver."
d7c160df-1ef6-4070-bbe2-3d81b4938bb2,unknown,1,True,28,44,"He will pay 20 weeks from the ḫamuštum of Šalim-Aššur s. Aba, month Ḫubur, eponymate Aššur-damiq s. Abarzizum."
d7c160df-1ef6-4070-bbe2-3d81b4938bb2,unknown,2,True,44,59,"If he does not pay at the fulfillment of his term, he will add 1/2 shekels per mina per month as interest."
a465eb38-f691-4491-aae1-3d4f08306d78,unknown,0,True,0,7,"Seals: Aššur-mālik, Ikuppī-Aššur, Amur-Aššur."
a465eb38-f691-4491-aae1-3d4f08306d78,unknown,1,True,7,14,Amur-Aššur owes Šukkutum 1 mina refined silver.
a465eb38-f691-4491-aae1-3d4f08306d78,unknown,2,True,14,41,He will add 1/2 shekels per mina per month from the ḫamuštum of Uraya and Kurub-Ištar.
f97c070f-7979-4e1e-9590-f34aaaec0249,unknown,0,True,1,11,Aššur-emūqī owes Aššur-imittī 2 minas 45 shekels refined silver.
f97c070f-7979-4e1e-9590-f34aaaec0249,unknown,1,True,11,21,He will pay 36 weeks from the ḫamuštum of Šū-Anum and Dudu.
f97c070f-7979-4e1e-9590-f34aaaec0249,unknown,2,True,21,32,"If he does not pay (on time), he will add 1/2 shekels per mina per month."
f97c070f-7979-4e1e-9590-f34aaaec0249,unknown,3,True,32,45,"Witnesses: Iddin-abum, Aššur-emūqī."
793d817c-84ad-46bb-97bf-990ae6bb19a4,unknown,0,True,1,11,"Taiya, Kammalīya and Nūnu owe Aššur-mālik 2 minas refined silver."
793d817c-84ad-46bb-97bf-990ae6bb19a4,unknown,1,True,11,19,They will pay 15 weeks from the ḫamuštum of kaššim.
793d817c-84ad-46bb-97bf-990ae6bb19a4,unknown,2,True,19,31,"If they do not pay (on time), they will add 3 shekels per mina per month as interest."
793d817c-84ad-46bb-97bf-990ae6bb19a4,unknown,3,True,31,38,The silver is bound to whomever is solvent and financially solvent.
793d817c-84ad-46bb-97bf-990ae6bb19a4,unknown,4,True,38,42,They will pay to the merchant of Parka.
793d817c-84ad-46bb-97bf-990ae6bb19a4,unknown,5,True,42,50,"Witnesses: Kizi, Ennum-Aššur, Laila, Amurrum-bāni."
0247c8eb-b695-43f3-9a2b-a31b93088d12,debt note,0,True,1,8,Maṣi-ilī owes Sukkallīya 1 mina refined silver.
0247c8eb-b695-43f3-9a2b-a31b93088d12,debt note,1,True,8,16,He will pay 28 weeks from the ḫamuštum of Šamaš-rē'ī.
0247c8eb-b695-43f3-9a2b-a31b93088d12,debt note,2,True,16,30,"If he does not pay (on time), he will add 1/2 shekels per mina per month as interest."
4284106a-dd47-4af5-a2bd-057b0d0560b5,debt note,1,True,8,19,He will add 1/2 shekel per mina per month from the ḫamuštum of Šū-Kūbim and Kurub-Ištar.
4284106a-dd47-4af5-a2bd-057b0d0560b5,debt note,2,True,19,22,Month: ša sarrātim.
4284106a-dd47-4af5-a2bd-057b0d0560b5,debt note,3,True,22,26,Eponymate: after Iddin-abum.
4284106a-dd47-4af5-a2bd-057b0d0560b5,debt note,4,True,26,30,"Witnesses: Aššur-Šamši, Dadāya."
241ac712-293d-46e1-bfc9-5a6ed160320f,debt note,0,True,1,35,Šū-Anum owes Imdī-ilum 1/3 mina refined silver.
241ac712-293d-46e1-bfc9-5a6ed160320f,debt note,1,True,35,39,"Witnesses: Aššur-mālik, Azuzu."
e26e5cfa-522f-c7e5-4cb3-847132af0a75,letter,0,True,0,10,"To Alāhum, Šū-Aššur, Zupa and Ilī-ālum from Aššur-nādā:"
e26e5cfa-522f-c7e5-4cb3-847132af0a75,letter,1,True,10,148,I have deposited 1 mina of silver from Šalahšua and Haluli gave me the excise tax and Ikuppiya sent me 6 kutānum-textiles and Ikuppiya brings them to you.
10d903fd-fdd5-38ce-a725-07cf230355d6,letter,0,True,0,5,From the waklum to Pūšu-kēn:
10d903fd-fdd5-38ce-a725-07cf230355d6,letter,1,True,5,6,You wrote me.
10d903fd-fdd5-38ce-a725-07cf230355d6,letter,2,True,6,61,"You said, ""I have received 5 minas silver from Asqudum here and I have received 10 minas for interest and I will send you the silver. I will receive the silver from the interest and I will send you the remainder of your silver."""
10d903fd-fdd5-38ce-a725-07cf230355d6,letter,3,True,61,65,My father gave it to Asqudum.
10d903fd-fdd5-38ce-a725-07cf230355d6,letter,4,True,65,70,I will pray for you with Aššur and Ilīya.
10d903fd-fdd5-38ce-a725-07cf230355d6,letter,5,True,70,89,"My dear brothers, take care to come to an agreement with your silver until 1 talent of silver or more and clear the silver of the merchant."
10d903fd-fdd5-38ce-a725-07cf230355d6,letter,6,True,89,91,You have read my tablets.
10d903fd-fdd5-38ce-a725-07cf230355d6,letter,7,True,91,103,"As for the fact that you seized my tablet, the man took the goods of my father and the goods of my father."
10d903fd-fdd5-38ce-a725-07cf230355d6,letter,8,True,103,109,"If he does not pay (on time), he will do as much as you can and do as much as you can."
10d903fd-fdd5-38ce-a725-07cf230355d6,letter,9,True,109,114,The uštimit and your silver have been deposited.
10d903fd-fdd5-38ce-a725-07cf230355d6,letter,10,True,114,118,My message has gone to Timelkiya.
10d903fd-fdd5-38ce-a725-07cf230355d6,letter,11,True,118,126,"Also, you must write to them so that they send my silver to you."
10d903fd-fdd5-38ce-a725-07cf230355d6,letter,12,True,126,131,They will not pay a single shekel of silver.
10d903fd-fdd5-38ce-a725-07cf230355d6,letter,13,True,131,136,Išar-bēlī will hold the servants with Asqudum.
10d903fd-fdd5-38ce-a725-07cf230355d6,letter,14,True,136,140,Take care to send him with the first caravan.
471a76e1-01c5-483b-b4c7-718394ca09d7,letter,0,True,2,11,To Sabasiya: You wrote me concerning the tablet of her house.
471a76e1-01c5-483b-b4c7-718394ca09d7,letter,1,True,11,49,"Ilabrat-bāni seized you and said, ""Send the tablet of the 49 minas silver belonging to Anah-ilī gubabtum his brother and Al-ṭāb his brother who entered the two houses and send the tablet of the 49 minas silver belonging to Al-ṭāb his brother and wh"
471a76e1-01c5-483b-b4c7-718394ca09d7,letter,2,True,49,100,"Šalim-Aššur, Ikūnum and Sabasiya owe the merchant 21 minas 10 shekels silver, which Šalim-Aššur, Ikūnum and Sabasiya owe."
471a76e1-01c5-483b-b4c7-718394ca09d7,letter,3,True,100,118,"The matter was exhausted, 1 tablet with the seal of Ilī-ālum s. Sukkallīya with 8 minas silver and 2 minas gold."
471a76e1-01c5-483b-b4c7-718394ca09d7,letter,4,True,118,165,"I did not know that there was no tablet, but I know that there was no tablet."
471a76e1-01c5-483b-b4c7-718394ca09d7,letter,5,True,165,168,It will not be lost.
471a76e1-01c5-483b-b4c7-718394ca09d7,letter,6,True,168,172,Sell the remainder of the son of Lālum.
471a76e1-01c5-483b-b4c7-718394ca09d7,letter,7,True,172,206,"The tablet of the colony office in Wahšušana has deducted 2/3 minas gold and its interest in my tablet which I owe to Adad, and Ennum-Aššur will pay 2/3 minas and its interest."
471a76e1-01c5-483b-b4c7-718394ca09d7,letter,8,True,206,211,There is a new tablet of the colony.
471a76e1-01c5-483b-b4c7-718394ca09d7,letter,9,True,211,214,It is available in the presence of the merchant.
471a76e1-01c5-483b-b4c7-718394ca09d7,letter,10,True,214,216,Zupa will pay.
471a76e1-01c5-483b-b4c7-718394ca09d7,letter,11,True,216,241,I will pay the interest on him and he will take the tablet of the colony so that he can take the tablet of the colony.
471a76e1-01c5-483b-b4c7-718394ca09d7,letter,12,True,241,242,He will take it.
17cff94e-a931-673b-4fe4-9bf6ea1234bd,letter,0,True,0,5,To Pūšu-kēn from Lamassī:
17cff94e-a931-673b-4fe4-9bf6ea1234bd,letter,1,True,5,14,"If you are my brother, you are my lord."
17cff94e-a931-673b-4fe4-9bf6ea1234bd,letter,2,True,14,18,Kutānum-textiles are dispersed and your kursīya is dispersed.
17cff94e-a931-673b-4fe4-9bf6ea1234bd,letter,3,True,18,25,I gave 1 kabtum textile to Aššur-mālik earlier on his journey.
17cff94e-a931-673b-4fe4-9bf6ea1234bd,letter,4,True,25,29,He did not bring any of his silver.
17cff94e-a931-673b-4fe4-9bf6ea1234bd,letter,5,True,29,34,He is bringing to you with the seal of the 4 shekels of silver.
17cff94e-a931-673b-4fe4-9bf6ea1234bd,letter,6,True,34,39,"When you send the kisam, place wool."
17cff94e-a931-673b-4fe4-9bf6ea1234bd,letter,7,True,39,43,The šaptum is deposited in the city.
131cc458-3d09-1db8-9c18-02c29cc431df,unknown,0,True,0,14,"From the 7 black textiles which are available in the colony office, Pūšu-kēn gave 5 black textiles."
131cc458-3d09-1db8-9c18-02c29cc431df,unknown,1,True,14,20,We brought 2 dark textiles from the silver of Šalim-aḫum.
131cc458-3d09-1db8-9c18-02c29cc431df,unknown,2,True,20,31,"From the 9 kutānum-textiles, Pūšu-kēn gave 1 textile and 1 textile belonging to Šadadum."
131cc458-3d09-1db8-9c18-02c29cc431df,unknown,3,True,31,39,"Also, I have one with him from the transport of Pūšu-kēn."
131cc458-3d09-1db8-9c18-02c29cc431df,unknown,4,True,39,43,1 textile from the transport of Ilī-ašranni.
131cc458-3d09-1db8-9c18-02c29cc431df,unknown,5,True,43,51,All this is deposited in the colony office of Šalim-aḫum.
131cc458-3d09-1db8-9c18-02c29cc431df,unknown,6,True,51,57,The silver is written in the tablet of Šalim-aḫum.
0fd8d22f-083d-52e0-f634-65b8ef460f00,letter,0,True,0,7,To Puzur-Anna from Irma-Aššur and Puzur-Šamaš:
0fd8d22f-083d-52e0-f634-65b8ef460f00,letter,1,True,7,22,"Until the tablet of the testimony of Qātātum and Aššur-ṭāb about which you wrote, which you arrived,"
0fd8d22f-083d-52e0-f634-65b8ef460f00,letter,7,True,63,78,He will not give silver for the feed of the children.
b6153884-a5e3-d233-c4ad-8a685be261bf,letter,0,True,27,36,"There, take care to clear the silver from the hand tin so that the silver from the hand tin arrives."
02fe500f-2ed5-c5b7-0f8d-9e149e9d655f,letter,0,True,0,8,From Aššur-nādā and Ilī-ālum to Aššur-taklāku:
f452188e-560a-e29a-a38a-1d1e3697bb79,letter,0,True,0,8,To Aššur-imittī and Šū-Ḫubur from Pūšu-kēn:
f452188e-560a-e29a-a38a-1d1e3697bb79,letter,1,True,8,15,I wrote 1 mina 8 shekels silver in the colony office.
f452188e-560a-e29a-a38a-1d1e3697bb79,letter,2,True,15,25,"For this silver, I paid both your silver and textiles."
f452188e-560a-e29a-a38a-1d1e3697bb79,letter,3,True,25,34,He paid 1 mina 9 shekels silver from the silver of Aššur-imittī.
f452188e-560a-e29a-a38a-1d1e3697bb79,letter,4,True,34,59,They weighed out 2 minas of silver and I paid 2 minas of silver and I deposited 1 mina of silver in your account so that Aššur and your gods may be disappointed.
f452188e-560a-e29a-a38a-1d1e3697bb79,letter,5,True,59,67,"In total, you have 28 minas 28 shekels silver."
f452188e-560a-e29a-a38a-1d1e3697bb79,letter,6,True,67,76,The dātum amounted to 1 mina and you will pay 1 mina 12 shekels silver.
f452188e-560a-e29a-a38a-1d1e3697bb79,letter,7,True,76,80,I will take anything from your silver.
f452188e-560a-e29a-a38a-1d1e3697bb79,letter,8,True,80,83,To Šū-Ḫubur:
f452188e-560a-e29a-a38a-1d1e3697bb79,letter,9,True,83,95,"Why is it that Aššur-imittī wrote me, saying: ""I will owe the silver and its interest from your silver."""
f452188e-560a-e29a-a38a-1d1e3697bb79,letter,10,True,95,99,Your half of your brother will be good.
f452188e-560a-e29a-a38a-1d1e3697bb79,letter,11,True,99,114,"If you do not pay (on time), I will pay Aššur-imittī and I will receive 15 minas of silver wherever there is a single shekel of silver wherever there is a single shekel of silver from your silver."
f452188e-560a-e29a-a38a-1d1e3697bb79,letter,12,True,114,121,My dear father and Imdī-ilum we heard you at the accounting.
f452188e-560a-e29a-a38a-1d1e3697bb79,letter,13,True,121,130,We paid 2 minas silver from your debt from the proceeds of your tin and your textiles.
f452188e-560a-e29a-a38a-1d1e3697bb79,letter,14,True,130,139,"If you will set a deposit, they will pay you 1 mina 10 shekels."
f452188e-560a-e29a-a38a-1d1e3697bb79,letter,15,True,139,154,"If you arrive, let your message come and you will receive 1 shekel of interest from the day when we paid the silver from the day when we paid the silver."
f452188e-560a-e29a-a38a-1d1e3697bb79,letter,16,True,154,163,"Month VIII, the colony office said, ""Let him settle for 10 1/2 minas of silver."""
f452188e-560a-e29a-a38a-1d1e3697bb79,letter,17,True,163,175,"They did not agree with me and I said, ""Let them stand for the man and the half of the man."""
f452188e-560a-e29a-a38a-1d1e3697bb79,letter,18,True,175,181,"They said, ""We have deposited a man on their behalf."""
f452188e-560a-e29a-a38a-1d1e3697bb79,letter,19,True,181,185,Uṣur-ša-Aššur delayed these things.
dce40745-1988-7bde-a45e-74debdcb0c2e,letter,0,True,0,7,To Pūšu-kēn and Ennam-Aššur from Ḫusarum:
dce40745-1988-7bde-a45e-74debdcb0c2e,letter,1,True,7,38,"Tin and textiles from the transport of Al-ṭāb, which Šū-Kūbum brings to you, my dear father, give you and Ennam-Aššur, bātiq and Watur, and send me the silver immediately."
dce40745-1988-7bde-a45e-74debdcb0c2e,letter,2,True,38,41,"Also, dispatch Šū-Kūbum."
dce40745-1988-7bde-a45e-74debdcb0c2e,letter,3,True,41,49,"If the tin and textiles are sold, seal the silver and send it to me."
dce40745-1988-7bde-a45e-74debdcb0c2e,letter,4,True,49,61,"If the price of the merchandise there is deficient, let my merchandise go to Purušḫattum and let me pay every mina of silver."
1f3c14fb-4ebf-dc4b-c0e8-b44598ab6e82,letter,0,True,0,7,To Pūšu-kēn from Kulumaya and Kurub-Ištar:
1f3c14fb-4ebf-dc4b-c0e8-b44598ab6e82,letter,1,True,7,9,From Kulumaya:
1f3c14fb-4ebf-dc4b-c0e8-b44598ab6e82,letter,2,True,9,19,"When I settled the merchandise of Dān-Aššur, your accounts were deposited."
1f3c14fb-4ebf-dc4b-c0e8-b44598ab6e82,letter,3,True,19,20,I spoke to you.
1f3c14fb-4ebf-dc4b-c0e8-b44598ab6e82,letter,4,True,20,27,"I said, ""Look, 6 kutānum-textiles belonging to Šat-Aššur."""
1f3c14fb-4ebf-dc4b-c0e8-b44598ab6e82,letter,5,True,27,36,There are no textiles belonging to Šalim-aḫum's daughter and the textiles belonging to Kurub-Ištar.
1f3c14fb-4ebf-dc4b-c0e8-b44598ab6e82,letter,6,True,36,40,"In the hem of the textiles, my name is written."
1f3c14fb-4ebf-dc4b-c0e8-b44598ab6e82,letter,7,True,40,43,Ilabrat-bāni did not want to be informed.
1f3c14fb-4ebf-dc4b-c0e8-b44598ab6e82,letter,8,True,43,48,The tablet of the merchant is written for Dān-Aššur.
1f3c14fb-4ebf-dc4b-c0e8-b44598ab6e82,letter,9,True,48,52,They are the textiles of Kurub-Ištar.
1f3c14fb-4ebf-dc4b-c0e8-b44598ab6e82,letter,10,True,52,57,To Pūšu-kēn from Kurub-Ištar:
1f3c14fb-4ebf-dc4b-c0e8-b44598ab6e82,letter,11,True,57,66,"My dear father and lord, take care to give my textiles to Šalim-Aššur."
1f3c14fb-4ebf-dc4b-c0e8-b44598ab6e82,letter,12,True,66,76,"If he does not want to confront the attorney, let him come with two messages and send your message."
1f3c14fb-4ebf-dc4b-c0e8-b44598ab6e82,letter,13,True,76,83,"Also, they will sell the textiles to Dān-Aššur as follows:"
1f3c14fb-4ebf-dc4b-c0e8-b44598ab6e82,letter,14,True,83,94,Send the textiles belonging to the transporter of Karuwaya and the tin belonging to Amur-Aššur s. Sukkallīya.
6a72b820-f322-ccc7-49e3-1f740fb3c773,letter,0,True,0,7,From Puzur-Ištar and Idnāya to Ennam-Aššur:
6a72b820-f322-ccc7-49e3-1f740fb3c773,letter,1,True,7,15,Do not agree with anyone for the copper of Pūšu-kēn.
6a72b820-f322-ccc7-49e3-1f740fb3c773,letter,2,True,15,17,From Puzur-Ištar:
6a72b820-f322-ccc7-49e3-1f740fb3c773,letter,3,True,17,28,Let your message come on the day that the copper departs and I will send the exchange silver.
6a72b820-f322-ccc7-49e3-1f740fb3c773,letter,4,True,28,30,From Idnāya:
6a72b820-f322-ccc7-49e3-1f740fb3c773,letter,5,True,30,35,I will send you the excise tax on the silver.
30252ebf-7b40-de1d-4f4b-78e54181330f,unknown,0,True,0,40,"From the 2/3 mina 5 shekels of silver which Kurub-Ištar gave to Šamaš-tappā'ī and Ilī-mālik, 2/3 mina 2 1/2 shekels of silver which Ilī-mālik gave to the representatives of Kurub-Ištar to Aššur-nādā and Aššur-šamšī, Enlil-bāni will pay"
30252ebf-7b40-de1d-4f4b-78e54181330f,unknown,1,True,40,71,"If he does not pay the tablet, he will pay 1/2 mina 1/2 shekels silver to Enlil-bāni, Aššur-nādā s. Aššur-idī and Aššur-šamšī s. Amaya for 1/3 mina 2 1/2 shekels silver."
30252ebf-7b40-de1d-4f4b-78e54181330f,unknown,3,True,74,85,"If Šamaš-tappā'ī and Ilī-mālik do not release it to me, then he will speak to his witnesses."
30252ebf-7b40-de1d-4f4b-78e54181330f,unknown,4,True,85,91,"Nāb-Suen, the guarantor, and Kubiš- are the judges."
82b07223-b080-a076-8b7f-d781f8629270,debt note,0,True,1,8,Šumī-abiya owes Aḫ-šalim 1/3 mina silver.
82b07223-b080-a076-8b7f-d781f8629270,debt note,1,True,8,15,He will pay three months from the ḫamuštum of Al-aḫim.
82b07223-b080-a076-8b7f-d781f8629270,debt note,2,True,15,23,"If he does not pay (on time), he will add interest at the rate of the colony."
82b07223-b080-a076-8b7f-d781f8629270,debt note,3,True,23,27,He did balance the silver concerning Aššur-bāštī.
82b07223-b080-a076-8b7f-d781f8629270,debt note,4,True,27,31,"Witnesses: Aššur-damiq, Ennum-Aššur."
037a7604-7e8e-6295-e097-71682dd5ab18,letter,0,True,10,18,Because of the silver from the concealment you did not send anything to me.
037a7604-7e8e-6295-e097-71682dd5ab18,letter,1,True,18,29,"My dear brother, the silver which I paid to the house, send my silver to the house."
037a7604-7e8e-6295-e097-71682dd5ab18,letter,2,True,29,33,Regarding the house of anyone else.
43b7d4b5-57e5-a2b2-57d7-cca115082a29,unknown,0,True,1,9,"When they arrived in Luḫusatiya, they cleared 10 shekels of silver for grain."
43b7d4b5-57e5-a2b2-57d7-cca115082a29,unknown,1,True,9,12,1 shekel to Kurara.
43b7d4b5-57e5-a2b2-57d7-cca115082a29,unknown,2,True,12,22,"Because of his servant, 1/2 shekels of silver is remainder in the proceeds of the sickles."
43b7d4b5-57e5-a2b2-57d7-cca115082a29,unknown,3,True,22,25,They will pay 1 shekel for him.
43b7d4b5-57e5-a2b2-57d7-cca115082a29,unknown,4,True,25,31,All this is with Ḫuziš and Duruḫnu.
391d44dd-d8fd-428c-a1f2-bd3f3fca2c94,letter,0,True,0,11,"From Šalim-aḫum to Pūšu-kēn, Aššuriš-tikal and Dān-Aššur to Aššuriš-tikal:"
391d44dd-d8fd-428c-a1f2-bd3f3fca2c94,letter,1,True,11,28,"Ennum-Aššur, son of Ilili, and Dān-Aššur gave you 2 kutānum-textiles and 2 kutānum-textiles."
391d44dd-d8fd-428c-a1f2-bd3f3fca2c94,letter,2,True,28,40,"They sold my tin at a rate of 7 shekels, textiles at a rate of 1/3 mina and they brought the silver."
391d44dd-d8fd-428c-a1f2-bd3f3fca2c94,letter,3,True,40,44,"In the presence of the trustworthy ones, they are two."
391d44dd-d8fd-428c-a1f2-bd3f3fca2c94,letter,5,True,48,64,"My dear brother, give them silver and make purchases and let them pay every shekel of silver and when you arrive they will put a tablet with your naruqqum."
391d44dd-d8fd-428c-a1f2-bd3f3fca2c94,letter,6,True,64,71,"Also, I will give it to you wherever you are."
0ca61ada-6b00-6431-4cb7-ad0104018903,letter,0,True,0,6,To Aššur-idī from Aššur-nādā:
0ca61ada-6b00-6431-4cb7-ad0104018903,letter,1,True,6,22,Hananum son of Ikuppiya sent 2 minas refined silver between Al-aḫum and myself to Al-aḫum and Aššur-taklāku.
0ca61ada-6b00-6431-4cb7-ad0104018903,letter,2,True,22,35,"I said, ""Send the excise tax and the transport tariff to our father and the representatives of Al-aḫum."""
0ca61ada-6b00-6431-4cb7-ad0104018903,letter,3,True,35,53,"My dear father and lord, concerning all this silver and gold that I sent to you, purchase a mix of fine tin and textiles."
0ca61ada-6b00-6431-4cb7-ad0104018903,letter,4,True,53,61,They will not come to the year after his departure.
6515933f-25a7-2ca7-9168-ea1cd39f5f2c,letter,0,True,0,5,To Aššur-idī from Aššur-nādā:
6515933f-25a7-2ca7-9168-ea1cd39f5f2c,letter,1,True,5,16,"Concerning my accounts until the first day, you said, ""Pay from my silver."""
6515933f-25a7-2ca7-9168-ea1cd39f5f2c,letter,2,True,16,23,"Also, on the day that they arrive, I said, ""I will clear it."""
6515933f-25a7-2ca7-9168-ea1cd39f5f2c,letter,3,True,23,27,"You said, ""Do not stand."""
6515933f-25a7-2ca7-9168-ea1cd39f5f2c,letter,4,True,27,35,"To my son, to Ušaziz, and as for those who are innocent."
6515933f-25a7-2ca7-9168-ea1cd39f5f2c,letter,5,True,35,57,"As for these words, let Aššur and Ilabrat look at my account and I will pay 3 1/2 minas 4 shekels refined silver for my expenses of 16 minas."
6515933f-25a7-2ca7-9168-ea1cd39f5f2c,letter,6,True,57,65,Today I have 16 minas hand silver from your silver.
6515933f-25a7-2ca7-9168-ea1cd39f5f2c,letter,7,True,65,84,"One and two of them which were deposited, as much as they are available, and he will pay 6 minas refined silver belonging to the princess of Aššur and he will pay the 6 minas refined silver belonging to Aššur."
6515933f-25a7-2ca7-9168-ea1cd39f5f2c,letter,8,True,84,86,Make your decision.
6515933f-25a7-2ca7-9168-ea1cd39f5f2c,letter,9,True,86,95,"Aššur-taklāku brings you 2 minas refined silver, its excise added, its shipping charges are paid."
6515933f-25a7-2ca7-9168-ea1cd39f5f2c,letter,10,True,95,99,Send me fine tin.
84d888ef-9d9e-fc3f-6559-357d4afbf411,agreement (contract),0,True,0,54,"Seals: Ṭāb-ṣilli-Aššur s. Šū-Nunu, Šū-Laban s. Al-ṭāb, Pilaḫ-Ištar s. Aššur-bāni, Anina s. Uṣur-ša-Aššur, Iddin-abum s. Aššur-mālik, Sueyya s. Pūšu-kēn, Buzāzu s. Pūšu-kēn, Ikuppiya s. Attaya, Aḫaḫa s. Pūšu-kēn."
84d888ef-9d9e-fc3f-6559-357d4afbf411,agreement (contract),1,True,54,68,"For his silver, the sons of Pūšu-kēn and the daughter of Pūšu-kēn, God will not return to Aššur-mutabbil their brothers."
84d888ef-9d9e-fc3f-6559-357d4afbf411,agreement (contract),2,True,68,88,"Also, at his arrival in Kanesh, they will give a tablet concerning the debt of Ikuppiya, son of Attaya, the sons of Pūšu-kēn and the daughter of Pūšu-kēn to Aššur-mutabbil."
84d888ef-9d9e-fc3f-6559-357d4afbf411,agreement (contract),3,True,88,98,"According to the decision of the city, the sons of Pūšu-kēn and the daughter of Pūšu-kēn are satisfied."
84d888ef-9d9e-fc3f-6559-357d4afbf411,agreement (contract),4,True,98,104,Iddin-abum s. Aššur-mālik stood against Aḫaḫa.
c010f9e6-c663-6ccd-590a-fdd8284d5ae8,letter,0,True,0,11,"From Šalim-aḫum and Šū-Ḫubur to Pūšu-kēn, the merchant and Ela:"
c010f9e6-c663-6ccd-590a-fdd8284d5ae8,letter,1,True,11,94,"Thereof, Ela brought 2 talents 10 minas of tin under my seal, 9 minas of tin at a rate of 14 shekels, the price of the textiles was 9 1/3 shekels, 3 1/3 shekels of silver for 2 talents 19 minas of tin, my textiles were interested at 2 talents 19 minas of t"
2918bdfd-f8b6-4a10-224c-8c499e1fb222,letter,0,True,0,5,To Pūšu-kēn from Puzur-Aššur:
2918bdfd-f8b6-4a10-224c-8c499e1fb222,letter,1,True,5,15,"On the very day that Ilī-mālik arrives, I wrote to you these tablets."
2918bdfd-f8b6-4a10-224c-8c499e1fb222,letter,2,True,15,18,Ilī-mālik brought your merchandise.
2918bdfd-f8b6-4a10-224c-8c499e1fb222,letter,3,True,18,25,"Concerning the tin about which you wrote, the tin is 13 shekels."
2918bdfd-f8b6-4a10-224c-8c499e1fb222,letter,4,True,25,29,And there is no complete package.
2918bdfd-f8b6-4a10-224c-8c499e1fb222,letter,5,True,29,36,1 donkey and 20 butuqtum were deposited in Kikamlum.
2918bdfd-f8b6-4a10-224c-8c499e1fb222,letter,6,True,36,43,They arrived and we purchased the tin and we will send it to you in the first caravan.
2918bdfd-f8b6-4a10-224c-8c499e1fb222,letter,7,True,43,54,"For the silver of my transport, because the tin is deficient, I did not buy any tin."
2918bdfd-f8b6-4a10-224c-8c499e1fb222,letter,8,True,54,60,The tin arrives and I will bring it to you with your tin.
2918bdfd-f8b6-4a10-224c-8c499e1fb222,letter,9,True,60,71,"Also, if the purchases of Akkadian textiles are deposited, I will buy every mina of silver."
2918bdfd-f8b6-4a10-224c-8c499e1fb222,letter,10,True,71,79,"For the kutānum textiles about which you wrote, there is no lip."
2918bdfd-f8b6-4a10-224c-8c499e1fb222,letter,11,True,79,85,We will buy 1 heavy textile in the market and send it to you.
2918bdfd-f8b6-4a10-224c-8c499e1fb222,letter,12,True,85,87,There is no raqqum.
2918bdfd-f8b6-4a10-224c-8c499e1fb222,letter,13,True,87,93,I will send you the goods and the dates with Šū-Ištar.
2918bdfd-f8b6-4a10-224c-8c499e1fb222,letter,14,True,93,94,You wrote me.
2918bdfd-f8b6-4a10-224c-8c499e1fb222,letter,15,True,94,103,"You said, ""Inform me about whatever you hear from my investors."""
2918bdfd-f8b6-4a10-224c-8c499e1fb222,letter,16,True,103,106,There is no complaint.
2918bdfd-f8b6-4a10-224c-8c499e1fb222,letter,17,True,106,111,"If you wish, I will not bring anything again."
2918bdfd-f8b6-4a10-224c-8c499e1fb222,letter,18,True,111,121,"Until Ela said, ""Why is it that he sends the silver wherever it is available?"""
085b578b-43e6-2c3d-1743-72d39939bf43,letter,0,True,0,5,From Aššur-rabi to Pūšu-kēn:
085b578b-43e6-2c3d-1743-72d39939bf43,letter,1,True,5,13,"My dear brother, until as much as I have sent to you, my instructions have gone to you."
085b578b-43e6-2c3d-1743-72d39939bf43,letter,2,True,13,29,"I said, ""Take every shekel of silver from the dame of the youth as much as Ennum-Aššur son of Qarriya took and send it to me."""
085b578b-43e6-2c3d-1743-72d39939bf43,letter,3,True,29,37,"My dear brother, your message has not come."
085b578b-43e6-2c3d-1743-72d39939bf43,letter,4,True,37,58,"I hear that my messenger about which I wrote, took the silver which the messengers took, and whatever is available in the presence of Ennam-Aššur son of Qariya."
085b578b-43e6-2c3d-1743-72d39939bf43,letter,5,True,58,66,Take the silver and seal it and send it to me.
085b578b-43e6-2c3d-1743-72d39939bf43,letter,6,True,66,73,"If it is not you, to whom will I look?"
3226fe3c-f355-9ade-a8c5-07f776b1b75d,letter,1,True,0,6,To Pūšu-kēn from Kuzallum:
3226fe3c-f355-9ade-a8c5-07f776b1b75d,letter,3,True,6,14,I owe you 5 minas silver to Enna-Suen s. Šū-Ištar.
3226fe3c-f355-9ade-a8c5-07f776b1b75d,letter,4,True,14,20,I paid 1/2 minas silver to the City for his share.
3226fe3c-f355-9ade-a8c5-07f776b1b75d,letter,5,True,20,30,"As much as 20 minas of silver, I sent copper to Purušḫattum for 20 minas of silver."
3226fe3c-f355-9ade-a8c5-07f776b1b75d,letter,6,True,30,35,In Waṣāya he will send his silver.
3226fe3c-f355-9ade-a8c5-07f776b1b75d,letter,7,True,35,44,"Take care to contact there and if the guide will come from the caravan of the representative of Aššur-mālik, then the goods will go to the caravan."
3226fe3c-f355-9ade-a8c5-07f776b1b75d,letter,8,True,44,56,"Here, the colony owes 2 minas 13 kutānum-textiles to the palace and you returned to us the next day."
3226fe3c-f355-9ade-a8c5-07f776b1b75d,letter,9,True,56,62,Hinnaya and I will acquire 1 textile.
3226fe3c-f355-9ade-a8c5-07f776b1b75d,letter,10,True,62,70,Send me there 26 kutānum textiles from the hand of Ḫinnaya.
3226fe3c-f355-9ade-a8c5-07f776b1b75d,letter,11,True,70,74,Send it from my own funds.
25309f27-d90d-dd36-8404-69112bb7357a,letter,0,True,0,7,From Al-aḫum to Aššur-nādā and Puzur-Anna:
25309f27-d90d-dd36-8404-69112bb7357a,letter,1,True,7,26,"If you do not pay (on time), then place a tablet of 10 minas of silver concerning the debt of Nasa and Agaya and 2 shekels of gold concerning Imlikaya."
25309f27-d90d-dd36-8404-69112bb7357a,letter,2,True,26,54,"Send it to me so that Aššur-amārum knows where they are located, the tablet of Šikmātum and his partner and the 3 1/2 minas tablet of Šū-Ištar and their representatives, and the tablet of Šū-Ištar and them."
25309f27-d90d-dd36-8404-69112bb7357a,letter,3,True,54,71,"If you will sell 2 minas of silver to Ilī-ālum, and later send me 3 minas of silver with the son of the investor."
a8b6e186-90d4-1aae-826a-b9610dd14a23,settlement of accounts,0,True,0,17,"Seals: Kurub-Aššur s. Ṣilliya, Pilaḫ-Ištar s. Ṣillili, Takil-Aššur s. Ḫananum, Kuninaḫ-šušar wife of Aššur-pilaḫ s. Amur-Aššur."
a8b6e186-90d4-1aae-826a-b9610dd14a23,settlement of accounts,1,True,17,68,"If anyone of the slaves of Aššur-pilaḫ son of Amur-Aššur owes me 2/3 minas silver from the šim of Ḫadāni, the slave of Aššur-pilaḫ son of Amur-Aššur, which Aḫuni, son of Šū-Ištar, and Aḫatum, his wife, owes me the tablet to Aššur-n"
a8b6e186-90d4-1aae-826a-b9610dd14a23,settlement of accounts,2,True,68,76,"The copy of her sealed tablet of Kuninahšušar, Aššur-pilaḫ s. Amur-Aššur."
1033b400-652a-2a91-0d76-38757521a3e2,letter,0,True,0,5,To Pūšu-kēn from Šuppultum:
1033b400-652a-2a91-0d76-38757521a3e2,letter,1,True,5,15,"After Ilī-bāni settled with Uṣur-ša-Aššur, his representative came on the journey."
1033b400-652a-2a91-0d76-38757521a3e2,letter,2,True,15,20,I did not receive silver from his be'ulātum.
1033b400-652a-2a91-0d76-38757521a3e2,letter,3,True,20,22,It is not that which you wrote.
1033b400-652a-2a91-0d76-38757521a3e2,letter,4,True,22,31,He did not receive a single shekel of silver from his investors.
1033b400-652a-2a91-0d76-38757521a3e2,letter,5,True,31,33,I am not the one.
1033b400-652a-2a91-0d76-38757521a3e2,letter,6,True,33,38,"Thereof, 5 shekels of silver is not available."
1033b400-652a-2a91-0d76-38757521a3e2,letter,7,True,38,46,"If you are my father, take his be'ulātum and settle it to you."
1033b400-652a-2a91-0d76-38757521a3e2,letter,8,True,46,48,The servant must take him and say:
1033b400-652a-2a91-0d76-38757521a3e2,letter,9,True,48,50,Your servants should check.
1033b400-652a-2a91-0d76-38757521a3e2,letter,10,True,50,55,Do not return his be'ulātum to his account.
1033b400-652a-2a91-0d76-38757521a3e2,letter,11,True,55,56,The exit tax will be exhausted.
1033b400-652a-2a91-0d76-38757521a3e2,letter,12,True,56,67,"Until you see his share, if he is good or good, let his share return to my claims."
2027f673-edc1-b3af-c0cd-b05a9a865307,letter,0,True,0,5,From Šalim-Aššur to Pūšu-kēn:
2027f673-edc1-b3af-c0cd-b05a9a865307,letter,1,True,5,23,"When you left, you said, ""To Imdī-ilum, both silver and copper, if the representatives of my representatives ask for you, do not disappoint them."""
2027f673-edc1-b3af-c0cd-b05a9a865307,letter,2,True,23,28,We went to Imdī-ilum for 5 months.
2027f673-edc1-b3af-c0cd-b05a9a865307,letter,3,True,28,34,"Within 5 months, the silver was 1 mina."
2027f673-edc1-b3af-c0cd-b05a9a865307,letter,4,True,34,41,"Also, when they gave the silver, I was living in the field."
2027f673-edc1-b3af-c0cd-b05a9a865307,letter,5,True,41,46,They weighed out his silver to Ikūnum.
2027f673-edc1-b3af-c0cd-b05a9a865307,letter,6,True,46,52,We left for 5 months and they are available.
2027f673-edc1-b3af-c0cd-b05a9a865307,letter,7,True,52,59,"After 5 months, the silver was 1 mina 5 shekels."
2027f673-edc1-b3af-c0cd-b05a9a865307,letter,8,True,59,62,He gave us 1 mina of tin.
2027f673-edc1-b3af-c0cd-b05a9a865307,letter,9,True,62,67,"In total, you owe 2 5/6 minas silver."
2027f673-edc1-b3af-c0cd-b05a9a865307,letter,10,True,67,84,"After your silver is exhausted by Adad-bāni, let Aššur pay 1/2 minas to your name and he will pay 5 months from the ḫamuštum of Aššur."
2027f673-edc1-b3af-c0cd-b05a9a865307,letter,11,True,84,98,"Until Adad-bāni does not dispatch me to the field, you will write to me in your tablet."
2027f673-edc1-b3af-c0cd-b05a9a865307,letter,12,True,98,106,"In addition to the man of Ḫalpim, he has died from 1 mina of distance."
2027f673-edc1-b3af-c0cd-b05a9a865307,letter,13,True,106,110,"If I die, then you will bring it here."
2027f673-edc1-b3af-c0cd-b05a9a865307,letter,15,True,129,134,"Also, you wrote me word about a difficult thing."
f53ec7cb-de45-a293-6cd3-a55511b81e75,letter,0,True,0,12,To Pūšu-kēn from Kurub-Ištar:
f53ec7cb-de45-a293-6cd3-a55511b81e75,letter,1,True,12,19,Imgua came here and did not write me anything.
f53ec7cb-de45-a293-6cd3-a55511b81e75,letter,2,True,19,25,Amur-Aššur son of Sukkallīya has sent you 10 minas tin.
f53ec7cb-de45-a293-6cd3-a55511b81e75,letter,3,True,25,36,"Akukum, the transporter of Qarwiya, my dear father, sent him to me."
f53ec7cb-de45-a293-6cd3-a55511b81e75,letter,4,True,36,40,"As for you, I owe you a father."
f53ec7cb-de45-a293-6cd3-a55511b81e75,letter,5,True,40,54,"There, contact Šalim-Aššur and Wabilāni so that they gave him or not and write to him so that I may not be able to come to their departure."
f53ec7cb-de45-a293-6cd3-a55511b81e75,letter,6,True,54,61,"Regarding the matter which Atata informed me, why did you not inform me?"
40a77697-dbdb-df67-42e3-a6a8dc0b29f6,letter,0,True,4,12,To Pūšu-kēn from Susaya:
40a77697-dbdb-df67-42e3-a6a8dc0b29f6,letter,1,True,12,16,Aššur-imittī brings it to you to Pūšu-kēn.
40a77697-dbdb-df67-42e3-a6a8dc0b29f6,letter,2,True,16,25,"My dear father, my lord, for every shekel of silver."
40a77697-dbdb-df67-42e3-a6a8dc0b29f6,letter,3,True,25,27,Do not disappoint you.
40a77697-dbdb-df67-42e3-a6a8dc0b29f6,letter,4,True,27,36,"If you do not trust Ibisaya, take the silver and give it to Uṣur-ša-Aššur."
40a77697-dbdb-df67-42e3-a6a8dc0b29f6,letter,5,True,36,38,I am your son.
40a77697-dbdb-df67-42e3-a6a8dc0b29f6,letter,6,True,38,49,I will do you a favor for 2 minas 10 shekels of silver for the price of the donkeys.
40a77697-dbdb-df67-42e3-a6a8dc0b29f6,letter,7,True,49,54,I will send it to you as soon as possible.
40a77697-dbdb-df67-42e3-a6a8dc0b29f6,letter,8,True,54,57,Do not release my tablets.
4277ef48-a8a6-4ac2-4b62-9bd09ed1db0d,letter,0,True,0,5,To Pūšu-kēn from Šū-Kūbum:
4277ef48-a8a6-4ac2-4b62-9bd09ed1db0d,letter,1,True,5,18,"My dear brothers, you gave my share to the silver of Innāya and you gave my share from my own funds."
4277ef48-a8a6-4ac2-4b62-9bd09ed1db0d,letter,2,True,18,24,"I did not pay anything, but he was ill."
4277ef48-a8a6-4ac2-4b62-9bd09ed1db0d,letter,3,True,24,30,Give my goods wherever I can and I shall dispatch the merchandise.
4277ef48-a8a6-4ac2-4b62-9bd09ed1db0d,letter,4,True,30,41,"Also, why did you not send me the silver which is owed by Ememe?"
4277ef48-a8a6-4ac2-4b62-9bd09ed1db0d,letter,5,True,41,46,"Also, clear the son of Ibni-ilī and write to me."
4277ef48-a8a6-4ac2-4b62-9bd09ed1db0d,letter,6,True,46,54,"Why is it that Nāb-Suen said, ""Šū-Kūbum took my silver?"""
4277ef48-a8a6-4ac2-4b62-9bd09ed1db0d,letter,7,True,54,59,"In addition to the fact that the City has set the share, they have deposited the silver."
4277ef48-a8a6-4ac2-4b62-9bd09ed1db0d,letter,8,True,59,72,"The silver of Kiliya is set in my account until Kiliya came, the silver is available until Kiliya came and Kiliya came."
4277ef48-a8a6-4ac2-4b62-9bd09ed1db0d,letter,9,True,72,84,"Kiliya said to the representatives of Nāb-Suen: If you have your share in the City, let him come to the City."
4277ef48-a8a6-4ac2-4b62-9bd09ed1db0d,letter,10,True,84,87,Kiliya took the silver.
4277ef48-a8a6-4ac2-4b62-9bd09ed1db0d,letter,11,True,87,92,"Also, cover the tablet of Kiliya."
4277ef48-a8a6-4ac2-4b62-9bd09ed1db0d,letter,12,True,92,96,"As for me, I did not take any."
03b8ed5b-a5b5-d101-7329-30903d13e939,letter,0,True,0,9,"From Aššur-idī to Ilī-ālum, Aššur-taklāku said to Ilī-ālum:"
03b8ed5b-a5b5-d101-7329-30903d13e939,letter,1,True,9,13,You have done him as soon as possible.
03b8ed5b-a5b5-d101-7329-30903d13e939,letter,2,True,13,18,Do not fear your lord and do not send the silver.
03b8ed5b-a5b5-d101-7329-30903d13e939,letter,3,True,18,29,"As for the travelers, until they arrived, you did not receive the 10 minas of silver."
03b8ed5b-a5b5-d101-7329-30903d13e939,letter,4,True,29,37,They will delay the silver of 1 mina or 1/2 mina after me.
03b8ed5b-a5b5-d101-7329-30903d13e939,letter,5,True,37,40,Look at Uṣur-ša-Aššur's share!
03b8ed5b-a5b5-d101-7329-30903d13e939,letter,6,True,40,48,"Please, send me the remainder of my silver on a traveler."
03b8ed5b-a5b5-d101-7329-30903d13e939,letter,7,True,48,63,Let me look at the interest on the management of Aššur.
03b8ed5b-a5b5-d101-7329-30903d13e939,letter,8,True,63,69,Clear the merchandise from your cargo and invest it and come here.
03b8ed5b-a5b5-d101-7329-30903d13e939,letter,9,True,69,77,"Also, clear Aššur-taklāku so that he may come and let him come early."
5e290059-d99a-0f57-eacb-13168d0b004f,note,0,True,5,9,Aššur-bēl-awātim s. Panaka
5e290059-d99a-0f57-eacb-13168d0b004f,note,1,True,9,15,1 mina 15 shekels (to?) Šū-Kūbum son of Šū-Kūbum.
5e290059-d99a-0f57-eacb-13168d0b004f,note,2,True,15,22,1 mina 15 shekels (to?) Aššur-imittī s. Amur-ilī.
5e290059-d99a-0f57-eacb-13168d0b004f,note,3,True,22,26,Amur-Ištar his brother is 1 mina.
5e290059-d99a-0f57-eacb-13168d0b004f,note,4,True,26,31,1 mina 2 1/2 shekels (to?) Pūšu-kēn.
5e290059-d99a-0f57-eacb-13168d0b004f,note,5,True,31,36,1 mina (to?) Ilī-bāni s. Ikūnum.
5e290059-d99a-0f57-eacb-13168d0b004f,note,6,True,36,41,1 mina (to?) Aššur-imittī s. Ennānum.
5e290059-d99a-0f57-eacb-13168d0b004f,note,7,True,41,44,1 mina (to?) Aššur-mālik.
5e290059-d99a-0f57-eacb-13168d0b004f,note,8,True,44,52,1 mina 15 shekels (to?) Aššur-ṭāb s. Ennāya.
5e290059-d99a-0f57-eacb-13168d0b004f,note,9,True,52,55,1 mina (to?) Al-ilī.
5e290059-d99a-0f57-eacb-13168d0b004f,note,10,True,55,59,1 mina Amurrum-bāni.
5e290059-d99a-0f57-eacb-13168d0b004f,note,11,True,59,66,1 mina 18 shekels (to?) Al-ṭāb s. Anali.
5e290059-d99a-0f57-eacb-13168d0b004f,note,12,True,66,71,Nabi-Suen s. Ilabrat-bāni owes 5 minas.
5e290059-d99a-0f57-eacb-13168d0b004f,note,13,True,71,75,2 minas silver (to?) Attaya.
5e290059-d99a-0f57-eacb-13168d0b004f,note,14,True,75,80,"Seal of Attaya, son of Šū-Bēlim."
5e290059-d99a-0f57-eacb-13168d0b004f,note,15,True,80,91,"In total, 4 talents 28 1/3 minas less 1/2 shekels is the stone bowl of Pūšu-kēn."
5046008b-94cb-fc7b-7fbb-c8738f3bb388,unknown,0,True,1,123,"All this is the excise tax of 1 mina 6 1/2 shekels gold, 5 minas of silver for my ikrībum, 2 minas of niqum for my partners, 2 minas of niqum for my partners, 4 minas of niqum for the house of Ilī-dān, 1/3 mina of their"
5046008b-94cb-fc7b-7fbb-c8738f3bb388,unknown,1,True,123,129,"Witnesses: Aššur-bāni, Šuli s. Merāli."
ad62afdf-6a7c-075f-e466-bd1f94906242,debt note,0,True,1,9,Aššur-bāni owes Aššur-nādā 1 mina refined silver.
ad62afdf-6a7c-075f-e466-bd1f94906242,debt note,1,True,9,15,He will pay the ḫamuštum of Šū-Anum in three months.
ad62afdf-6a7c-075f-e466-bd1f94906242,debt note,2,True,15,28,"If he does not pay at the fulfillment of his term, he will add 1 shekel silver per mina per month."
ad62afdf-6a7c-075f-e466-bd1f94906242,debt note,3,True,28,32,"Witnesses: Šū-Laprat, Puzur-Anna."
11d2884e-bdda-e507-1bd2-94fdc7ef483c,letter,0,True,0,7,From Aššur-imittī and Šalim-aḫum to Pūšu-kēn:
11d2884e-bdda-e507-1bd2-94fdc7ef483c,letter,1,True,7,17,"Concerning the house of Ennānum about which you wrote, you said, ""Purchase the house."""
11d2884e-bdda-e507-1bd2-94fdc7ef483c,letter,2,True,17,32,"He requested a lot of silver for the house and we said, ""Let him give him a lot of silver and we will purchase a mina of silver."""
11d2884e-bdda-e507-1bd2-94fdc7ef483c,letter,3,True,32,43,Šalim-Aššur and Šū-Ḫubur brought you my house for 16 minas of silver.
11d2884e-bdda-e507-1bd2-94fdc7ef483c,letter,4,True,43,45,And they wrote to you.
11d2884e-bdda-e507-1bd2-94fdc7ef483c,letter,5,True,45,51,"They said, ""We took the silver for interest."""
11d2884e-bdda-e507-1bd2-94fdc7ef483c,letter,6,True,51,58,We did not receive any silver for interest.
11d2884e-bdda-e507-1bd2-94fdc7ef483c,letter,7,True,58,67,Šalim-aḫum paid 1/2 minas silver for the price of the house.
11d2884e-bdda-e507-1bd2-94fdc7ef483c,letter,8,True,67,72,Take care to send the silver of Šalim-aḫum.
11d2884e-bdda-e507-1bd2-94fdc7ef483c,letter,9,True,72,78,"Also, send me the 6 minas of silver which you were satisfied."
11d2884e-bdda-e507-1bd2-94fdc7ef483c,letter,10,True,78,80,From Aššur-imittī:
11d2884e-bdda-e507-1bd2-94fdc7ef483c,letter,12,True,80,84,I gave your silver to Ḫuraṣānum.
11d2884e-bdda-e507-1bd2-94fdc7ef483c,letter,13,True,84,85,There is no silver.
11d2884e-bdda-e507-1bd2-94fdc7ef483c,letter,14,True,85,87,I did not pay.
11d2884e-bdda-e507-1bd2-94fdc7ef483c,letter,15,True,87,90,Do not disappoint me.
0f9c4316-cc9c-47e6-b385-435ecaca8aa2,letter,0,True,0,7,From Hinnaya to Aššur-nādā and Dān-Aššur:
0f9c4316-cc9c-47e6-b385-435ecaca8aa2,letter,1,True,7,16,"If Kulumaya arrives and he took anything from my tin, let your message come."
0f9c4316-cc9c-47e6-b385-435ecaca8aa2,letter,2,True,16,21,"Also, heed my servants so that they may feed the donkeys."
0f9c4316-cc9c-47e6-b385-435ecaca8aa2,letter,3,True,21,26,Make him pay the tin at the fulfillment of his term.
0f9c4316-cc9c-47e6-b385-435ecaca8aa2,letter,4,True,26,34,"Also, wherever the concealment is deposited the fine textiles and your textiles, deposit them in your account."
0f9c4316-cc9c-47e6-b385-435ecaca8aa2,letter,5,True,34,37,"My dear brothers, do me a favor."
a91bbb19-f0d0-dfa9-bd03-27bb80011c8a,unknown,0,True,0,6,"Seals: Šū-Laprat, Puzur-Anna, Aššur-bāni."
a91bbb19-f0d0-dfa9-bd03-27bb80011c8a,unknown,1,True,6,28,"Regarding the debt of Aššur-bāni, Aššur-bāni owes Aššur-nādā 1/2 mina refined silver."
5b5349b4-d585-493d-fb1a-9b91d0f92163,debt note,0,True,9,21,From the ḫamuštum of Itūr-ilī and Kurub-Ištar he has 5 weeks to pay.
5b5349b4-d585-493d-fb1a-9b91d0f92163,debt note,1,True,21,32,They will pay 10 ḫamuštum weeks from the ḫamuštum of Aššur-mālik.
5b5349b4-d585-493d-fb1a-9b91d0f92163,debt note,3,True,33,35,Ab-šalim is the guarantor.
5b5349b4-d585-493d-fb1a-9b91d0f92163,debt note,4,True,35,40,The silver is bound to whichever one is solvent.
5b5349b4-d585-493d-fb1a-9b91d0f92163,debt note,5,True,40,42,Month: Kuzalli.
5b5349b4-d585-493d-fb1a-9b91d0f92163,debt note,6,True,42,44,Eponymate: Tāb-Aššur
5b5349b4-d585-493d-fb1a-9b91d0f92163,debt note,7,True,44,48,"Witnesses: Kura, Šū-Suen."
e7d4f4fc-4419-8aa3-9fdb-976ed3fe3f81,debt note,0,True,1,2,Aššur-mālik owes Aššur-mālik 2 minas refined silver.
e7d4f4fc-4419-8aa3-9fdb-976ed3fe3f81,debt note,1,True,2,15,He will add 1 shekel per mina per month from the ḫamuštum of Aššur-rēʾī and Ali-a.
e7d4f4fc-4419-8aa3-9fdb-976ed3fe3f81,debt note,2,True,15,20,The silver is bound to whomever is solvent.
035e1cf4-1615-421d-c538-2c70e642e005,debt note,0,True,0,13,"Seals: Irma-Aššur s. Nidī-bāni, Aḫu-waqar s. Šū-Ištar, Aššur-ṭāb s. Ilī-dān."
035e1cf4-1615-421d-c538-2c70e642e005,debt note,1,True,13,22,Aššur-ṭāb s. Ilī-dān owes the merchant 1 mina clear tin.
035e1cf4-1615-421d-c538-2c70e642e005,debt note,2,True,22,40,"He will pay 16 weeks from the ḫamuštum of Imdī-ilum and Šamaš-bāni, month Maḫur-ilī, eponymate after Iddin-abum s. Narbitum."
035e1cf4-1615-421d-c538-2c70e642e005,debt note,3,True,40,69,"If he does not pay (on time), he will add 1/2 shekels per mina per month as interest."
a61eb0fb-68a9-911d-7d80-0df4e09d5d80,agreement (contract),0,True,89,97,"Witnesses: Dug-ilī, Aššur-rēʾī, Ṣilūlu, Enlil-bāni."
761a2e82-ca26-98a9-ba40-a8df73e1d074,administrative regulation,0,True,0,4,Seal of the colony office of Turhumit.
871e7671-e26b-4808-9acb-1c4a7e1ed2e6,judgement,0,True,0,86,"Seal of the wabartum of Šalatiwar, the wabartum of Šalatiwar gave a decision and from the 1 talent 30 minas fine copper which Balṭua and Šamaš-ennam placed on Aššur-idī son of Ilī-nādā, the silver was deducted from the copper which they cleared"
e977e211-2123-4081-85b6-6abbb815e810,debt note,0,True,6,8,Ilī-ālum owes 5 minas refined silver.
e977e211-2123-4081-85b6-6abbb815e810,debt note,1,True,8,26,He will pay 15 weeks from the ḫamuštum of Aššur-šamšī.
e977e211-2123-4081-85b6-6abbb815e810,debt note,2,True,26,35,"If he does not pay (on time), he will add 1/2 shekels per mina per month as interest."
b095ce93-8957-4190-a4c3-ddcea26c53f2,debt note,0,True,10,23,"If he does not pay (on time), he will add interest at the colony rate."
a40fb463-6e10-4a7d-9edd-2a5ac5e8e18e,unknown,0,True,0,5,From Šū-Ḫubur to Pūšu-kēn:
a40fb463-6e10-4a7d-9edd-2a5ac5e8e18e,unknown,1,True,5,16,"They will give the house of your immediate vicinity to the house of Ilī-mālik, saying: ""We will release the centre."""
a40fb463-6e10-4a7d-9edd-2a5ac5e8e18e,unknown,2,True,16,22,"As for me, I left here and you did not sell the house."
a40fb463-6e10-4a7d-9edd-2a5ac5e8e18e,unknown,3,True,22,33,"After me, your representatives and my representatives will help you and they will bring you the house."
a40fb463-6e10-4a7d-9edd-2a5ac5e8e18e,unknown,4,True,33,51,"If they do not take the house of your representatives and me until I arrive, then I will give it to you at my arrival."
a40fb463-6e10-4a7d-9edd-2a5ac5e8e18e,unknown,5,True,51,53,He did not leave them.
a40fb463-6e10-4a7d-9edd-2a5ac5e8e18e,unknown,6,True,53,77,"Regarding the 1 talent of tin which Aššur-mālik and Irma-Aššur entrusted to Lālum in Ḫaḫḫum, here I seized this tin in the house of Lālum and they said, ""Your witnesses are well."""
a40fb463-6e10-4a7d-9edd-2a5ac5e8e18e,unknown,7,True,77,102,"Please, there, Aššur-mālik and Irma-Aššur, their witnesses, which were when they gave the tin to Lālum, let them settle the 10 minas silver from my account there and do not deposit it here."
a40fb463-6e10-4a7d-9edd-2a5ac5e8e18e,unknown,8,True,102,105,Seal the silver and send it to me.
a40fb463-6e10-4a7d-9edd-2a5ac5e8e18e,unknown,9,True,105,114,"If there is a representative of Lālum, then the men should take the silver."
a40fb463-6e10-4a7d-9edd-2a5ac5e8e18e,unknown,10,True,114,120,"Also, I gave as much as I gave to Ḫawiliya."
a40fb463-6e10-4a7d-9edd-2a5ac5e8e18e,unknown,11,True,120,126,I gave 10 minas silver to Šasarara.
a40fb463-6e10-4a7d-9edd-2a5ac5e8e18e,unknown,12,True,126,140,He paid all this to the son of Uraya on behalf of the colony.
a40fb463-6e10-4a7d-9edd-2a5ac5e8e18e,unknown,13,True,140,145,Ask the colony for the silver and send it to me.
cd206f5d-eea5-4d0c-9b20-4301d6f96855,debt note,0,True,0,30,"Seals: Išpunuman, Taliya, Tališ his son of Amaliaš, 1 mina 9 shekels of fine quality silver Pūšu-kēn owes to Pūšu-kēn."
cd206f5d-eea5-4d0c-9b20-4301d6f96855,debt note,1,True,30,38,"If he arrives, he will add interest at the rate of 1/2 shekels per mina per month."
4c55f9b3-62c8-443d-9465-a51384e6811b,letter,0,True,0,9,To Šū-Kūbum and Aššur-pilaḫ from Aššur-nādā:
4c55f9b3-62c8-443d-9465-a51384e6811b,letter,1,True,9,25,"The silver which our father invested for the taphirum of Šarmaten here, they seized me here and said, ""Your father pays the silver."""
4c55f9b3-62c8-443d-9465-a51384e6811b,letter,2,True,25,32,"I said, ""Let your message clear the silver and the silver is deposited and let the silver be deposited."""
4c55f9b3-62c8-443d-9465-a51384e6811b,letter,3,True,32,36,There is a memorandum of my father.
4c55f9b3-62c8-443d-9465-a51384e6811b,letter,4,True,36,42,"They said, ""Send the memorandum of your father."""
4c55f9b3-62c8-443d-9465-a51384e6811b,letter,5,True,42,57,Let us hear that one of your representatives and my brother entered and we wrote my tablets and we brought the memorandum.
4c55f9b3-62c8-443d-9465-a51384e6811b,letter,6,True,57,66,We will clear them and sell them to him.
e75fba65-eb0d-4cb0-aa27-1a448eba6273,letter,0,True,0,5,From Ennam-Aššur to Amur-Ištar:
e75fba65-eb0d-4cb0-aa27-1a448eba6273,letter,1,True,5,11,Why is it that you are staying until this day?
e75fba65-eb0d-4cb0-aa27-1a448eba6273,letter,3,True,16,24,"Please, on the day you hear my tablet, clear my tablets."
e75fba65-eb0d-4cb0-aa27-1a448eba6273,letter,4,True,24,35,"Also, Aššur-taklāku brings you the tablets of the house of Abu-šalim son of my letter."
e75fba65-eb0d-4cb0-aa27-1a448eba6273,letter,7,True,55,58,"Urgent, I will wait for you."
e75fba65-eb0d-4cb0-aa27-1a448eba6273,letter,8,True,58,64,Do not delay two terms there.
e75fba65-eb0d-4cb0-aa27-1a448eba6273,letter,11,True,74,79,Take care to deposit the tithe on Šū-Suen.
e75fba65-eb0d-4cb0-aa27-1a448eba6273,letter,12,True,79,84,Let your message go and send it here.
bc22b51b-f18a-4fe6-bc03-c51cb89245fa,letter,0,True,0,7,From Abu-šalim to Ilī-ālum to Aššur-imittī:
5e0f2392-47ea-4995-82d9-cdcbf06bc31f,memo,0,True,2,19,"Amur-Aššur owes 22 1/2 shekels silver, the silver is owed by Ḫaštaḫšu."
5e0f2392-47ea-4995-82d9-cdcbf06bc31f,memo,1,True,19,45,"The remainder of his tablet concerning 2 minas silver and 25 naruq grain for the debt of Warḫila, 1 mina silver is with Walḫišna, 1/2 mina silver is with Arwanaḫšu."
5e0f2392-47ea-4995-82d9-cdcbf06bc31f,memo,2,True,45,54,1/3 mina 5 shekels silver is with Nakilid.
5e0f2392-47ea-4995-82d9-cdcbf06bc31f,memo,3,True,54,103,"Azu his son and his brother, 7 minas of silver is with Kaššum and his brother, 1/2 minas of silver is with Takšanuman, 70 shekels of grain and 30 shekels of grain is with Takšanuman, 10 minas of silver is with Kikaršan, 15 shekels of silver is with"
5e0f2392-47ea-4995-82d9-cdcbf06bc31f,memo,4,True,103,126,"From the palace of Ḫattum, 1/2 mina silver, from Šū-Ištar s. Šū-Anum, 2 minas silver, from Ikuppī-Aššur s. Puzur-Ištar, 1/3 mina silver belongs to the son of Adad-bāni."
5e0f2392-47ea-4995-82d9-cdcbf06bc31f,memo,5,True,126,140,"From Dudu, 1 mina silver, from Ilī-wēdāku s. Idāya, 1/2 mina silver is the beulātum of Šamaš-taklāku."
5e0f2392-47ea-4995-82d9-cdcbf06bc31f,memo,6,True,140,153,Aššur-idīn s. Šū-Ištar took 3 shekels silver from Kura s. Isiḫum.
5e0f2392-47ea-4995-82d9-cdcbf06bc31f,memo,7,True,153,165,Wawali and Aššur-imittī owe 2/3 minas silver to Šalim-Ištar s. Turam-Adad.
addb9287-2686-445a-903e-3f13bd6decb7,unknown,0,True,0,7,To Aššur-nādā and Idī-Suen from Ilī-ālum:
addb9287-2686-445a-903e-3f13bd6decb7,unknown,1,True,7,19,"Before you sent me your merchandise, I wrote to you, do not send any merchandise to me."
addb9287-2686-445a-903e-3f13bd6decb7,unknown,2,True,19,25,"As for you, you have raised claims and you have raised claims and I will not clear my funds."
addb9287-2686-445a-903e-3f13bd6decb7,unknown,3,True,25,43,"When your merchandise arrives, I deposited 10 or 15 minas of silver to Aššur-taklāku and I cleared it for your merchandise."
addb9287-2686-445a-903e-3f13bd6decb7,unknown,4,True,43,50,"Also, I will bring you 20 talents or more of copper."
addb9287-2686-445a-903e-3f13bd6decb7,unknown,5,True,50,58,After the copper entered and he brought every mina of silver.
addb9287-2686-445a-903e-3f13bd6decb7,unknown,6,True,58,68,"Also, you took 1/2 minas from my own funds and you released Eniya."
addb9287-2686-445a-903e-3f13bd6decb7,unknown,7,True,68,75,You wrote me earlier concerning Šarmama and his partner.
addb9287-2686-445a-903e-3f13bd6decb7,unknown,8,True,75,77,His daughter died.
addb9287-2686-445a-903e-3f13bd6decb7,unknown,9,True,77,81,We did not take it and did not come to him.
addb9287-2686-445a-903e-3f13bd6decb7,unknown,10,True,81,84,Later you will write to me.
addb9287-2686-445a-903e-3f13bd6decb7,unknown,11,True,84,92,We did not pay the silver to your account.
addb9287-2686-445a-903e-3f13bd6decb7,unknown,12,True,92,98,Do not release the silver from the caravan of Abum-ilī.
addb9287-2686-445a-903e-3f13bd6decb7,unknown,13,True,98,108,"I heard Turaya and he said, ""I balanced 12 shekels silver to Idī-Suen."""
addb9287-2686-445a-903e-3f13bd6decb7,unknown,14,True,108,111,I wrote to you until I wrote to you.
addb9287-2686-445a-903e-3f13bd6decb7,unknown,15,True,111,120,"Within three months, when they return, let Abum-ilī take the price of the textiles for you."
addb9287-2686-445a-903e-3f13bd6decb7,unknown,16,True,120,125,"If he does not pay (on time), he will add interest."
addb9287-2686-445a-903e-3f13bd6decb7,unknown,17,True,125,130,Why did he not pay according to his tablet?
addb9287-2686-445a-903e-3f13bd6decb7,unknown,18,True,130,138,Idī-Suen will receive 12 shekels from Turaya.
addb9287-2686-445a-903e-3f13bd6decb7,unknown,19,True,138,144,Šalim-bēlī sent 1 talent of your copper to Purušḫattum.
6ad88a0a-b347-4edb-a578-28fae23aaa7d,unknown,0,True,14,21,Kulumaya owes Aššur-mutabbil 1 mina refined silver.
6ad88a0a-b347-4edb-a578-28fae23aaa7d,unknown,1,True,21,32,"He will pay 15 weeks from the month of Tinātum, eponymate Enna-Suen."
6ad88a0a-b347-4edb-a578-28fae23aaa7d,unknown,2,True,32,135,"If he does not pay the silver at his departure in Kanesh, he will add interest at the rate of the colony."
b2b6d8b2-a19c-ccf9-5df0-25665e52d7df,letter,0,True,2,30,To Lamassī and Aḫaḫa:
b2b6d8b2-a19c-ccf9-5df0-25665e52d7df,letter,1,True,30,37,We will write to you as much as they can and will write to you as much as they can and will we write to you.
b2b6d8b2-a19c-ccf9-5df0-25665e52d7df,letter,2,True,37,46,"Also, do not release the ikrībum which you prayed for our instructions."
b2b6d8b2-a19c-ccf9-5df0-25665e52d7df,letter,3,True,46,51,Bring me the silver and my shipping charges before you.
b2b6d8b2-a19c-ccf9-5df0-25665e52d7df,letter,4,True,51,56,Send it with the first traveler.
ae181159-586d-4147-bd8f-644288e7cfc2,unknown,0,True,1,10,Tuḫniš owes Adad-bāni 2 talents šikkum copper.
6d82fba1-fa64-4644-b2a5-274e586dac84,letter,0,True,0,8,To Aššur-nādā and Uṣur-ša-Aššur from Aššur-taklāku:
6d82fba1-fa64-4644-b2a5-274e586dac84,letter,1,True,8,24,Inform them about my tablets and give him a sealed tablet concerning the debt of Aššur-nādā s. Aḫ-šalim of 1 mina of silver.
6d82fba1-fa64-4644-b2a5-274e586dac84,letter,2,True,24,27,"Here, I have satisfied the silver."
6d82fba1-fa64-4644-b2a5-274e586dac84,letter,3,True,27,41,"If Aššur-nādā does not come, you and Aššur-nādā should say my tablet and give his tablet to him and your kilala should be cleared."
6d82fba1-fa64-4644-b2a5-274e586dac84,letter,4,True,41,55,"If there are textiles available in the colony office, then the textiles which left will be deposited to our father."
6d82fba1-fa64-4644-b2a5-274e586dac84,letter,5,True,55,63,"If silver is available, let your message come so that I can send the silver."
c39bdff0-fd1b-cfeb-f17e-d5261b6da6d7,letter,0,True,0,7,From Aššur-idī to Aššur-nādā:
c39bdff0-fd1b-cfeb-f17e-d5261b6da6d7,letter,1,True,7,14,You sent 1/2 shekel silver to Ištar-pilaḫ.
c39bdff0-fd1b-cfeb-f17e-d5261b6da6d7,letter,2,True,14,21,I took 1 mina 1/2 shekels from the bearer of Šū-Ištar.
c39bdff0-fd1b-cfeb-f17e-d5261b6da6d7,letter,3,True,21,25,"In total, it is 3 minas silver."
c39bdff0-fd1b-cfeb-f17e-d5261b6da6d7,letter,4,True,25,40,"Thereof, I paid 7 1/2 shekels as the excise tax, after the transport tariff was complete, I paid 1 shekel of silver after the transport tariff was complete."
c39bdff0-fd1b-cfeb-f17e-d5261b6da6d7,letter,5,True,40,44,1 mina 1/2 shekels (to?) Aššur-mālik.
c39bdff0-fd1b-cfeb-f17e-d5261b6da6d7,letter,6,True,44,56,I received 10 shekels silver from the son of Abu-ilī and his partner.
c39bdff0-fd1b-cfeb-f17e-d5261b6da6d7,letter,7,True,56,65,"The remainder of the silver, the price of the textiles from Ennam-Bēlum's transport, is in your possession."
c39bdff0-fd1b-cfeb-f17e-d5261b6da6d7,letter,8,True,65,69,"You said, ""Take the silver."""
c39bdff0-fd1b-cfeb-f17e-d5261b6da6d7,letter,9,True,69,82,"I heard that I did not seal him, but I took the silver from my account."
c39bdff0-fd1b-cfeb-f17e-d5261b6da6d7,letter,10,True,82,90,"From the goods of the šēpum of the son of Irnuid, there is a remainder of silver."
c39bdff0-fd1b-cfeb-f17e-d5261b6da6d7,letter,11,True,90,99,"In total, I deducted 2 minas 7 2/3 shekels and the remainder of your silver was 2 minas 7 2/3 shekels."
c39bdff0-fd1b-cfeb-f17e-d5261b6da6d7,letter,12,True,99,101,The remainder of your textiles is 5 shekels.
d60df513-c13c-44d3-961c-27e98700a132,letter,0,True,0,5,From Aššur-idī to Aššur-nādā:
d60df513-c13c-44d3-961c-27e98700a132,letter,1,True,5,16,"Concerning the matter of Idī-Suen about which you wrote, I seized Idī-Suen and I said to our brother:"
d60df513-c13c-44d3-961c-27e98700a132,letter,2,True,16,20,You took the silver from my own funds.
d60df513-c13c-44d3-961c-27e98700a132,letter,3,True,20,22,Give my silver.
d60df513-c13c-44d3-961c-27e98700a132,letter,4,True,22,28,"He said, ""I did not take any of your silver."""
d60df513-c13c-44d3-961c-27e98700a132,letter,5,True,28,72,"And you did not know the rule of the city, you did not know the rule of the city."
d60df513-c13c-44d3-961c-27e98700a132,letter,6,True,72,88,"From the month of Kanwarta, eponymate Ibni-Adad s. Baqqunim, he will pay you 1 mina per year as fine silver in the city."
d60df513-c13c-44d3-961c-27e98700a132,letter,7,True,88,97,He brings 1 or 2 minas of silver.
d60df513-c13c-44d3-961c-27e98700a132,letter,8,True,97,102,Seize him there and do it like your wife.
d60df513-c13c-44d3-961c-27e98700a132,letter,9,True,102,112,"Please, clear your mind and settle with Aššur-mālik when I come here."
d60df513-c13c-44d3-961c-27e98700a132,letter,10,True,112,122,"If the tin is available for investment, I gave it to the merchant on time."
d60df513-c13c-44d3-961c-27e98700a132,letter,11,True,122,128,"Please, send Ilī-ālum with one traveler."
42c7b3db-78ca-4f7e-92a4-7fcf13ccc4bf,letter,0,True,0,7,From Aššur-idī to Aššur-nādā and Aššur-taklāku:
42c7b3db-78ca-4f7e-92a4-7fcf13ccc4bf,letter,1,True,7,11,To Aššur-nādā:
42c7b3db-78ca-4f7e-92a4-7fcf13ccc4bf,letter,2,True,11,19,You sent 10 minas silver from your ikrībum belonging to Aššur.
42c7b3db-78ca-4f7e-92a4-7fcf13ccc4bf,letter,3,True,19,22,They are bringing you 10 kutānum textiles.
42c7b3db-78ca-4f7e-92a4-7fcf13ccc4bf,letter,4,True,22,27,I gave 10 shekels silver to his account.
42c7b3db-78ca-4f7e-92a4-7fcf13ccc4bf,letter,5,True,27,31,Let him set the tin as soon as possible.
42c7b3db-78ca-4f7e-92a4-7fcf13ccc4bf,letter,6,True,31,33,Šū-Nūnu brings it to you.
42c7b3db-78ca-4f7e-92a4-7fcf13ccc4bf,letter,7,True,33,37,To Aššur-taklāku:
42c7b3db-78ca-4f7e-92a4-7fcf13ccc4bf,letter,8,True,37,46,You sent me 1 mina 5 shekels silver from your ikrībum of Aššur.
42c7b3db-78ca-4f7e-92a4-7fcf13ccc4bf,letter,9,True,46,49,I deducted its excise.
42c7b3db-78ca-4f7e-92a4-7fcf13ccc4bf,letter,10,True,49,53,"Also, the remainder of the silver"
